2026-09-15T11:01:44.4990189Z Current runner version: '2.337.0'
2026-09-15T11:01:44.5016657Z ##[group]Runner Image Provisioner
2026-09-15T11:01:44.5017735Z Hosted Compute Agent
2026-09-15T11:01:44.5018423Z Version: 20260828.587
2026-09-15T11:01:44.5019133Z Commit: abac92662cab4cc7352de4f9f9d2e2419aad9c29
2026-09-15T11:01:44.5019911Z Build Date: 2026-08-28T16:44:25Z
2026-09-15T11:01:44.5020623Z Worker ID: {8539fbcf-921f-4d94-844e-05511c7ecf3f}
2026-09-15T11:01:44.5021835Z Azure Region: northcentralus
2026-09-15T11:01:44.5022511Z ##[endgroup]
2026-09-15T11:01:44.5023864Z ##[group]Operating System
2026-09-15T11:01:44.5024614Z Ubuntu
2026-09-15T11:01:44.5025163Z 24.04.5
2026-09-15T11:01:44.5026061Z LTS
2026-09-15T11:01:44.5026645Z ##[endgroup]
2026-09-15T11:01:44.5027206Z ##[group]Runner Image
2026-09-15T11:01:44.5027936Z Image: ubuntu-24.04
2026-09-15T11:01:44.5028527Z Version: 20260907.300.1
2026-09-15T11:01:44.5029902Z Included Software: https://github.com/actions/runner-images/blob/ubuntu24/20260907.300/images/ubuntu/Ubuntu2404-Readme.md
2026-09-15T11:01:44.5031472Z Image Release: https://github.com/actions/runner-images/releases/tag/ubuntu24%2F20260907.300
2026-09-15T11:01:44.5032530Z ##[endgroup]
2026-09-15T11:01:44.5033682Z ##[group]GITHUB_TOKEN Permissions
2026-09-15T11:01:44.5035983Z Contents: read
2026-09-15T11:01:44.5036647Z Metadata: read
2026-09-15T11:01:44.5037336Z ##[endgroup]
2026-09-15T11:01:44.5040039Z Secret source: Actions
2026-09-15T11:01:44.5041106Z Cache mode: write
2026-09-15T11:01:44.5041889Z Prepare workflow directory
2026-09-15T11:01:44.5583209Z Prepare all required actions
2026-09-15T11:01:44.5652381Z Getting action download info
2026-09-15T11:01:44.7788851Z Download action repository 'actions/checkout@v7' (SHA:3d3c42e5aac5ba805825da76410c181273ba90b1)
2026-09-15T11:01:44.8763362Z Download action repository 'actions/upload-artifact@v7' (SHA:043fb46d1a93c77aae656e7c1c64a875d1fc6a0a)
2026-09-15T11:01:44.9556111Z Download action repository 'ruby/setup-ruby@v1' (SHA:bec3f19a76460dbe12f60def7d1a77585f07516c)
2026-09-15T11:01:45.3531202Z Complete job name: API specs (full) - platform
2026-09-15T11:01:45.4294490Z ##[group]Run actions/checkout@v7
2026-09-15T11:01:45.4295323Z with:
2026-09-15T11:01:45.4295965Z   repository: vpsfreecz/vpsadmin
2026-09-15T11:01:45.4300168Z   token: ***
2026-09-15T11:01:45.4300607Z   ssh-strict: true
2026-09-15T11:01:45.4301052Z   ssh-user: git
2026-09-15T11:01:45.4301496Z   persist-credentials: true
2026-09-15T11:01:45.4301983Z   clean: true
2026-09-15T11:01:45.4302432Z   sparse-checkout-cone-mode: true
2026-09-15T11:01:45.4302944Z   fetch-depth: 1
2026-09-15T11:01:45.4303372Z   fetch-tags: false
2026-09-15T11:01:45.4303868Z   show-progress: true
2026-09-15T11:01:45.4304385Z   lfs: false
2026-09-15T11:01:45.4304807Z   submodules: false
2026-09-15T11:01:45.4305257Z   set-safe-directory: true
2026-09-15T11:01:45.4305878Z   allow-unsafe-pr-checkout: false
2026-09-15T11:01:45.4306656Z env:
2026-09-15T11:01:45.4307060Z   RACK_ENV: test
2026-09-15T11:01:45.4307507Z   BUNDLE_WITHOUT: development
2026-09-15T11:01:45.4308025Z   BUNDLE_JOBS: 4
2026-09-15T11:01:45.4308489Z   BUNDLE_RETRY: 3
2026-09-15T11:01:45.4308934Z   VPSADMIN_PLUGINS: all
2026-09-15T11:01:45.4309390Z ##[endgroup]
2026-09-15T11:01:45.5382578Z Syncing repository: vpsfreecz/vpsadmin
2026-09-15T11:01:45.5384959Z ##[group]Getting Git version info
2026-09-15T11:01:45.5386083Z Working directory is '/home/runner/work/vpsadmin/vpsadmin'
2026-09-15T11:01:45.5387637Z [command]/usr/bin/git version
2026-09-15T11:01:45.5452046Z git version 2.55.0
2026-09-15T11:01:45.5493460Z ##[endgroup]
2026-09-15T11:01:45.5558379Z Temporarily overriding HOME='/home/runner/work/_temp/569f9507-f15a-4a1d-8e16-03d0b4a85f3c' before making global git config changes
2026-09-15T11:01:45.5560982Z Adding repository directory to the temporary git global config as a safe directory
2026-09-15T11:01:45.5567222Z [command]/usr/bin/git config --global --add safe.directory /home/runner/work/vpsadmin/vpsadmin
2026-09-15T11:01:45.5624420Z Deleting the contents of '/home/runner/work/vpsadmin/vpsadmin'
2026-09-15T11:01:45.5629598Z ##[group]Determining repository object format
2026-09-15T11:01:45.5631575Z ##[endgroup]
2026-09-15T11:01:45.5632949Z ##[group]Initializing the repository
2026-09-15T11:01:45.5637583Z [command]/usr/bin/git init /home/runner/work/vpsadmin/vpsadmin
2026-09-15T11:01:45.5762666Z hint: Using 'master' as the name for the initial branch. This default branch name
2026-09-15T11:01:45.5767290Z hint: will change to "main" in Git 3.0. To configure the initial branch name
2026-09-15T11:01:45.5768736Z hint: to use in all of your new repositories, which will suppress this warning,
2026-09-15T11:01:45.5769495Z hint: call:
2026-09-15T11:01:45.5769907Z hint:
2026-09-15T11:01:45.5770543Z hint: 	git config --global init.defaultBranch <name>
2026-09-15T11:01:45.5771175Z hint:
2026-09-15T11:01:45.5771762Z hint: Names commonly chosen instead of 'master' are 'main', 'trunk' and
2026-09-15T11:01:45.5772835Z hint: 'development'. The just-created branch can be renamed via this command:
2026-09-15T11:01:45.5774013Z hint:
2026-09-15T11:01:45.5774732Z hint: 	git branch -m <name>
2026-09-15T11:01:45.5775688Z hint:
2026-09-15T11:01:45.5776593Z hint: Disable this message with "git config set advice.defaultBranchName false"
2026-09-15T11:01:45.5777630Z Initialized empty Git repository in /home/runner/work/vpsadmin/vpsadmin/.git/
2026-09-15T11:01:45.5787517Z [command]/usr/bin/git remote add origin https://github.com/vpsfreecz/vpsadmin
2026-09-15T11:01:45.5837009Z ##[endgroup]
2026-09-15T11:01:45.5837807Z ##[group]Disabling automatic garbage collection
2026-09-15T11:01:45.5841825Z [command]/usr/bin/git config --local gc.auto 0
2026-09-15T11:01:45.5877455Z ##[endgroup]
2026-09-15T11:01:45.5878618Z ##[group]Setting up auth
2026-09-15T11:01:45.5879362Z Removing SSH command configuration
2026-09-15T11:01:45.5885118Z [command]/usr/bin/git config --local --name-only --get-regexp core\.sshCommand
2026-09-15T11:01:45.5922961Z [command]/usr/bin/git submodule foreach --recursive sh -c "git config --local --name-only --get-regexp 'core\.sshCommand' && git config --local --unset-all 'core.sshCommand' || :"
2026-09-15T11:01:45.6292574Z Removing HTTP extra header
2026-09-15T11:01:45.6300150Z [command]/usr/bin/git config --local --name-only --get-regexp http\.https\:\/\/github\.com\/\.extraheader
2026-09-15T11:01:45.6350403Z [command]/usr/bin/git submodule foreach --recursive sh -c "git config --local --name-only --get-regexp 'http\.https\:\/\/github\.com\/\.extraheader' && git config --local --unset-all 'http.https://github.com/.extraheader' || :"
2026-09-15T11:01:45.6612106Z Removing includeIf entries pointing to credentials config files
2026-09-15T11:01:45.6618588Z [command]/usr/bin/git config --local --name-only --get-regexp ^includeIf\.gitdir:
2026-09-15T11:01:45.6661007Z [command]/usr/bin/git submodule foreach --recursive git config --local --show-origin --name-only --get-regexp remote.origin.url
2026-09-15T11:01:45.6937378Z [command]/usr/bin/git config --file /home/runner/work/_temp/git-credentials-51226c71-8c4b-4639-a17f-4569e7aa1377.config http.https://github.com/.extraheader AUTHORIZATION: basic ***
2026-09-15T11:01:45.6986333Z [command]/usr/bin/git config --local includeIf.gitdir:/home/runner/work/vpsadmin/vpsadmin/.git.path /home/runner/work/_temp/git-credentials-51226c71-8c4b-4639-a17f-4569e7aa1377.config
2026-09-15T11:01:45.7023637Z [command]/usr/bin/git config --local includeIf.gitdir:/home/runner/work/vpsadmin/vpsadmin/.git/worktrees/*.path /home/runner/work/_temp/git-credentials-51226c71-8c4b-4639-a17f-4569e7aa1377.config
2026-09-15T11:01:45.7066498Z [command]/usr/bin/git config --local includeIf.gitdir:/github/workspace/.git.path /github/runner_temp/git-credentials-51226c71-8c4b-4639-a17f-4569e7aa1377.config
2026-09-15T11:01:45.7108403Z [command]/usr/bin/git config --local includeIf.gitdir:/github/workspace/.git/worktrees/*.path /github/runner_temp/git-credentials-51226c71-8c4b-4639-a17f-4569e7aa1377.config
2026-09-15T11:01:45.7142994Z ##[endgroup]
2026-09-15T11:01:45.7144138Z ##[group]Fetching the repository
2026-09-15T11:01:45.7151739Z [command]/usr/bin/git -c protocol.version=2 fetch --no-tags --prune --no-recurse-submodules --depth=1 origin +f8fb5b3af225f20b40ad16df49d4f4ceca68fcf7:refs/remotes/origin/master
2026-09-15T11:01:47.0064763Z From https://github.com/vpsfreecz/vpsadmin
2026-09-15T11:01:47.0066811Z  * [new ref]         f8fb5b3af225f20b40ad16df49d4f4ceca68fcf7 -> origin/master
2026-09-15T11:01:47.0072213Z [command]/usr/bin/git branch --list --remote origin/master
2026-09-15T11:01:47.0106669Z   origin/master
2026-09-15T11:01:47.0115610Z [command]/usr/bin/git rev-parse refs/remotes/origin/master
2026-09-15T11:01:47.0146182Z f8fb5b3af225f20b40ad16df49d4f4ceca68fcf7
2026-09-15T11:01:47.0151792Z ##[endgroup]
2026-09-15T11:01:47.0153461Z ##[group]Determining the checkout info
2026-09-15T11:01:47.0155417Z ##[endgroup]
2026-09-15T11:01:47.0157138Z [command]/usr/bin/git sparse-checkout disable
2026-09-15T11:01:47.0215336Z [command]/usr/bin/git config --local --unset-all extensions.worktreeConfig
2026-09-15T11:01:47.0252729Z ##[group]Checking out the ref
2026-09-15T11:01:47.0256691Z [command]/usr/bin/git checkout --progress --force -B master refs/remotes/origin/master
2026-09-15T11:01:47.2058331Z Reset branch 'master'
2026-09-15T11:01:47.2061332Z branch 'master' set up to track 'origin/master'.
2026-09-15T11:01:47.2072985Z ##[endgroup]
2026-09-15T11:01:47.2129228Z [command]/usr/bin/git log -1 --format=%H
2026-09-15T11:01:47.2163328Z f8fb5b3af225f20b40ad16df49d4f4ceca68fcf7
2026-09-15T11:01:47.2435066Z ##[group]Run set -euo pipefail
2026-09-15T11:01:47.2436653Z [36;1mset -euo pipefail[0m
2026-09-15T11:01:47.2437862Z [36;1mshopt -s nullglob globstar[0m
2026-09-15T11:01:47.2439091Z [36;1m[0m
2026-09-15T11:01:47.2440043Z [36;1mmkdir -p tmp[0m
2026-09-15T11:01:47.2441149Z [36;1m: > "tmp/rspec-files-$TOPIC.txt"[0m
2026-09-15T11:01:47.2442370Z [36;1m[0m
2026-09-15T11:01:47.2443280Z [36;1mfiles=()[0m
2026-09-15T11:01:47.2444319Z [36;1mwhile IFS= read -r pat; do[0m
2026-09-15T11:01:47.2445716Z [36;1m  [[ -z "$pat" ]] && continue[0m
2026-09-15T11:01:47.2447365Z [36;1m  # unquoted expansion is intentional: we want glob expansion[0m
2026-09-15T11:01:47.2448961Z [36;1m  for f in $pat; do[0m
2026-09-15T11:01:47.2450083Z [36;1m    files+=("$f")[0m
2026-09-15T11:01:47.2451155Z [36;1m  done[0m
2026-09-15T11:01:47.2452126Z [36;1mdone <<< "$PATTERNS"[0m
2026-09-15T11:01:47.2453206Z [36;1m[0m
2026-09-15T11:01:47.2454148Z [36;1mif (( ${#files[@]} == 0 )); then[0m
2026-09-15T11:01:47.2455878Z [36;1m  echo "ERROR: Topic '$TOPIC' matched 0 spec files."[0m
2026-09-15T11:01:47.2457330Z [36;1m  echo "Patterns were:"[0m
2026-09-15T11:01:47.2458491Z [36;1m  echo "$PATTERNS"[0m
2026-09-15T11:01:47.2459571Z [36;1m  exit 2[0m
2026-09-15T11:01:47.2460520Z [36;1mfi[0m
2026-09-15T11:01:47.2461415Z [36;1m[0m
2026-09-15T11:01:47.2462630Z [36;1mprintf '%s\n' "${files[@]}" | sort -u > "tmp/rspec-files-$TOPIC.txt"[0m
2026-09-15T11:01:47.2464128Z [36;1m[0m
2026-09-15T11:01:47.2464987Z [36;1m{[0m
2026-09-15T11:01:47.2466061Z [36;1m  echo "### API spec topic: $TOPIC"[0m
2026-09-15T11:01:47.2467280Z [36;1m  echo ""[0m
2026-09-15T11:01:47.2468622Z [36;1m  echo "Matched **$(wc -l < "tmp/rspec-files-$TOPIC.txt")** spec files:"[0m
2026-09-15T11:01:47.2470199Z [36;1m  echo ""[0m
2026-09-15T11:01:47.2471132Z [36;1m  echo '```'[0m
2026-09-15T11:01:47.2472176Z [36;1m  cat "tmp/rspec-files-$TOPIC.txt"[0m
2026-09-15T11:01:47.2473380Z [36;1m  echo '```'[0m
2026-09-15T11:01:47.2474396Z [36;1m} >> "$GITHUB_STEP_SUMMARY"[0m
2026-09-15T11:01:47.2520630Z shell: /usr/bin/bash -e {0}
2026-09-15T11:01:47.2521708Z env:
2026-09-15T11:01:47.2522556Z   RACK_ENV: test
2026-09-15T11:01:47.2523520Z   BUNDLE_WITHOUT: development
2026-09-15T11:01:47.2524587Z   BUNDLE_JOBS: 4
2026-09-15T11:01:47.2525651Z   BUNDLE_RETRY: 3
2026-09-15T11:01:47.2526582Z   VPSADMIN_PLUGINS: all
2026-09-15T11:01:47.2527564Z   TOPIC: platform
2026-09-15T11:01:47.2613658Z   PATTERNS: spec/lib/**/*_spec.rb
spec/api/resources/action_state_spec.rb
spec/api/resources/api_server_spec.rb
spec/api/resources/cluster*_spec.rb
spec/api/resources/component_spec.rb
spec/api/resources/debug_spec.rb
spec/api/resources/default_object_cluster_resource_spec.rb
spec/api/resources/environment_read_spec.rb
spec/api/resources/environment_write_spec.rb
spec/api/resources/incident_report_spec.rb
spec/api/resources/language_spec.rb
spec/api/resources/lifecycle_bypass_spec.rb
spec/api/resources/location_read_spec.rb
spec/api/resources/location_write_spec.rb
spec/api/resources/metrics_access_token_spec.rb
spec/api/resources/migration_plan_spec.rb
spec/api/resources/node_*_spec.rb
spec/api/resources/object_history_spec.rb
spec/api/resources/oom_report*_spec.rb
spec/api/resources/os_*_spec.rb
spec/api/resources/security_advisory*_spec.rb
spec/api/resources/system_config_spec.rb
spec/api/resources/transaction*_spec.rb

2026-09-15T11:01:47.2625822Z ##[endgroup]
2026-09-15T11:01:47.3015381Z ##[group]Run actions/upload-artifact@v7
2026-09-15T11:01:47.3016649Z with:
2026-09-15T11:01:47.3017505Z   name: rspec-files-platform
2026-09-15T11:01:47.3018612Z   path: api/tmp/rspec-files-platform.txt
2026-09-15T11:01:47.3019747Z   if-no-files-found: error
2026-09-15T11:01:47.3020722Z   retention-days: 7
2026-09-15T11:01:47.3021625Z   compression-level: 6
2026-09-15T11:01:47.3022567Z   overwrite: false
2026-09-15T11:01:47.3023474Z   include-hidden-files: false
2026-09-15T11:01:47.3024455Z   archive: true
2026-09-15T11:01:47.3025277Z env:
2026-09-15T11:01:47.3026344Z   RACK_ENV: test
2026-09-15T11:01:47.3027234Z   BUNDLE_WITHOUT: development
2026-09-15T11:01:47.3028208Z   BUNDLE_JOBS: 4
2026-09-15T11:01:47.3029067Z   BUNDLE_RETRY: 3
2026-09-15T11:01:47.3029942Z   VPSADMIN_PLUGINS: all
2026-09-15T11:01:47.3030853Z ##[endgroup]
2026-09-15T11:01:47.4476894Z With the provided path, there will be 1 file uploaded
2026-09-15T11:01:47.4483022Z Artifact name is valid!
2026-09-15T11:01:47.4483960Z Root directory input is valid!
2026-09-15T11:01:47.6728210Z Uploading artifact: rspec-files-platform.zip
2026-09-15T11:01:47.6771315Z Beginning upload of artifact content to blob storage
2026-09-15T11:01:47.8271666Z Uploaded bytes 662
2026-09-15T11:01:47.8641795Z Finished uploading artifact content to blob storage!
2026-09-15T11:01:47.8643285Z SHA256 digest of uploaded artifact is 8f0911243389484ed2d305a82915ac64da6ab7261d94eb4c7a04a03abfe82dd9
2026-09-15T11:01:47.8644468Z Finalizing artifact upload
2026-09-15T11:01:48.1722853Z Artifact rspec-files-platform successfully finalized. Artifact ID 10393785425
2026-09-15T11:01:48.1724153Z Artifact rspec-files-platform has been successfully uploaded! Final size is 662 bytes. Artifact ID is 10393785425
2026-09-15T11:01:48.1727374Z Artifact download URL: https://github.com/vpsfreecz/vpsadmin/actions/runs/34960332531/artifacts/10393785425
2026-09-15T11:01:48.1850193Z ##[group]Run sudo apt-get update
2026-09-15T11:01:48.1850757Z [36;1msudo apt-get update[0m
2026-09-15T11:01:48.1851262Z [36;1msudo apt-get install -y \[0m
2026-09-15T11:01:48.1851765Z [36;1m  libmariadb-dev \[0m
2026-09-15T11:01:48.1852277Z [36;1m  libmariadb-dev-compat \[0m
2026-09-15T11:01:48.1852777Z [36;1m  mariadb-client \[0m
2026-09-15T11:01:48.1853262Z [36;1m  mariadb-server[0m
2026-09-15T11:01:48.1893852Z shell: /usr/bin/bash -e {0}
2026-09-15T11:01:48.1894223Z env:
2026-09-15T11:01:48.1894485Z   RACK_ENV: test
2026-09-15T11:01:48.1894784Z   BUNDLE_WITHOUT: development
2026-09-15T11:01:48.1895109Z   BUNDLE_JOBS: 4
2026-09-15T11:01:48.1895369Z   BUNDLE_RETRY: 3
2026-09-15T11:01:48.1895871Z   VPSADMIN_PLUGINS: all
2026-09-15T11:01:48.1896159Z ##[endgroup]
2026-09-15T11:01:48.2827162Z Get:1 file:/etc/apt/apt-mirrors.txt Mirrorlist [144 B]
2026-09-15T11:01:48.3178160Z Hit:2 http://azure.archive.ubuntu.com/ubuntu noble InRelease
2026-09-15T11:01:48.3191812Z Get:6 https://packages.microsoft.com/ubuntu/24.04/prod noble InRelease [3600 B]
2026-09-15T11:01:48.3227058Z Get:3 http://azure.archive.ubuntu.com/ubuntu noble-updates InRelease [126 kB]
2026-09-15T11:01:48.3307175Z Get:4 http://azure.archive.ubuntu.com/ubuntu noble-backports InRelease [126 kB]
2026-09-15T11:01:48.3446456Z Get:5 http://azure.archive.ubuntu.com/ubuntu noble-security InRelease [126 kB]
2026-09-15T11:01:48.3486996Z Get:7 https://dl.google.com/linux/chrome-stable/deb stable InRelease [2548 B]
2026-09-15T11:01:48.4745353Z Get:8 https://packages.microsoft.com/ubuntu/24.04/prod noble/main arm64 Packages [415 kB]
2026-09-15T11:01:48.4892329Z Get:9 https://packages.microsoft.com/ubuntu/24.04/prod noble/main amd64 Packages [464 kB]
2026-09-15T11:01:48.5328650Z Get:10 http://azure.archive.ubuntu.com/ubuntu noble-updates/main amd64 Packages [1263 kB]
2026-09-15T11:01:48.5520684Z Get:11 http://azure.archive.ubuntu.com/ubuntu noble-updates/main Translation-en [292 kB]
2026-09-15T11:01:48.5547045Z Get:12 http://azure.archive.ubuntu.com/ubuntu noble-updates/main amd64 Components [181 kB]
2026-09-15T11:01:48.5569628Z Get:13 http://azure.archive.ubuntu.com/ubuntu noble-updates/universe amd64 Packages [1691 kB]
2026-09-15T11:01:48.5687381Z Get:14 http://azure.archive.ubuntu.com/ubuntu noble-updates/universe Translation-en [339 kB]
2026-09-15T11:01:48.5736984Z Get:15 http://azure.archive.ubuntu.com/ubuntu noble-updates/universe amd64 Components [388 kB]
2026-09-15T11:01:48.5797120Z Get:16 http://azure.archive.ubuntu.com/ubuntu noble-updates/restricted amd64 Packages [1544 kB]
2026-09-15T11:01:48.5848169Z Get:17 http://azure.archive.ubuntu.com/ubuntu noble-updates/restricted Translation-en [354 kB]
2026-09-15T11:01:48.5887012Z Get:18 http://azure.archive.ubuntu.com/ubuntu noble-updates/multiverse amd64 Components [940 B]
2026-09-15T11:01:48.5987389Z Get:19 http://azure.archive.ubuntu.com/ubuntu noble-backports/main amd64 Components [5772 B]
2026-09-15T11:01:48.6434067Z Get:20 http://azure.archive.ubuntu.com/ubuntu noble-backports/universe amd64 Components [12.6 kB]
2026-09-15T11:01:48.6728552Z Get:21 https://dl.google.com/linux/chrome-stable/deb stable/main amd64 Packages [1415 B]
2026-09-15T11:01:48.7171629Z Get:22 http://azure.archive.ubuntu.com/ubuntu noble-security/main amd64 Packages [1007 kB]
2026-09-15T11:01:48.7236429Z Get:23 http://azure.archive.ubuntu.com/ubuntu noble-security/main Translation-en [213 kB]
2026-09-15T11:01:48.7258864Z Get:24 http://azure.archive.ubuntu.com/ubuntu noble-security/main amd64 Components [46.4 kB]
2026-09-15T11:01:48.7274041Z Get:25 http://azure.archive.ubuntu.com/ubuntu noble-security/universe amd64 Packages [1207 kB]
2026-09-15T11:01:48.7342479Z Get:26 http://azure.archive.ubuntu.com/ubuntu noble-security/universe Translation-en [242 kB]
2026-09-15T11:01:48.7366761Z Get:27 http://azure.archive.ubuntu.com/ubuntu noble-security/universe amd64 Components [76.3 kB]
2026-09-15T11:01:48.7383998Z Get:28 http://azure.archive.ubuntu.com/ubuntu noble-security/restricted amd64 Packages [1445 kB]
2026-09-15T11:01:48.7466108Z Get:29 http://azure.archive.ubuntu.com/ubuntu noble-security/restricted Translation-en [336 kB]
2026-09-15T11:01:53.4656185Z Fetched 11.9 MB in 1s (8132 kB/s)
2026-09-15T11:01:54.3406609Z Reading package lists...
2026-09-15T11:01:54.3737864Z Reading package lists...
2026-09-15T11:01:54.6028706Z Building dependency tree...
2026-09-15T11:01:54.6036254Z Reading state information...
2026-09-15T11:01:54.8301263Z The following additional packages will be installed:
2026-09-15T11:01:54.8306177Z   galera-4 libconfig-inifiles-perl libdbd-mysql-perl libdbi-perl libmariadb3
2026-09-15T11:01:54.8307169Z   liburing2 mariadb-client-core mariadb-common mariadb-plugin-provider-bzip2
2026-09-15T11:01:54.8308118Z   mariadb-plugin-provider-lz4 mariadb-plugin-provider-lzma
2026-09-15T11:01:54.8308871Z   mariadb-plugin-provider-lzo mariadb-plugin-provider-snappy
2026-09-15T11:01:54.8310625Z   mariadb-server-core pv socat
2026-09-15T11:01:54.8321036Z Suggested packages:
2026-09-15T11:01:54.8321676Z   libmldbm-perl libnet-daemon-perl libsql-statement-perl mailx mariadb-test
2026-09-15T11:01:54.8322159Z   doc-base
2026-09-15T11:01:54.8626982Z The following packages will be REMOVED:
2026-09-15T11:01:54.8632717Z   libmysqlclient-dev mysql-client mysql-client-8.0 mysql-client-core-8.0
2026-09-15T11:01:54.8640019Z   mysql-server mysql-server-8.0 mysql-server-core-8.0
2026-09-15T11:01:54.8641472Z The following NEW packages will be installed:
2026-09-15T11:01:54.8657383Z   galera-4 libconfig-inifiles-perl libdbd-mysql-perl libdbi-perl
2026-09-15T11:01:54.8658746Z   libmariadb-dev libmariadb-dev-compat libmariadb3 liburing2 mariadb-client
2026-09-15T11:01:54.8659945Z   mariadb-client-core mariadb-common mariadb-plugin-provider-bzip2
2026-09-15T11:01:54.8660926Z   mariadb-plugin-provider-lz4 mariadb-plugin-provider-lzma
2026-09-15T11:01:54.8661746Z   mariadb-plugin-provider-lzo mariadb-plugin-provider-snappy mariadb-server
2026-09-15T11:01:54.8662452Z   mariadb-server-core pv socat
2026-09-15T11:01:54.8902022Z 0 upgraded, 20 newly installed, 7 to remove and 61 not upgraded.
2026-09-15T11:01:54.8902987Z Need to get 18.0 MB of archives.
2026-09-15T11:01:54.8903504Z After this operation, 458 kB disk space will be freed.
2026-09-15T11:01:54.8904082Z Get:1 file:/etc/apt/apt-mirrors.txt Mirrorlist [144 B]
2026-09-15T11:01:54.9319803Z Get:2 http://azure.archive.ubuntu.com/ubuntu noble/universe amd64 galera-4 amd64 26.4.16-2build4 [736 kB]
2026-09-15T11:01:54.9691753Z Get:3 http://azure.archive.ubuntu.com/ubuntu noble-updates/universe amd64 mariadb-common all 1:10.11.14-0ubuntu0.24.04.1 [28.6 kB]
2026-09-15T11:01:54.9918915Z Get:4 http://azure.archive.ubuntu.com/ubuntu noble-updates/main amd64 libdbi-perl amd64 1.643-4ubuntu0.1 [720 kB]
2026-09-15T11:01:55.0518163Z Get:5 http://azure.archive.ubuntu.com/ubuntu noble-updates/main amd64 libconfig-inifiles-perl all 3.000003-2ubuntu0.1 [38.5 kB]
2026-09-15T11:01:55.1041742Z Get:6 http://azure.archive.ubuntu.com/ubuntu noble-updates/universe amd64 libmariadb3 amd64 1:10.11.14-0ubuntu0.24.04.1 [196 kB]
2026-09-15T11:01:55.1806923Z Get:7 http://azure.archive.ubuntu.com/ubuntu noble-updates/universe amd64 mariadb-client-core amd64 1:10.11.14-0ubuntu0.24.04.1 [1039 kB]
2026-09-15T11:01:55.2184153Z Get:8 http://azure.archive.ubuntu.com/ubuntu noble-updates/universe amd64 mariadb-client amd64 1:10.11.14-0ubuntu0.24.04.1 [2502 kB]
2026-09-15T11:01:55.2719355Z Get:9 http://azure.archive.ubuntu.com/ubuntu noble/main amd64 liburing2 amd64 2.5-1build1 [21.1 kB]
2026-09-15T11:01:55.3024117Z Get:10 http://azure.archive.ubuntu.com/ubuntu noble-updates/universe amd64 mariadb-server-core amd64 1:10.11.14-0ubuntu0.24.04.1 [8406 kB]
2026-09-15T11:01:55.5395893Z Get:11 http://azure.archive.ubuntu.com/ubuntu noble-updates/main amd64 socat amd64 1.8.0.0-4ubuntu0.1 [374 kB]
2026-09-15T11:01:55.5846319Z Get:12 http://azure.archive.ubuntu.com/ubuntu noble-updates/universe amd64 mariadb-server amd64 1:10.11.14-0ubuntu0.24.04.1 [3463 kB]
2026-09-15T11:01:55.7003426Z Get:13 http://azure.archive.ubuntu.com/ubuntu noble/universe amd64 libdbd-mysql-perl amd64 4.052-1ubuntu3 [85.5 kB]
2026-09-15T11:01:55.7310676Z Get:14 http://azure.archive.ubuntu.com/ubuntu noble-updates/universe amd64 libmariadb-dev amd64 1:10.11.14-0ubuntu0.24.04.1 [274 kB]
2026-09-15T11:01:55.7643126Z Get:15 http://azure.archive.ubuntu.com/ubuntu noble-updates/universe amd64 mariadb-plugin-provider-bzip2 amd64 1:10.11.14-0ubuntu0.24.04.1 [13.9 kB]
2026-09-15T11:01:55.7949311Z Get:16 http://azure.archive.ubuntu.com/ubuntu noble-updates/universe amd64 mariadb-plugin-provider-lz4 amd64 1:10.11.14-0ubuntu0.24.04.1 [13.8 kB]
2026-09-15T11:01:55.8251960Z Get:17 http://azure.archive.ubuntu.com/ubuntu noble-updates/universe amd64 mariadb-plugin-provider-lzma amd64 1:10.11.14-0ubuntu0.24.04.1 [13.8 kB]
2026-09-15T11:01:55.8551894Z Get:18 http://azure.archive.ubuntu.com/ubuntu noble-updates/universe amd64 mariadb-plugin-provider-lzo amd64 1:10.11.14-0ubuntu0.24.04.1 [13.8 kB]
2026-09-15T11:01:55.9443934Z Get:19 http://azure.archive.ubuntu.com/ubuntu noble-updates/universe amd64 mariadb-plugin-provider-snappy amd64 1:10.11.14-0ubuntu0.24.04.1 [13.8 kB]
2026-09-15T11:01:55.9671471Z Get:20 http://azure.archive.ubuntu.com/ubuntu noble/main amd64 pv amd64 1.8.5-2build1 [73.9 kB]
2026-09-15T11:01:55.9908465Z Get:21 http://azure.archive.ubuntu.com/ubuntu noble-updates/universe amd64 libmariadb-dev-compat amd64 1:10.11.14-0ubuntu0.24.04.1 [12.0 kB]
2026-09-15T11:01:56.2443958Z Preconfiguring packages ...
2026-09-15T11:01:56.3344552Z Fetched 18.0 MB in 1s (16.2 MB/s)
2026-09-15T11:01:56.3757561Z (Reading database ... 
2026-09-15T11:01:56.3757966Z (Reading database ... 5%
2026-09-15T11:01:56.3758304Z (Reading database ... 10%
2026-09-15T11:01:56.3758657Z (Reading database ... 15%
2026-09-15T11:01:56.3758982Z (Reading database ... 20%
2026-09-15T11:01:56.3759840Z (Reading database ... 25%
2026-09-15T11:01:56.3760169Z (Reading database ... 30%
2026-09-15T11:01:56.3760628Z (Reading database ... 35%
2026-09-15T11:01:56.3761064Z (Reading database ... 40%
2026-09-15T11:01:56.3761472Z (Reading database ... 45%
2026-09-15T11:01:56.3761848Z (Reading database ... 50%
2026-09-15T11:01:56.3809837Z (Reading database ... 55%
2026-09-15T11:01:56.5118384Z (Reading database ... 60%
2026-09-15T11:01:56.6527357Z (Reading database ... 65%
2026-09-15T11:01:56.8579569Z (Reading database ... 70%
2026-09-15T11:01:57.0111449Z (Reading database ... 75%
2026-09-15T11:01:57.1327712Z (Reading database ... 80%
2026-09-15T11:01:57.3140061Z (Reading database ... 85%
2026-09-15T11:01:57.4511658Z (Reading database ... 90%
2026-09-15T11:01:57.5775756Z (Reading database ... 95%
2026-09-15T11:01:57.5776129Z (Reading database ... 100%
2026-09-15T11:01:57.5776509Z (Reading database ... 201816 files and directories currently installed.)
2026-09-15T11:01:57.5821626Z Removing libmysqlclient-dev (8.0.46-0ubuntu0.24.04.4) ...
2026-09-15T11:01:57.6122626Z Removing mysql-client (8.0.46-0ubuntu0.24.04.4) ...
2026-09-15T11:01:57.6353145Z Removing mysql-server (8.0.46-0ubuntu0.24.04.4) ...
2026-09-15T11:01:57.6560566Z Removing mysql-server-8.0 (8.0.46-0ubuntu0.24.04.4) ...
2026-09-15T11:01:58.0015960Z update-alternatives: using /etc/mysql/my.cnf.fallback to provide /etc/mysql/my.cnf (my.cnf) in auto mode
2026-09-15T11:01:58.0404334Z Removing mysql-client-8.0 (8.0.46-0ubuntu0.24.04.4) ...
2026-09-15T11:01:58.0579855Z Removing mysql-client-core-8.0 (8.0.46-0ubuntu0.24.04.4) ...
2026-09-15T11:01:58.0773727Z Removing mysql-server-core-8.0 (8.0.46-0ubuntu0.24.04.4) ...
2026-09-15T11:01:58.1949314Z Selecting previously unselected package galera-4.
2026-09-15T11:01:58.2016445Z (Reading database ... 
2026-09-15T11:01:58.2016849Z (Reading database ... 5%
2026-09-15T11:01:58.2017243Z (Reading database ... 10%
2026-09-15T11:01:58.2026382Z (Reading database ... 15%
2026-09-15T11:01:58.2026770Z (Reading database ... 20%
2026-09-15T11:01:58.2027150Z (Reading database ... 25%
2026-09-15T11:01:58.2027502Z (Reading database ... 30%
2026-09-15T11:01:58.2027849Z (Reading database ... 35%
2026-09-15T11:01:58.2028188Z (Reading database ... 40%
2026-09-15T11:01:58.2028889Z (Reading database ... 45%
2026-09-15T11:01:58.2029251Z (Reading database ... 50%
2026-09-15T11:01:58.2029596Z (Reading database ... 55%
2026-09-15T11:01:58.2152823Z (Reading database ... 60%
2026-09-15T11:01:58.2183322Z (Reading database ... 65%
2026-09-15T11:01:58.2209584Z (Reading database ... 70%
2026-09-15T11:01:58.2252998Z (Reading database ... 75%
2026-09-15T11:01:58.2419164Z (Reading database ... 80%
2026-09-15T11:01:58.2450486Z (Reading database ... 85%
2026-09-15T11:01:58.2553856Z (Reading database ... 90%
2026-09-15T11:01:58.2828321Z (Reading database ... 95%
2026-09-15T11:01:58.2828667Z (Reading database ... 100%
2026-09-15T11:01:58.2829046Z (Reading database ... 201576 files and directories currently installed.)
2026-09-15T11:01:58.2877086Z Preparing to unpack .../0-galera-4_26.4.16-2build4_amd64.deb ...
2026-09-15T11:01:58.3627468Z info: The home dir /nonexistent you specified can't be accessed: No such file or directory
2026-09-15T11:01:58.3627929Z 
2026-09-15T11:01:58.3669106Z info: Selecting UID from range 100 to 999 ...
2026-09-15T11:01:58.3669475Z 
2026-09-15T11:01:58.3695936Z info: Adding system user `_galera' (UID 113) ...
2026-09-15T11:01:58.3716711Z info: Adding new user `_galera' (UID 113) with group `nogroup' ...
2026-09-15T11:01:58.3872798Z info: Not creating `/nonexistent'.
2026-09-15T11:01:58.3913727Z Unpacking galera-4 (26.4.16-2build4) ...
2026-09-15T11:01:58.4211182Z Selecting previously unselected package mariadb-common.
2026-09-15T11:01:58.4343289Z Preparing to unpack .../1-mariadb-common_1%3a10.11.14-0ubuntu0.24.04.1_all.deb ...
2026-09-15T11:01:58.4390560Z Unpacking mariadb-common (1:10.11.14-0ubuntu0.24.04.1) ...
2026-09-15T11:01:58.4600997Z Selecting previously unselected package libdbi-perl:amd64.
2026-09-15T11:01:58.4733523Z Preparing to unpack .../2-libdbi-perl_1.643-4ubuntu0.1_amd64.deb ...
2026-09-15T11:01:58.4741365Z Unpacking libdbi-perl:amd64 (1.643-4ubuntu0.1) ...
2026-09-15T11:01:58.5275357Z Selecting previously unselected package libconfig-inifiles-perl.
2026-09-15T11:01:58.5410722Z Preparing to unpack .../3-libconfig-inifiles-perl_3.000003-2ubuntu0.1_all.deb ...
2026-09-15T11:01:58.5421138Z Unpacking libconfig-inifiles-perl (3.000003-2ubuntu0.1) ...
2026-09-15T11:01:58.5652025Z Selecting previously unselected package libmariadb3:amd64.
2026-09-15T11:01:58.5783886Z Preparing to unpack .../4-libmariadb3_1%3a10.11.14-0ubuntu0.24.04.1_amd64.deb ...
2026-09-15T11:01:58.5802048Z Unpacking libmariadb3:amd64 (1:10.11.14-0ubuntu0.24.04.1) ...
2026-09-15T11:01:58.6045898Z Selecting previously unselected package mariadb-client-core.
2026-09-15T11:01:58.6179245Z Preparing to unpack .../5-mariadb-client-core_1%3a10.11.14-0ubuntu0.24.04.1_amd64.deb ...
2026-09-15T11:01:58.6189617Z Unpacking mariadb-client-core (1:10.11.14-0ubuntu0.24.04.1) ...
2026-09-15T11:01:58.6826601Z Selecting previously unselected package mariadb-client.
2026-09-15T11:01:58.6960235Z Preparing to unpack .../6-mariadb-client_1%3a10.11.14-0ubuntu0.24.04.1_amd64.deb ...
2026-09-15T11:01:58.6969341Z Unpacking mariadb-client (1:10.11.14-0ubuntu0.24.04.1) ...
2026-09-15T11:01:58.8980089Z Selecting previously unselected package liburing2:amd64.
2026-09-15T11:01:58.9116842Z Preparing to unpack .../7-liburing2_2.5-1build1_amd64.deb ...
2026-09-15T11:01:58.9126028Z Unpacking liburing2:amd64 (2.5-1build1) ...
2026-09-15T11:01:58.9343991Z Selecting previously unselected package mariadb-server-core.
2026-09-15T11:01:58.9477285Z Preparing to unpack .../8-mariadb-server-core_1%3a10.11.14-0ubuntu0.24.04.1_amd64.deb ...
2026-09-15T11:01:58.9485623Z Unpacking mariadb-server-core (1:10.11.14-0ubuntu0.24.04.1) ...
2026-09-15T11:01:59.1267685Z Selecting previously unselected package socat.
2026-09-15T11:01:59.1401163Z Preparing to unpack .../9-socat_1.8.0.0-4ubuntu0.1_amd64.deb ...
2026-09-15T11:01:59.1409678Z Unpacking socat (1.8.0.0-4ubuntu0.1) ...
2026-09-15T11:01:59.1921262Z Setting up mariadb-common (1:10.11.14-0ubuntu0.24.04.1) ...
2026-09-15T11:01:59.1998018Z update-alternatives: using /etc/mysql/mariadb.cnf to provide /etc/mysql/my.cnf (my.cnf) in auto mode
2026-09-15T11:01:59.2312786Z Selecting previously unselected package mariadb-server.
2026-09-15T11:01:59.2382631Z (Reading database ... 
2026-09-15T11:01:59.2383314Z (Reading database ... 5%
2026-09-15T11:01:59.2383959Z (Reading database ... 10%
2026-09-15T11:01:59.2384554Z (Reading database ... 15%
2026-09-15T11:01:59.2385129Z (Reading database ... 20%
2026-09-15T11:01:59.2386022Z (Reading database ... 25%
2026-09-15T11:01:59.2386433Z (Reading database ... 30%
2026-09-15T11:01:59.2386789Z (Reading database ... 35%
2026-09-15T11:01:59.2387144Z (Reading database ... 40%
2026-09-15T11:01:59.2387524Z (Reading database ... 45%
2026-09-15T11:01:59.2387895Z (Reading database ... 50%
2026-09-15T11:01:59.2388250Z (Reading database ... 55%
2026-09-15T11:01:59.2526298Z (Reading database ... 60%
2026-09-15T11:01:59.2558715Z (Reading database ... 65%
2026-09-15T11:01:59.2584744Z (Reading database ... 70%
2026-09-15T11:01:59.2633177Z (Reading database ... 75%
2026-09-15T11:01:59.2804764Z (Reading database ... 80%
2026-09-15T11:01:59.2838719Z (Reading database ... 85%
2026-09-15T11:01:59.2949131Z (Reading database ... 90%
2026-09-15T11:01:59.3241474Z (Reading database ... 95%
2026-09-15T11:01:59.3241836Z (Reading database ... 100%
2026-09-15T11:01:59.3242571Z (Reading database ... 202036 files and directories currently installed.)
2026-09-15T11:01:59.3290469Z Preparing to unpack .../0-mariadb-server_1%3a10.11.14-0ubuntu0.24.04.1_amd64.deb ...
2026-09-15T11:01:59.4384799Z /var/lib/mysql: found previous version 8.0
2026-09-15T11:01:59.4458227Z The contents of /var/lib/mysql/ indicates a
2026-09-15T11:01:59.4458864Z version that cannot automatically be upgraded. Therefore the
2026-09-15T11:01:59.4459550Z previous data directory will be renamed to /var/lib/mysql-8.0 and
2026-09-15T11:01:59.4460245Z a new data directory will be initialized at /var/lib/mysql.
2026-09-15T11:01:59.4460876Z Please manually export/import your data (e.g. with mysqldump) if needed.
2026-09-15T11:01:59.5054421Z Unpacking mariadb-server (1:10.11.14-0ubuntu0.24.04.1) ...
2026-09-15T11:01:59.6873752Z Selecting previously unselected package libdbd-mysql-perl:amd64.
2026-09-15T11:01:59.7006002Z Preparing to unpack .../1-libdbd-mysql-perl_4.052-1ubuntu3_amd64.deb ...
2026-09-15T11:01:59.7013809Z Unpacking libdbd-mysql-perl:amd64 (4.052-1ubuntu3) ...
2026-09-15T11:01:59.7237759Z Selecting previously unselected package libmariadb-dev.
2026-09-15T11:01:59.7375948Z Preparing to unpack .../2-libmariadb-dev_1%3a10.11.14-0ubuntu0.24.04.1_amd64.deb ...
2026-09-15T11:01:59.7382141Z Unpacking libmariadb-dev (1:10.11.14-0ubuntu0.24.04.1) ...
2026-09-15T11:01:59.7829301Z Selecting previously unselected package mariadb-plugin-provider-bzip2.
2026-09-15T11:01:59.7963016Z Preparing to unpack .../3-mariadb-plugin-provider-bzip2_1%3a10.11.14-0ubuntu0.24.04.1_amd64.deb ...
2026-09-15T11:01:59.7969776Z Unpacking mariadb-plugin-provider-bzip2 (1:10.11.14-0ubuntu0.24.04.1) ...
2026-09-15T11:01:59.8182793Z Selecting previously unselected package mariadb-plugin-provider-lz4.
2026-09-15T11:01:59.8314800Z Preparing to unpack .../4-mariadb-plugin-provider-lz4_1%3a10.11.14-0ubuntu0.24.04.1_amd64.deb ...
2026-09-15T11:01:59.8321626Z Unpacking mariadb-plugin-provider-lz4 (1:10.11.14-0ubuntu0.24.04.1) ...
2026-09-15T11:01:59.8528943Z Selecting previously unselected package mariadb-plugin-provider-lzma.
2026-09-15T11:01:59.8661112Z Preparing to unpack .../5-mariadb-plugin-provider-lzma_1%3a10.11.14-0ubuntu0.24.04.1_amd64.deb ...
2026-09-15T11:01:59.8668183Z Unpacking mariadb-plugin-provider-lzma (1:10.11.14-0ubuntu0.24.04.1) ...
2026-09-15T11:01:59.8879581Z Selecting previously unselected package mariadb-plugin-provider-lzo.
2026-09-15T11:01:59.9016274Z Preparing to unpack .../6-mariadb-plugin-provider-lzo_1%3a10.11.14-0ubuntu0.24.04.1_amd64.deb ...
2026-09-15T11:01:59.9022768Z Unpacking mariadb-plugin-provider-lzo (1:10.11.14-0ubuntu0.24.04.1) ...
2026-09-15T11:01:59.9234051Z Selecting previously unselected package mariadb-plugin-provider-snappy.
2026-09-15T11:01:59.9369249Z Preparing to unpack .../7-mariadb-plugin-provider-snappy_1%3a10.11.14-0ubuntu0.24.04.1_amd64.deb ...
2026-09-15T11:01:59.9376081Z Unpacking mariadb-plugin-provider-snappy (1:10.11.14-0ubuntu0.24.04.1) ...
2026-09-15T11:01:59.9592004Z Selecting previously unselected package pv.
2026-09-15T11:01:59.9725657Z Preparing to unpack .../8-pv_1.8.5-2build1_amd64.deb ...
2026-09-15T11:01:59.9732706Z Unpacking pv (1.8.5-2build1) ...
2026-09-15T11:01:59.9979571Z Selecting previously unselected package libmariadb-dev-compat.
2026-09-15T11:02:00.0114748Z Preparing to unpack .../9-libmariadb-dev-compat_1%3a10.11.14-0ubuntu0.24.04.1_amd64.deb ...
2026-09-15T11:02:00.0121534Z Unpacking libmariadb-dev-compat (1:10.11.14-0ubuntu0.24.04.1) ...
2026-09-15T11:02:00.0529141Z Setting up libconfig-inifiles-perl (3.000003-2ubuntu0.1) ...
2026-09-15T11:02:00.0547943Z Setting up galera-4 (26.4.16-2build4) ...
2026-09-15T11:02:00.0563724Z Setting up socat (1.8.0.0-4ubuntu0.1) ...
2026-09-15T11:02:00.0578941Z Setting up libmariadb3:amd64 (1:10.11.14-0ubuntu0.24.04.1) ...
2026-09-15T11:02:00.0602383Z Setting up libmariadb-dev (1:10.11.14-0ubuntu0.24.04.1) ...
2026-09-15T11:02:00.0619288Z Setting up pv (1.8.5-2build1) ...
2026-09-15T11:02:00.0635392Z Setting up liburing2:amd64 (2.5-1build1) ...
2026-09-15T11:02:00.0652144Z Setting up libdbi-perl:amd64 (1.643-4ubuntu0.1) ...
2026-09-15T11:02:00.0668198Z Setting up libmariadb-dev-compat (1:10.11.14-0ubuntu0.24.04.1) ...
2026-09-15T11:02:00.0684552Z Setting up mariadb-client-core (1:10.11.14-0ubuntu0.24.04.1) ...
2026-09-15T11:02:00.0703044Z Setting up libdbd-mysql-perl:amd64 (4.052-1ubuntu3) ...
2026-09-15T11:02:00.0719884Z Setting up mariadb-server-core (1:10.11.14-0ubuntu0.24.04.1) ...
2026-09-15T11:02:00.0735586Z Setting up mariadb-client (1:10.11.14-0ubuntu0.24.04.1) ...
2026-09-15T11:02:00.0788096Z Setting up mariadb-server (1:10.11.14-0ubuntu0.24.04.1) ...
2026-09-15T11:02:00.0831727Z Installing new version of config file /etc/mysql/debian-start ...
2026-09-15T11:02:00.8367437Z renamed '/etc/logrotate.d/mysql-server' -> '/etc/logrotate.d/mysql-server.dpkg-bak'
2026-09-15T11:02:01.2898853Z Created symlink /etc/systemd/system/multi-user.target.wants/mariadb.service → /usr/lib/systemd/system/mariadb.service.
2026-09-15T11:02:01.2899747Z 
2026-09-15T11:02:01.8097894Z Setting up mariadb-plugin-provider-bzip2 (1:10.11.14-0ubuntu0.24.04.1) ...
2026-09-15T11:02:01.8141559Z Setting up mariadb-plugin-provider-lzma (1:10.11.14-0ubuntu0.24.04.1) ...
2026-09-15T11:02:01.8168139Z Setting up mariadb-plugin-provider-lzo (1:10.11.14-0ubuntu0.24.04.1) ...
2026-09-15T11:02:01.8194531Z Setting up mariadb-plugin-provider-lz4 (1:10.11.14-0ubuntu0.24.04.1) ...
2026-09-15T11:02:01.8243696Z Setting up mariadb-plugin-provider-snappy (1:10.11.14-0ubuntu0.24.04.1) ...
2026-09-15T11:02:01.8285042Z Processing triggers for man-db (2.12.0-4build2) ...
2026-09-15T11:02:01.8308428Z Not building database; man-db/auto-update is not 'true'.
2026-09-15T11:02:01.8324867Z Processing triggers for libc-bin (2.39-0ubuntu8.8) ...
2026-09-15T11:02:01.8705773Z Processing triggers for mariadb-server (1:10.11.14-0ubuntu0.24.04.1) ...
2026-09-15T11:02:02.9718982Z 
2026-09-15T11:02:02.9719614Z Running kernel seems to be up-to-date.
2026-09-15T11:02:02.9720076Z 
2026-09-15T11:02:02.9720519Z No services need to be restarted.
2026-09-15T11:02:02.9723191Z 
2026-09-15T11:02:02.9723496Z No containers need to be restarted.
2026-09-15T11:02:02.9723799Z 
2026-09-15T11:02:02.9723992Z No user sessions are running outdated binaries.
2026-09-15T11:02:02.9724342Z 
2026-09-15T11:02:02.9724673Z No VM guests are running outdated hypervisor (qemu) binaries on this host.
2026-09-15T11:02:04.4770057Z ##[group]Run set -euo pipefail
2026-09-15T11:02:04.4770556Z [36;1mset -euo pipefail[0m
2026-09-15T11:02:04.4770976Z [36;1m# ruby/setup-ruby resolves exact 3.4.0 to a preview build on[0m
2026-09-15T11:02:04.4771475Z [36;1m# GitHub-hosted runners, so use the latest stable 3.4.x instead.[0m
2026-09-15T11:02:04.4771961Z [36;1mecho "version=$(cut -d. -f1,2 .ruby-version)" >> "$GITHUB_OUTPUT"[0m
2026-09-15T11:02:04.4823737Z shell: /usr/bin/bash -e {0}
2026-09-15T11:02:04.4824153Z env:
2026-09-15T11:02:04.4824451Z   RACK_ENV: test
2026-09-15T11:02:04.4824787Z   BUNDLE_WITHOUT: development
2026-09-15T11:02:04.4825191Z   BUNDLE_JOBS: 4
2026-09-15T11:02:04.4825725Z   BUNDLE_RETRY: 3
2026-09-15T11:02:04.4826045Z   VPSADMIN_PLUGINS: all
2026-09-15T11:02:04.4826388Z ##[endgroup]
2026-09-15T11:02:04.5060171Z ##[group]Run ruby/setup-ruby@v1
2026-09-15T11:02:04.5060570Z with:
2026-09-15T11:02:04.5060865Z   ruby-version: 3.4
2026-09-15T11:02:04.5061194Z   bundler-cache: true
2026-09-15T11:02:04.5061550Z   working-directory: api
2026-09-15T11:02:04.5065988Z   token: ***
2026-09-15T11:02:04.5066321Z env:
2026-09-15T11:02:04.5066632Z   RACK_ENV: test
2026-09-15T11:02:04.5066973Z   BUNDLE_WITHOUT: development
2026-09-15T11:02:04.5067361Z   BUNDLE_JOBS: 4
2026-09-15T11:02:04.5067669Z   BUNDLE_RETRY: 3
2026-09-15T11:02:04.5067902Z   VPSADMIN_PLUGINS: all
2026-09-15T11:02:04.5068148Z ##[endgroup]
2026-09-15T11:02:04.6450458Z ##[group]Modifying PATH
2026-09-15T11:02:04.6451574Z Entries added to PATH to use selected Ruby:
2026-09-15T11:02:04.6454290Z   /opt/hostedtoolcache/Ruby/3.4.10/x64/bin
2026-09-15T11:02:04.6457450Z ##[endgroup]
2026-09-15T11:02:04.6458659Z ##[group]Print Ruby version
2026-09-15T11:02:04.6536946Z [command]/opt/hostedtoolcache/Ruby/3.4.10/x64/bin/ruby --version
2026-09-15T11:02:04.9518812Z ruby 3.4.10 (2026-06-30 revision 2b0b7728dc) +PRISM [x86_64-linux]
2026-09-15T11:02:04.9547354Z Took   0.31 seconds
2026-09-15T11:02:04.9548437Z ##[endgroup]
2026-09-15T11:02:04.9549145Z ##[group]Installing Bundler
2026-09-15T11:02:04.9566336Z Using Bundler shipped with ruby-3.4.10
2026-09-15T11:02:04.9566782Z Took   0.00 seconds
2026-09-15T11:02:04.9567462Z ##[endgroup]
2026-09-15T11:02:04.9567828Z > bundle install
2026-09-15T11:02:04.9568490Z Setting BUNDLER_VERSION=2 for "bundle config|lock" commands below to ensure Bundler 2 is used
2026-09-15T11:02:04.9582165Z [command]/opt/hostedtoolcache/Ruby/3.4.10/x64/bin/bundle config set --local path /home/runner/work/vpsadmin/vpsadmin/api/vendor/bundle
2026-09-15T11:02:06.0277516Z [command]/opt/hostedtoolcache/Ruby/3.4.10/x64/bin/bundle lock
2026-09-15T11:02:07.7822389Z Writing lockfile to /home/runner/work/vpsadmin/vpsadmin/api/Gemfile.lock
2026-09-15T11:02:10.7674130Z Fetching gem metadata from https://rubygems.org/..........
2026-09-15T11:02:11.0428681Z Resolving dependencies...
2026-09-15T11:02:11.7473625Z ##[group]Print lockfile
2026-09-15T11:02:11.7487725Z [command]/usr/bin/cat Gemfile.lock
2026-09-15T11:02:11.7519020Z GEM
2026-09-15T11:02:11.7519552Z   remote: https://rubygems.org/
2026-09-15T11:02:11.7520079Z   specs:
2026-09-15T11:02:11.7520426Z     activemodel (8.1.3.1)
2026-09-15T11:02:11.7520930Z       activesupport (= 8.1.3.1)
2026-09-15T11:02:11.7521419Z     activerecord (8.1.3.1)
2026-09-15T11:02:11.7521888Z       activemodel (= 8.1.3.1)
2026-09-15T11:02:11.7522416Z       activesupport (= 8.1.3.1)
2026-09-15T11:02:11.7522897Z       timeout (>= 0.4.0)
2026-09-15T11:02:11.7523370Z     activesupport (8.1.3.1)
2026-09-15T11:02:11.7523806Z       base64
2026-09-15T11:02:11.7524194Z       bigdecimal
2026-09-15T11:02:11.7524628Z       concurrent-ruby (~> 1.0, >= 1.3.1)
2026-09-15T11:02:11.7525158Z       connection_pool (>= 2.2.5)
2026-09-15T11:02:11.7525777Z       drb
2026-09-15T11:02:11.7526071Z       i18n (>= 1.6, < 2)
2026-09-15T11:02:11.7526469Z       json
2026-09-15T11:02:11.7526823Z       logger (>= 1.4.2)
2026-09-15T11:02:11.7527242Z       minitest (>= 5.1)
2026-09-15T11:02:11.7527668Z       securerandom (>= 0.3)
2026-09-15T11:02:11.7528109Z       tzinfo (~> 2.0, >= 2.0.5)
2026-09-15T11:02:11.7528551Z       uri (>= 0.13.1)
2026-09-15T11:02:11.7528955Z     aes_key_wrap (1.1.0)
2026-09-15T11:02:11.7529466Z     amq-protocol (2.9.0)
2026-09-15T11:02:11.7529933Z     ancestry (4.3.3)
2026-09-15T11:02:11.7530362Z       activerecord (>= 5.2.6)
2026-09-15T11:02:11.7530809Z     android_key_attestation (0.3.0)
2026-09-15T11:02:11.7531273Z     ast (2.4.3)
2026-09-15T11:02:11.7531660Z     attr_required (1.0.2)
2026-09-15T11:02:11.7532093Z     base64 (0.3.0)
2026-09-15T11:02:11.7532453Z     bcrypt (3.1.22)
2026-09-15T11:02:11.7532871Z     bigdecimal (4.1.3)
2026-09-15T11:02:11.7533294Z     bindata (2.5.1)
2026-09-15T11:02:11.7533651Z     bunny (2.24.0)
2026-09-15T11:02:11.7534063Z       amq-protocol (~> 2.3)
2026-09-15T11:02:11.7535094Z       sorted_set (~> 1, >= 1.0.2)
2026-09-15T11:02:11.7535798Z     cbor (0.5.10.3)
2026-09-15T11:02:11.7536224Z     coderay (1.1.3)
2026-09-15T11:02:11.7536791Z     concurrent-ruby (1.3.8)
2026-09-15T11:02:11.7537673Z     connection_pool (3.0.2)
2026-09-15T11:02:11.7538196Z     cose (1.3.1)
2026-09-15T11:02:11.7538619Z       cbor (~> 0.5.9)
2026-09-15T11:02:11.7539113Z       openssl-signature_algorithm (~> 1.0)
2026-09-15T11:02:11.7539600Z     csv (3.3.6)
2026-09-15T11:02:11.7539983Z     date (3.5.1)
2026-09-15T11:02:11.7540440Z     diff-lcs (1.6.2)
2026-09-15T11:02:11.7540882Z     dnsruby (1.74.0)
2026-09-15T11:02:11.7541300Z       base64 (>= 0.2)
2026-09-15T11:02:11.7541900Z       logger (~> 1.6)
2026-09-15T11:02:11.7542222Z       simpleidn (~> 0.2.1)
2026-09-15T11:02:11.7542583Z     domain_name (0.6.20260907)
2026-09-15T11:02:11.7542843Z     drb (2.2.3)
2026-09-15T11:02:11.7543468Z     faraday (2.14.3)
2026-09-15T11:02:11.7543862Z       faraday-net_http (>= 2.0, < 3.5)
2026-09-15T11:02:11.7544316Z       json
2026-09-15T11:02:11.7544613Z       logger
2026-09-15T11:02:11.7544955Z     faraday-follow_redirects (0.5.0)
2026-09-15T11:02:11.7545602Z       faraday (>= 1, < 3)
2026-09-15T11:02:11.7545993Z     faraday-net_http (3.4.4)
2026-09-15T11:02:11.7546380Z       net-http (~> 0.5)
2026-09-15T11:02:11.7546741Z     fio_api (0.0.11)
2026-09-15T11:02:11.7547077Z       httparty (>= 0.16.2)
2026-09-15T11:02:11.7547432Z     haveapi (0.29.8)
2026-09-15T11:02:11.7547775Z       activesupport (>= 7.1)
2026-09-15T11:02:11.7548172Z       haveapi-client (~> 0.29.8)
2026-09-15T11:02:11.7548560Z       i18n (>= 1.6, < 2)
2026-09-15T11:02:11.7548896Z       json
2026-09-15T11:02:11.7549212Z       mail
2026-09-15T11:02:11.7549494Z       nesty (~> 1.0)
2026-09-15T11:02:11.7549853Z       rack-oauth2 (~> 2.2.0)
2026-09-15T11:02:11.7550202Z       rake
2026-09-15T11:02:11.7550508Z       redcarpet (~> 3.6)
2026-09-15T11:02:11.7550889Z       require_all (~> 2.0.0)
2026-09-15T11:02:11.7551312Z       sinatra (~> 4.0)
2026-09-15T11:02:11.7551678Z       sinatra-contrib (~> 4.0)
2026-09-15T11:02:11.7552050Z       tilt (~> 2.4)
2026-09-15T11:02:11.7552383Z     haveapi-client (0.29.8)
2026-09-15T11:02:11.7552757Z       activesupport (>= 7.0)
2026-09-15T11:02:11.7553167Z       highline (~> 3.1)
2026-09-15T11:02:11.7553504Z       json
2026-09-15T11:02:11.7553839Z       require_all (~> 2.0.0)
2026-09-15T11:02:11.7554208Z       rest-client (~> 2.1.0)
2026-09-15T11:02:11.7554592Z       ruby-progressbar (~> 1.13.0)
2026-09-15T11:02:11.7554928Z     highline (3.1.2)
2026-09-15T11:02:11.7555152Z       reline
2026-09-15T11:02:11.7555722Z     http-accept (1.7.0)
2026-09-15T11:02:11.7556073Z     http-cookie (1.1.6)
2026-09-15T11:02:11.7556430Z       domain_name (~> 0.5)
2026-09-15T11:02:11.7556747Z     httparty (0.24.2)
2026-09-15T11:02:11.7556962Z       csv
2026-09-15T11:02:11.7557160Z       mini_mime (>= 1.0.0)
2026-09-15T11:02:11.7557451Z       multi_xml (>= 0.5.2)
2026-09-15T11:02:11.7557670Z     i18n (1.15.2)
2026-09-15T11:02:11.7557891Z       concurrent-ruby (~> 1.0)
2026-09-15T11:02:11.7558172Z     io-console (0.9.3)
2026-09-15T11:02:11.7558403Z     ipaddress (0.8.3)
2026-09-15T11:02:11.7558630Z     json (2.21.2)
2026-09-15T11:02:11.7558836Z     json-jwt (1.17.2)
2026-09-15T11:02:11.7559056Z       activesupport (>= 4.2)
2026-09-15T11:02:11.7559325Z       aes_key_wrap
2026-09-15T11:02:11.7559539Z       base64
2026-09-15T11:02:11.7559733Z       bindata
2026-09-15T11:02:11.7559941Z       faraday (~> 2.0)
2026-09-15T11:02:11.7560177Z       faraday-follow_redirects
2026-09-15T11:02:11.7560451Z     jwt (3.3.0)
2026-09-15T11:02:11.7560760Z       base64
2026-09-15T11:02:11.7561079Z     language_server-protocol (3.17.0.6)
2026-09-15T11:02:11.7561453Z     lint_roller (1.1.0)
2026-09-15T11:02:11.7561684Z     logger (1.7.0)
2026-09-15T11:02:11.7561891Z     mail (2.9.1)
2026-09-15T11:02:11.7562092Z       logger
2026-09-15T11:02:11.7562314Z       mini_mime (>= 0.1.1)
2026-09-15T11:02:11.7562572Z       net-imap
2026-09-15T11:02:11.7562790Z       net-pop
2026-09-15T11:02:11.7563226Z       net-smtp
2026-09-15T11:02:11.7563437Z     method_source (1.1.0)
2026-09-15T11:02:11.7563778Z     mime-types (3.7.0)
2026-09-15T11:02:11.7564073Z       logger
2026-09-15T11:02:11.7564316Z       mime-types-data (~> 3.2025, >= 3.2025.0507)
2026-09-15T11:02:11.7564667Z     mime-types-data (3.2026.0701)
2026-09-15T11:02:11.7564932Z     mini_mime (1.1.5)
2026-09-15T11:02:11.7565166Z     minitest (6.0.6)
2026-09-15T11:02:11.7565382Z       drb (~> 2.0)
2026-09-15T11:02:11.7565831Z       prism (~> 1.5)
2026-09-15T11:02:11.7566151Z     multi_json (1.21.2)
2026-09-15T11:02:11.7566387Z     multi_xml (0.9.1)
2026-09-15T11:02:11.7566607Z       bigdecimal (>= 3.1, < 5)
2026-09-15T11:02:11.7566855Z     mustermann (3.1.1)
2026-09-15T11:02:11.7567086Z     mysql2 (0.5.7)
2026-09-15T11:02:11.7567305Z       bigdecimal
2026-09-15T11:02:11.7567553Z     nesty (1.0.2)
2026-09-15T11:02:11.7568031Z     net-http (0.9.1)
2026-09-15T11:02:11.7568245Z       uri (>= 0.11.1)
2026-09-15T11:02:11.7568451Z     net-imap (0.6.7)
2026-09-15T11:02:11.7568675Z       date
2026-09-15T11:02:11.7568920Z       net-protocol
2026-09-15T11:02:11.7569239Z     net-pop (0.1.2)
2026-09-15T11:02:11.7569569Z       net-protocol
2026-09-15T11:02:11.7569898Z     net-protocol (0.3.0)
2026-09-15T11:02:11.7570202Z       timeout
2026-09-15T11:02:11.7570407Z     net-smtp (0.5.1)
2026-09-15T11:02:11.7570617Z       net-protocol
2026-09-15T11:02:11.7570840Z     netrc (0.11.0)
2026-09-15T11:02:11.7571049Z     nio4r (2.7.5)
2026-09-15T11:02:11.7571258Z     openssl (4.0.2)
2026-09-15T11:02:11.7571497Z     openssl-signature_algorithm (1.3.0)
2026-09-15T11:02:11.7571775Z       openssl (> 2.0)
2026-09-15T11:02:11.7572070Z     paper_trail (17.0.0)
2026-09-15T11:02:11.7572449Z       activerecord (>= 7.1)
2026-09-15T11:02:11.7572841Z       request_store (~> 1.4)
2026-09-15T11:02:11.7573100Z     parallel (2.2.0)
2026-09-15T11:02:11.7573323Z     parser (3.3.12.0)
2026-09-15T11:02:11.7573542Z       ast (~> 2.4.1)
2026-09-15T11:02:11.7573746Z       racc
2026-09-15T11:02:11.7573944Z     prism (1.9.0)
2026-09-15T11:02:11.7574250Z     prometheus-client (4.2.5)
2026-09-15T11:02:11.7574637Z       base64
2026-09-15T11:02:11.7574867Z     pry (0.16.0)
2026-09-15T11:02:11.7575079Z       coderay (~> 1.1)
2026-09-15T11:02:11.7575305Z       method_source (~> 1.0)
2026-09-15T11:02:11.7575733Z       reline (>= 0.6.0)
2026-09-15T11:02:11.7575963Z     puma (8.0.2)
2026-09-15T11:02:11.7576163Z       nio4r (~> 2.0)
2026-09-15T11:02:11.7576367Z     racc (1.8.1)
2026-09-15T11:02:11.7576567Z     rack (3.2.7)
2026-09-15T11:02:11.7576799Z     rack-oauth2 (2.2.1)
2026-09-15T11:02:11.7577035Z       activesupport
2026-09-15T11:02:11.7577247Z       attr_required
2026-09-15T11:02:11.7577464Z       faraday (~> 2.0)
2026-09-15T11:02:11.7577693Z       faraday-follow_redirects
2026-09-15T11:02:11.7577945Z       json-jwt (>= 1.11.0)
2026-09-15T11:02:11.7578182Z       rack (>= 2.1.0)
2026-09-15T11:02:11.7578403Z     rack-protection (4.2.1)
2026-09-15T11:02:11.7578638Z       base64 (>= 0.1.0)
2026-09-15T11:02:11.7578880Z       logger (>= 1.6.0)
2026-09-15T11:02:11.7579151Z       rack (>= 3.0.0, < 4)
2026-09-15T11:02:11.7579493Z     rack-session (2.1.2)
2026-09-15T11:02:11.7579798Z       base64 (>= 0.1.0)
2026-09-15T11:02:11.7580180Z       rack (>= 3.0.0)
2026-09-15T11:02:11.7580495Z     rack-test (2.2.0)
2026-09-15T11:02:11.7580822Z       rack (>= 1.3)
2026-09-15T11:02:11.7581068Z     rackup (2.3.1)
2026-09-15T11:02:11.7581278Z       rack (>= 3)
2026-09-15T11:02:11.7581514Z     rainbow (3.1.1)
2026-09-15T11:02:11.7581717Z     rake (13.4.2)
2026-09-15T11:02:11.7581925Z     rbtree (0.4.7)
2026-09-15T11:02:11.7582129Z     redcarpet (3.6.1)
2026-09-15T11:02:11.7582392Z     regexp_parser (2.12.0)
2026-09-15T11:02:11.7582740Z     reline (0.7.0)
2026-09-15T11:02:11.7583121Z       io-console (~> 0.5)
2026-09-15T11:02:11.7583365Z     request_store (1.7.0)
2026-09-15T11:02:11.7583597Z       rack (>= 1.4)
2026-09-15T11:02:11.7583811Z     require_all (2.0.0)
2026-09-15T11:02:11.7584036Z     rest-client (2.1.0)
2026-09-15T11:02:11.7584480Z       http-accept (>= 1.7.0, < 2.0)
2026-09-15T11:02:11.7584756Z       http-cookie (>= 1.0.2, < 2.0)
2026-09-15T11:02:11.7585011Z       mime-types (>= 1.16, < 4.0)
2026-09-15T11:02:11.7585287Z       netrc (~> 0.8)
2026-09-15T11:02:11.7585725Z     rotp (6.3.0)
2026-09-15T11:02:11.7586061Z     rspec (3.13.2)
2026-09-15T11:02:11.7586351Z       rspec-core (~> 3.13.0)
2026-09-15T11:02:11.7586651Z       rspec-expectations (~> 3.13.0)
2026-09-15T11:02:11.7586931Z       rspec-mocks (~> 3.13.0)
2026-09-15T11:02:11.7587171Z     rspec-core (3.13.6)
2026-09-15T11:02:11.7587401Z       rspec-support (~> 3.13.0)
2026-09-15T11:02:11.7587657Z     rspec-expectations (3.13.5)
2026-09-15T11:02:11.7587905Z       diff-lcs (>= 1.2.0, < 2.0)
2026-09-15T11:02:11.7588166Z       rspec-support (~> 3.13.0)
2026-09-15T11:02:11.7588406Z     rspec-mocks (3.13.8)
2026-09-15T11:02:11.7588816Z       diff-lcs (>= 1.2.0, < 2.0)
2026-09-15T11:02:11.7589065Z       rspec-support (~> 3.13.0)
2026-09-15T11:02:11.7589312Z     rspec-support (3.13.7)
2026-09-15T11:02:11.7589568Z     rubocop (1.91.0)
2026-09-15T11:02:11.7589775Z       json (>= 2.3)
2026-09-15T11:02:11.7590012Z       language_server-protocol (~> 3.17.0.2)
2026-09-15T11:02:11.7590310Z       lint_roller (~> 1.1.0)
2026-09-15T11:02:11.7590552Z       parallel (>= 1.10)
2026-09-15T11:02:11.7590779Z       parser (>= 3.3.0.2)
2026-09-15T11:02:11.7591004Z       rainbow (>= 2.2.2, < 4.0)
2026-09-15T11:02:11.7591249Z       regexp_parser (>= 2.9.3, < 3.0)
2026-09-15T11:02:11.7591520Z       rubocop-ast (>= 1.49.0, < 2.0)
2026-09-15T11:02:11.7591782Z       ruby-progressbar (~> 1.7)
2026-09-15T11:02:11.7592044Z       unicode-display_width (>= 2.4.0, < 4.0)
2026-09-15T11:02:11.7592327Z     rubocop-ast (1.50.0)
2026-09-15T11:02:11.7592560Z       parser (>= 3.3.7.2)
2026-09-15T11:02:11.7592777Z       prism (~> 1.7)
2026-09-15T11:02:11.7592995Z     rubocop-rake (0.7.1)
2026-09-15T11:02:11.7593284Z       lint_roller (~> 1.1)
2026-09-15T11:02:11.7593530Z       rubocop (>= 1.72.1)
2026-09-15T11:02:11.7593789Z     rubocop-rspec (3.10.2)
2026-09-15T11:02:11.7594023Z       lint_roller (~> 1.1)
2026-09-15T11:02:11.7594268Z       regexp_parser (>= 2.0)
2026-09-15T11:02:11.7594592Z       rubocop (~> 1.86, >= 1.86.2)
2026-09-15T11:02:11.7594972Z     ruby-progressbar (1.13.0)
2026-09-15T11:02:11.7595328Z     rubyzip (3.2.2)
2026-09-15T11:02:11.7595796Z     safety_net_attestation (0.5.0)
2026-09-15T11:02:11.7596069Z       jwt (>= 2.0, < 4.0)
2026-09-15T11:02:11.7596312Z     securerandom (0.4.1)
2026-09-15T11:02:11.7596637Z     simpleidn (0.2.3)
2026-09-15T11:02:11.7596940Z     sinatra (4.2.1)
2026-09-15T11:02:11.7597152Z       logger (>= 1.6.0)
2026-09-15T11:02:11.7597379Z       mustermann (~> 3.0)
2026-09-15T11:02:11.7597612Z       rack (>= 3.0.0, < 4)
2026-09-15T11:02:11.7597877Z       rack-protection (= 4.2.1)
2026-09-15T11:02:11.7598176Z       rack-session (>= 2.0.0, < 3)
2026-09-15T11:02:11.7598531Z       tilt (~> 2.0)
2026-09-15T11:02:11.7598846Z     sinatra-activerecord (2.0.28)
2026-09-15T11:02:11.7599152Z       activerecord (>= 4.1)
2026-09-15T11:02:11.7599410Z       sinatra (>= 1.0)
2026-09-15T11:02:11.7599785Z     sinatra-contrib (4.2.1)
2026-09-15T11:02:11.7600039Z       multi_json (>= 0.0.2)
2026-09-15T11:02:11.7600284Z       mustermann (~> 3.0)
2026-09-15T11:02:11.7600598Z       rack-protection (= 4.2.1)
2026-09-15T11:02:11.7600924Z       sinatra (= 4.2.1)
2026-09-15T11:02:11.7601226Z       tilt (~> 2.0)
2026-09-15T11:02:11.7601502Z     sorted_set (1.1.0)
2026-09-15T11:02:11.7601835Z       rbtree
2026-09-15T11:02:11.7602112Z     tilt (2.9.0)
2026-09-15T11:02:11.7602406Z     timeout (0.6.1)
2026-09-15T11:02:11.7602656Z     tpm-key_attestation (0.14.2)
2026-09-15T11:02:11.7603006Z       bindata (~> 2.4)
2026-09-15T11:02:11.7603279Z       openssl (> 2.0)
2026-09-15T11:02:11.7603555Z       openssl-signature_algorithm (~> 1.0)
2026-09-15T11:02:11.7603975Z     tzinfo (2.0.6)
2026-09-15T11:02:11.7604224Z       concurrent-ruby (~> 1.0)
2026-09-15T11:02:11.7604645Z     unicode-display_width (3.2.0)
2026-09-15T11:02:11.7605231Z       unicode-emoji (~> 4.1)
2026-09-15T11:02:11.7605704Z     unicode-emoji (4.2.0)
2026-09-15T11:02:11.7605954Z     uri (1.1.1)
2026-09-15T11:02:11.7606287Z     user_agent_parser (2.21.0)
2026-09-15T11:02:11.7606642Z     webauthn (3.4.3)
2026-09-15T11:02:11.7607005Z       android_key_attestation (~> 0.3.0)
2026-09-15T11:02:11.7607459Z       bindata (~> 2.4)
2026-09-15T11:02:11.7607800Z       cbor (~> 0.5.9)
2026-09-15T11:02:11.7608028Z       cose (~> 1.1)
2026-09-15T11:02:11.7608260Z       openssl (>= 2.2)
2026-09-15T11:02:11.7608549Z       safety_net_attestation (~> 0.5.0)
2026-09-15T11:02:11.7608946Z       tpm-key_attestation (~> 0.14.0)
2026-09-15T11:02:11.7609223Z     webrick (1.9.2)
2026-09-15T11:02:11.7609541Z     yard (0.9.45)
2026-09-15T11:02:11.7609710Z 
2026-09-15T11:02:11.7609808Z PLATFORMS
2026-09-15T11:02:11.7610024Z   ruby
2026-09-15T11:02:11.7610400Z   x86_64-linux
2026-09-15T11:02:11.7610531Z 
2026-09-15T11:02:11.7610624Z DEPENDENCIES
2026-09-15T11:02:11.7610861Z   activerecord (~> 8.1.1)
2026-09-15T11:02:11.7611108Z   ancestry (~> 4.3.3)
2026-09-15T11:02:11.7611423Z   base64
2026-09-15T11:02:11.7611762Z   bcrypt (~> 3.1.20)
2026-09-15T11:02:11.7612137Z   bunny (~> 2.24.0)
2026-09-15T11:02:11.7612415Z   dnsruby (~> 1.73)
2026-09-15T11:02:11.7612622Z   fio_api!
2026-09-15T11:02:11.7612833Z   haveapi (~> 0.29.6)
2026-09-15T11:02:11.7613079Z   ipaddress (~> 0.8.3)
2026-09-15T11:02:11.7613301Z   json (< 3)
2026-09-15T11:02:11.7613518Z   mysql2 (~> 0.5.6)
2026-09-15T11:02:11.7613754Z   paper_trail (~> 17.0.0)
2026-09-15T11:02:11.7614023Z   prometheus-client (~> 4.2.3)
2026-09-15T11:02:11.7614302Z   pry
2026-09-15T11:02:11.7614523Z   puma
2026-09-15T11:02:11.7614728Z   rack-test
2026-09-15T11:02:11.7614969Z   rackup
2026-09-15T11:02:11.7615191Z   rake
2026-09-15T11:02:11.7615708Z   require_all (~> 2.0.0)
2026-09-15T11:02:11.7615999Z   rotp (~> 6.3.0)
2026-09-15T11:02:11.7616235Z   rspec
2026-09-15T11:02:11.7616450Z   rubocop
2026-09-15T11:02:11.7616664Z   rubocop-rake
2026-09-15T11:02:11.7616885Z   rubocop-rspec
2026-09-15T11:02:11.7617103Z   rubyzip (~> 3.2.2)
2026-09-15T11:02:11.7617337Z   sinatra-activerecord (~> 2.0.27)
2026-09-15T11:02:11.7617618Z   user_agent_parser (~> 2.20)
2026-09-15T11:02:11.7617864Z   webauthn (~> 3.4)
2026-09-15T11:02:11.7618072Z   webrick
2026-09-15T11:02:11.7618260Z   yard
2026-09-15T11:02:11.7618371Z 
2026-09-15T11:02:11.7618463Z BUNDLED WITH
2026-09-15T11:02:11.7618658Z    2.6.9
2026-09-15T11:02:11.7619259Z ##[endgroup]
2026-09-15T11:02:11.7620224Z Cache key: setup-ruby-bundler-cache-v6-ubuntu-24.04-x64-ruby-3.4.10-wd-/home/runner/work/vpsadmin/vpsadmin/api-with--without-development-only--Gemfile.lock-cda0858749af1709ca8a7c38e715242d34395ef43739c0578a45f9ed3cc1fe06
2026-09-15T11:02:11.8691863Z Cache hit for: setup-ruby-bundler-cache-v6-ubuntu-24.04-x64-ruby-3.4.10-wd-/home/runner/work/vpsadmin/vpsadmin/api-with--without-development-only--Gemfile.lock-cda0858749af1709ca8a7c38e715242d34395ef43739c0578a45f9ed3cc1fe06
2026-09-15T11:02:12.5756967Z Received 27667829 of 27667829 (100.0%), 45.3 MBs/sec
2026-09-15T11:02:12.5757566Z Cache Size: ~26 MB (27667829 B)
2026-09-15T11:02:12.5784407Z [command]/usr/bin/tar -xf /home/runner/work/_temp/54f98c92-9ce7-43b3-866f-694bbaa50294/cache.tzst -P -C /home/runner/work/vpsadmin/vpsadmin --use-compress-program unzstd
2026-09-15T11:02:12.8095875Z Cache restored successfully
2026-09-15T11:02:12.8113196Z Found cache for key: setup-ruby-bundler-cache-v6-ubuntu-24.04-x64-ruby-3.4.10-wd-/home/runner/work/vpsadmin/vpsadmin/api-with--without-development-only--Gemfile.lock-cda0858749af1709ca8a7c38e715242d34395ef43739c0578a45f9ed3cc1fe06
2026-09-15T11:02:12.8125247Z [command]/opt/hostedtoolcache/Ruby/3.4.10/x64/bin/bundle install --jobs 4
2026-09-15T11:02:13.1613659Z Bundle complete! 30 Gemfile dependencies, 98 gems now installed.
2026-09-15T11:02:13.1614368Z Gems in the group 'development' were not installed.
2026-09-15T11:02:13.1615000Z Bundled gems are installed into `./vendor/bundle`
2026-09-15T11:02:13.1762047Z Took   8.22 seconds
2026-09-15T11:02:13.1911984Z ##[group]Run set -euo pipefail
2026-09-15T11:02:13.1912334Z [36;1mset -euo pipefail[0m
2026-09-15T11:02:13.1912690Z [36;1mxargs -a "tmp/rspec-files-platform.txt" bundle exec rspec[0m
2026-09-15T11:02:13.1958064Z shell: /usr/bin/bash -e {0}
2026-09-15T11:02:13.1958359Z env:
2026-09-15T11:02:13.1958574Z   RACK_ENV: test
2026-09-15T11:02:13.1958824Z   BUNDLE_WITHOUT: development
2026-09-15T11:02:13.1959099Z   BUNDLE_JOBS: 4
2026-09-15T11:02:13.1959312Z   BUNDLE_RETRY: 3
2026-09-15T11:02:13.1959540Z   VPSADMIN_PLUGINS: all
2026-09-15T11:02:13.1959785Z ##[endgroup]
2026-09-15T11:02:15.0001517Z Started local MariaDB test database at ***127.0.0.1:42873/vpsadmin_test?encoding=utf8mb3&collation=utf8mb3_unicode_ci
2026-09-15T11:02:15.5808159Z -- create_table("auth_tokens", {id: {type: :integer, unsigned: true}, charset: "utf8mb3", collation: "utf8mb3_czech_ci", force: :cascade})
2026-09-15T11:02:15.5809461Z    -> 0.0078s
2026-09-15T11:02:15.5810069Z -- create_table("branches", {id: {type: :integer, unsigned: true}, charset: "utf8mb3", collation: "utf8mb3_czech_ci", force: :cascade})
2026-09-15T11:02:15.5810798Z    -> 0.0026s
2026-09-15T11:02:15.5811505Z -- create_table("cluster_resource_package_items", {id: {type: :integer, unsigned: true}, charset: "utf8mb3", collation: "utf8mb3_czech_ci", force: :cascade})
2026-09-15T11:02:15.5812259Z    -> 0.0032s
2026-09-15T11:02:15.5812811Z -- create_table("cluster_resource_packages", {id: {type: :integer, unsigned: true}, charset: "utf8mb3", collation: "utf8mb3_czech_ci", force: :cascade})
2026-09-15T11:02:15.5813399Z    -> 0.0030s
2026-09-15T11:02:15.5814016Z -- create_table("cluster_resource_uses", {id: {type: :integer, unsigned: true}, charset: "utf8mb3", collation: "utf8mb3_czech_ci", force: :cascade})
2026-09-15T11:02:15.5814701Z    -> 0.0030s
2026-09-15T11:02:15.5815367Z -- create_table("cluster_resources", {id: {type: :integer, unsigned: true}, charset: "utf8mb3", collation: "utf8mb3_czech_ci", force: :cascade})
2026-09-15T11:02:15.5816514Z    -> 0.0025s
2026-09-15T11:02:15.5817122Z -- create_table("components", {charset: "utf8mb3", collation: "utf8mb3_czech_ci", force: :cascade})
2026-09-15T11:02:15.5817822Z    -> 0.0023s
2026-09-15T11:02:15.5818328Z -- create_table("dataset_actions", {id: {type: :integer, unsigned: true}, charset: "utf8mb3", collation: "utf8mb3_czech_ci", force: :cascade})
2026-09-15T11:02:15.5819049Z    -> 0.0022s
2026-09-15T11:02:15.5819587Z -- create_table("dataset_expansion_events", {charset: "utf8mb3", collation: "utf8mb3_czech_ci", force: :cascade})
2026-09-15T11:02:15.5820085Z    -> 0.0029s
2026-09-15T11:02:15.5820545Z -- create_table("dataset_expansion_histories", {charset: "utf8mb3", collation: "utf8mb3_czech_ci", force: :cascade})
2026-09-15T11:02:15.5821159Z    -> 0.0027s
2026-09-15T11:02:15.5821615Z -- create_table("dataset_expansions", {charset: "utf8mb3", collation: "utf8mb3_czech_ci", force: :cascade})
2026-09-15T11:02:15.5822138Z    -> 0.0030s
2026-09-15T11:02:15.5822768Z -- create_table("dataset_in_pool_plans", {id: {type: :integer, unsigned: true}, charset: "utf8mb3", collation: "utf8mb3_czech_ci", force: :cascade})
2026-09-15T11:02:15.5823475Z    -> 0.0024s
2026-09-15T11:02:15.5823988Z -- create_table("dataset_in_pools", {id: {type: :integer, unsigned: true}, charset: "utf8mb3", collation: "utf8mb3_czech_ci", force: :cascade})
2026-09-15T11:02:15.5824541Z    -> 0.0034s
2026-09-15T11:02:15.5825132Z -- create_table("dataset_plans", {id: {type: :integer, unsigned: true}, charset: "utf8mb3", collation: "utf8mb3_czech_ci", force: :cascade})
2026-09-15T11:02:15.5825913Z    -> 0.0018s
2026-09-15T11:02:15.5826592Z -- create_table("dataset_properties", {id: {type: :integer, unsigned: true}, charset: "utf8mb3", collation: "utf8mb3_czech_ci", force: :cascade})
2026-09-15T11:02:15.5827157Z    -> 0.0037s
2026-09-15T11:02:15.5827686Z -- create_table("dataset_property_histories", {id: {type: :integer, unsigned: true}, charset: "utf8mb3", collation: "utf8mb3_czech_ci", force: :cascade})
2026-09-15T11:02:15.5828337Z    -> 0.0024s
2026-09-15T11:02:15.5829109Z -- create_table("dataset_trees", {id: {type: :integer, unsigned: true}, charset: "utf8mb3", collation: "utf8mb3_czech_ci", force: :cascade})
2026-09-15T11:02:15.5829712Z    -> 0.0026s
2026-09-15T11:02:15.5830226Z -- create_table("datasets", {id: {type: :integer, unsigned: true}, charset: "utf8mb3", collation: "utf8mb3_czech_ci", force: :cascade})
2026-09-15T11:02:15.5830965Z    -> 0.0036s
2026-09-15T11:02:15.5831812Z -- create_table("default_lifetime_values", {id: {type: :integer, unsigned: true}, charset: "utf8mb3", collation: "utf8mb3_czech_ci", force: :cascade})
2026-09-15T11:02:15.5832773Z    -> 0.0023s
2026-09-15T11:02:15.5833688Z -- create_table("default_object_cluster_resources", {id: {type: :integer, unsigned: true}, charset: "utf8mb3", collation: "utf8mb3_czech_ci", force: :cascade})
2026-09-15T11:02:15.5834694Z    -> 0.0022s
2026-09-15T11:02:15.5835977Z -- create_table("default_user_cluster_resource_packages", {id: {type: :integer, unsigned: true}, charset: "utf8mb3", collation: "utf8mb3_czech_ci", force: :cascade})
2026-09-15T11:02:15.5836610Z    -> 0.0025s
2026-09-15T11:02:15.5837136Z -- create_table("dns_record_logs", {charset: "utf8mb3", collation: "utf8mb3_czech_ci", force: :cascade})
2026-09-15T11:02:15.5837692Z    -> 0.0031s
2026-09-15T11:02:15.5838141Z -- create_table("dns_records", {charset: "utf8mb3", collation: "utf8mb3_czech_ci", force: :cascade})
2026-09-15T11:02:15.5838617Z    -> 0.0039s
2026-09-15T11:02:15.5839092Z -- create_table("dns_resolvers", {id: {type: :integer, unsigned: true}, charset: "utf8mb3", collation: "utf8mb3_czech_ci", force: :cascade})
2026-09-15T11:02:15.5839620Z    -> 0.0028s
2026-09-15T11:02:15.5840169Z -- create_table("dns_server_zone_transfer_logs", {charset: "utf8mb3", collation: "utf8mb3_czech_ci", force: :cascade})
2026-09-15T11:02:15.5840743Z    -> 0.0033s
2026-09-15T11:02:15.5841198Z -- create_table("dns_server_zones", {charset: "utf8mb3", collation: "utf8mb3_czech_ci", force: :cascade})
2026-09-15T11:02:15.5841806Z    -> 0.0039s
2026-09-15T11:02:15.5842392Z -- create_table("dns_servers", {charset: "utf8mb3", collation: "utf8mb3_czech_ci", force: :cascade})
2026-09-15T11:02:15.5843114Z    -> 0.0028s
2026-09-15T11:02:15.5843731Z -- create_table("dns_tsig_keys", {charset: "utf8mb3", collation: "utf8mb3_czech_ci", force: :cascade})
2026-09-15T11:02:15.5844461Z    -> 0.0027s
2026-09-15T11:02:15.5845107Z -- create_table("dns_zone_transfers", {charset: "utf8mb3", collation: "utf8mb3_czech_ci", force: :cascade})
2026-09-15T11:02:15.5846031Z    -> 0.0039s
2026-09-15T11:02:15.5846626Z -- create_table("dns_zones", {charset: "utf8mb3", collation: "utf8mb3_czech_ci", force: :cascade})
2026-09-15T11:02:15.5847309Z    -> 0.0038s
2026-09-15T11:02:15.5847704Z -- create_table("dnssec_records", {charset: "utf8mb3", collation: "utf8mb3_czech_ci", force: :cascade})
2026-09-15T11:02:15.5848146Z    -> 0.0027s
2026-09-15T11:02:15.5848833Z -- create_table("environment_dataset_plans", {id: {type: :integer, unsigned: true}, charset: "utf8mb3", collation: "utf8mb3_czech_ci", force: :cascade})
2026-09-15T11:02:15.5849537Z    -> 0.0020s
2026-09-15T11:02:15.5850055Z -- create_table("environment_user_configs", {id: {type: :integer, unsigned: true}, charset: "utf8mb3", collation: "utf8mb3_czech_ci", force: :cascade})
2026-09-15T11:02:15.5850625Z    -> 0.0027s
2026-09-15T11:02:15.5851098Z -- create_table("environments", {id: {type: :integer, unsigned: true}, charset: "utf8mb3", collation: "utf8mb3_czech_ci", force: :cascade})
2026-09-15T11:02:15.5851681Z    -> 0.0024s
2026-09-15T11:02:15.5852281Z -- create_table("export_hosts", {id: {type: :integer, unsigned: true}, charset: "utf8mb3", collation: "utf8mb3_czech_ci", force: :cascade})
2026-09-15T11:02:15.5852809Z    -> 0.0025s
2026-09-15T11:02:15.5853301Z -- create_table("export_mounts", {charset: "utf8mb3", collation: "utf8mb3_czech_ci", force: :cascade})
2026-09-15T11:02:15.5853918Z    -> 0.0030s
2026-09-15T11:02:15.5854599Z -- create_table("exports", {id: {type: :integer, unsigned: true}, charset: "utf8mb3", collation: "utf8mb3_czech_ci", force: :cascade})
2026-09-15T11:02:15.5855139Z    -> 0.0033s
2026-09-15T11:02:15.5855807Z -- create_table("group_snapshots", {id: {type: :integer, unsigned: true}, charset: "utf8mb3", collation: "utf8mb3_czech_ci", force: :cascade})
2026-09-15T11:02:15.5856375Z    -> 0.0025s
2026-09-15T11:02:15.5856953Z -- create_table("host_ip_addresses", {id: {type: :integer, unsigned: true}, charset: "utf8mb3", collation: "utf8mb3_czech_ci", force: :cascade})
2026-09-15T11:02:15.5857599Z    -> 0.0032s
2026-09-15T11:02:15.5858181Z -- create_table("incident_reports", {charset: "utf8mb3", collation: "utf8mb3_czech_ci", force: :cascade})
2026-09-15T11:02:15.5858633Z    -> 0.0048s
2026-09-15T11:02:15.5859050Z -- create_table("ip_address_assignments", {charset: "utf8mb3", collation: "utf8mb3_czech_ci", force: :cascade})
2026-09-15T11:02:15.5859512Z    -> 0.0048s
2026-09-15T11:02:15.5860283Z -- create_table("ip_addresses", {id: {type: :integer, unsigned: true}, charset: "utf8mb3", collation: "utf8mb3_czech_ci", force: :cascade})
2026-09-15T11:02:15.5861027Z    -> 0.0041s
2026-09-15T11:02:15.5861691Z -- create_table("ip_traffic_monthly_summaries", {id: {type: :integer, unsigned: true}, charset: "utf8mb3", collation: "utf8mb3_czech_ci", force: :cascade})
2026-09-15T11:02:15.5862296Z    -> 0.0051s
2026-09-15T11:02:15.5862880Z -- create_table("languages", {id: {type: :integer, unsigned: true}, charset: "utf8mb3", collation: "utf8mb3_czech_ci", force: :cascade})
2026-09-15T11:02:15.5863573Z    -> 0.0026s
2026-09-15T11:02:15.5864082Z -- create_table("location_networks", {id: {type: :integer, unsigned: true}, charset: "utf8mb3", collation: "utf8mb3_czech_ci", force: :cascade})
2026-09-15T11:02:15.5864629Z    -> 0.0031s
2026-09-15T11:02:15.5865089Z -- create_table("locations", {id: {type: :integer, unsigned: true}, charset: "utf8mb3", collation: "utf8mb3_czech_ci", force: :cascade})
2026-09-15T11:02:15.5865908Z    -> 0.0022s
2026-09-15T11:02:15.5866366Z -- create_table("mail_logs", {id: {type: :integer, unsigned: true}, charset: "utf8mb3", collation: "utf8mb3_czech_ci", force: :cascade})
2026-09-15T11:02:15.5867000Z    -> 0.0029s
2026-09-15T11:02:15.5867630Z -- create_table("mail_recipients", {id: {type: :integer, unsigned: true}, charset: "utf8mb3", collation: "utf8mb3_czech_ci", force: :cascade})
2026-09-15T11:02:15.5868524Z    -> 0.0022s
2026-09-15T11:02:15.5869372Z -- create_table("mail_template_recipients", {id: {type: :integer, unsigned: true}, charset: "utf8mb3", collation: "utf8mb3_czech_ci", force: :cascade})
2026-09-15T11:02:15.5870334Z    -> 0.0024s
2026-09-15T11:02:15.5871220Z -- create_table("mail_template_translations", {id: {type: :integer, unsigned: true}, charset: "utf8mb3", collation: "utf8mb3_czech_ci", force: :cascade})
2026-09-15T11:02:15.5871813Z    -> 0.0027s
2026-09-15T11:02:15.5872414Z -- create_table("mail_templates", {id: {type: :integer, unsigned: true}, charset: "utf8mb3", collation: "utf8mb3_czech_ci", force: :cascade})
2026-09-15T11:02:15.5873066Z    -> 0.0027s
2026-09-15T11:02:15.5873527Z -- create_table("mailbox_handlers", {charset: "utf8mb3", collation: "utf8mb3_czech_ci", force: :cascade})
2026-09-15T11:02:15.5874040Z    -> 0.0028s
2026-09-15T11:02:15.5874415Z -- create_table("mailboxes", {charset: "utf8mb3", collation: "utf8mb3_czech_ci", force: :cascade})
2026-09-15T11:02:15.5874848Z    -> 0.0027s
2026-09-15T11:02:15.5875385Z -- create_table("maintenance_locks", {id: {type: :integer, unsigned: true}, charset: "utf8mb3", collation: "utf8mb3_czech_ci", force: :cascade})
2026-09-15T11:02:15.5876280Z    -> 0.0029s
2026-09-15T11:02:15.5876706Z -- create_table("metrics_access_tokens", {charset: "utf8mb3", collation: "utf8mb3_czech_ci", force: :cascade})
2026-09-15T11:02:15.5877382Z    -> 0.0031s
2026-09-15T11:02:15.5878175Z -- create_table("migration_plans", {id: {type: :integer, unsigned: true}, charset: "utf8mb3", collation: "utf8mb3_czech_ci", force: :cascade})
2026-09-15T11:02:15.7623144Z    -> 0.0026s
2026-09-15T11:02:15.7624301Z -- create_table("mirrors", {id: {type: :integer, unsigned: true}, charset: "utf8mb3", collation: "utf8mb3_czech_ci", force: :cascade})
2026-09-15T11:02:15.7625070Z    -> 0.0025s
2026-09-15T11:02:15.7626040Z -- create_table("mounts", {id: {type: :integer, unsigned: true}, charset: "utf8mb3", collation: "utf8mb3_czech_ci", force: :cascade})
2026-09-15T11:02:15.7626955Z    -> 0.0036s
2026-09-15T11:02:15.7628016Z -- create_table("network_interface_daily_accountings", {primary_key: ["network_interface_id", "user_id", "year", "month", "day"], charset: "utf8mb3", collation: "utf8mb3_czech_ci", force: :cascade})
2026-09-15T11:02:15.7629243Z    -> 0.0045s
2026-09-15T11:02:15.7630210Z -- create_table("network_interface_monitors", {primary_key: "network_interface_id", id: :bigint, default: nil, charset: "utf8mb3", collation: "utf8mb3_czech_ci", force: :cascade})
2026-09-15T11:02:15.7631353Z    -> 0.0024s
2026-09-15T11:02:15.7632085Z -- create_table("network_interface_monthly_accountings", {primary_key: ["network_interface_id", "user_id", "year", "month"], charset: "utf8mb3", collation: "utf8mb3_czech_ci", force: :cascade})
2026-09-15T11:02:15.7633015Z    -> 0.0035s
2026-09-15T11:02:15.7633629Z -- create_table("network_interface_yearly_accountings", {primary_key: ["network_interface_id", "user_id", "year"], charset: "utf8mb3", collation: "utf8mb3_czech_ci", force: :cascade})
2026-09-15T11:02:15.7634481Z    -> 0.0035s
2026-09-15T11:02:15.7635339Z -- create_table("network_interfaces", {id: {type: :integer, unsigned: true}, charset: "utf8mb3", collation: "utf8mb3_czech_ci", force: :cascade})
2026-09-15T11:02:15.7636495Z    -> 0.0037s
2026-09-15T11:02:15.7637280Z -- create_table("networks", {id: {type: :integer, unsigned: true}, charset: "utf8mb3", collation: "utf8mb3_czech_ci", force: :cascade})
2026-09-15T11:02:15.7637898Z    -> 0.0029s
2026-09-15T11:02:15.7638576Z -- create_table("node_current_statuses", {id: {type: :integer, unsigned: true}, charset: "utf8mb3", collation: "utf8mb3_czech_ci", force: :cascade})
2026-09-15T11:02:15.7639244Z    -> 0.0039s
2026-09-15T11:02:15.7639783Z -- create_table("node_ebpf_program_links", {charset: "utf8mb3", collation: "utf8mb3_bin", force: :cascade})
2026-09-15T11:02:15.7640457Z    -> 0.0028s
2026-09-15T11:02:15.7640890Z -- create_table("node_ebpf_program_objects", {charset: "utf8mb3", collation: "utf8mb3_bin", force: :cascade})
2026-09-15T11:02:15.7641420Z    -> 0.0025s
2026-09-15T11:02:15.7641910Z -- create_table("node_ebpf_programs", {charset: "utf8mb3", collation: "utf8mb3_bin", force: :cascade})
2026-09-15T11:02:15.7642364Z    -> 0.0030s
2026-09-15T11:02:15.7642812Z -- create_table("node_kernel_configuration_options", {charset: "utf8mb3", collation: "utf8mb3_bin", force: :cascade})
2026-09-15T11:02:15.7643307Z    -> 0.0029s
2026-09-15T11:02:15.7643721Z -- create_table("node_kernel_configurations", {charset: "utf8mb3", collation: "utf8mb3_bin", force: :cascade})
2026-09-15T11:02:15.7644297Z    -> 0.0024s
2026-09-15T11:02:15.7644901Z -- create_table("node_kernel_events", {charset: "utf8mb3", collation: "utf8mb3_czech_ci", force: :cascade})
2026-09-15T11:02:15.7645367Z    -> 0.0042s
2026-09-15T11:02:15.7646094Z -- create_table("node_kernel_evidence_checkpoints", {charset: "utf8mb3", collation: "utf8mb3_unicode_ci", force: :cascade})
2026-09-15T11:02:15.7646828Z    -> 0.0024s
2026-09-15T11:02:15.7647237Z -- create_table("node_kernel_evidence_errors", {charset: "utf8mb3", collation: "utf8mb3_bin", force: :cascade})
2026-09-15T11:02:15.7647825Z    -> 0.0024s
2026-09-15T11:02:15.7648413Z -- create_table("node_kernel_evidences", {charset: "utf8mb3", collation: "utf8mb3_bin", force: :cascade})
2026-09-15T11:02:15.7648866Z    -> 0.0035s
2026-09-15T11:02:15.7649288Z -- create_table("node_kernel_history_gaps", {charset: "utf8mb3", collation: "utf8mb3_czech_ci", force: :cascade})
2026-09-15T11:02:15.7649758Z    -> 0.0027s
2026-09-15T11:02:15.7650170Z -- create_table("node_kernel_history_states", {charset: "utf8mb3", collation: "utf8mb3_czech_ci", force: :cascade})
2026-09-15T11:02:15.7650667Z    -> 0.0026s
2026-09-15T11:02:15.7651261Z -- create_table("node_kernel_livepatch_patches", {charset: "utf8mb3", collation: "utf8mb3_bin", force: :cascade})
2026-09-15T11:02:15.7651824Z    -> 0.0026s
2026-09-15T11:02:15.7652263Z -- create_table("node_kernel_livepatches", {charset: "utf8mb3", collation: "utf8mb3_bin", force: :cascade})
2026-09-15T11:02:15.7652805Z    -> 0.0028s
2026-09-15T11:02:15.7653367Z -- create_table("node_kernel_modules", {charset: "utf8mb3", collation: "utf8mb3_bin", force: :cascade})
2026-09-15T11:02:15.7653874Z    -> 0.0032s
2026-09-15T11:02:15.7654327Z -- create_table("node_kernel_parameters", {charset: "utf8mb3", collation: "utf8mb3_bin", force: :cascade})
2026-09-15T11:02:15.7654901Z    -> 0.0030s
2026-09-15T11:02:15.7655290Z -- create_table("node_software_changes", {charset: "utf8mb3", collation: "utf8mb3_bin", force: :cascade})
2026-09-15T11:02:15.7655856Z    -> 0.0036s
2026-09-15T11:02:15.7656240Z -- create_table("node_software_versions", {charset: "utf8mb3", collation: "utf8mb3_bin", force: :cascade})
2026-09-15T11:02:15.7656856Z    -> 0.0035s
2026-09-15T11:02:15.7657351Z -- create_table("node_statuses", {id: {type: :integer, unsigned: true}, charset: "utf8mb3", collation: "utf8mb3_czech_ci", force: :cascade})
2026-09-15T11:02:15.7657897Z    -> 0.0031s
2026-09-15T11:02:15.7658280Z -- create_table("node_sysctl_changes", {charset: "utf8mb3", collation: "utf8mb3_bin", force: :cascade})
2026-09-15T11:02:15.7658972Z    -> 0.0027s
2026-09-15T11:02:15.7659503Z -- create_table("node_sysctls", {charset: "utf8mb3", collation: "utf8mb3_bin", force: :cascade})
2026-09-15T11:02:15.7660121Z    -> 0.0028s
2026-09-15T11:02:15.7660619Z -- create_table("node_system_history_states", {charset: "utf8mb3", collation: "utf8mb3_czech_ci", force: :cascade})
2026-09-15T11:02:15.7661394Z    -> 0.0028s
2026-09-15T11:02:15.7661822Z -- create_table("node_system_states", {charset: "utf8mb3", collation: "utf8mb3_czech_ci", force: :cascade})
2026-09-15T11:02:15.7662367Z    -> 0.0030s
2026-09-15T11:02:15.7663046Z -- create_table("node_transfer_connections", {charset: "utf8mb3", collation: "utf8mb3_czech_ci", force: :cascade})
2026-09-15T11:02:15.7663862Z    -> 0.0032s
2026-09-15T11:02:15.7664391Z -- create_table("nodes", {id: {type: :integer, unsigned: true}, charset: "utf8mb3", collation: "utf8mb3_czech_ci", force: :cascade})
2026-09-15T11:02:15.7664982Z    -> 0.0034s
2026-09-15T11:02:15.7665398Z -- create_table("oauth2_authorizations", {charset: "utf8mb3", collation: "utf8mb3_czech_ci", force: :cascade})
2026-09-15T11:02:15.7665992Z    -> 0.0047s
2026-09-15T11:02:15.7666367Z -- create_table("oauth2_clients", {charset: "utf8mb3", collation: "utf8mb3_czech_ci", force: :cascade})
2026-09-15T11:02:15.7666806Z    -> 0.0035s
2026-09-15T11:02:15.7667289Z -- create_table("object_histories", {id: {type: :integer, unsigned: true}, charset: "utf8mb3", collation: "utf8mb3_czech_ci", force: :cascade})
2026-09-15T11:02:15.7667842Z    -> 0.0031s
2026-09-15T11:02:15.7668320Z -- create_table("object_states", {id: {type: :integer, unsigned: true}, charset: "utf8mb3", collation: "utf8mb3_czech_ci", force: :cascade})
2026-09-15T11:02:15.7668844Z    -> 0.0026s
2026-09-15T11:02:15.7669236Z -- create_table("oom_preventions", {charset: "utf8mb3", collation: "utf8mb3_czech_ci", force: :cascade})
2026-09-15T11:02:15.7669797Z    -> 0.0028s
2026-09-15T11:02:15.7670304Z -- create_table("oom_report_counters", {charset: "utf8mb3", collation: "utf8mb3_czech_ci", force: :cascade})
2026-09-15T11:02:15.7670758Z    -> 0.0028s
2026-09-15T11:02:15.7671152Z -- create_table("oom_report_rules", {charset: "utf8mb3", collation: "utf8mb3_czech_ci", force: :cascade})
2026-09-15T11:02:15.7671608Z    -> 0.0026s
2026-09-15T11:02:15.7672190Z -- create_table("oom_report_stats", {id: {type: :integer, unsigned: true}, charset: "utf8mb3", collation: "utf8mb3_czech_ci", force: :cascade})
2026-09-15T11:02:15.7672835Z    -> 0.0023s
2026-09-15T11:02:15.7673432Z -- create_table("oom_report_tasks", {id: {type: :integer, unsigned: true}, charset: "utf8mb3", collation: "utf8mb3_czech_ci", force: :cascade})
2026-09-15T11:02:15.7674173Z    -> 0.0029s
2026-09-15T11:02:15.7674839Z -- create_table("oom_report_usages", {id: {type: :integer, unsigned: true}, charset: "utf8mb3", collation: "utf8mb3_czech_ci", force: :cascade})
2026-09-15T11:02:15.7675662Z    -> 0.0025s
2026-09-15T11:02:15.7676136Z -- create_table("oom_reports", {id: {type: :integer, unsigned: true}, charset: "utf8mb3", collation: "utf8mb3_czech_ci", force: :cascade})
2026-09-15T11:02:15.7676663Z    -> 0.0037s
2026-09-15T11:02:15.7677037Z -- create_table("os_families", {charset: "utf8mb3", collation: "utf8mb3_czech_ci", force: :cascade})
2026-09-15T11:02:15.7677472Z    -> 0.0020s
2026-09-15T11:02:15.7678059Z -- create_table("os_templates", {id: {type: :integer, unsigned: true}, charset: "utf8mb3", collation: "utf8mb3_czech_ci", force: :cascade})
2026-09-15T11:02:15.7678813Z    -> 0.0038s
2026-09-15T11:02:15.7679223Z -- create_table("password_change_logs", {charset: "utf8mb3", collation: "utf8mb3_czech_ci", force: :cascade})
2026-09-15T11:02:15.7680020Z    -> 0.0036s
2026-09-15T11:02:15.7680589Z -- create_table("password_event_counters", {charset: "utf8mb3", collation: "utf8mb3_czech_ci", force: :cascade})
2026-09-15T11:02:15.7681073Z    -> 0.0027s
2026-09-15T11:02:15.7681574Z -- create_table("password_recoveries", {charset: "utf8mb3", collation: "utf8mb3_czech_ci", force: :cascade})
2026-09-15T11:02:15.7682225Z    -> 0.0044s
2026-09-15T11:02:15.7682643Z -- create_table("password_recovery_requests", {charset: "utf8mb3", collation: "utf8mb3_czech_ci", force: :cascade})
2026-09-15T11:02:15.7683123Z    -> 0.0034s
2026-09-15T11:02:15.7683562Z -- create_table("password_recovery_submissions", {charset: "utf8mb3", collation: "utf8mb3_czech_ci", force: :cascade})
2026-09-15T11:02:15.7684053Z    -> 0.0038s
2026-09-15T11:02:15.7684498Z -- create_table("pools", {id: {type: :integer, unsigned: true}, charset: "utf8mb3", collation: "utf8mb3_czech_ci", force: :cascade})
2026-09-15T11:02:15.7685013Z    -> 0.0030s
2026-09-15T11:02:15.7685790Z -- create_table("port_reservations", {id: {type: :integer, unsigned: true}, charset: "utf8mb3", collation: "utf8mb3_czech_ci", force: :cascade})
2026-09-15T11:02:15.7686411Z    -> 0.0030s
2026-09-15T11:02:15.7687008Z -- create_table("repeatable_tasks", {id: {type: :integer, unsigned: true}, charset: "utf8mb3", collation: "utf8mb3_czech_ci", force: :cascade})
2026-09-15T11:02:15.7687691Z    -> 0.0022s
2026-09-15T11:02:15.7688268Z -- create_table("resource_locks", {id: {type: :integer, unsigned: true}, charset: "utf8mb3", collation: "utf8mb3_czech_ci", force: :cascade})
2026-09-15T11:02:15.7688910Z    -> 0.0029s
2026-09-15T11:02:15.7689307Z -- create_table("security_advisories", {charset: "utf8mb3", collation: "utf8mb3_czech_ci", force: :cascade})
2026-09-15T11:02:15.7689763Z    -> 0.0038s
2026-09-15T11:02:15.7690163Z -- create_table("security_advisory_cves", {charset: "utf8mb3", collation: "utf8mb3_czech_ci", force: :cascade})
2026-09-15T11:02:15.7690630Z    -> 0.0031s
2026-09-15T11:02:15.7691113Z -- create_table("security_advisory_node_status_translations", {charset: "utf8mb3", collation: "utf8mb3_czech_ci", force: :cascade})
2026-09-15T11:02:15.7691658Z    -> 0.0029s
2026-09-15T11:02:15.9917813Z -- create_table("security_advisory_node_statuses", {charset: "utf8mb3", collation: "utf8mb3_czech_ci", force: :cascade})
2026-09-15T11:02:15.9918693Z    -> 0.0033s
2026-09-15T11:02:15.9919201Z -- create_table("security_advisory_translations", {charset: "utf8mb3", collation: "utf8mb3_czech_ci", force: :cascade})
2026-09-15T11:02:15.9919765Z    -> 0.0033s
2026-09-15T11:02:15.9920251Z -- create_table("security_advisory_updates", {charset: "utf8mb3", collation: "utf8mb3_czech_ci", force: :cascade})
2026-09-15T11:02:15.9920774Z    -> 0.0034s
2026-09-15T11:02:15.9921208Z -- create_table("security_advisory_users", {charset: "utf8mb3", collation: "utf8mb3_czech_ci", force: :cascade})
2026-09-15T11:02:15.9921691Z    -> 0.0029s
2026-09-15T11:02:15.9922102Z -- create_table("security_advisory_vpses", {charset: "utf8mb3", collation: "utf8mb3_czech_ci", force: :cascade})
2026-09-15T11:02:15.9922605Z    -> 0.0038s
2026-09-15T11:02:15.9923257Z -- create_table("single_sign_ons", {charset: "utf8mb3", collation: "utf8mb3_czech_ci", force: :cascade})
2026-09-15T11:02:15.9923718Z    -> 0.0031s
2026-09-15T11:02:15.9924247Z -- create_table("snapshot_downloads", {id: {type: :integer, unsigned: true}, charset: "utf8mb3", collation: "utf8mb3_czech_ci", force: :cascade})
2026-09-15T11:02:15.9924839Z    -> 0.0030s
2026-09-15T11:02:15.9925369Z -- create_table("snapshot_in_pool_clones", {id: {type: :integer, unsigned: true}, charset: "utf8mb3", collation: "utf8mb3_czech_ci", force: :cascade})
2026-09-15T11:02:15.9926148Z    -> 0.0031s
2026-09-15T11:02:15.9926701Z -- create_table("snapshot_in_pool_in_branches", {id: {type: :integer, unsigned: true}, charset: "utf8mb3", collation: "utf8mb3_czech_ci", force: :cascade})
2026-09-15T11:02:15.9927323Z    -> 0.0028s
2026-09-15T11:02:15.9927821Z -- create_table("snapshot_in_pools", {id: {type: :integer, unsigned: true}, charset: "utf8mb3", collation: "utf8mb3_czech_ci", force: :cascade})
2026-09-15T11:02:15.9928573Z    -> 0.0032s
2026-09-15T11:02:15.9929045Z -- create_table("snapshots", {id: {type: :integer, unsigned: true}, charset: "utf8mb3", collation: "utf8mb3_czech_ci", force: :cascade})
2026-09-15T11:02:15.9929571Z    -> 0.0029s
2026-09-15T11:02:15.9930031Z -- create_table("sysconfig", {id: {type: :integer, unsigned: true}, charset: "utf8mb3", collation: "utf8mb3_czech_ci", force: :cascade})
2026-09-15T11:02:15.9930586Z    -> 0.0192s
2026-09-15T11:02:15.9931059Z -- create_table("tokens", {id: {type: :integer, unsigned: true}, charset: "utf8mb3", collation: "utf8mb3_czech_ci", force: :cascade})
2026-09-15T11:02:15.9931591Z    -> 0.0031s
2026-09-15T11:02:15.9932129Z -- create_table("transaction_chain_concerns", {id: {type: :integer, unsigned: true}, charset: "utf8mb3", collation: "utf8mb3_czech_ci", force: :cascade})
2026-09-15T11:02:15.9932717Z    -> 0.0035s
2026-09-15T11:02:15.9933221Z -- create_table("transaction_chains", {id: {type: :integer, unsigned: true}, charset: "utf8mb3", collation: "utf8mb3_czech_ci", force: :cascade})
2026-09-15T11:02:15.9933777Z    -> 0.0042s
2026-09-15T11:02:15.9934353Z -- create_table("transaction_confirmations", {id: {type: :integer, unsigned: true}, charset: "utf8mb3", collation: "utf8mb3_czech_ci", force: :cascade})
2026-09-15T11:02:15.9934930Z    -> 0.0029s
2026-09-15T11:02:15.9935405Z -- create_table("transactions", {id: {type: :integer, unsigned: true}, charset: "utf8mb3", collation: "utf8mb3_czech_ci", force: :cascade})
2026-09-15T11:02:15.9936097Z    -> 0.0044s
2026-09-15T11:02:15.9936573Z -- create_table("user_agents", {id: {type: :integer, unsigned: true}, charset: "utf8mb3", collation: "utf8mb3_czech_ci", force: :cascade})
2026-09-15T11:02:15.9937098Z    -> 0.0024s
2026-09-15T11:02:15.9937638Z -- create_table("user_cluster_resource_packages", {id: {type: :integer, unsigned: true}, charset: "utf8mb3", collation: "utf8mb3_czech_ci", force: :cascade})
2026-09-15T11:02:15.9938235Z    -> 0.0037s
2026-09-15T11:02:15.9938740Z -- create_table("user_cluster_resources", {id: {type: :integer, unsigned: true}, charset: "utf8mb3", collation: "utf8mb3_czech_ci", force: :cascade})
2026-09-15T11:02:15.9939304Z    -> 0.0034s
2026-09-15T11:02:15.9939681Z -- create_table("user_devices", {charset: "utf8mb3", collation: "utf8mb3_czech_ci", force: :cascade})
2026-09-15T11:02:15.9940116Z    -> 0.0043s
2026-09-15T11:02:15.9940609Z -- create_table("user_failed_logins", {id: {type: :integer, unsigned: true}, charset: "utf8mb3", collation: "utf8mb3_czech_ci", force: :cascade})
2026-09-15T11:02:15.9941206Z    -> 0.0039s
2026-09-15T11:02:15.9941876Z -- create_table("user_mail_role_recipients", {id: {type: :integer, unsigned: true}, charset: "utf8mb3", collation: "utf8mb3_czech_ci", force: :cascade})
2026-09-15T11:02:15.9942444Z    -> 0.0028s
2026-09-15T11:02:15.9942973Z -- create_table("user_mail_template_recipients", {id: {type: :integer, unsigned: true}, charset: "utf8mb3", collation: "utf8mb3_czech_ci", force: :cascade})
2026-09-15T11:02:15.9943698Z    -> 0.0028s
2026-09-15T11:02:15.9944686Z -- create_table("user_namespace_blocks", {id: {type: :integer, unsigned: true}, charset: "utf8mb3", collation: "utf8mb3_czech_ci", force: :cascade})
2026-09-15T11:02:15.9945573Z    -> 0.0033s
2026-09-15T11:02:15.9946095Z -- create_table("user_namespace_map_entries", {id: {type: :integer, unsigned: true}, charset: "utf8mb3", collation: "utf8mb3_czech_ci", force: :cascade})
2026-09-15T11:02:15.9946691Z    -> 0.0026s
2026-09-15T11:02:15.9947189Z -- create_table("user_namespace_maps", {id: {type: :integer, unsigned: true}, charset: "utf8mb3", collation: "utf8mb3_czech_ci", force: :cascade})
2026-09-15T11:02:15.9947747Z    -> 0.0025s
2026-09-15T11:02:15.9948229Z -- create_table("user_namespaces", {id: {type: :integer, unsigned: true}, charset: "utf8mb3", collation: "utf8mb3_czech_ci", force: :cascade})
2026-09-15T11:02:15.9948767Z    -> 0.0033s
2026-09-15T11:02:15.9949540Z -- create_table("user_public_keys", {id: {type: :integer, unsigned: true}, charset: "utf8mb3", collation: "utf8mb3_czech_ci", force: :cascade})
2026-09-15T11:02:15.9950084Z    -> 0.0028s
2026-09-15T11:02:15.9950560Z -- create_table("user_sessions", {id: {type: :integer, unsigned: true}, charset: "utf8mb3", collation: "utf8mb3_czech_ci", force: :cascade})
2026-09-15T11:02:15.9951210Z    -> 0.0042s
2026-09-15T11:02:15.9951689Z -- create_table("user_totp_devices", {id: {type: :integer, unsigned: true}, charset: "utf8mb3", collation: "utf8mb3_czech_ci", force: :cascade})
2026-09-15T11:02:15.9952230Z    -> 0.0050s
2026-09-15T11:02:15.9952675Z -- create_table("users", {id: {type: :integer, unsigned: true}, charset: "utf8mb3", collation: "utf8mb3_czech_ci", force: :cascade})
2026-09-15T11:02:15.9953183Z    -> 0.0039s
2026-09-15T11:02:15.9953538Z -- create_table("uuids", {charset: "utf8mb3", collation: "utf8mb3_czech_ci", force: :cascade})
2026-09-15T11:02:15.9953956Z    -> 0.0028s
2026-09-15T11:02:15.9954439Z -- create_table("versions", {id: {type: :integer, unsigned: true}, charset: "utf8mb3", collation: "utf8mb3_czech_ci", force: :cascade})
2026-09-15T11:02:15.9955081Z    -> 0.0030s
2026-09-15T11:02:15.9955735Z -- create_table("vps_consoles", {id: {type: :integer, unsigned: true}, charset: "utf8mb3", collation: "utf8mb3_czech_ci", force: :cascade})
2026-09-15T11:02:15.9956274Z    -> 0.0030s
2026-09-15T11:02:15.9956771Z -- create_table("vps_current_statuses", {id: {type: :integer, unsigned: true}, charset: "utf8mb3", collation: "utf8mb3_czech_ci", force: :cascade})
2026-09-15T11:02:15.9957332Z    -> 0.0034s
2026-09-15T11:02:15.9957790Z -- create_table("vps_features", {id: {type: :integer, unsigned: true}, charset: "utf8mb3", collation: "utf8mb3_czech_ci", force: :cascade})
2026-09-15T11:02:15.9958445Z    -> 0.0029s
2026-09-15T11:02:15.9959129Z -- create_table("vps_maintenance_windows", {id: {type: :integer, unsigned: true}, charset: "utf8mb3", collation: "utf8mb3_czech_ci", force: :cascade})
2026-09-15T11:02:15.9959723Z    -> 0.0027s
2026-09-15T11:02:15.9960209Z -- create_table("vps_migrations", {id: {type: :integer, unsigned: true}, charset: "utf8mb3", collation: "utf8mb3_czech_ci", force: :cascade})
2026-09-15T11:02:15.9960741Z    -> 0.0037s
2026-09-15T11:02:15.9961218Z -- create_table("vps_os_processes", {primary_key: ["vps_id", "state"], charset: "utf8mb3", collation: "utf8mb3_czech_ci", force: :cascade})
2026-09-15T11:02:15.9961735Z    -> 0.0035s
2026-09-15T11:02:15.9962120Z -- create_table("vps_ssh_host_keys", {charset: "utf8mb3", collation: "utf8mb3_czech_ci", force: :cascade})
2026-09-15T11:02:15.9962572Z    -> 0.0035s
2026-09-15T11:02:15.9963030Z -- create_table("vps_statuses", {id: {type: :integer, unsigned: true}, charset: "utf8mb3", collation: "utf8mb3_czech_ci", force: :cascade})
2026-09-15T11:02:15.9963556Z    -> 0.0036s
2026-09-15T11:02:15.9963930Z -- create_table("vps_user_data", {charset: "utf8mb3", collation: "utf8mb3_czech_ci", force: :cascade})
2026-09-15T11:02:15.9964358Z    -> 0.0032s
2026-09-15T11:02:15.9964964Z -- create_table("vpses", {id: {type: :integer, unsigned: true}, charset: "utf8mb3", collation: "utf8mb3_czech_ci", force: :cascade})
2026-09-15T11:02:15.9965624Z    -> 0.0065s
2026-09-15T11:02:15.9966044Z -- create_table("webauthn_challenges", {charset: "utf8mb3", collation: "utf8mb3_czech_ci", force: :cascade})
2026-09-15T11:02:15.9966503Z    -> 0.0038s
2026-09-15T11:02:15.9966996Z -- create_table("webauthn_credentials", {charset: "utf8mb3", collation: "utf8mb3_czech_ci", force: :cascade})
2026-09-15T11:02:15.9967480Z    -> 0.0044s
2026-09-15T11:02:15.9967850Z -- add_foreign_key("node_current_statuses", "node_kernel_evidences", {on_delete: :nullify})
2026-09-15T11:02:15.9968278Z    -> 0.0057s
2026-09-15T11:02:15.9968631Z -- add_foreign_key("node_ebpf_program_links", "node_ebpf_programs", {on_delete: :cascade})
2026-09-15T11:02:15.9969044Z    -> 0.0052s
2026-09-15T11:02:15.9969402Z -- add_foreign_key("node_ebpf_program_objects", "node_ebpf_programs", {on_delete: :cascade})
2026-09-15T11:02:15.9969973Z    -> 0.0036s
2026-09-15T11:02:15.9970433Z -- add_foreign_key("node_ebpf_programs", "node_kernel_evidences", {on_delete: :cascade})
2026-09-15T11:02:15.9970847Z    -> 0.0040s
2026-09-15T11:02:15.9971266Z -- add_foreign_key("node_kernel_configuration_options", "node_kernel_configurations", {on_delete: :cascade})
2026-09-15T11:02:15.9971740Z    -> 0.0040s
2026-09-15T11:02:15.9972074Z -- add_foreign_key("node_kernel_events", "node_kernel_evidences", {on_delete: :nullify})
2026-09-15T11:02:15.9972466Z    -> 0.0053s
2026-09-15T11:02:15.9972805Z -- add_foreign_key("node_kernel_evidence_checkpoints", "nodes", {on_delete: :cascade})
2026-09-15T11:02:15.9973203Z    -> 0.0032s
2026-09-15T11:02:15.9973578Z -- add_foreign_key("node_kernel_evidence_errors", "node_kernel_evidences", {on_delete: :cascade})
2026-09-15T11:02:15.9974010Z    -> 0.0036s
2026-09-15T11:02:15.9974384Z -- add_foreign_key("node_kernel_history_gaps", "node_kernel_history_states", {on_delete: :cascade})
2026-09-15T11:02:15.9975101Z    -> 0.0037s
2026-09-15T11:02:15.9975869Z -- add_foreign_key("node_kernel_livepatch_patches", "node_kernel_livepatches", {on_delete: :cascade})
2026-09-15T11:02:15.9976587Z    -> 0.0039s
2026-09-15T11:02:15.9977132Z -- add_foreign_key("node_kernel_livepatches", "node_kernel_evidences", {on_delete: :cascade})
2026-09-15T11:02:15.9977776Z    -> 0.0039s
2026-09-15T11:02:15.9978298Z -- add_foreign_key("node_kernel_modules", "node_kernel_evidences", {on_delete: :cascade})
2026-09-15T11:02:15.9978958Z    -> 0.0039s
2026-09-15T11:02:15.9979323Z -- add_foreign_key("node_kernel_parameters", "node_kernel_evidences", {on_delete: :cascade})
2026-09-15T11:02:15.9979739Z    -> 0.0037s
2026-09-15T11:02:19.2280466Z -- add_foreign_key("node_software_changes", "node_kernel_events", {on_delete: :cascade})
2026-09-15T11:02:19.2280984Z    -> 0.0059s
2026-09-15T11:02:19.2281392Z -- add_foreign_key("node_software_versions", "node_kernel_evidences", {on_delete: :cascade})
2026-09-15T11:02:19.2281841Z    -> 0.0039s
2026-09-15T11:02:19.2282236Z -- add_foreign_key("node_sysctl_changes", "node_kernel_events", {on_delete: :cascade})
2026-09-15T11:02:19.2282707Z    -> 0.0041s
2026-09-15T11:02:19.2283107Z -- add_foreign_key("node_sysctls", "node_kernel_evidences", {on_delete: :cascade})
2026-09-15T11:02:19.2283498Z    -> 0.0041s
2026-09-15T11:02:19.2283723Z Run options: exclude {generator: true}
2026-09-15T11:02:19.2283931Z 
2026-09-15T11:02:19.2284041Z Randomized with seed 64129
2026-09-15T11:02:19.2284405Z == 20170201093720 Setup: migrating ============================================
2026-09-15T11:02:19.2284898Z -- create_table(:help_boxes, {options: "ENGINE=InnoDB", id: :integer})
2026-09-15T11:02:19.2285268Z    -> 0.0023s
2026-09-15T11:02:19.2285815Z -- add_index(:help_boxes, :page, {name: "index_help_boxes_on_page"})
2026-09-15T11:02:19.2286184Z    -> 0.0024s
2026-09-15T11:02:19.2286491Z -- add_index(:help_boxes, :action, {name: "index_help_boxes_on_action"})
2026-09-15T11:02:19.2286910Z    -> 0.0024s
2026-09-15T11:02:19.2287270Z -- add_index(:help_boxes, [:page, :action], {name: "index_help_boxes_on_page_and_action"})
2026-09-15T11:02:19.2287870Z    -> 0.0023s
2026-09-15T11:02:19.2288607Z == 20170201093720 Setup: migrated (0.0096s) ===================================
2026-09-15T11:02:19.2289084Z 
2026-09-15T11:02:19.2289411Z == 20260607190000 AddWebuiUserSettings: migrating =============================
2026-09-15T11:02:19.2289843Z -- create_table(:webui_user_settings)
2026-09-15T11:02:19.2307008Z    -> 0.0018s
2026-09-15T11:02:19.2307644Z -- add_index(:webui_user_settings, [:user_id, :namespace, :key], {unique: true, name: "index_webui_user_settings_unique_key"})
2026-09-15T11:02:19.2330066Z    -> 0.0023s
2026-09-15T11:02:19.2330647Z -- add_index(:webui_user_settings, [:user_id, :namespace], {name: "index_webui_user_settings_on_user_namespace"})
2026-09-15T11:02:19.2356902Z    -> 0.0027s
2026-09-15T11:02:19.2357347Z == 20260607190000 AddWebuiUserSettings: migrated (0.0069s) ====================
2026-09-15T11:02:19.2357687Z 
2026-09-15T11:02:19.2368806Z == 20260706211000 LocalizeWebuiSysconfig: migrating ===========================
2026-09-15T11:02:19.2431432Z == 20260706211000 LocalizeWebuiSysconfig: migrated (0.0062s) ==================
2026-09-15T11:02:19.2431790Z 
2026-09-15T11:02:19.2480588Z == 20170408184500 Setup: migrating ============================================
2026-09-15T11:02:19.2481173Z -- create_table(:monitored_events, {options: "ENGINE=InnoDB", id: :integer})
2026-09-15T11:02:19.2504256Z    -> 0.0023s
2026-09-15T11:02:19.2504927Z -- add_index(:monitored_events, :monitor_name, {name: "index_monitored_events_on_monitor_name"})
2026-09-15T11:02:19.2529289Z    -> 0.0025s
2026-09-15T11:02:19.2529804Z -- add_index(:monitored_events, :class_name, {name: "index_monitored_events_on_class_name"})
2026-09-15T11:02:19.2555305Z    -> 0.0025s
2026-09-15T11:02:19.2556083Z -- add_index(:monitored_events, :row_id, {name: "index_monitored_events_on_row_id"})
2026-09-15T11:02:19.2581244Z    -> 0.0026s
2026-09-15T11:02:19.2581698Z -- add_index(:monitored_events, :state, {name: "index_monitored_events_on_state"})
2026-09-15T11:02:19.2608086Z    -> 0.0026s
2026-09-15T11:02:19.2608700Z -- add_index(:monitored_events, :user_id, {name: "index_monitored_events_on_user_id"})
2026-09-15T11:02:19.2634182Z    -> 0.0026s
2026-09-15T11:02:19.2634725Z -- create_table(:monitored_event_states, {options: "ENGINE=InnoDB", id: :integer})
2026-09-15T11:02:19.2655271Z    -> 0.0020s
2026-09-15T11:02:19.2656054Z -- add_index(:monitored_event_states, :monitored_event_id, {name: "index_monitored_event_states_on_monitored_event_id"})
2026-09-15T11:02:19.2679655Z    -> 0.0024s
2026-09-15T11:02:19.2680251Z -- create_table(:monitored_event_logs, {options: "ENGINE=InnoDB", id: :integer})
2026-09-15T11:02:19.2698125Z    -> 0.0018s
2026-09-15T11:02:19.2698723Z -- add_index(:monitored_event_logs, :monitored_event_id, {name: "index_monitored_event_logs_on_monitored_event_id"})
2026-09-15T11:02:19.2722163Z    -> 0.0024s
2026-09-15T11:02:19.2722810Z -- add_index(:monitored_event_logs, :passed, {name: "index_monitored_event_logs_on_passed"})
2026-09-15T11:02:19.2746536Z    -> 0.0024s
2026-09-15T11:02:19.2747051Z == 20170408184500 Setup: migrated (0.0266s) ===================================
2026-09-15T11:02:19.2747500Z 
2026-09-15T11:02:19.2755051Z == 20230123085900 AddMonitoredEventActionState: migrating =====================
2026-09-15T11:02:19.2755978Z -- add_column(:monitored_events, :action_state, :text, {null: true})
2026-09-15T11:02:19.2780051Z    -> 0.0025s
2026-09-15T11:02:19.2780537Z == 20230123085900 AddMonitoredEventActionState: migrated (0.0025s) ============
2026-09-15T11:02:19.2780880Z 
2026-09-15T11:02:19.2786690Z == 20231105124400 AddMonitoredEventAlertCount: migrating ======================
2026-09-15T11:02:19.2787733Z -- add_column(:monitored_events, :alert_count, :integer, {null: false, default: 0})
2026-09-15T11:02:19.2808928Z    -> 0.0022s
2026-09-15T11:02:19.2809406Z == 20231105124400 AddMonitoredEventAlertCount: migrated (0.0023s) =============
2026-09-15T11:02:19.2809768Z 
2026-09-15T11:02:19.2860760Z == 20170122083340 Setup: migrating ============================================
2026-09-15T11:02:19.2861888Z -- create_table(:user_requests, {options: "ENGINE=InnoDB", id: :integer})
2026-09-15T11:02:19.2886731Z    -> 0.0025s
2026-09-15T11:02:19.2887216Z -- add_index(:user_requests, :user_id, {name: "index_user_requests_on_user_id"})
2026-09-15T11:02:19.2911272Z    -> 0.0024s
2026-09-15T11:02:19.2911686Z -- add_index(:user_requests, :type, {name: "index_user_requests_on_type"})
2026-09-15T11:02:19.2934501Z    -> 0.0023s
2026-09-15T11:02:19.2934936Z -- add_index(:user_requests, :state, {name: "index_user_requests_on_state"})
2026-09-15T11:02:19.2959269Z    -> 0.0024s
2026-09-15T11:02:19.2959707Z -- add_index(:user_requests, :admin_id, {name: "index_user_requests_on_admin_id"})
2026-09-15T11:02:19.2984958Z    -> 0.0025s
2026-09-15T11:02:19.2985264Z -- table_exists?(:members_changes)
2026-09-15T11:02:19.2992169Z    -> 0.0007s
2026-09-15T11:02:19.2992623Z == 20170122083340 Setup: migrated (0.0132s) ===================================
2026-09-15T11:02:19.2993233Z 
2026-09-15T11:02:19.2999815Z == 20170908165000 AddAccessToken: migrating ===================================
2026-09-15T11:02:19.3000401Z -- add_column(:user_requests, :access_token, :string, {null: true, limit: 40})
2026-09-15T11:02:19.3021402Z    -> 0.0021s
2026-09-15T11:02:19.3021868Z == 20170908165000 AddAccessToken: migrated (0.0022s) ==========================
2026-09-15T11:02:19.3022198Z 
2026-09-15T11:02:19.3031173Z == 20201126142500 AddIpMailChecks: migrating ==================================
2026-09-15T11:02:19.3031735Z -- add_column(:user_requests, :ip_checked, :boolean, {null: true})
2026-09-15T11:02:19.3051009Z    -> 0.0019s
2026-09-15T11:02:19.3051452Z -- add_column(:user_requests, :ip_request_id, :string, {limit: 50, null: true})
2026-09-15T11:02:19.3073056Z    -> 0.0022s
2026-09-15T11:02:19.3073454Z -- add_column(:user_requests, :ip_success, :boolean, {null: true})
2026-09-15T11:02:19.3094003Z    -> 0.0021s
2026-09-15T11:02:19.3094579Z -- add_column(:user_requests, :ip_message, :string, {limit: 255, null: true})
2026-09-15T11:02:19.3117244Z    -> 0.0023s
2026-09-15T11:02:19.3117758Z -- add_column(:user_requests, :ip_errors, :text, {null: true})
2026-09-15T11:02:19.3139266Z    -> 0.0022s
2026-09-15T11:02:19.3139783Z -- add_column(:user_requests, :ip_proxy, :boolean, {null: true})
2026-09-15T11:02:19.3160573Z    -> 0.0021s
2026-09-15T11:02:19.3161089Z -- add_column(:user_requests, :ip_crawler, :boolean, {null: true})
2026-09-15T11:02:19.3181772Z    -> 0.0021s
2026-09-15T11:02:19.3203279Z -- add_column(:user_requests, :ip_recent_abuse, :boolean, {null: true})
2026-09-15T11:02:19.3203896Z    -> 0.0021s
2026-09-15T11:02:19.3204282Z -- add_column(:user_requests, :ip_vpn, :boolean, {null: true})
2026-09-15T11:02:19.3224277Z    -> 0.0021s
2026-09-15T11:02:19.3224775Z -- add_column(:user_requests, :ip_tor, :boolean, {null: true})
2026-09-15T11:02:19.3321457Z    -> 0.0096s
2026-09-15T11:02:19.3321987Z -- add_column(:user_requests, :ip_fraud_score, :integer, {null: true})
2026-09-15T11:02:19.3343762Z    -> 0.0022s
2026-09-15T11:02:19.3344288Z -- add_column(:user_requests, :mail_checked, :boolean, {null: true})
2026-09-15T11:02:19.3366169Z    -> 0.0022s
2026-09-15T11:02:19.3366744Z -- add_column(:user_requests, :mail_request_id, :string, {limit: 50, null: true})
2026-09-15T11:02:19.3389254Z    -> 0.0023s
2026-09-15T11:02:19.3389771Z -- add_column(:user_requests, :mail_success, :boolean, {null: true})
2026-09-15T11:02:19.3412004Z    -> 0.0022s
2026-09-15T11:02:19.3412564Z -- add_column(:user_requests, :mail_message, :string, {limit: 255, null: true})
2026-09-15T11:02:19.3433196Z    -> 0.0021s
2026-09-15T11:02:19.3433679Z -- add_column(:user_requests, :mail_errors, :text, {null: true})
2026-09-15T11:02:19.3453927Z    -> 0.0020s
2026-09-15T11:02:19.3454404Z -- add_column(:user_requests, :mail_valid, :boolean, {null: true})
2026-09-15T11:02:19.3480543Z    -> 0.0026s
2026-09-15T11:02:19.3481037Z -- add_column(:user_requests, :mail_disposable, :boolean, {null: true})
2026-09-15T11:02:19.3502390Z    -> 0.0021s
2026-09-15T11:02:19.3503095Z -- add_column(:user_requests, :mail_timed_out, :boolean, {null: true})
2026-09-15T11:02:19.3637070Z    -> 0.0134s
2026-09-15T11:02:19.3637658Z -- add_column(:user_requests, :mail_deliverability, :string, {limit: 20, null: true})
2026-09-15T11:02:19.3660769Z    -> 0.0023s
2026-09-15T11:02:19.3661286Z -- add_column(:user_requests, :mail_catch_all, :boolean, {null: true})
2026-09-15T11:02:19.3683890Z    -> 0.0023s
2026-09-15T11:02:19.3684376Z -- add_column(:user_requests, :mail_leaked, :boolean, {null: true})
2026-09-15T11:02:19.3706645Z    -> 0.0022s
2026-09-15T11:02:19.3707153Z -- add_column(:user_requests, :mail_suspect, :boolean, {null: true})
2026-09-15T11:02:19.3728540Z    -> 0.0021s
2026-09-15T11:02:19.3729048Z -- add_column(:user_requests, :mail_smtp_score, :integer, {null: true})
2026-09-15T11:02:19.3752877Z    -> 0.0024s
2026-09-15T11:02:19.3753413Z -- add_column(:user_requests, :mail_overall_score, :integer, {null: true})
2026-09-15T11:02:19.3776112Z    -> 0.0023s
2026-09-15T11:02:19.3776519Z -- add_column(:user_requests, :mail_fraud_score, :integer, {null: true})
2026-09-15T11:02:19.3798245Z    -> 0.0022s
2026-09-15T11:02:19.3798613Z -- add_column(:user_requests, :mail_dns_valid, :boolean, {null: true})
2026-09-15T11:02:19.3819212Z    -> 0.0021s
2026-09-15T11:02:19.3819571Z -- add_column(:user_requests, :mail_honeypot, :boolean, {null: true})
2026-09-15T11:02:19.3841398Z    -> 0.0022s
2026-09-15T11:02:19.3841843Z -- add_column(:user_requests, :mail_spam_trap_score, :string, {limit: 20, null: true})
2026-09-15T11:02:19.3863189Z    -> 0.0021s
2026-09-15T11:02:19.3884794Z -- add_column(:user_requests, :mail_recent_abuse, :boolean, {null: true})
2026-09-15T11:02:19.3885211Z    -> 0.0021s
2026-09-15T11:02:19.3885922Z -- add_column(:user_requests, :mail_frequent_complainer, :boolean, {null: true})
2026-09-15T11:02:19.3907078Z    -> 0.0022s
2026-09-15T11:02:19.3907514Z == 20201126142500 AddIpMailChecks: migrated (0.0876s) =========================
2026-09-15T11:02:19.3907867Z 
2026-09-15T11:02:19.3915351Z == 20260606223100 AddUserRequestsTimeZone: migrating ==========================
2026-09-15T11:02:19.3916257Z -- add_column(:user_requests, :time_zone, :string, {null: true})
2026-09-15T11:02:19.3939946Z    -> 0.0024s
2026-09-15T11:02:19.3940334Z == 20260606223100 AddUserRequestsTimeZone: migrated (0.0025s) =================
2026-09-15T11:02:19.3940671Z 
2026-09-15T11:02:19.4001148Z == 20170223191015 Setup: migrating ============================================
2026-09-15T11:02:19.4001690Z -- create_table(:outages, {options: "ENGINE=InnoDB", id: :integer})
2026-09-15T11:02:19.4023957Z    -> 0.0022s
2026-09-15T11:02:19.4024348Z -- add_index(:outages, :state, {name: "index_outages_on_state"})
2026-09-15T11:02:19.4046606Z    -> 0.0022s
2026-09-15T11:02:19.4047204Z -- add_index(:outages, :outage_type, {name: "index_outages_on_outage_type"})
2026-09-15T11:02:19.4070916Z    -> 0.0024s
2026-09-15T11:02:19.4071306Z -- add_index(:outages, :planned, {name: "index_outages_on_planned"})
2026-09-15T11:02:19.4096277Z    -> 0.0025s
2026-09-15T11:02:19.4096711Z -- create_table(:outage_entities, {options: "ENGINE=InnoDB", id: :integer})
2026-09-15T11:02:19.4114475Z    -> 0.0018s
2026-09-15T11:02:19.4114896Z -- add_index(:outage_entities, :outage_id, {name: "index_outage_entities_on_outage_id"})
2026-09-15T11:02:19.4138732Z    -> 0.0024s
2026-09-15T11:02:19.4139107Z -- add_index(:outage_entities, :name, {name: "index_outage_entities_on_name"})
2026-09-15T11:02:19.4161360Z    -> 0.0022s
2026-09-15T11:02:19.4161743Z -- add_index(:outage_entities, :row_id, {name: "index_outage_entities_on_row_id"})
2026-09-15T11:02:19.4186307Z    -> 0.0024s
2026-09-15T11:02:19.4186879Z -- add_index(:outage_entities, [:outage_id, :name, :row_id], {unique: true, name: "index_outage_entities_on_outage_id_and_name_and_row_id"})
2026-09-15T11:02:19.4214568Z    -> 0.0028s
2026-09-15T11:02:19.4214983Z -- create_table(:outage_handlers, {options: "ENGINE=InnoDB", id: :integer})
2026-09-15T11:02:19.4231926Z    -> 0.0017s
2026-09-15T11:02:19.4232604Z -- add_index(:outage_handlers, :outage_id, {name: "index_outage_handlers_on_outage_id"})
2026-09-15T11:02:19.4256361Z    -> 0.0024s
2026-09-15T11:02:19.4256743Z -- add_index(:outage_handlers, :user_id, {name: "index_outage_handlers_on_user_id"})
2026-09-15T11:02:19.4279980Z    -> 0.0023s
2026-09-15T11:02:19.4280501Z -- add_index(:outage_handlers, [:outage_id, :user_id], {unique: true, name: "index_outage_handlers_on_outage_id_and_user_id"})
2026-09-15T11:02:19.4305577Z    -> 0.0025s
2026-09-15T11:02:19.4305944Z -- create_table(:outage_updates, {options: "ENGINE=InnoDB", id: :integer})
2026-09-15T11:02:19.4325097Z    -> 0.0019s
2026-09-15T11:02:19.4325676Z -- add_index(:outage_updates, :outage_id, {name: "index_outage_updates_on_outage_id"})
2026-09-15T11:02:19.4348024Z    -> 0.0023s
2026-09-15T11:02:19.4348477Z -- add_index(:outage_updates, :reported_by_id, {name: "index_outage_updates_on_reported_by_id"})
2026-09-15T11:02:19.4373351Z    -> 0.0025s
2026-09-15T11:02:19.4373737Z -- add_index(:outage_updates, :state, {name: "index_outage_updates_on_state"})
2026-09-15T11:02:19.4396966Z    -> 0.0023s
2026-09-15T11:02:19.4397399Z -- add_index(:outage_updates, :outage_type, {name: "index_outage_updates_on_outage_type"})
2026-09-15T11:02:19.4426025Z    -> 0.0029s
2026-09-15T11:02:19.4426419Z -- create_table(:outage_translations, {options: "ENGINE=InnoDB", id: :integer})
2026-09-15T11:02:19.4443574Z    -> 0.0017s
2026-09-15T11:02:19.4444029Z -- add_index(:outage_translations, :outage_id, {name: "index_outage_translations_on_outage_id"})
2026-09-15T11:02:19.4466293Z    -> 0.0022s
2026-09-15T11:02:19.4492824Z -- add_index(:outage_translations, :outage_update_id, {name: "index_outage_translations_on_outage_update_id"})
2026-09-15T11:02:19.4493364Z    -> 0.0026s
2026-09-15T11:02:19.4494049Z -- add_index(:outage_translations, :language_id, {name: "index_outage_translations_on_language_id"})
2026-09-15T11:02:19.4517566Z    -> 0.0025s
2026-09-15T11:02:19.4518195Z -- add_index(:outage_translations, [:outage_id, :language_id], {unique: true, name: "index_outage_translations_on_outage_id_and_language_id"})
2026-09-15T11:02:19.4542442Z    -> 0.0024s
2026-09-15T11:02:19.4543090Z -- add_index(:outage_translations, [:outage_update_id, :language_id], {unique: true, name: "index_outage_translations_on_outage_update_id_and_language_id"})
2026-09-15T11:02:19.4567020Z    -> 0.0024s
2026-09-15T11:02:19.4567392Z -- create_table(:outage_vpses, {options: "ENGINE=InnoDB", id: :integer})
2026-09-15T11:02:19.4582423Z    -> 0.0015s
2026-09-15T11:02:19.4582928Z -- add_index(:outage_vpses, [:outage_id, :vps_id], {unique: true, name: "index_outage_vpses_on_outage_id_and_vps_id"})
2026-09-15T11:02:19.4609124Z    -> 0.0026s
2026-09-15T11:02:19.4609638Z -- add_index(:outage_vpses, :outage_id, {name: "index_outage_vpses_on_outage_id"})
2026-09-15T11:02:19.4632200Z    -> 0.0023s
2026-09-15T11:02:19.4632724Z -- add_index(:outage_vpses, :vps_id, {name: "index_outage_vpses_on_vps_id"})
2026-09-15T11:02:19.4671285Z    -> 0.0024s
2026-09-15T11:02:19.4671954Z -- add_index(:outage_vpses, :user_id, {name: "index_outage_vpses_on_user_id"})
2026-09-15T11:02:19.4681775Z    -> 0.0025s
2026-09-15T11:02:19.4682234Z -- add_index(:outage_vpses, :environment_id, {name: "index_outage_vpses_on_environment_id"})
2026-09-15T11:02:19.4707021Z    -> 0.0025s
2026-09-15T11:02:19.4707435Z -- add_index(:outage_vpses, :location_id, {name: "index_outage_vpses_on_location_id"})
2026-09-15T11:02:19.4732615Z    -> 0.0025s
2026-09-15T11:02:19.4732984Z -- add_index(:outage_vpses, :node_id, {name: "index_outage_vpses_on_node_id"})
2026-09-15T11:02:19.4758718Z    -> 0.0026s
2026-09-15T11:02:19.4759115Z -- create_table(:outage_vps_mounts, {options: "ENGINE=InnoDB", id: :integer})
2026-09-15T11:02:19.4778285Z    -> 0.0019s
2026-09-15T11:02:19.4779194Z -- add_index(:outage_vps_mounts, [:outage_vps_id, :mount_id], {unique: true, name: "index_outage_vps_mounts_on_outage_vps_id_and_mount_id"})
2026-09-15T11:02:19.4800732Z    -> 0.0022s
2026-09-15T11:02:19.4801706Z -- add_index(:outage_vps_mounts, :outage_vps_id, {name: "index_outage_vps_mounts_on_outage_vps_id"})
2026-09-15T11:02:19.4827718Z    -> 0.0026s
2026-09-15T11:02:19.4828328Z -- add_index(:outage_vps_mounts, :mount_id, {name: "index_outage_vps_mounts_on_mount_id"})
2026-09-15T11:02:19.4851058Z    -> 0.0023s
2026-09-15T11:02:19.4851554Z == 20170223191015 Setup: migrated (0.0850s) ===================================
2026-09-15T11:02:19.4852002Z 
2026-09-15T11:02:19.4866010Z == 20201129113300 AddOutageExports: migrating =================================
2026-09-15T11:02:19.4866824Z -- create_table(:outage_users, {options: "ENGINE=InnoDB", id: :integer})
2026-09-15T11:02:19.4885920Z    -> 0.0020s
2026-09-15T11:02:19.4886666Z -- add_index(:outage_users, [:outage_id, :user_id], {unique: true, name: "index_outage_users_on_outage_id_and_user_id"})
2026-09-15T11:02:19.4908562Z    -> 0.0022s
2026-09-15T11:02:19.4908982Z -- add_index(:outage_users, :outage_id, {name: "index_outage_users_on_outage_id"})
2026-09-15T11:02:19.4930455Z    -> 0.0021s
2026-09-15T11:02:19.4930865Z -- add_index(:outage_users, :user_id, {name: "index_outage_users_on_user_id"})
2026-09-15T11:02:19.4954325Z    -> 0.0023s
2026-09-15T11:02:19.4965917Z -- create_table(:outage_exports, {options: "ENGINE=InnoDB", id: :integer})
2026-09-15T11:02:19.4982893Z    -> 0.0017s
2026-09-15T11:02:19.4983418Z -- add_index(:outage_exports, [:outage_id, :export_id], {unique: true, name: "index_outage_exports_on_outage_id_and_export_id"})
2026-09-15T11:02:19.5005057Z    -> 0.0022s
2026-09-15T11:02:19.5005619Z -- add_index(:outage_exports, :outage_id, {name: "index_outage_exports_on_outage_id"})
2026-09-15T11:02:19.5031144Z    -> 0.0026s
2026-09-15T11:02:19.5031540Z -- add_index(:outage_exports, :export_id, {name: "index_outage_exports_on_export_id"})
2026-09-15T11:02:19.5060072Z    -> 0.0029s
2026-09-15T11:02:19.5060463Z -- add_index(:outage_exports, :user_id, {name: "index_outage_exports_on_user_id"})
2026-09-15T11:02:19.5083980Z    -> 0.0023s
2026-09-15T11:02:19.5084454Z -- add_index(:outage_exports, :environment_id, {name: "index_outage_exports_on_environment_id"})
2026-09-15T11:02:19.5110114Z    -> 0.0026s
2026-09-15T11:02:19.5110531Z -- add_index(:outage_exports, :location_id, {name: "index_outage_exports_on_location_id"})
2026-09-15T11:02:19.5135400Z    -> 0.0025s
2026-09-15T11:02:19.5136160Z -- add_index(:outage_exports, :node_id, {name: "index_outage_exports_on_node_id"})
2026-09-15T11:02:19.5164270Z    -> 0.0028s
2026-09-15T11:02:19.5164660Z == 20201129113300 AddOutageExports: migrated (0.0299s) ========================
2026-09-15T11:02:19.5172976Z 
2026-09-15T11:02:19.5173395Z == 20240123092400 RemoveVpsOutageMounts: migrating ============================
2026-09-15T11:02:19.5174278Z -- remove_index(:outage_vps_mounts, [:outage_vps_id, :mount_id], {unique: true})
2026-09-15T11:02:19.5201680Z    -> 0.0028s
2026-09-15T11:02:19.5201950Z -- drop_table(:outage_vps_mounts)
2026-09-15T11:02:19.5213898Z    -> 0.0012s
2026-09-15T11:02:19.5214311Z == 20240123092400 RemoveVpsOutageMounts: migrated (0.0041s) ===================
2026-09-15T11:02:19.5214633Z 
2026-09-15T11:02:19.5224858Z == 20240124093200 AddImpactType: migrating ====================================
2026-09-15T11:02:19.5225805Z -- add_column(:outages, :impact_type, :integer, {null: false, default: 0})
2026-09-15T11:02:19.5245422Z    -> 0.0020s
2026-09-15T11:02:19.5245894Z -- add_index(:outages, :impact_type)
2026-09-15T11:02:19.5268161Z    -> 0.0022s
2026-09-15T11:02:19.5278068Z -- remove_index(:outages, :planned)
2026-09-15T11:02:19.5300208Z    -> 0.0022s
2026-09-15T11:02:19.5300601Z -- remove_column(:outages, :planned, :boolean, {null: false, default: false})
2026-09-15T11:02:19.5327113Z    -> 0.0026s
2026-09-15T11:02:19.5327483Z -- remove_index(:outage_updates, :outage_type)
2026-09-15T11:02:19.5355881Z    -> 0.0028s
2026-09-15T11:02:19.5356217Z -- rename_column(:outage_updates, :outage_type, :impact_type)
2026-09-15T11:02:19.5378589Z    -> 0.0023s
2026-09-15T11:02:19.5378906Z -- add_index(:outage_updates, :impact_type)
2026-09-15T11:02:19.5401631Z    -> 0.0023s
2026-09-15T11:02:19.5402350Z == 20240124093200 AddImpactType: migrated (0.0177s) ===========================
2026-09-15T11:02:19.5402687Z 
2026-09-15T11:02:19.5409539Z == 20240124185400 AddAutoResolve: migrating ===================================
2026-09-15T11:02:19.5410108Z -- add_column(:outages, :auto_resolve, :boolean, {null: false, default: true})
2026-09-15T11:02:19.5432728Z    -> 0.0023s
2026-09-15T11:02:19.5433102Z == 20240124185400 AddAutoResolve: migrated (0.0023s) ==========================
2026-09-15T11:02:19.5433423Z 
2026-09-15T11:02:19.5441763Z == 20260601121000 AddOutageSecurityAdvisories: migrating ======================
2026-09-15T11:02:19.5442239Z -- create_table(:outage_security_advisories)
2026-09-15T11:02:19.5456939Z    -> 0.0015s
2026-09-15T11:02:19.5457490Z -- add_index(:outage_security_advisories, [:outage_id, :security_advisory_id], {unique: true, name: "index_osa_on_outage_advisory"})
2026-09-15T11:02:19.5479991Z    -> 0.0023s
2026-09-15T11:02:19.5480331Z -- add_index(:outage_security_advisories, :security_advisory_id)
2026-09-15T11:02:19.5507219Z    -> 0.0027s
2026-09-15T11:02:19.5507903Z == 20260601121000 AddOutageSecurityAdvisories: migrated (0.0065s) =============
2026-09-15T11:02:19.5508445Z 
2026-09-15T11:02:19.5567354Z == 20170121214350 Setup: migrating ============================================
2026-09-15T11:02:19.5568196Z -- create_table(:incoming_payments, {options: "ENGINE=InnoDB", id: :integer})
2026-09-15T11:02:19.5594090Z    -> 0.0026s
2026-09-15T11:02:19.5594865Z -- add_index(:incoming_payments, :transaction_id, {unique: true, name: "index_incoming_payments_on_transaction_id"})
2026-09-15T11:02:19.5619022Z    -> 0.0024s
2026-09-15T11:02:19.5619564Z -- add_index(:incoming_payments, :vs, {name: "index_incoming_payments_on_vs"})
2026-09-15T11:02:19.5642121Z    -> 0.0022s
2026-09-15T11:02:19.5642641Z -- add_index(:incoming_payments, :ks, {name: "index_incoming_payments_on_ks"})
2026-09-15T11:02:19.5667010Z    -> 0.0024s
2026-09-15T11:02:19.5667576Z -- add_index(:incoming_payments, :ss, {name: "index_incoming_payments_on_ss"})
2026-09-15T11:02:19.5691734Z    -> 0.0024s
2026-09-15T11:02:19.5692294Z -- create_table(:user_accounts, {options: "ENGINE=InnoDB", id: :integer})
2026-09-15T11:02:19.5712579Z    -> 0.0020s
2026-09-15T11:02:19.5713187Z -- add_index(:user_accounts, :user_id, {unique: true, name: "index_user_accounts_on_user_id"})
2026-09-15T11:02:19.5736964Z    -> 0.0024s
2026-09-15T11:02:19.5737454Z -- create_table(:user_payments, {options: "ENGINE=InnoDB", id: :integer})
2026-09-15T11:02:19.5753257Z    -> 0.0016s
2026-09-15T11:02:19.5753996Z -- add_index(:user_payments, :incoming_payment_id, {unique: true, name: "index_user_payments_on_incoming_payment_id"})
2026-09-15T11:02:19.5779080Z    -> 0.0025s
2026-09-15T11:02:19.5779597Z -- add_index(:user_payments, :user_id, {name: "index_user_payments_on_user_id"})
2026-09-15T11:02:19.5804922Z    -> 0.0025s
2026-09-15T11:02:19.5805712Z -- add_index(:user_payments, :accounted_by_id, {name: "index_user_payments_on_accounted_by_id"})
2026-09-15T11:02:19.5835159Z    -> 0.0030s
2026-09-15T11:02:19.5843473Z == 20170121214350 Setup: migrated (0.0273s) ===================================
2026-09-15T11:02:19.5843975Z 
2026-09-15T11:02:19.5855671Z == 20260706212000 LocalizePaymentInstructionsSysconfig: migrating =============
2026-09-15T11:02:19.5878552Z == 20260706212000 LocalizePaymentInstructionsSysconfig: migrated (0.0023s) ====
2026-09-15T11:02:19.5879111Z 
2026-09-15T11:02:19.5884965Z == 20260905180000 AddUserPaymentsCreatedAtIndex: migrating ====================
2026-09-15T11:02:19.5885837Z -- add_index(:user_payments, :created_at)
2026-09-15T11:02:19.5910560Z    -> 0.0025s
2026-09-15T11:02:19.5911135Z == 20260905180000 AddUserPaymentsCreatedAtIndex: migrated (0.0026s) ===========
2026-09-15T11:02:19.5911617Z 
2026-09-15T11:02:19.5969003Z == 20170201082030 Setup: migrating ============================================
2026-09-15T11:02:19.5969827Z -- create_table(:news_logs, {options: "ENGINE=InnoDB", id: :integer})
2026-09-15T11:02:19.5994209Z    -> 0.0025s
2026-09-15T11:02:19.5995023Z == 20170201082030 Setup: migrated (0.0026s) ===================================
2026-09-15T11:02:19.5995394Z 
2026-09-15T11:02:19.6009524Z == 20260706210000 LocalizeNewsLogMessages: migrating ==========================
2026-09-15T11:02:19.6010207Z -- create_table(:news_log_translations)
2026-09-15T11:02:19.6027241Z    -> 0.0017s
2026-09-15T11:02:19.6027657Z -- add_index(:news_log_translations, :news_log_id)
2026-09-15T11:02:19.6054787Z    -> 0.0027s
2026-09-15T11:02:19.6055197Z -- add_index(:news_log_translations, :language_id)
2026-09-15T11:02:19.6077772Z    -> 0.0023s
2026-09-15T11:02:19.6078539Z -- add_index(:news_log_translations, [:news_log_id, :language_id], {unique: true, name: "news_log_translation_unique"})
2026-09-15T11:02:19.6105637Z    -> 0.0027s
2026-09-15T11:02:19.6161073Z == 20260706210000 LocalizeNewsLogMessages: migrated (0.0151s) =================
2026-09-15T11:02:19.6161956Z 
2026-09-15T11:02:21.5268228Z 
2026-09-15T11:02:21.5273603Z VpsAdmin::API::KernelEvidence::StableState
2026-09-15T11:02:21.5274028Z   .confirms?
2026-09-15T11:02:21.5289550Z     cannot confirm an incomplete or transitioning baseline with a later stable report
2026-09-15T11:02:21.5294636Z     rejects release and effective-state mismatches, including a legacy hidden patch
2026-09-15T11:02:21.5302367Z     compares only stable boot, release, and effective patch IDs
2026-09-15T11:02:21.5302945Z   .same_boot?
2026-09-15T11:02:21.5308609Z     prefers boot IDs to boot timestamps when both are known
2026-09-15T11:02:21.5312320Z     falls back to matching known boot timestamps when an ID is missing
2026-09-15T11:02:21.5330468Z     does not establish a boot from absent identities
2026-09-15T11:02:21.5330887Z   .stable?
2026-09-15T11:02:21.5335994Z     rejects unreadable inventories and runtime flags but permits unavailable enrichment
2026-09-15T11:02:21.5339684Z     rejects invalid reports and missing reported release
2026-09-15T11:02:21.5344421Z     requires complete non-transitioning livepatch state
2026-09-15T11:02:21.5344930Z 
2026-09-15T11:02:21.5345219Z monitoring plugin monitor
2026-09-15T11:02:21.5406875Z  #2 did not pass 'spec_monitor_check': value '42'
2026-09-15T11:02:21.5421412Z   checks query results and reports against the resolved object
2026-09-15T11:02:21.5450243Z   selects responsible users from explicit proc, real object, and raw object
2026-09-15T11:02:21.5464068Z   calls configured actions and errors on unknown actions
2026-09-15T11:02:21.5464497Z 
2026-09-15T11:02:21.5464706Z VpsAdmin::API::Resources::Debug
2026-09-15T11:02:21.5467943Z   API description
2026-09-15T11:02:24.9650015Z     includes debug endpoints
2026-09-15T11:02:24.9650513Z   Array top
2026-09-15T11:02:28.0386941Z     rejects non-numeric limit
2026-09-15T11:02:31.0792882Z     lists the largest arrays for admin
2026-09-15T11:02:33.0649671Z     rejects unauthenticated access
2026-09-15T11:02:35.2910743Z     forbids support users
2026-09-15T11:02:37.5869116Z     forbids normal users
2026-09-15T11:02:37.5869583Z   List object counts
2026-09-15T11:02:39.8070590Z     forbids normal users
2026-09-15T11:02:42.1461765Z     forbids support users
2026-09-15T11:02:44.0584796Z     rejects unauthenticated access
2026-09-15T11:02:47.0789786Z     shows object counts for admin
2026-09-15T11:02:47.0790279Z   Hash top
2026-09-15T11:02:49.2949347Z     forbids support users
2026-09-15T11:02:51.5813246Z     forbids normal users
2026-09-15T11:02:53.4799737Z     rejects unauthenticated access
2026-09-15T11:02:56.4725253Z     rejects non-numeric limit
2026-09-15T11:02:59.5245747Z     lists the largest hashes for admin
2026-09-15T11:02:59.5246039Z 
2026-09-15T11:02:59.5246200Z VpsAdmin::API::Resources::Location
2026-09-15T11:02:59.5246951Z   Index
2026-09-15T11:03:02.5288221Z     filters by environment
2026-09-15T11:03:05.6077390Z     supports limit pagination
2026-09-15T11:03:07.8400982Z     allows support to list locations with limited output
2026-09-15T11:03:10.8841540Z     filters by has_hypervisor
2026-09-15T11:03:13.9717385Z     allows admins to list locations with full output
2026-09-15T11:03:15.9247890Z     allows unauthenticated access (requests plugin)
2026-09-15T11:03:18.1381762Z     allows users to list locations with limited output
2026-09-15T11:03:21.1507996Z     supports from_id pagination
2026-09-15T11:03:24.1782644Z     returns total_count meta when requested
2026-09-15T11:03:24.1788265Z     rejects unauthenticated access (core) (PENDING: skipped because plugins are enabled: requests)
2026-09-15T11:03:24.1789079Z   Show
2026-09-15T11:03:26.4066261Z     allows support to show locations with limited output
2026-09-15T11:03:28.3386090Z     allows unauthenticated access (requests plugin)
2026-09-15T11:03:31.3931657Z     allows admins to show locations with full output
2026-09-15T11:03:34.4027580Z     returns 404 for unknown location
2026-09-15T11:03:36.6205753Z     allows users to show locations with limited output
2026-09-15T11:03:36.6210281Z     rejects unauthenticated access (core) (PENDING: skipped because plugins are enabled: requests)
2026-09-15T11:03:36.6210915Z 
2026-09-15T11:03:36.6211173Z VpsAdmin::API::KernelEvidence::ConfigurationWriter
2026-09-15T11:03:36.6306413Z   uses the last value when an option is assigned more than once
2026-09-15T11:03:36.6335724Z   stores enabled, module, assigned and disabled Linux configuration options
2026-09-15T11:03:36.6381386Z   deduplicates identical content and rejects digest collisions
2026-09-15T11:03:36.6382062Z 
2026-09-15T11:03:36.6382355Z VpsAdmin::API::Resources::OsTemplate
2026-09-15T11:03:36.6383336Z   Update
2026-09-15T11:03:39.6573374Z     returns validation errors for invalid config YAML
2026-09-15T11:03:42.0346648Z     forbids normal users
2026-09-15T11:03:45.0922481Z     allows admin to update an os template
2026-09-15T11:03:48.1616495Z     returns validation errors for invalid hypervisor_type
2026-09-15T11:03:50.1282612Z     rejects unauthenticated access
2026-09-15T11:03:50.1283133Z   Delete
2026-09-15T11:03:53.2034610Z     allows admin to delete an unused template
2026-09-15T11:03:55.2002243Z     rejects unauthenticated access
2026-09-15T11:03:57.5763524Z     forbids normal users
2026-09-15T11:04:00.6683309Z     refuses to delete templates that are in use
2026-09-15T11:04:03.7584779Z     returns 404 for unknown id
2026-09-15T11:04:03.7585287Z   Index
2026-09-15T11:04:06.1212116Z     enforces the output whitelist for normal users
2026-09-15T11:04:08.3611271Z     filters by hypervisor_type
2026-09-15T11:04:10.7312551Z     supports limit pagination
2026-09-15T11:04:13.8306402Z     returns total_count meta when requested for admins
2026-09-15T11:04:16.9374311Z     allows admins to see disabled templates with full output
2026-09-15T11:04:19.3259873Z     filters by location and hypervisor_type
2026-09-15T11:04:21.5261946Z     filters by cgroup_version
2026-09-15T11:04:23.5499728Z     allows unauthenticated access (requests plugin)
2026-09-15T11:04:25.8661773Z     filters by enable_cloud_init
2026-09-15T11:04:28.1241796Z     filters by os_family
2026-09-15T11:04:31.2266367Z     supports from_id pagination
2026-09-15T11:04:31.2271652Z     rejects unauthenticated access (core) (PENDING: skipped because plugins are enabled: requests)
2026-09-15T11:04:33.5989042Z     orders by order and label
2026-09-15T11:04:35.8187166Z     filters by enable_script
2026-09-15T11:04:38.1735198Z     returns total_count meta when requested for users
2026-09-15T11:04:40.4053078Z     lists only enabled templates for normal users
2026-09-15T11:04:43.5184871Z     defaults to vpsadminos hypervisor
2026-09-15T11:04:43.5185401Z   API description
2026-09-15T11:04:46.5683328Z     includes os template endpoints
2026-09-15T11:04:46.5683860Z   Create
2026-09-15T11:04:48.8799380Z     forbids normal users
2026-09-15T11:04:51.9997133Z     returns validation errors for invalid hypervisor_type
2026-09-15T11:04:55.1015251Z     returns validation errors for invalid config YAML
2026-09-15T11:04:57.0970565Z     rejects unauthenticated access
2026-09-15T11:05:00.2023460Z     allows admin to create an os template
2026-09-15T11:05:03.3108412Z     returns validation errors for missing label
2026-09-15T11:05:03.3108933Z   Show
2026-09-15T11:05:05.4230453Z     allows unauthenticated access (requests plugin)
2026-09-15T11:05:08.5164784Z     shows disabled templates to admins
2026-09-15T11:05:10.8815903Z     shows enabled template for users with restricted output
2026-09-15T11:05:13.9917770Z     returns 404 for unknown id
2026-09-15T11:05:16.3710612Z     shows disabled templates for users with restricted output
2026-09-15T11:05:19.4311137Z     includes full output for admins
2026-09-15T11:05:19.4316954Z     rejects unauthenticated access (core) (PENDING: skipped because plugins are enabled: requests)
2026-09-15T11:05:19.4317634Z 
2026-09-15T11:05:19.4317899Z VpsAdmin::API::Resources::Environment
2026-09-15T11:05:19.4319681Z   Show
2026-09-15T11:05:21.7890458Z     allows users to show environments with limited output
2026-09-15T11:05:24.8243801Z     allows admins to show environments with full output
2026-09-15T11:05:27.0001108Z     allows support to show environments with limited output
2026-09-15T11:05:29.0011594Z     rejects unauthenticated access
2026-09-15T11:05:32.1194480Z     returns 404 for unknown environment
2026-09-15T11:05:32.1195003Z   Index
2026-09-15T11:05:35.1603538Z     filters by has_hypervisor
2026-09-15T11:05:38.1781187Z     supports from_id pagination
2026-09-15T11:05:41.2207258Z     supports limit pagination
2026-09-15T11:05:44.2367134Z     returns total_count meta when requested
2026-09-15T11:05:46.5235326Z     allows support to list environments with limited output
2026-09-15T11:05:48.5594248Z     rejects unauthenticated access
2026-09-15T11:05:51.5992977Z     allows admins to list environments with full output
2026-09-15T11:05:54.5884012Z     filters by has_storage
2026-09-15T11:05:56.7960236Z     allows users to list environments with limited output
2026-09-15T11:05:56.7960690Z 
2026-09-15T11:05:56.7960949Z VpsAdmin::API::Resources::IncidentReport
2026-09-15T11:05:56.7961935Z   Show
2026-09-15T11:05:59.8800657Z     allows admins to show any incident with user and mailbox fields
2026-09-15T11:06:02.2253938Z     forbids users from showing other incidents
2026-09-15T11:06:04.2363569Z     rejects unauthenticated access
2026-09-15T11:06:07.2983047Z     returns 404 for unknown incidents
2026-09-15T11:06:09.6318934Z     allows users to show their incident with limited output
2026-09-15T11:06:09.6319560Z   Create
2026-09-15T11:06:14.9496200Z     rejects unauthenticated access
2026-09-15T11:06:20.4260624Z     forbids normal users
2026-09-15T11:06:26.9166978Z     allows admins to create with minimal payload
2026-09-15T11:06:33.1217414Z     returns validation errors for missing vps
2026-09-15T11:06:39.9662421Z     returns validation errors for invalid vps_action
2026-09-15T11:06:46.2336555Z     returns validation errors for missing subject
2026-09-15T11:06:52.5184252Z     returns validation errors for missing text
2026-09-15T11:06:52.5184671Z   Index
2026-09-15T11:06:54.4986761Z     rejects unauthenticated access
2026-09-15T11:06:56.8563585Z     restricts normal users to their incidents with limited output
2026-09-15T11:06:59.0967222Z     restricts support users to their incidents
2026-09-15T11:07:02.1562308Z     allows admins to see all incidents with user and mailbox fields
2026-09-15T11:07:09.7897536Z     filters by ip_addr without leaking other users
2026-09-15T11:07:12.9106617Z     returns total_count meta when requested
2026-09-15T11:07:16.0004968Z     filters by mailbox when nil
2026-09-15T11:07:18.4006808Z     orders by detected_at DESC
2026-09-15T11:07:21.4871014Z     filters by codename
2026-09-15T11:07:21.4871445Z   API description
2026-09-15T11:07:24.5804358Z     includes incident_report scopes
2026-09-15T11:07:24.5804758Z 
2026-09-15T11:07:24.5804925Z outage reports plugin metrics
2026-09-15T11:07:24.7070578Z   exports announced VPS and export outages affecting the token user
2026-09-15T11:07:24.7070940Z 
2026-09-15T11:07:24.7071146Z VpsAdmin::API::Authentication::TokenConfig
2026-09-15T11:07:25.5262515Z   preserves long token scopes through multi-factor authentication
2026-09-15T11:07:26.3236449Z   rejects reset-token issuance after another password change
2026-09-15T11:07:26.8643800Z   uses the shared password minimum in token reset validation and errors
2026-09-15T11:07:27.1331941Z   revokes token sessions through the provider action handler
2026-09-15T11:07:28.4424547Z   creates token sessions without a user agent header
2026-09-15T11:07:29.2272202Z   returns a reset-password continuation instead of a session
2026-09-15T11:07:30.2690790Z   rejects password-only issuance after a concurrent password change
2026-09-15T11:07:30.8305370Z   can complete the reset-password continuation and create a token session
2026-09-15T11:07:31.1080225Z   finds a user only for a valid open token session with token auth enabled
2026-09-15T11:07:31.3770928Z   renews renewable tokens through the provider action handler
2026-09-15T11:07:32.6876507Z   does not report a stale recovery code as used
2026-09-15T11:07:33.7446572Z   rejects TOTP issuance after a concurrent password change
2026-09-15T11:07:33.7447109Z 
2026-09-15T11:07:33.7447350Z VpsAdmin::API::Resources::TransactionChain
2026-09-15T11:07:33.7447827Z   read actions
2026-09-15T11:07:33.7448145Z     Index
2026-09-15T11:07:36.8527824Z       allows admin to list all chains
2026-09-15T11:07:39.9449848Z       filters by class_name
2026-09-15T11:07:42.2876862Z       returns only own chains for normal users
2026-09-15T11:07:44.5083092Z       returns only own chains for support users
2026-09-15T11:07:47.5626788Z       filters by user for admins
2026-09-15T11:07:50.6113773Z       supports limit pagination
2026-09-15T11:07:52.6031023Z       rejects unauthenticated access
2026-09-15T11:07:55.6676617Z       returns total_count meta when requested
2026-09-15T11:07:58.7086645Z       supports from_id pagination
2026-09-15T11:08:01.7452399Z       filters by row_id
2026-09-15T11:08:04.7982132Z       filters by state
2026-09-15T11:08:04.7982606Z     Show
2026-09-15T11:08:06.8010653Z       rejects unauthenticated access
2026-09-15T11:08:09.8572034Z       returns 404 for unknown chain
2026-09-15T11:08:12.1713889Z       hides other users chains from support users
2026-09-15T11:08:14.3879770Z       allows normal users to show their chain
2026-09-15T11:08:16.7388144Z       localizes chain and concern labels
2026-09-15T11:08:18.9890710Z       renders chains whose user session has no user-agent row
2026-09-15T11:08:22.0379228Z       allows admin to show any chain
2026-09-15T11:08:24.3762512Z       hides other users chains from normal users
2026-09-15T11:08:24.3762963Z 
2026-09-15T11:08:24.3763220Z VpsAdmin::API::Resources::OomReport
2026-09-15T11:08:24.3765062Z   Show
2026-09-15T11:08:26.4946877Z     rejects unauthenticated access
2026-09-15T11:08:29.6317986Z     returns status false for unknown reports
2026-09-15T11:08:31.9902667Z     allows users to show their processed report
2026-09-15T11:08:35.1576398Z     allows admins to show any report
2026-09-15T11:08:38.2243164Z     does not show unprocessed reports
2026-09-15T11:08:40.6146437Z     prevents users from showing other user reports
2026-09-15T11:08:40.6146949Z   Usage Index
2026-09-15T11:08:42.8941612Z     returns empty list for other user reports
2026-09-15T11:08:45.4829802Z     lists usages for the user report
2026-09-15T11:08:48.6407051Z     supports usage meta count
2026-09-15T11:08:51.7525108Z     allows admins to list usages for other users
2026-09-15T11:08:54.8543530Z     supports usage limit pagination
2026-09-15T11:08:56.8881644Z     rejects unauthenticated access
2026-09-15T11:08:56.8882152Z   Index
2026-09-15T11:08:59.9729188Z     filters by cgroup
2026-09-15T11:09:02.0533155Z     rejects unauthenticated access
2026-09-15T11:09:05.2059654Z     filters by location for admins
2026-09-15T11:09:08.3069794Z     filters by since and until
2026-09-15T11:09:10.6893788Z     shows only processed reports for the user
2026-09-15T11:09:13.8277037Z     allows admin to filter by user
2026-09-15T11:09:20.0276654Z     supports limit and from_id pagination
2026-09-15T11:09:23.2152259Z     filters by environment for admins
2026-09-15T11:09:25.5979906Z     shows only processed reports for the support user
2026-09-15T11:09:30.2086230Z     ignores non-admin user filter
2026-09-15T11:09:33.3141646Z     filters by node for admins
2026-09-15T11:09:35.6976076Z     orders reports by created_at desc
2026-09-15T11:09:38.8144840Z     shows all processed reports for admins
2026-09-15T11:09:44.2873538Z     filters by vps
2026-09-15T11:09:47.4521229Z     filters by oom_report_rule
2026-09-15T11:09:50.6071815Z     supports meta count
2026-09-15T11:09:50.6072159Z   Usage Show
2026-09-15T11:09:53.0086323Z     allows users to show their usage
2026-09-15T11:09:56.1487205Z     returns status false for mismatched parent id
2026-09-15T11:09:59.2518009Z     allows admins to show other user usage
2026-09-15T11:10:02.3517323Z     returns status false for unknown usage id
2026-09-15T11:10:04.7365381Z     prevents users from showing other user usage
2026-09-15T11:10:06.8332584Z     rejects unauthenticated access
2026-09-15T11:10:06.8333147Z   Task Show
2026-09-15T11:10:09.9548850Z     allows admins to show other user task
2026-09-15T11:10:13.0709605Z     returns status false for mismatched parent id
2026-09-15T11:10:15.5081651Z     allows users to show their task
2026-09-15T11:10:17.5674552Z     rejects unauthenticated access
2026-09-15T11:10:19.9119006Z     prevents users from showing other user task
2026-09-15T11:10:23.1089639Z     returns status false for unknown task id
2026-09-15T11:10:23.1090222Z   Stat Show
2026-09-15T11:10:26.1861744Z     returns status false for unknown stat id
2026-09-15T11:10:28.5584522Z     allows users to show their stat
2026-09-15T11:10:31.7183241Z     returns status false for mismatched parent id
2026-09-15T11:10:33.7925182Z     rejects unauthenticated access
2026-09-15T11:10:36.8990990Z     allows admins to show other user stat
2026-09-15T11:10:39.2766162Z     prevents users from showing other user stat
2026-09-15T11:10:39.2766704Z   Task Index
2026-09-15T11:10:42.4219222Z     supports task limit pagination
2026-09-15T11:10:44.4851501Z     rejects unauthenticated access
2026-09-15T11:10:47.6244069Z     supports task meta count
2026-09-15T11:10:50.7351013Z     allows admins to list tasks for other users
2026-09-15T11:10:53.1162245Z     returns empty list for other user reports
2026-09-15T11:10:55.3831243Z     lists tasks for the user report
2026-09-15T11:10:55.3831768Z   Stat Index
2026-09-15T11:10:58.4725025Z     supports stat meta count
2026-09-15T11:11:00.5152717Z     rejects unauthenticated access
2026-09-15T11:11:02.8848481Z     lists stats for the user report
2026-09-15T11:11:05.9839708Z     allows admins to list stats for other users
2026-09-15T11:11:08.3424736Z     returns empty list for other user reports
2026-09-15T11:11:11.4472224Z     supports stat limit pagination
2026-09-15T11:11:11.4472607Z 
2026-09-15T11:11:11.4472839Z VpsAdmin::API::PasswordRecoveryWorker
2026-09-15T11:11:11.4663401Z   finishes queued work after the feature is disabled
2026-09-15T11:11:11.4681578Z   waits with an error backoff after processing failures
2026-09-15T11:11:11.4770203Z   processes and finishes a queued submission outside the HTTP request
2026-09-15T11:11:11.5007711Z   retries failures and finishes a submission after the attempt limit
2026-09-15T11:11:11.5025715Z   waits five seconds by default when the queue is empty
2026-09-15T11:11:11.5166398Z   continues after a submission disappears during successful processing
2026-09-15T11:11:11.5296506Z   continues after a submission disappears during failed processing
2026-09-15T11:11:11.5316323Z   waits without querying the queue before its schema exists
2026-09-15T11:11:11.5349564Z   reports an empty queue without doing work
2026-09-15T11:11:11.5376655Z   detects its schema after an earlier absent-schema poll
2026-09-15T11:11:11.5377079Z 
2026-09-15T11:11:11.5377303Z VpsAdmin::API::Authentication::Basic
2026-09-15T11:11:12.0694356Z   returns nil for an invalid password and records a failed login
2026-09-15T11:11:12.8520142Z   raises when basic auth is disabled
2026-09-15T11:11:13.9029676Z   rejects the request when the password changes after verification
2026-09-15T11:11:14.6838301Z   raises when password reset is required
2026-09-15T11:11:15.9927174Z   creates basic sessions without a user agent header
2026-09-15T11:11:16.7784728Z   raises when password auth requires MFA
2026-09-15T11:11:17.5657051Z   returns the user and creates a closed basic session on success
2026-09-15T11:11:18.0997531Z   records client metadata when upgrading a password hash before creating the session
2026-09-15T11:11:18.0997945Z 
2026-09-15T11:11:18.0998092Z VpsAdmin::Scheduler::Server
2026-09-15T11:11:18.1004550Z   exposes scheduler, worker and daemon collaborators
2026-09-15T11:11:18.1010912Z   builds a client for accepted sockets
2026-09-15T11:11:18.1011463Z   VpsAdmin::Scheduler::Server::Client
2026-09-15T11:11:18.1023608Z     returns syntax errors for invalid JSON
2026-09-15T11:11:18.1031944Z     ignores EPIPE while sending a response
2026-09-15T11:11:18.1037948Z     returns task count for status
2026-09-15T11:11:18.1043917Z     returns exported tasks
2026-09-15T11:11:18.1055045Z     enqueues a task for manual execution
2026-09-15T11:11:18.1060777Z     returns an error for unknown commands
2026-09-15T11:11:18.1067168Z     requests daemon updates
2026-09-15T11:11:18.1078249Z     ignores connection resets during communication
2026-09-15T11:11:18.1086111Z     returns an error when a manual task is missing
2026-09-15T11:11:18.1091812Z     returns an error for invalid request shape
2026-09-15T11:11:18.1092183Z 
2026-09-15T11:11:18.1092390Z VpsAdmin::API::NotificationTemplates
2026-09-15T11:11:18.1107788Z   rejects unknown protocols
2026-09-15T11:11:18.1127828Z   parses metadata without executing Ruby
2026-09-15T11:11:18.1212744Z   rejects values that cannot be persisted
2026-09-15T11:11:18.1246487Z   normalizes language codes and rejects case-insensitive collisions
2026-09-15T11:11:18.1256287Z   rejects legacy body paths
2026-09-15T11:11:18.1269760Z   uses a metadata subject when no subject file exists
2026-09-15T11:11:18.1290335Z   allows relative symlinks within the template tree
2026-09-15T11:11:18.1304546Z   rejects symlinks outside the template tree
2026-09-15T11:11:18.1317653Z   reports invalid ERB paths
2026-09-15T11:11:18.1330748Z   reads template files as UTF-8 regardless of the process locale
2026-09-15T11:11:18.1349224Z   accepts a package with a templates subdirectory
2026-09-15T11:11:18.1366906Z   loads metadata and email variants
2026-09-15T11:11:18.1378834Z   rejects invalid metadata values
2026-09-15T11:11:18.1394126Z   rejects variants without a text or HTML body
2026-09-15T11:11:18.1394516Z 
2026-09-15T11:11:18.1394744Z VpsAdmin::API::Resources::ApiServer
2026-09-15T11:11:18.1395677Z   UnlockTransactionSigningKey
2026-09-15T11:11:21.6166879Z     allows admin to unlock with correct passphrase
2026-09-15T11:11:24.9494855Z     returns validation errors for missing passphrase
2026-09-15T11:11:28.7502037Z     errors when transaction key is not configured
2026-09-15T11:11:31.9842141Z     rejects wrong passphrase
2026-09-15T11:11:34.3683443Z     forbids support users
2026-09-15T11:11:36.8991162Z     rejects unauthenticated access
2026-09-15T11:11:39.3480655Z     forbids normal users
2026-09-15T11:11:39.3480982Z 
2026-09-15T11:11:39.3481207Z VpsAdmin::API::Resources::Cluster
2026-09-15T11:11:39.3483250Z   Search
2026-09-15T11:11:41.4429241Z     rejects unauthenticated access
2026-09-15T11:11:43.8071894Z     forbids support users
2026-09-15T11:11:46.9026876Z     returns validation error for missing value
2026-09-15T11:11:49.9678501Z     returns DNS zone results for canonical name search
2026-09-15T11:11:53.0346531Z     returns DNS zone results when the trailing dot is omitted
2026-09-15T11:11:56.0723597Z     does not return DNS zones pending deletion
2026-09-15T11:11:59.1451085Z     returns user results for login search
2026-09-15T11:12:02.1786880Z     returns user results for numeric id search
2026-09-15T11:12:04.5300267Z     forbids non-admin users
2026-09-15T11:12:07.6162651Z     returns DNS zone results for partial name search
2026-09-15T11:12:10.7065206Z     trims whitespace
2026-09-15T11:12:10.7067338Z   Show
2026-09-15T11:12:13.0537727Z     reports active lock
2026-09-15T11:12:15.0802775Z     rejects unauthenticated access
2026-09-15T11:12:17.4361190Z     allows normal user
2026-09-15T11:12:19.6596142Z     reports no maintenance lock by default
2026-09-15T11:12:19.6596671Z   PublicStats
2026-09-15T11:12:21.6796426Z     returns correct ipv4_left
2026-09-15T11:12:23.7052414Z     allows unauthenticated access
2026-09-15T11:12:26.1115964Z     works for authenticated users as well
2026-09-15T11:12:26.1116539Z   GenerateMigrationKeys
2026-09-15T11:12:28.3310280Z     forbids support users
2026-09-15T11:12:30.6596641Z     forbids non-admin users
2026-09-15T11:12:32.7321410Z     rejects unauthenticated access
2026-09-15T11:12:39.1530245Z     allows admin to create a transaction chain
2026-09-15T11:12:39.1531060Z   SetMaintenance
2026-09-15T11:12:41.1816064Z     rejects unauthenticated access
2026-09-15T11:12:44.3155047Z     returns validation error when lock is missing
2026-09-15T11:12:52.8281612Z     allows admin to unlock maintenance
2026-09-15T11:12:55.0575322Z     forbids non-admin users
2026-09-15T11:12:57.3778245Z     forbids support users
2026-09-15T11:13:03.5710522Z     rejects locking an already locked cluster
2026-09-15T11:13:09.0140026Z     allows admin to lock cluster maintenance
2026-09-15T11:13:09.0142149Z   FullStats
2026-09-15T11:13:11.2420842Z     forbids support users
2026-09-15T11:13:13.2578433Z     rejects unauthenticated access
2026-09-15T11:13:16.3938653Z     allows admin and returns the full stats hash
2026-09-15T11:13:18.7072739Z     forbids non-admin users
2026-09-15T11:13:18.7073803Z   API description
2026-09-15T11:13:21.7677706Z     includes cluster endpoints
2026-09-15T11:13:21.7678082Z 
2026-09-15T11:13:21.7678341Z VpsAdmin::API::Resources::Location write actions
2026-09-15T11:13:21.7679217Z   API description
2026-09-15T11:13:24.8546888Z     includes location write endpoints
2026-09-15T11:13:24.8547458Z   SetMaintenance
2026-09-15T11:13:27.0688168Z     forbids normal users
2026-09-15T11:13:30.1313865Z     allows admin to unlock maintenance
2026-09-15T11:13:33.2062526Z     returns validation errors for missing lock
2026-09-15T11:13:39.3327213Z     rejects locking an already locked location
2026-09-15T11:13:41.6474193Z     forbids support users
2026-09-15T11:13:43.6381664Z     rejects unauthenticated access
2026-09-15T11:13:46.7294622Z     allows admin to lock maintenance
2026-09-15T11:13:46.7295173Z   Create
2026-09-15T11:13:49.8021470Z     allows admin to create with minimal payload
2026-09-15T11:13:52.8395108Z     returns validation errors for missing environment
2026-09-15T11:13:55.9239550Z     returns validation errors for missing domain
2026-09-15T11:13:58.2428484Z     forbids support users
2026-09-15T11:14:01.3457554Z     returns validation errors for missing has_ipv6
2026-09-15T11:14:04.3900370Z     returns validation errors for missing label
2026-09-15T11:14:06.3909887Z     rejects unauthenticated access
2026-09-15T11:14:08.7018823Z     forbids normal users
2026-09-15T11:14:08.7019266Z   Update
2026-09-15T11:14:10.9152309Z     forbids normal users
2026-09-15T11:14:14.0123294Z     returns validation errors for invalid domain
2026-09-15T11:14:17.0981862Z     returns validation errors for invalid has_ipv6
2026-09-15T11:14:19.1113587Z     rejects unauthenticated access
2026-09-15T11:14:22.1807960Z     allows admin to update and returns the object
2026-09-15T11:14:24.4931135Z     forbids support users
2026-09-15T11:14:24.4931468Z 
2026-09-15T11:14:24.4931691Z VpsAdmin::API::Resources::Language
2026-09-15T11:14:24.4932473Z   Index
2026-09-15T11:14:24.4940138Z     rejects unauthenticated access (core) (PENDING: skipped because plugins are enabled: requests)
2026-09-15T11:14:26.7190752Z     supports limit pagination
2026-09-15T11:14:29.7914682Z     allows admins to list languages
2026-09-15T11:14:31.8254192Z     allows unauthenticated access (requests plugin)
2026-09-15T11:14:34.1549192Z     supports from_id pagination
2026-09-15T11:14:36.3802170Z     returns total_count meta when requested
2026-09-15T11:14:38.7081536Z     allows users to list languages
2026-09-15T11:14:38.7082017Z   Show
2026-09-15T11:14:40.9243574Z     returns 404 for unknown language
2026-09-15T11:14:43.9717013Z     allows admins to show a language
2026-09-15T11:14:46.3214057Z     shows a language for users
2026-09-15T11:14:48.3358689Z     rejects unauthenticated access
2026-09-15T11:14:48.3359062Z 
2026-09-15T11:14:48.3359289Z VpsAdmin::API::Resources::ClusterResource
2026-09-15T11:14:48.3366836Z   Update
2026-09-15T11:14:51.3920343Z     returns validation errors for invalid label
2026-09-15T11:14:53.3854119Z     rejects unauthenticated access
2026-09-15T11:14:55.6716496Z     forbids normal users
2026-09-15T11:14:58.7974287Z     allows admin to update and returns the object
2026-09-15T11:14:58.7975409Z   Index
2026-09-15T11:15:00.7703661Z     rejects unauthenticated access
2026-09-15T11:15:03.0807156Z     allows authenticated users to list resources
2026-09-15T11:15:05.2869175Z     supports limit pagination
2026-09-15T11:15:07.6015999Z     supports from_id pagination
2026-09-15T11:15:09.8397084Z     returns total_count meta when requested
2026-09-15T11:15:09.8397617Z   Show
2026-09-15T11:15:11.8313434Z     rejects unauthenticated access
2026-09-15T11:15:14.1631974Z     shows a resource for authenticated users
2026-09-15T11:15:16.3885014Z     returns 404 for unknown resource
2026-09-15T11:15:16.3885704Z   Create
2026-09-15T11:15:18.4121320Z     rejects unauthenticated access
2026-09-15T11:15:21.4539244Z     allows admin to create a numeric resource with default resource_type
2026-09-15T11:15:23.7589906Z     forbids normal users
2026-09-15T11:15:26.8129567Z     returns validation errors for duplicate name
2026-09-15T11:15:29.8565634Z     returns validation errors for missing name
2026-09-15T11:15:29.8566097Z 
2026-09-15T11:15:29.8566390Z VpsAdmin::API::Resources::DefaultObjectClusterResource
2026-09-15T11:15:29.8568285Z   Index
2026-09-15T11:15:31.8440888Z     rejects unauthenticated access
2026-09-15T11:15:34.1686360Z     lists default object cluster resources for an environment and class name
2026-09-15T11:15:34.1687090Z   Update
2026-09-15T11:15:36.3873479Z     forbids normal users
2026-09-15T11:15:39.4472922Z     allows admin to update the value
2026-09-15T11:15:39.4473479Z   Create
2026-09-15T11:15:42.5093175Z     returns validation errors for missing value
2026-09-15T11:15:45.5505972Z     allows admin to create a default object cluster resource
2026-09-15T11:15:47.5363409Z     rejects unauthenticated access
2026-09-15T11:15:49.8515862Z     forbids normal users
2026-09-15T11:15:49.8516211Z   Delete
2026-09-15T11:15:52.1979132Z     forbids normal users
2026-09-15T11:15:55.2666549Z     allows admin to delete
2026-09-15T11:15:55.2667031Z   Show
2026-09-15T11:15:57.2581085Z     rejects unauthenticated access
2026-09-15T11:15:59.5672685Z     returns 404 for unknown resource
2026-09-15T11:16:01.9098803Z     shows a default object cluster resource for authenticated users
2026-09-15T11:16:01.9099309Z 
2026-09-15T11:16:01.9099537Z VpsAdmin::API::Resources::Node::Status
2026-09-15T11:16:01.9100171Z   Index
2026-09-15T11:16:05.0115800Z     supports pagination from_id
2026-09-15T11:16:08.0483006Z     supports pagination limit
2026-09-15T11:16:11.1106392Z     returns meta count
2026-09-15T11:16:13.4380896Z     forbids normal users
2026-09-15T11:16:15.4422917Z     rejects unauthenticated access
2026-09-15T11:16:18.5301345Z     filters by from datetime
2026-09-15T11:16:21.5656929Z     allows admin to list statuses for the node
2026-09-15T11:16:23.8769073Z     forbids support users
2026-09-15T11:16:26.9437136Z     filters by from and to datetime
2026-09-15T11:16:29.9896067Z     orders statuses by created_at desc
2026-09-15T11:16:33.0212763Z     returns validation errors for invalid datetime
2026-09-15T11:16:36.0863128Z     filters by to datetime
2026-09-15T11:16:36.0863471Z   Show
2026-09-15T11:16:39.1360681Z     scopes status to node
2026-09-15T11:16:42.2038118Z     returns 404 for unknown node id
2026-09-15T11:16:45.3467453Z     allows admin to show a status
2026-09-15T11:16:47.6187169Z     forbids support users
2026-09-15T11:16:49.6861599Z     rejects unauthenticated access
2026-09-15T11:16:52.7684653Z     returns 404 for unknown status id
2026-09-15T11:16:55.1109728Z     forbids normal users
2026-09-15T11:16:55.1110082Z   API description
2026-09-15T11:16:58.1990910Z     includes node.status scopes
2026-09-15T11:16:58.1991277Z 
2026-09-15T11:16:58.1991530Z VpsAdmin::API::Resources::MetricsAccessToken
2026-09-15T11:16:58.1996668Z   Delete
2026-09-15T11:17:00.2747103Z     rejects unauthenticated access
2026-09-15T11:17:02.5922003Z     hides other users tokens from normal users
2026-09-15T11:17:04.9918032Z     denies deleting own token while suspended
2026-09-15T11:17:07.4052941Z     allows normal users to delete their token
2026-09-15T11:17:10.6409551Z     allows admin to delete any token
2026-09-15T11:17:10.6410061Z   Index
2026-09-15T11:17:12.8439577Z     ignores user filter for normal users
2026-09-15T11:17:15.0521347Z     rejects unauthenticated access
2026-09-15T11:17:17.8893864Z     returns total_count meta when requested
2026-09-15T11:17:20.0938056Z     allows normal users to list their tokens
2026-09-15T11:17:23.1252232Z     allows admin to filter by user
2026-09-15T11:17:26.1969338Z     allows admin to list all tokens
2026-09-15T11:17:26.1969872Z   Show
2026-09-15T11:17:29.2321878Z     returns 404 for unknown token
2026-09-15T11:17:31.4183256Z     allows normal users to show their token
2026-09-15T11:17:33.3621192Z     rejects unauthenticated access
2026-09-15T11:17:35.5439210Z     hides other users tokens from normal users
2026-09-15T11:17:38.5342544Z     allows admin to show any token
2026-09-15T11:17:38.5342922Z   Create
2026-09-15T11:17:40.7169004Z     allows normal users to create a token for themselves
2026-09-15T11:17:43.7158084Z     allows admin to create a token for other users
2026-09-15T11:17:45.6710966Z     rejects unauthenticated access
2026-09-15T11:17:47.8437939Z     ignores user selection for normal users
2026-09-15T11:17:50.1420528Z     returns validation errors for invalid metric_prefix
2026-09-15T11:17:52.3240302Z     denies creating a token while suspended
2026-09-15T11:17:55.3690286Z [2026-09-15 11:17:55 +0000] Exception ResourceLocked: user lifecycle change is pending
2026-09-15T11:17:55.3691859Z /home/runner/work/vpsadmin/vpsadmin/api/models/metrics_access_token.rb:16:in 'block in MetricsAccessToken.create_for!'
2026-09-15T11:17:55.3693856Z /home/runner/work/vpsadmin/vpsadmin/api/vendor/bundle/ruby/3.4.0/gems/activerecord-8.1.3.1/lib/active_record/connection_adapters/abstract/database_statements.rb:376:in 'ActiveRecord::ConnectionAdapters::DatabaseStatements#transaction'
2026-09-15T11:17:55.3696330Z /home/runner/work/vpsadmin/vpsadmin/api/vendor/bundle/ruby/3.4.0/gems/activerecord-8.1.3.1/lib/active_record/transactions.rb:234:in 'block (2 levels) in ActiveRecord::Transactions::ClassMethods#transaction'
2026-09-15T11:17:55.3698841Z /home/runner/work/vpsadmin/vpsadmin/api/vendor/bundle/ruby/3.4.0/gems/activerecord-8.1.3.1/lib/active_record/connection_adapters/abstract/connection_pool.rb:485:in 'ActiveRecord::ConnectionAdapters::ConnectionPool#with_pool_transaction_isolation_level'
2026-09-15T11:17:55.3700796Z /home/runner/work/vpsadmin/vpsadmin/api/vendor/bundle/ruby/3.4.0/gems/activerecord-8.1.3.1/lib/active_record/transactions.rb:233:in 'block in ActiveRecord::Transactions::ClassMethods#transaction'
2026-09-15T11:17:55.3703173Z /home/runner/work/vpsadmin/vpsadmin/api/vendor/bundle/ruby/3.4.0/gems/activerecord-8.1.3.1/lib/active_record/connection_adapters/abstract/connection_pool.rb:463:in 'ActiveRecord::ConnectionAdapters::ConnectionPool#with_connection'
2026-09-15T11:17:55.3705003Z /home/runner/work/vpsadmin/vpsadmin/api/vendor/bundle/ruby/3.4.0/gems/activerecord-8.1.3.1/lib/active_record/connection_handling.rb:313:in 'ActiveRecord::ConnectionHandling#with_connection'
2026-09-15T11:17:55.3707486Z /home/runner/work/vpsadmin/vpsadmin/api/vendor/bundle/ruby/3.4.0/gems/activerecord-8.1.3.1/lib/active_record/transactions.rb:232:in 'ActiveRecord::Transactions::ClassMethods#transaction'
2026-09-15T11:17:55.3708770Z /home/runner/work/vpsadmin/vpsadmin/api/models/metrics_access_token.rb:13:in 'MetricsAccessToken.create_for!'
2026-09-15T11:17:55.3710062Z /home/runner/work/vpsadmin/vpsadmin/api/lib/vpsadmin/api/resources/metrics_access_token.rb:100:in 'VpsAdmin::API::Resources::MetricsAccessToken::Create#exec'
2026-09-15T11:17:55.3711802Z /home/runner/work/vpsadmin/vpsadmin/api/vendor/bundle/ruby/3.4.0/gems/haveapi-0.29.8/lib/haveapi/action.rb:406:in 'block in HaveAPI::Action#safe_exec'
2026-09-15T11:17:55.3713251Z /home/runner/work/vpsadmin/vpsadmin/api/vendor/bundle/ruby/3.4.0/gems/haveapi-0.29.8/lib/haveapi/action.rb:402:in 'Kernel#catch'
2026-09-15T11:17:55.3714751Z /home/runner/work/vpsadmin/vpsadmin/api/vendor/bundle/ruby/3.4.0/gems/haveapi-0.29.8/lib/haveapi/action.rb:402:in 'HaveAPI::Action#safe_exec'
2026-09-15T11:17:55.3716750Z /home/runner/work/vpsadmin/vpsadmin/api/vendor/bundle/ruby/3.4.0/gems/haveapi-0.29.8/lib/haveapi/server.rb:757:in 'block in mount_action'
2026-09-15T11:17:55.3718174Z /home/runner/work/vpsadmin/vpsadmin/api/vendor/bundle/ruby/3.4.0/gems/sinatra-4.2.1/lib/sinatra/base.rb:1811:in 'Method#call'
2026-09-15T11:17:55.3719545Z /home/runner/work/vpsadmin/vpsadmin/api/vendor/bundle/ruby/3.4.0/gems/sinatra-4.2.1/lib/sinatra/base.rb:1811:in 'block in Sinatra::Base.compile!'
2026-09-15T11:17:55.3721057Z /home/runner/work/vpsadmin/vpsadmin/api/vendor/bundle/ruby/3.4.0/gems/sinatra-4.2.1/lib/sinatra/base.rb:1074:in 'block (3 levels) in Sinatra::Base#route!'
2026-09-15T11:17:55.3722542Z /home/runner/work/vpsadmin/vpsadmin/api/vendor/bundle/ruby/3.4.0/gems/sinatra-4.2.1/lib/sinatra/base.rb:1092:in 'Sinatra::Base#route_eval'
2026-09-15T11:17:55.3724178Z /home/runner/work/vpsadmin/vpsadmin/api/vendor/bundle/ruby/3.4.0/gems/sinatra-4.2.1/lib/sinatra/base.rb:1074:in 'block (2 levels) in Sinatra::Base#route!'
2026-09-15T11:17:55.3726023Z /home/runner/work/vpsadmin/vpsadmin/api/vendor/bundle/ruby/3.4.0/gems/sinatra-4.2.1/lib/sinatra/base.rb:1123:in 'block in Sinatra::Base#process_route'
2026-09-15T11:17:55.3727436Z /home/runner/work/vpsadmin/vpsadmin/api/vendor/bundle/ruby/3.4.0/gems/sinatra-4.2.1/lib/sinatra/base.rb:1121:in 'Kernel#catch'
2026-09-15T11:17:55.3728775Z /home/runner/work/vpsadmin/vpsadmin/api/vendor/bundle/ruby/3.4.0/gems/sinatra-4.2.1/lib/sinatra/base.rb:1121:in 'Sinatra::Base#process_route'
2026-09-15T11:17:55.3730220Z /home/runner/work/vpsadmin/vpsadmin/api/vendor/bundle/ruby/3.4.0/gems/sinatra-4.2.1/lib/sinatra/base.rb:1072:in 'block in Sinatra::Base#route!'
2026-09-15T11:17:55.3731638Z /home/runner/work/vpsadmin/vpsadmin/api/vendor/bundle/ruby/3.4.0/gems/sinatra-4.2.1/lib/sinatra/base.rb:1069:in 'Array#each'
2026-09-15T11:17:55.3733050Z /home/runner/work/vpsadmin/vpsadmin/api/vendor/bundle/ruby/3.4.0/gems/sinatra-4.2.1/lib/sinatra/base.rb:1069:in 'Sinatra::Base#route!'
2026-09-15T11:17:55.3734402Z /home/runner/work/vpsadmin/vpsadmin/api/vendor/bundle/ruby/3.4.0/gems/sinatra-4.2.1/lib/sinatra/base.rb:1197:in 'block in Sinatra::Base#dispatch!'
2026-09-15T11:17:55.3735407Z /home/runner/work/vpsadmin/vpsadmin/api/vendor/bundle/ruby/3.4.0/gems/sinatra-4.2.1/lib/sinatra/base.rb:1168:in 'Kernel#catch'
2026-09-15T11:17:55.3736977Z /home/runner/work/vpsadmin/vpsadmin/api/vendor/bundle/ruby/3.4.0/gems/sinatra-4.2.1/lib/sinatra/base.rb:1168:in 'Sinatra::Base#invoke'
2026-09-15T11:17:55.3738507Z /home/runner/work/vpsadmin/vpsadmin/api/vendor/bundle/ruby/3.4.0/gems/sinatra-4.2.1/lib/sinatra/base.rb:1192:in 'Sinatra::Base#dispatch!'
2026-09-15T11:17:55.3739914Z /home/runner/work/vpsadmin/vpsadmin/api/vendor/bundle/ruby/3.4.0/gems/sinatra-4.2.1/lib/sinatra/base.rb:1004:in 'block in Sinatra::Base#call!'
2026-09-15T11:17:55.3741169Z /home/runner/work/vpsadmin/vpsadmin/api/vendor/bundle/ruby/3.4.0/gems/sinatra-4.2.1/lib/sinatra/base.rb:1168:in 'Kernel#catch'
2026-09-15T11:17:55.3742894Z /home/runner/work/vpsadmin/vpsadmin/api/vendor/bundle/ruby/3.4.0/gems/sinatra-4.2.1/lib/sinatra/base.rb:1168:in 'Sinatra::Base#invoke'
2026-09-15T11:17:55.3744288Z /home/runner/work/vpsadmin/vpsadmin/api/vendor/bundle/ruby/3.4.0/gems/sinatra-4.2.1/lib/sinatra/base.rb:1004:in 'Sinatra::Base#call!'
2026-09-15T11:17:55.3745635Z /home/runner/work/vpsadmin/vpsadmin/api/vendor/bundle/ruby/3.4.0/gems/sinatra-4.2.1/lib/sinatra/base.rb:993:in 'Sinatra::Base#call'
2026-09-15T11:17:55.3747251Z /home/runner/work/vpsadmin/vpsadmin/api/vendor/bundle/ruby/3.4.0/gems/rack-protection-4.2.1/lib/rack/protection/base.rb:53:in 'Rack::Protection::Base#call'
2026-09-15T11:17:55.3748904Z /home/runner/work/vpsadmin/vpsadmin/api/vendor/bundle/ruby/3.4.0/gems/rack-protection-4.2.1/lib/rack/protection/xss_header.rb:20:in 'Rack::Protection::XSSHeader#call'
2026-09-15T11:17:55.3750555Z /home/runner/work/vpsadmin/vpsadmin/api/vendor/bundle/ruby/3.4.0/gems/rack-protection-4.2.1/lib/rack/protection/path_traversal.rb:18:in 'Rack::Protection::PathTraversal#call'
2026-09-15T11:17:55.3752628Z /home/runner/work/vpsadmin/vpsadmin/api/vendor/bundle/ruby/3.4.0/gems/rack-protection-4.2.1/lib/rack/protection/json_csrf.rb:28:in 'Rack::Protection::JsonCsrf#call'
2026-09-15T11:17:55.3754192Z /home/runner/work/vpsadmin/vpsadmin/api/vendor/bundle/ruby/3.4.0/gems/rack-protection-4.2.1/lib/rack/protection/base.rb:53:in 'Rack::Protection::Base#call'
2026-09-15T11:17:55.3755999Z /home/runner/work/vpsadmin/vpsadmin/api/vendor/bundle/ruby/3.4.0/gems/rack-protection-4.2.1/lib/rack/protection/base.rb:53:in 'Rack::Protection::Base#call'
2026-09-15T11:17:55.3757779Z /home/runner/work/vpsadmin/vpsadmin/api/vendor/bundle/ruby/3.4.0/gems/rack-protection-4.2.1/lib/rack/protection/frame_options.rb:33:in 'Rack::Protection::FrameOptions#call'
2026-09-15T11:17:55.3759367Z /home/runner/work/vpsadmin/vpsadmin/api/vendor/bundle/ruby/3.4.0/gems/sinatra-4.2.1/lib/sinatra/middleware/logger.rb:17:in 'Sinatra::Middleware::Logger#call'
2026-09-15T11:17:55.3760817Z /home/runner/work/vpsadmin/vpsadmin/api/vendor/bundle/ruby/3.4.0/gems/rack-3.2.7/lib/rack/head.rb:15:in 'Rack::Head#call'
2026-09-15T11:17:55.3762172Z /home/runner/work/vpsadmin/vpsadmin/api/vendor/bundle/ruby/3.4.0/gems/sinatra-4.2.1/lib/sinatra/base.rb:227:in 'Sinatra::ExtendedRack#call'
2026-09-15T11:17:55.3763618Z /home/runner/work/vpsadmin/vpsadmin/api/vendor/bundle/ruby/3.4.0/gems/sinatra-4.2.1/lib/sinatra/base.rb:2144:in 'Sinatra::Wrapper#call'
2026-09-15T11:17:55.3765131Z /home/runner/work/vpsadmin/vpsadmin/api/vendor/bundle/ruby/3.4.0/gems/sinatra-4.2.1/lib/sinatra/base.rb:1681:in 'block in Sinatra::Base.call'
2026-09-15T11:17:55.3766941Z /home/runner/work/vpsadmin/vpsadmin/api/vendor/bundle/ruby/3.4.0/gems/sinatra-4.2.1/lib/sinatra/base.rb:1902:in 'Sinatra::Base.synchronize'
2026-09-15T11:17:55.3768272Z /home/runner/work/vpsadmin/vpsadmin/api/vendor/bundle/ruby/3.4.0/gems/sinatra-4.2.1/lib/sinatra/base.rb:1681:in 'Sinatra::Base.call'
2026-09-15T11:17:55.3769974Z /home/runner/work/vpsadmin/vpsadmin/api/vendor/bundle/ruby/3.4.0/gems/rack-test-2.2.0/lib/rack/test.rb:360:in 'Rack::Test::Session#process_request'
2026-09-15T11:17:55.3771586Z /home/runner/work/vpsadmin/vpsadmin/api/vendor/bundle/ruby/3.4.0/gems/rack-test-2.2.0/lib/rack/test.rb:163:in 'Rack::Test::Session#custom_request'
2026-09-15T11:17:55.3773140Z /home/runner/work/vpsadmin/vpsadmin/api/vendor/bundle/ruby/3.4.0/gems/rack-test-2.2.0/lib/rack/test.rb:112:in 'Rack::Test::Session#post'
2026-09-15T11:17:55.3774433Z /opt/hostedtoolcache/Ruby/3.4.10/x64/lib/ruby/3.4.0/forwardable.rb:240:in 'Rack::Test::Methods#post'
2026-09-15T11:17:55.3776130Z /home/runner/work/vpsadmin/vpsadmin/api/spec/api/resources/metrics_access_token_spec.rb:79:in 'RSpec::ExampleGroups::VpsAdminAPIResourcesMetricsAccessToken#json_post'
2026-09-15T11:17:55.3777286Z /home/runner/work/vpsadmin/vpsadmin/api/spec/api/resources/metrics_access_token_spec.rb:240:in 'block (4 levels) in <top (required)>'
2026-09-15T11:17:55.3778541Z /home/runner/work/vpsadmin/vpsadmin/api/spec/support/auth_helpers.rb:15:in 'AuthHelpers#as'
2026-09-15T11:17:55.3780087Z /home/runner/work/vpsadmin/vpsadmin/api/spec/api/resources/metrics_access_token_spec.rb:239:in 'block (3 levels) in <top (required)>'
2026-09-15T11:17:55.3781457Z /home/runner/work/vpsadmin/vpsadmin/api/vendor/bundle/ruby/3.4.0/gems/rspec-core-3.13.6/lib/rspec/core/example.rb:263:in 'BasicObject#instance_exec'
2026-09-15T11:17:55.3783009Z /home/runner/work/vpsadmin/vpsadmin/api/vendor/bundle/ruby/3.4.0/gems/rspec-core-3.13.6/lib/rspec/core/example.rb:263:in 'block in RSpec::Core::Example#run'
2026-09-15T11:17:55.3784917Z /home/runner/work/vpsadmin/vpsadmin/api/vendor/bundle/ruby/3.4.0/gems/rspec-core-3.13.6/lib/rspec/core/example.rb:511:in 'block in RSpec::Core::Example#with_around_and_singleton_context_hooks'
2026-09-15T11:17:55.3787210Z /home/runner/work/vpsadmin/vpsadmin/api/vendor/bundle/ruby/3.4.0/gems/rspec-core-3.13.6/lib/rspec/core/example.rb:468:in 'block in RSpec::Core::Example#with_around_example_hooks'
2026-09-15T11:17:55.3789172Z /home/runner/work/vpsadmin/vpsadmin/api/vendor/bundle/ruby/3.4.0/gems/rspec-core-3.13.6/lib/rspec/core/hooks.rb:486:in 'block in RSpec::Core::Hooks::HookCollections#run'
2026-09-15T11:17:55.3791171Z /home/runner/work/vpsadmin/vpsadmin/api/vendor/bundle/ruby/3.4.0/gems/rspec-core-3.13.6/lib/rspec/core/hooks.rb:626:in 'block in RSpec::Core::Hooks::HookCollections#run_around_example_hooks_for'
2026-09-15T11:17:55.3792880Z /home/runner/work/vpsadmin/vpsadmin/api/vendor/bundle/ruby/3.4.0/gems/rspec-core-3.13.6/lib/rspec/core/example.rb:352:in 'RSpec::Core::Example::Procsy#call'
2026-09-15T11:17:55.3794356Z /home/runner/work/vpsadmin/vpsadmin/api/spec/spec_helper.rb:25:in 'block (3 levels) in <top (required)>'
2026-09-15T11:17:55.3796515Z /home/runner/work/vpsadmin/vpsadmin/api/vendor/bundle/ruby/3.4.0/gems/activerecord-8.1.3.1/lib/active_record/connection_adapters/abstract/transaction.rb:648:in 'block in ActiveRecord::ConnectionAdapters::TransactionManager#within_new_transaction'
2026-09-15T11:17:55.3799108Z /home/runner/work/vpsadmin/vpsadmin/api/vendor/bundle/ruby/3.4.0/gems/activesupport-8.1.3.1/lib/active_support/concurrency/null_lock.rb:9:in 'ActiveSupport::Concurrency::NullLock#synchronize'
2026-09-15T11:17:55.3801610Z /home/runner/work/vpsadmin/vpsadmin/api/vendor/bundle/ruby/3.4.0/gems/activerecord-8.1.3.1/lib/active_record/connection_adapters/abstract/transaction.rb:645:in 'ActiveRecord::ConnectionAdapters::TransactionManager#within_new_transaction'
2026-09-15T11:17:55.3804294Z /home/runner/work/vpsadmin/vpsadmin/api/vendor/bundle/ruby/3.4.0/gems/activerecord-8.1.3.1/lib/active_record/connection_adapters/abstract/database_statements.rb:386:in 'ActiveRecord::ConnectionAdapters::DatabaseStatements#within_new_transaction'
2026-09-15T11:17:55.3807042Z /home/runner/work/vpsadmin/vpsadmin/api/vendor/bundle/ruby/3.4.0/gems/activerecord-8.1.3.1/lib/active_record/connection_adapters/abstract/database_statements.rb:378:in 'ActiveRecord::ConnectionAdapters::DatabaseStatements#transaction'
2026-09-15T11:17:55.3809636Z /home/runner/work/vpsadmin/vpsadmin/api/vendor/bundle/ruby/3.4.0/gems/activerecord-8.1.3.1/lib/active_record/transactions.rb:234:in 'block (2 levels) in ActiveRecord::Transactions::ClassMethods#transaction'
2026-09-15T11:17:55.3812122Z /home/runner/work/vpsadmin/vpsadmin/api/vendor/bundle/ruby/3.4.0/gems/activerecord-8.1.3.1/lib/active_record/connection_adapters/abstract/connection_pool.rb:485:in 'ActiveRecord::ConnectionAdapters::ConnectionPool#with_pool_transaction_isolation_level'
2026-09-15T11:17:55.3814725Z /home/runner/work/vpsadmin/vpsadmin/api/vendor/bundle/ruby/3.4.0/gems/activerecord-8.1.3.1/lib/active_record/transactions.rb:233:in 'block in ActiveRecord::Transactions::ClassMethods#transaction'
2026-09-15T11:17:55.3817169Z /home/runner/work/vpsadmin/vpsadmin/api/vendor/bundle/ruby/3.4.0/gems/activerecord-8.1.3.1/lib/active_record/connection_adapters/abstract/connection_pool.rb:463:in 'ActiveRecord::ConnectionAdapters::ConnectionPool#with_connection'
2026-09-15T11:17:55.3819869Z /home/runner/work/vpsadmin/vpsadmin/api/vendor/bundle/ruby/3.4.0/gems/activerecord-8.1.3.1/lib/active_record/connection_handling.rb:313:in 'ActiveRecord::ConnectionHandling#with_connection'
2026-09-15T11:17:55.3821883Z /home/runner/work/vpsadmin/vpsadmin/api/vendor/bundle/ruby/3.4.0/gems/activerecord-8.1.3.1/lib/active_record/transactions.rb:232:in 'ActiveRecord::Transactions::ClassMethods#transaction'
2026-09-15T11:17:55.3823535Z /home/runner/work/vpsadmin/vpsadmin/api/spec/spec_helper.rb:24:in 'block (2 levels) in <top (required)>'
2026-09-15T11:17:55.3824837Z /home/runner/work/vpsadmin/vpsadmin/api/vendor/bundle/ruby/3.4.0/gems/rspec-core-3.13.6/lib/rspec/core/example.rb:457:in 'BasicObject#instance_exec'
2026-09-15T11:17:55.3826729Z /home/runner/work/vpsadmin/vpsadmin/api/vendor/bundle/ruby/3.4.0/gems/rspec-core-3.13.6/lib/rspec/core/example.rb:457:in 'RSpec::Core::Example#instance_exec'
2026-09-15T11:17:55.3828528Z /home/runner/work/vpsadmin/vpsadmin/api/vendor/bundle/ruby/3.4.0/gems/rspec-core-3.13.6/lib/rspec/core/hooks.rb:390:in 'RSpec::Core::Hooks::AroundHook#execute_with'
2026-09-15T11:17:55.3830850Z /home/runner/work/vpsadmin/vpsadmin/api/vendor/bundle/ruby/3.4.0/gems/rspec-core-3.13.6/lib/rspec/core/hooks.rb:628:in 'block (2 levels) in RSpec::Core::Hooks::HookCollections#run_around_example_hooks_for'
2026-09-15T11:17:55.3832567Z /home/runner/work/vpsadmin/vpsadmin/api/vendor/bundle/ruby/3.4.0/gems/rspec-core-3.13.6/lib/rspec/core/example.rb:352:in 'RSpec::Core::Example::Procsy#call'
2026-09-15T11:17:55.3834313Z /home/runner/work/vpsadmin/vpsadmin/api/vendor/bundle/ruby/3.4.0/gems/rspec-core-3.13.6/lib/rspec/core/hooks.rb:629:in 'RSpec::Core::Hooks::HookCollections#run_around_example_hooks_for'
2026-09-15T11:17:55.3836257Z /home/runner/work/vpsadmin/vpsadmin/api/vendor/bundle/ruby/3.4.0/gems/rspec-core-3.13.6/lib/rspec/core/hooks.rb:486:in 'RSpec::Core::Hooks::HookCollections#run'
2026-09-15T11:17:55.3838007Z /home/runner/work/vpsadmin/vpsadmin/api/vendor/bundle/ruby/3.4.0/gems/rspec-core-3.13.6/lib/rspec/core/example.rb:468:in 'RSpec::Core::Example#with_around_example_hooks'
2026-09-15T11:17:55.3839955Z /home/runner/work/vpsadmin/vpsadmin/api/vendor/bundle/ruby/3.4.0/gems/rspec-core-3.13.6/lib/rspec/core/example.rb:511:in 'RSpec::Core::Example#with_around_and_singleton_context_hooks'
2026-09-15T11:17:55.3841540Z /home/runner/work/vpsadmin/vpsadmin/api/vendor/bundle/ruby/3.4.0/gems/rspec-core-3.13.6/lib/rspec/core/example.rb:259:in 'RSpec::Core::Example#run'
2026-09-15T11:17:55.3843275Z /home/runner/work/vpsadmin/vpsadmin/api/vendor/bundle/ruby/3.4.0/gems/rspec-core-3.13.6/lib/rspec/core/example_group.rb:653:in 'block in RSpec::Core::ExampleGroup.run_examples'
2026-09-15T11:17:55.3844897Z /home/runner/work/vpsadmin/vpsadmin/api/vendor/bundle/ruby/3.4.0/gems/rspec-core-3.13.6/lib/rspec/core/example_group.rb:649:in 'Array#map'
2026-09-15T11:17:55.3846793Z /home/runner/work/vpsadmin/vpsadmin/api/vendor/bundle/ruby/3.4.0/gems/rspec-core-3.13.6/lib/rspec/core/example_group.rb:649:in 'RSpec::Core::ExampleGroup.run_examples'
2026-09-15T11:17:55.3848021Z /home/runner/work/vpsadmin/vpsadmin/api/vendor/bundle/ruby/3.4.0/gems/rspec-core-3.13.6/lib/rspec/core/example_group.rb:614:in 'RSpec::Core::ExampleGroup.run'
2026-09-15T11:17:55.3849068Z /home/runner/work/vpsadmin/vpsadmin/api/vendor/bundle/ruby/3.4.0/gems/rspec-core-3.13.6/lib/rspec/core/example_group.rb:615:in 'block in RSpec::Core::ExampleGroup.run'
2026-09-15T11:17:55.3850043Z /home/runner/work/vpsadmin/vpsadmin/api/vendor/bundle/ruby/3.4.0/gems/rspec-core-3.13.6/lib/rspec/core/example_group.rb:615:in 'Array#map'
2026-09-15T11:17:55.3851022Z /home/runner/work/vpsadmin/vpsadmin/api/vendor/bundle/ruby/3.4.0/gems/rspec-core-3.13.6/lib/rspec/core/example_group.rb:615:in 'RSpec::Core::ExampleGroup.run'
2026-09-15T11:17:55.3852480Z /home/runner/work/vpsadmin/vpsadmin/api/vendor/bundle/ruby/3.4.0/gems/rspec-core-3.13.6/lib/rspec/core/runner.rb:121:in 'block (3 levels) in RSpec::Core::Runner#run_specs'
2026-09-15T11:17:55.3854072Z /home/runner/work/vpsadmin/vpsadmin/api/vendor/bundle/ruby/3.4.0/gems/rspec-core-3.13.6/lib/rspec/core/runner.rb:121:in 'Array#map'
2026-09-15T11:17:55.3856201Z /home/runner/work/vpsadmin/vpsadmin/api/vendor/bundle/ruby/3.4.0/gems/rspec-core-3.13.6/lib/rspec/core/runner.rb:121:in 'block (2 levels) in RSpec::Core::Runner#run_specs'
2026-09-15T11:17:55.3858054Z /home/runner/work/vpsadmin/vpsadmin/api/vendor/bundle/ruby/3.4.0/gems/rspec-core-3.13.6/lib/rspec/core/configuration.rb:2097:in 'RSpec::Core::Configuration#with_suite_hooks'
2026-09-15T11:17:55.3859614Z /home/runner/work/vpsadmin/vpsadmin/api/vendor/bundle/ruby/3.4.0/gems/rspec-core-3.13.6/lib/rspec/core/runner.rb:116:in 'block in RSpec::Core::Runner#run_specs'
2026-09-15T11:17:55.3860822Z /home/runner/work/vpsadmin/vpsadmin/api/vendor/bundle/ruby/3.4.0/gems/rspec-core-3.13.6/lib/rspec/core/reporter.rb:74:in 'RSpec::Core::Reporter#report'
2026-09-15T11:17:55.3862420Z /home/runner/work/vpsadmin/vpsadmin/api/vendor/bundle/ruby/3.4.0/gems/rspec-core-3.13.6/lib/rspec/core/runner.rb:115:in 'RSpec::Core::Runner#run_specs'
2026-09-15T11:17:55.3864263Z /home/runner/work/vpsadmin/vpsadmin/api/vendor/bundle/ruby/3.4.0/gems/rspec-core-3.13.6/lib/rspec/core/runner.rb:89:in 'RSpec::Core::Runner#run'
2026-09-15T11:17:55.3866054Z /home/runner/work/vpsadmin/vpsadmin/api/vendor/bundle/ruby/3.4.0/gems/rspec-core-3.13.6/lib/rspec/core/runner.rb:71:in 'RSpec::Core::Runner.run'
2026-09-15T11:17:55.3880265Z /home/runner/work/vpsadmin/vpsadmin/api/vendor/bundle/ruby/3.4.0/gems/rspec-core-3.13.6/lib/rspec/core/runner.rb:45:in 'RSpec::Core::Runner.invoke'
2026-09-15T11:17:55.3881584Z /home/runner/work/vpsadmin/vpsadmin/api/vendor/bundle/ruby/3.4.0/gems/rspec-core-3.13.6/exe/rspec:4:in '<top (required)>'
2026-09-15T11:17:55.3882383Z /home/runner/work/vpsadmin/vpsadmin/api/vendor/bundle/ruby/3.4.0/bin/rspec:25:in 'Kernel#load'
2026-09-15T11:17:55.3883047Z /home/runner/work/vpsadmin/vpsadmin/api/vendor/bundle/ruby/3.4.0/bin/rspec:25:in '<top (required)>'
2026-09-15T11:17:55.3883682Z /opt/hostedtoolcache/Ruby/3.4.10/x64/lib/ruby/3.4.0/bundler/cli/exec.rb:59:in 'Kernel.load'
2026-09-15T11:17:55.3884382Z /opt/hostedtoolcache/Ruby/3.4.10/x64/lib/ruby/3.4.0/bundler/cli/exec.rb:59:in 'Bundler::CLI::Exec#kernel_load'
2026-09-15T11:17:55.3885050Z /opt/hostedtoolcache/Ruby/3.4.10/x64/lib/ruby/3.4.0/bundler/cli/exec.rb:23:in 'Bundler::CLI::Exec#run'
2026-09-15T11:17:55.3885862Z /opt/hostedtoolcache/Ruby/3.4.10/x64/lib/ruby/3.4.0/bundler/cli.rb:452:in 'Bundler::CLI#exec'
2026-09-15T11:17:55.3886568Z /opt/hostedtoolcache/Ruby/3.4.10/x64/lib/ruby/3.4.0/bundler/vendor/thor/lib/thor/command.rb:28:in 'Bundler::Thor::Command#run'
2026-09-15T11:17:55.3887494Z /opt/hostedtoolcache/Ruby/3.4.10/x64/lib/ruby/3.4.0/bundler/vendor/thor/lib/thor/invocation.rb:127:in 'Bundler::Thor::Invocation#invoke_command'
2026-09-15T11:17:55.3888319Z /opt/hostedtoolcache/Ruby/3.4.10/x64/lib/ruby/3.4.0/bundler/vendor/thor/lib/thor.rb:538:in 'Bundler::Thor.dispatch'
2026-09-15T11:17:55.3889004Z /opt/hostedtoolcache/Ruby/3.4.10/x64/lib/ruby/3.4.0/bundler/cli.rb:35:in 'Bundler::CLI.dispatch'
2026-09-15T11:17:55.3889778Z /opt/hostedtoolcache/Ruby/3.4.10/x64/lib/ruby/3.4.0/bundler/vendor/thor/lib/thor/base.rb:584:in 'Bundler::Thor::Base::ClassMethods#start'
2026-09-15T11:17:55.3890528Z /opt/hostedtoolcache/Ruby/3.4.10/x64/lib/ruby/3.4.0/bundler/cli.rb:29:in 'Bundler::CLI.start'
2026-09-15T11:17:55.3891214Z /opt/hostedtoolcache/Ruby/3.4.10/x64/lib/ruby/gems/3.4.0/gems/bundler-2.6.9/exe/bundle:28:in 'block in <top (required)>'
2026-09-15T11:17:55.3891958Z /opt/hostedtoolcache/Ruby/3.4.10/x64/lib/ruby/3.4.0/bundler/friendly_errors.rb:117:in 'Bundler.with_friendly_errors'
2026-09-15T11:17:55.3892664Z /opt/hostedtoolcache/Ruby/3.4.10/x64/lib/ruby/gems/3.4.0/gems/bundler-2.6.9/exe/bundle:20:in '<top (required)>'
2026-09-15T11:17:55.3893241Z /opt/hostedtoolcache/Ruby/3.4.10/x64/bin/bundle:25:in 'Kernel#load'
2026-09-15T11:17:55.3893672Z /opt/hostedtoolcache/Ruby/3.4.10/x64/bin/bundle:25:in '<main>'
2026-09-15T11:17:55.3894111Z     rejects creation after a destructive lifecycle state is requested
2026-09-15T11:17:55.3894389Z 
2026-09-15T11:17:55.3894510Z VpsAdmin::API::Resources::ObjectHistory
2026-09-15T11:17:55.3895010Z   Index
2026-09-15T11:17:57.5847976Z     allows support users to list only their events
2026-09-15T11:18:00.6134500Z     allows admins to list all events
2026-09-15T11:18:03.6839334Z     filters by object type
2026-09-15T11:18:06.7567590Z     allows admins to filter by user
2026-09-15T11:18:08.9568532Z     allows normal users to list only their events
2026-09-15T11:18:11.2718230Z     ignores user filter for non-admin users
2026-09-15T11:18:14.1599588Z     filters by event_type
2026-09-15T11:18:17.1331393Z     filters by object id
2026-09-15T11:18:19.1177572Z     rejects unauthenticated access
2026-09-15T11:18:21.3127124Z     filters by user_session
2026-09-15T11:18:30.3474696Z     supports pagination and meta count for admins
2026-09-15T11:18:33.3777003Z     orders by created_at and id ascending
2026-09-15T11:18:33.3777538Z   Show
2026-09-15T11:18:35.5627547Z     allows users to show their event
2026-09-15T11:18:37.5092702Z     rejects unauthenticated access
2026-09-15T11:18:40.5531943Z     returns 404 for unknown event id
2026-09-15T11:18:43.5896949Z     allows admins to show any event
2026-09-15T11:18:45.7794870Z     returns 404 for other users events
2026-09-15T11:18:45.7795385Z   API description
2026-09-15T11:18:48.6167772Z     includes object_history scopes
2026-09-15T11:18:48.6168158Z 
2026-09-15T11:18:48.6168422Z VpsAdmin::API::Resources::Environment write actions
2026-09-15T11:18:48.6169347Z   Update
2026-09-15T11:18:51.5732228Z     returns validation errors for invalid label
2026-09-15T11:18:54.5919761Z     returns validation errors for invalid domain
2026-09-15T11:18:56.7604396Z     forbids support users
2026-09-15T11:18:59.0633113Z     forbids normal users
2026-09-15T11:19:00.8885023Z     rejects unauthenticated access
2026-09-15T11:19:03.8413868Z     allows admin to update and returns the object
2026-09-15T11:19:03.8414439Z   SetMaintenance
2026-09-15T11:19:06.0090115Z     forbids normal users
2026-09-15T11:19:07.9405964Z     rejects unauthenticated access
2026-09-15T11:19:13.9860846Z     rejects locking an already locked environment
2026-09-15T11:19:16.1532377Z     forbids support users
2026-09-15T11:19:19.1752619Z     returns validation errors for missing lock
2026-09-15T11:19:22.2177946Z     allows admin to unlock maintenance
2026-09-15T11:19:25.2498742Z     allows admin to lock maintenance
2026-09-15T11:19:25.2499288Z   API description
2026-09-15T11:19:28.1510312Z     includes environment write endpoints
2026-09-15T11:19:28.1510837Z   Create
2026-09-15T11:19:30.4608550Z     forbids normal users
2026-09-15T11:19:33.3238000Z     returns validation errors for invalid domain
2026-09-15T11:19:35.6281925Z     forbids support users
2026-09-15T11:19:38.5352996Z     returns validation errors for missing domain
2026-09-15T11:19:41.4916676Z     returns validation errors for missing label
2026-09-15T11:19:43.4718245Z     rejects unauthenticated access
2026-09-15T11:19:46.5057897Z     allows admin to create with minimal payload
2026-09-15T11:19:46.5058320Z 
2026-09-15T11:19:46.5058512Z payments Fio backend
2026-09-15T11:19:46.5190876Z   persists positive incoming payments and splits source details
2026-09-15T11:19:46.5207949Z   ignores outgoing payments
2026-09-15T11:19:46.5239664Z   warns and skips duplicate transaction IDs
2026-09-15T11:19:46.5240181Z 
2026-09-15T11:19:46.5240451Z API lifecycle bypass regressions
2026-09-15T11:19:46.5241921Z   Operational per-VPS records
2026-09-15T11:19:57.8937479Z     blocks suspended users and suspended VPSes from user-data mutations and deploys
2026-09-15T11:20:04.6823054Z     blocks suspended users from creating, updating, or deleting host IP addresses
2026-09-15T11:20:11.4140418Z     blocks suspended users from managing OOM report rules
2026-09-15T11:20:11.4141029Z   VPS owner operations
2026-09-15T11:20:18.1704325Z     blocks suspended users from queuing VPS access/control mutations
2026-09-15T11:20:22.7482475Z     blocks active users from cloning or swapping suspended VPSes
2026-09-15T11:20:25.1335921Z     blocks suspended users from deleting suspended VPSes
2026-09-15T11:20:25.1336385Z   User-owned control plane records
2026-09-15T11:20:38.4865960Z     blocks suspended users from managing namespace maps and entries
2026-09-15T11:20:40.7655814Z     blocks suspended users from deleting snapshot downloads
2026-09-15T11:20:49.6105363Z     blocks suspended users from reading or managing DNS TSIG secrets
2026-09-15T11:21:00.6875071Z     blocks suspended users from mutating SSH keys and mail recipients
2026-09-15T11:21:00.6876040Z     with a DNS record owned by a suspended user
2026-09-15T11:21:07.4476555Z       allows an authenticated administrator to update the record
2026-09-15T11:21:12.9991974Z       blocks the authenticated owner from updating the record
2026-09-15T11:21:12.9992569Z   VPS nested mutations
2026-09-15T11:21:19.8593207Z     blocks suspended users from creating, showing, deleting, or using console tokens
2026-09-15T11:21:35.4840912Z     blocks suspended users from changing features, mounts, and maintenance windows
2026-09-15T11:21:35.4841464Z   Dataset and snapshot mutations
2026-09-15T11:21:42.2509104Z     blocks suspended users from creating, deleting, or rolling back snapshots
2026-09-15T11:21:46.8120907Z     blocks suspended users from changing dataset plans
2026-09-15T11:21:55.7132694Z     blocks suspended users from mutating datasets
2026-09-15T11:22:09.1042326Z     blocks active users from exporting deleted datasets or mutating deleted exports
2026-09-15T11:22:09.1044666Z 
2026-09-15T11:22:09.1045089Z VpsAdmin::API::Resources::NodeSystemState
2026-09-15T11:22:09.1045633Z   system-state show
2026-09-15T11:22:12.1299261Z     lets admins show inactive states
2026-09-15T11:22:16.6520358Z     lets members show active states but hides inactive states
2026-09-15T11:22:16.6521020Z   system-state index
2026-09-15T11:22:19.6022188Z     filters by Node, current state, and overlapping observation window
2026-09-15T11:22:21.8465117Z     returns typed values
2026-09-15T11:22:23.6839169Z     rejects unauthenticated access
2026-09-15T11:22:26.0208561Z     lets members list active hosting Nodes newest first
2026-09-15T11:22:31.9132560Z     lets admins include or select inactive Nodes
2026-09-15T11:22:34.1263305Z     lets support users list active hosting Nodes
2026-09-15T11:22:38.6309758Z     paginates by observation time when older rows have newer IDs
2026-09-15T11:22:38.6310388Z   cgroup-state projection
2026-09-15T11:22:40.8312269Z     returns cgroup history without capacity fields
2026-09-15T11:22:43.1231428Z     coalesces capacity-only changes into one cgroup period
2026-09-15T11:22:48.3301731Z     applies the same active-Node boundary to show
2026-09-15T11:22:48.3302269Z   API description
2026-09-15T11:22:51.2383512Z     exposes system and narrow cgroup scopes
2026-09-15T11:22:51.2383824Z 
2026-09-15T11:22:51.2383975Z VpsAdmin::API::Resources::OsFamily
2026-09-15T11:22:51.2385120Z   Update
2026-09-15T11:22:54.2757101Z     returns validation errors for blank label
2026-09-15T11:22:56.2451046Z     rejects unauthenticated access
2026-09-15T11:22:59.2670721Z     allows admin to update an os family
2026-09-15T11:23:01.4358357Z     forbids normal users
2026-09-15T11:23:04.4503875Z     returns 404 for unknown family
2026-09-15T11:23:04.4504344Z   Show
2026-09-15T11:23:06.6249608Z     returns 404 for unknown family
2026-09-15T11:23:09.6375729Z     allows admins to show an os family
2026-09-15T11:23:11.6303111Z     rejects unauthenticated access
2026-09-15T11:23:13.8141459Z     shows an os family for users
2026-09-15T11:23:16.1370110Z   Index
2026-09-15T11:23:16.1370484Z     supports limit pagination
2026-09-15T11:23:18.2981331Z     supports from_id pagination
2026-09-15T11:23:20.4922086Z     allows users to list os families
2026-09-15T11:23:22.4128316Z     rejects unauthenticated access
2026-09-15T11:23:24.5899302Z     orders families by label
2026-09-15T11:23:27.5977221Z     allows admins to list os families
2026-09-15T11:23:29.7778863Z     returns total_count meta when requested
2026-09-15T11:23:29.7779378Z   Create
2026-09-15T11:23:32.7960464Z     returns validation errors for missing label
2026-09-15T11:23:35.8331005Z     allows admin to create an os family
2026-09-15T11:23:38.0064868Z     forbids normal users
2026-09-15T11:23:39.9854507Z     rejects unauthenticated access
2026-09-15T11:23:39.9854984Z   Delete
2026-09-15T11:23:43.0361126Z     allows admin to delete unused os families
2026-09-15T11:23:45.2189014Z     forbids normal users
2026-09-15T11:23:48.2493176Z     rejects delete when os family is in use
2026-09-15T11:23:50.2359232Z     rejects unauthenticated access
2026-09-15T11:23:50.2359632Z 
2026-09-15T11:23:50.2359858Z VpsAdmin::API::Authentication::OAuth2Config
2026-09-15T11:23:50.8105918Z   creates OAuth2 token sessions without a user agent header
2026-09-15T11:23:51.3440118Z   does not convert fulfilled WebAuthn MFA after a destructive state is requested
2026-09-15T11:23:51.8690066Z   rejects authorization after destructive lifecycle state is requested
2026-09-15T11:23:52.4009729Z   records new-device authorization metadata from X-Real-IP
2026-09-15T11:23:52.9466141Z   refreshes tokens by replacing the access token and refresh token
2026-09-15T11:23:53.4913245Z   records known-device authorization metadata from X-Real-IP
2026-09-15T11:23:54.0364531Z   does not find authorization codes for locked or forced-reset users
2026-09-15T11:23:54.5824133Z   shows a completed recovery on the credentials form instead of using SSO
2026-09-15T11:23:55.3944440Z   attaches a required password change only when its OAuth code is exchanged
2026-09-15T11:23:55.9279129Z   rejects token refresh after destructive lifecycle state is requested
2026-09-15T11:23:56.7205404Z   revokes access tokens only for the authenticated OAuth2 client
2026-09-15T11:23:57.2472700Z   keeps the support link while password recovery is disabled
2026-09-15T11:23:57.7735664Z   rejects authorization from an SSO closed after lookup
2026-09-15T11:23:58.3277750Z   rolls back OAuth code exchange when the password change cannot be attached
2026-09-15T11:23:58.8583987Z   shows the alert when the completion-shown marker does not match
2026-09-15T11:23:59.4001114Z   completes fulfilled WebAuthn MFA and creates an authorization code
2026-09-15T11:23:59.9283257Z   does not copy an oversized login into the password recovery URL
2026-09-15T11:24:00.4556833Z   clears an invalid completed recovery without showing an alert
2026-09-15T11:24:01.2480910Z   does not show a deleted-client completion through a non-default client
2026-09-15T11:24:01.7768116Z   clears an expired completed recovery without showing an alert
2026-09-15T11:24:02.3125729Z   converts fulfilled WebAuthn MFA to a required password reset
2026-09-15T11:24:02.8433355Z   rejects a refresh token revoked after lookup
2026-09-15T11:24:03.1172073Z   finds users by access token only when OAuth2 auth is enabled
2026-09-15T11:24:03.6469881Z   rejects an authorization code revoked after lookup
2026-09-15T11:24:04.1747461Z   links to password recovery with OAuth client and locale context when enabled
2026-09-15T11:24:04.7069948Z   rejects authorization-code exchange after destructive lifecycle state is requested
2026-09-15T11:24:05.5150170Z   uses the shared password minimum in OAuth reset validation, forms and errors
2026-09-15T11:24:06.0429059Z   does not find expired authorization codes
2026-09-15T11:24:06.5696750Z   renders the authorize page for a valid client
2026-09-15T11:24:07.1106033Z   completes TOTP authentication and creates an authorization code
2026-09-15T11:24:07.6401421Z   creates authorization cookies and SSO metadata
2026-09-15T11:24:08.4234423Z   rejects authorization created after its password generation changes
2026-09-15T11:24:08.9613063Z   creates a user session, destroys the auth code, and returns access and refresh tokens
2026-09-15T11:24:09.2248115Z   falls back to a readable auth error when a symbolic error has no translation
2026-09-15T11:24:09.7548772Z   localizes the labelled reset-password branch in Czech
2026-09-15T11:24:10.8122889Z   completes TOTP authentication with a recovery code and disables the device
2026-09-15T11:24:11.3507866Z   does not authorize from SSO when password reset is pending
2026-09-15T11:24:12.4060779Z   renders passkey MFA without automatically starting WebAuthn
2026-09-15T11:24:12.9350143Z   renders keyed auth errors in the requested authorize page language
2026-09-15T11:24:13.7263550Z   does not consume a completed recovery for another OAuth client
2026-09-15T11:24:14.7961396Z   does not skip MFA on a remembered device when password reset is pending
2026-09-15T11:24:15.8453347Z   re-renders the authorize page with an auth token when credentials require MFA
2026-09-15T11:24:16.6404326Z   revokes refresh tokens only for the authenticated OAuth2 client
2026-09-15T11:24:17.1700349Z   localizes the completed recovery alert using the authorization request
2026-09-15T11:24:17.9643225Z   shows a completed recovery through the current default after its client is deleted
2026-09-15T11:24:18.5061632Z   rechecks login eligibility before TOTP completion creates an authorization
2026-09-15T11:24:19.0360495Z   rejects revoke handling without an authenticated OAuth2 client
2026-09-15T11:24:19.8367269Z   rechecks OAuth2 enablement before reset completion creates an authorization
2026-09-15T11:24:20.3681429Z   re-renders the reset-password branch when passwords do not match
2026-09-15T11:24:20.8937016Z   uses ui_locales for the authorize page language
2026-09-15T11:24:21.4316723Z   does not find refresh tokens for locked or forced-reset users
2026-09-15T11:24:21.9656518Z   does not repeat a completed recovery alert already shown before authorization
2026-09-15T11:24:21.9657127Z 
2026-09-15T11:24:21.9657316Z VpsAdmin::API::Resources::Node
2026-09-15T11:24:21.9657730Z   OverviewList
2026-09-15T11:24:24.1675736Z     forbids support users
2026-09-15T11:24:26.4601004Z     forbids normal users
2026-09-15T11:24:28.2939026Z     rejects unauthenticated access
2026-09-15T11:24:31.3276113Z     allows admins to list overview data
2026-09-15T11:24:31.3276666Z   Description
2026-09-15T11:24:34.3560852Z     describes the show endpoint for HaveAPI clients
2026-09-15T11:24:34.3561472Z   Index
2026-09-15T11:24:37.5634617Z     allows admins to list nodes with full output
2026-09-15T11:24:40.6246107Z     filters by location
2026-09-15T11:24:42.8188326Z     allows users to list nodes with limited output
2026-09-15T11:24:45.8409233Z     supports limit pagination
2026-09-15T11:24:47.8428411Z     rejects unauthenticated access
2026-09-15T11:24:50.9069602Z     returns total_count meta when requested
2026-09-15T11:24:53.9568018Z     filters by environment
2026-09-15T11:24:57.0009756Z     filters by state
2026-09-15T11:25:00.0471927Z     supports from_id pagination
2026-09-15T11:25:02.2437950Z     allows support to list nodes with limited output
2026-09-15T11:25:02.2440107Z   PublicStatus
2026-09-15T11:25:04.3161010Z     allows unauthenticated access with ids hidden
2026-09-15T11:25:06.5023179Z     includes ids for authenticated users
2026-09-15T11:25:06.5023765Z   Show
2026-09-15T11:25:08.4746213Z     rejects unauthenticated access
2026-09-15T11:25:11.5590310Z     does not expose a kernel for service nodes
2026-09-15T11:25:14.6168159Z     allows admins to show inactive nodes
2026-09-15T11:25:17.6547084Z     shows unknown capacity before a hosting Node reports
2026-09-15T11:25:20.7110502Z     allows admins to show nodes with full output
2026-09-15T11:25:23.7788540Z     returns 404 for unknown node
2026-09-15T11:25:25.9656624Z     allows users to show nodes with limited output
2026-09-15T11:25:28.9942444Z     shows observed capacity instead of the legacy rollback cache
2026-09-15T11:25:31.1662266Z     allows support to show nodes with limited output
2026-09-15T11:25:35.6497777Z     hides inactive nodes from users and support
2026-09-15T11:25:35.6498144Z 
2026-09-15T11:25:35.6498295Z VpsAdmin::Scheduler::CronScheduler
2026-09-15T11:25:35.6514328Z   queues only matching tasks during a run tick
2026-09-15T11:25:35.6519580Z   adds and returns tasks by id
2026-09-15T11:25:35.6525833Z   sleeps until the next minute boundary
2026-09-15T11:25:35.6533190Z   replaces the task set atomically
2026-09-15T11:25:35.6533527Z 
2026-09-15T11:25:35.6533709Z VpsAdmin::Scheduler::CronTask
2026-09-15T11:25:35.6538122Z   parses numeric fields as single-value ranges
2026-09-15T11:25:35.6541902Z   parses wildcard fields as complete cron ranges
2026-09-15T11:25:35.6545709Z   matches only configured numeric fields
2026-09-15T11:25:35.6549168Z   exports scheduler payload attributes
2026-09-15T11:25:35.6552528Z   matches wildcard schedules
2026-09-15T11:25:35.6552911Z 
2026-09-15T11:25:35.6553188Z VpsAdmin::API::IncidentReports
2026-09-15T11:25:35.6553854Z   VpsAdmin::API::IncidentReports::Handler
2026-09-15T11:25:35.8014486Z Incident #69 user=3 vps=232 ip=192.0.2.20/32
2026-09-15T11:25:35.8215879Z     fires Send for active incidents in execute mode
2026-09-15T11:25:35.9414087Z Incident #70 user=3 vps=233 ip=192.0.2.20/32
2026-09-15T11:25:35.9462835Z     fires Reply when there are no active incidents but a reply is available
2026-09-15T11:25:35.9509788Z     returns the processed boolean in dry-run mode without firing chains
2026-09-15T11:25:35.9510309Z   VpsAdmin::API::IncidentReports::Parser
2026-09-15T11:25:36.0781200Z     finds an exact address assignment
2026-09-15T11:25:36.3220116Z     picks the current time-bounded assignment
2026-09-15T11:25:36.3256546Z     returns nil when no address matches
2026-09-15T11:25:36.4549931Z     finds an address from a larger encompassing network
2026-09-15T11:25:36.4550390Z 
2026-09-15T11:25:36.4550612Z VpsAdmin::API::Plugins::Requests::IPQS
2026-09-15T11:25:36.4561885Z   raises a useful error when IP JSON cannot be parsed
2026-09-15T11:25:36.4567770Z   checks mail addresses with the expected URL and parses the response
2026-09-15T11:25:36.4572648Z   checks IP addresses with the expected URL and parses the response
2026-09-15T11:25:36.4576537Z   exposes response success and keyed values
2026-09-15T11:25:36.4582132Z   raises a useful error when mail JSON cannot be parsed
2026-09-15T11:25:36.4582707Z 
2026-09-15T11:25:36.4582995Z VpsAdmin::API::Resources::MigrationPlan
2026-09-15T11:25:36.4584085Z   MigrationPlan
2026-09-15T11:25:36.4585783Z     Show
2026-09-15T11:25:38.6762681Z       forbids non-admin access
2026-09-15T11:25:40.6513280Z       rejects unauthenticated access
2026-09-15T11:25:43.6518597Z       shows plan details for admins
2026-09-15T11:25:46.7032229Z       returns 404 for unknown plan
2026-09-15T11:25:46.7032754Z     Index
2026-09-15T11:25:48.8775912Z       forbids non-admin access
2026-09-15T11:25:51.8968128Z       supports limit pagination
2026-09-15T11:25:54.9631325Z       filters by user
2026-09-15T11:25:58.0432375Z       filters by state
2026-09-15T11:26:01.0933590Z       returns total_count meta when requested
2026-09-15T11:26:04.1506662Z       lists plans for admins
2026-09-15T11:26:06.1446548Z       rejects unauthenticated access
2026-09-15T11:26:06.1447047Z     Delete
2026-09-15T11:26:09.2002949Z       rejects delete on non-staged plan
2026-09-15T11:26:11.3886245Z       forbids non-admin access
2026-09-15T11:26:14.3876227Z       returns 404 for missing plan
2026-09-15T11:26:17.4302445Z       deletes a staged plan
2026-09-15T11:26:19.4112282Z       rejects unauthenticated access
2026-09-15T11:26:19.4112771Z     Create
2026-09-15T11:26:22.4648389Z       creates a plan with overrides
2026-09-15T11:26:25.5053887Z       creates a plan with defaults
2026-09-15T11:26:27.6952341Z       forbids non-admin access
2026-09-15T11:26:29.6511133Z       rejects unauthenticated access
2026-09-15T11:26:32.6795165Z       returns validation errors for invalid concurrency
2026-09-15T11:26:32.6795944Z     Start
2026-09-15T11:26:34.8758205Z       forbids non-admin access
2026-09-15T11:26:37.8639115Z       returns 404 for missing plan
2026-09-15T11:26:39.8558784Z       rejects unauthenticated access
2026-09-15T11:26:42.9135964Z       rejects start on non-staged plan
2026-09-15T11:26:45.9877562Z       starts a staged plan and advances migrations
2026-09-15T11:26:45.9878194Z     Cancel
2026-09-15T11:26:49.0320858Z       rejects cancel on non-running plan
2026-09-15T11:26:52.0849877Z       returns 404 for missing plan
2026-09-15T11:26:55.1445842Z       cancels a running plan and queued migrations
2026-09-15T11:26:57.3297140Z       forbids non-admin access
2026-09-15T11:26:59.2924764Z       rejects unauthenticated access
2026-09-15T11:26:59.2925319Z   VpsMigration (nested)
2026-09-15T11:26:59.2926110Z     Index
2026-09-15T11:27:02.3502514Z       filters by state
2026-09-15T11:27:05.4149269Z       lists only migrations for the plan
2026-09-15T11:27:08.2959461Z       filters by src_node
2026-09-15T11:27:11.3336137Z       filters by dst_node
2026-09-15T11:27:13.5102914Z       forbids non-admin access
2026-09-15T11:27:15.4302853Z       rejects unauthenticated access
2026-09-15T11:27:15.4303366Z     Show
2026-09-15T11:27:17.2929878Z       rejects unauthenticated access
2026-09-15T11:27:20.1889108Z       returns 404 for missing migration
2026-09-15T11:27:23.2296769Z       returns 404 for wrong plan id
2026-09-15T11:27:25.3974808Z       forbids non-admin access
2026-09-15T11:27:28.3589807Z       shows migration details for admins
2026-09-15T11:27:28.3590363Z     Create
2026-09-15T11:27:30.5896377Z       forbids non-admin access
2026-09-15T11:27:33.4811225Z       creates a migration under a staged plan
2026-09-15T11:27:35.3496094Z       rejects unauthenticated access
2026-09-15T11:27:38.3264487Z       returns validation errors for missing vps
2026-09-15T11:27:41.2032860Z       rejects create when plan is not staged
2026-09-15T11:27:44.2750069Z       returns 404 for missing plan
2026-09-15T11:27:47.1624333Z       returns validation errors for missing dst_node
2026-09-15T11:27:47.1624759Z 
2026-09-15T11:27:47.1624999Z VpsAdmin::API::Authentication::WebauthnRegister
2026-09-15T11:27:47.1660907Z   returns an HTML body with token header, redirect URI, and logo URL
2026-09-15T11:27:47.1661395Z 
2026-09-15T11:27:47.1661556Z VpsAdmin::Scheduler::Worker
2026-09-15T11:27:47.1675708Z   executes the resolved row
2026-09-15T11:27:47.1684433Z   looks up the task by class name and primary key
2026-09-15T11:27:47.1692051Z   warns and does not raise when the row is missing
2026-09-15T11:27:47.1702026Z   rescues task exceptions and warns
2026-09-15T11:27:47.1702323Z 
2026-09-15T11:27:47.1702502Z VpsAdmin::Supervisor::Console::Rpc
2026-09-15T11:27:47.1703296Z   VpsAdmin::Supervisor::Console::Rpc::Request
2026-09-15T11:27:47.1713666Z     replies with an error for handler exceptions and reraises
2026-09-15T11:27:47.1720435Z     passes args and symbolizes kwargs
2026-09-15T11:27:47.1730773Z     rejects inherited Ruby dispatch methods
2026-09-15T11:27:47.1736977Z     replies with an error for unknown commands
2026-09-15T11:27:47.1743799Z     replies with an error for invalid JSON and reraises
2026-09-15T11:27:47.1750282Z     replies with successful handler responses
2026-09-15T11:27:47.1750787Z   VpsAdmin::Supervisor::Console::Rpc::Handler
2026-09-15T11:27:47.1858960Z     extends a valid console session expiration
2026-09-15T11:27:47.1951686Z     returns the VPS node domain for a valid console session
2026-09-15T11:27:47.2009724Z     returns nil for a missing console session
2026-09-15T11:27:47.2027744Z     returns the configured API URL
2026-09-15T11:27:47.2111205Z     returns nil for an expired console session
2026-09-15T11:27:47.2111652Z 
2026-09-15T11:27:47.2111851Z VpsAdmin::API::Resources::Transaction
2026-09-15T11:27:47.2112603Z   read actions
2026-09-15T11:27:47.2113259Z     Index
2026-09-15T11:27:49.4315865Z       returns only own transactions for normal users
2026-09-15T11:27:52.4576932Z       supports from_id pagination
2026-09-15T11:27:55.3619558Z       allows admin to list all transactions
2026-09-15T11:27:58.4279104Z       filters by done
2026-09-15T11:28:01.3007900Z       filters by transaction_chain
2026-09-15T11:28:04.3562636Z       returns total_count meta when requested
2026-09-15T11:28:06.5169463Z       returns only own transactions for support users
2026-09-15T11:28:08.4283943Z       rejects unauthenticated access
2026-09-15T11:28:11.3518036Z       filters by success
2026-09-15T11:28:14.2287558Z       supports limit pagination
2026-09-15T11:28:14.2288069Z     Show
2026-09-15T11:28:16.2013215Z       rejects unauthenticated access
2026-09-15T11:28:18.3789858Z       hides other users transactions from normal users
2026-09-15T11:28:21.2905423Z       returns 404 for unknown transaction
2026-09-15T11:28:24.2594331Z       localizes labels
2026-09-15T11:28:27.2511914Z       allows admin to show any transaction
2026-09-15T11:28:29.4216328Z       allows normal users to show their transaction
2026-09-15T11:28:31.6229394Z       hides other users transactions from support users
2026-09-15T11:28:31.6229821Z 
2026-09-15T11:28:31.6230029Z VpsAdmin::API::Resources::Component
2026-09-15T11:28:31.6230819Z   Index
2026-09-15T11:28:33.6350168Z     supports limit pagination
2026-09-15T11:28:35.4517184Z     supports from_id pagination
2026-09-15T11:28:37.6482759Z     allows authenticated access
2026-09-15T11:28:39.5849881Z     returns total_count meta when requested
2026-09-15T11:28:41.4182689Z     allows unauthenticated access
2026-09-15T11:28:41.4183217Z   Show
2026-09-15T11:28:43.4246989Z     allows unauthenticated access
2026-09-15T11:28:45.5949578Z     allows authenticated access
2026-09-15T11:28:47.5192714Z     returns 404 for unknown component
2026-09-15T11:28:47.5193110Z 
2026-09-15T11:28:47.5193304Z VpsAdmin::Scheduler::Daemon
2026-09-15T11:28:47.5278781Z   loads repeatable tasks in id order and maps cron fields
2026-09-15T11:28:47.5301750Z   pushes update notifications to the internal queue
2026-09-15T11:28:47.5348830Z   starts collaborators and blocks on queue pop in the run loop
2026-09-15T11:28:47.5349257Z 
2026-09-15T11:28:47.5349410Z payments plugin metrics
2026-09-15T11:28:47.5465941Z   exports monthly payment and paid-until for the current token user
2026-09-15T11:28:47.5472515Z 
2026-09-15T11:28:47.5472775Z VpsAdmin::API::Resources::ActionState
2026-09-15T11:28:47.5473802Z   Index
2026-09-15T11:28:49.7686732Z     supports limit pagination
2026-09-15T11:28:54.1149642Z     orders by newest by default and oldest when requested
2026-09-15T11:28:56.3231926Z     supports from_id pagination
2026-09-15T11:28:58.6957717Z     validates order choices
2026-09-15T11:29:00.5398149Z     returns empty list for unauthenticated requests
2026-09-15T11:29:02.7420266Z     lists only queued and rollbacking chains for the current user
2026-09-15T11:29:02.7420888Z   Cancel
2026-09-15T11:29:05.1312921Z     returns not implemented for authenticated users
2026-09-15T11:29:06.9690069Z     treats unauthenticated requests as not found
2026-09-15T11:29:09.2239000Z     returns not found for unknown ids
2026-09-15T11:29:11.6151152Z     hides other user chains
2026-09-15T11:29:11.6151668Z   Show
2026-09-15T11:29:13.7958913Z     shows a chain owned by the current user
2026-09-15T11:29:15.9871914Z     marks done chains as finished with success
2026-09-15T11:29:18.1923951Z     marks failed chains as finished with failure
2026-09-15T11:29:20.5599964Z     hides other user chains
2026-09-15T11:29:22.7249140Z     returns not found for unknown ids
2026-09-15T11:29:24.5444590Z     treats unauthenticated requests as not found
2026-09-15T11:29:24.5445198Z   Poll
2026-09-15T11:29:26.9070303Z     returns immediately when update_in criteria mismatch
2026-09-15T11:29:29.0590195Z     hides other user chains
2026-09-15T11:29:30.8752841Z     treats unauthenticated requests as not found
2026-09-15T11:29:33.2374295Z     returns immediately with timeout 0
2026-09-15T11:29:35.3973370Z     returns not found for unknown ids
2026-09-15T11:29:35.3973784Z 
2026-09-15T11:29:35.3974246Z VpsAdmin::API::Resources::NodeTransferConnection
2026-09-15T11:29:35.3975809Z   Delete
2026-09-15T11:29:38.3133391Z     allows admin to delete a connection
2026-09-15T11:29:38.3133928Z   Update
2026-09-15T11:29:41.2662399Z     allows admin to update endpoint addresses
2026-09-15T11:29:44.1328373Z     allows admin to toggle enabled
2026-09-15T11:29:47.1536709Z     rejects invalid IP updates
2026-09-15T11:29:47.1537238Z   API description
2026-09-15T11:29:49.9836365Z     does not expose node pair changes in update input
2026-09-15T11:29:52.6807384Z     includes node_transfer_connection endpoints
2026-09-15T11:29:52.6807983Z   Index and Show
2026-09-15T11:29:55.6672085Z     shows a single connection
2026-09-15T11:29:58.5810186Z     filters by enabled
2026-09-15T11:30:04.4139545Z     filters by node regardless of canonical ordering
2026-09-15T11:30:07.4916277Z     allows admin to list connections
2026-09-15T11:30:07.4916830Z   Create
2026-09-15T11:30:10.3732469Z     rejects same-node pairs
2026-09-15T11:30:13.4041734Z     defaults enabled to true when omitted
2026-09-15T11:30:15.5538614Z     forbids support users
2026-09-15T11:30:17.7281103Z     forbids normal users
2026-09-15T11:30:20.7452912Z     rejects CIDR input
2026-09-15T11:30:23.6410299Z     allows admin to create a node transfer connection
2026-09-15T11:30:26.7345041Z     rejects invalid IP input
2026-09-15T11:30:29.6699888Z     rejects duplicate pairs even when reversed
2026-09-15T11:30:31.6734895Z     rejects unauthenticated access
2026-09-15T11:30:34.5735869Z     normalizes reversed node order on create
2026-09-15T11:30:34.5739763Z 
2026-09-15T11:30:34.5740398Z VpsAdmin::API::Resources::NodeKernelEvidence
2026-09-15T11:30:36.9254024Z   forbids normal users
2026-09-15T11:30:37.7194459Z   resolves typed associations with only the required read scopes
2026-09-15T11:30:52.4540867Z   shows every evidence resource used as an association target
2026-09-15T11:31:30.9803436Z   keeps recovery checkpoints outside public evidence and component resources
2026-09-15T11:31:36.9325976Z   does not change the evidence revision for unrelated status samples
2026-09-15T11:32:30.4790950Z   excludes service-only nodes from all evidence resources
2026-09-15T11:32:45.3204905Z   returns software identities, grouped deployments and per-name sysctl history
2026-09-15T11:32:48.5248498Z   selects a filtered pre-window baseline independently for every Node
2026-09-15T11:32:56.6410756Z   paginates large event histories in the database without omissions
2026-09-15T11:33:05.6842528Z   returns reported collection errors and stored reconstruction coverage facts
2026-09-15T11:33:08.6704116Z   lists exact private history with a baseline event for time filters
2026-09-15T11:33:14.7456620Z   filters kernel events by livepatch lifecycle action
2026-09-15T11:33:20.6425694Z   publishes only typed top-level evidence resources
2026-09-15T11:33:23.5961533Z   filters relational kernel options by node and exact option name
2026-09-15T11:33:41.5272427Z   returns independently filterable runtime component rows
2026-09-15T11:33:44.6423639Z   lists current evidence for all host nodes with a typed Node association
2026-09-15T11:33:44.6425143Z 
2026-09-15T11:33:44.6426040Z VpsAdmin::API::Resources::Node::KernelHistory
2026-09-15T11:33:46.8127317Z   does not expose kernel history for service-only nodes
2026-09-15T11:33:48.6898039Z   rejects unauthenticated requests
2026-09-15T11:33:50.9639409Z   does not expose inactive node history
2026-09-15T11:33:53.6843454Z   publishes the kernel history action in the API description
2026-09-15T11:33:56.0018446Z   returns newest events first with a stable id tie-breaker
2026-09-15T11:33:58.1615995Z   allows logged-in users to read sanitized history
2026-09-15T11:33:58.1616432Z 
2026-09-15T11:33:58.1616661Z VpsAdmin::API::Resources::SecurityAdvisory
2026-09-15T11:33:58.1618046Z   Affected resource indexes
2026-09-15T11:34:05.2464410Z     limits affected VPS rows to the current user
2026-09-15T11:34:07.4735749Z     lists only current user advisory summaries for normal users
2026-09-15T11:34:12.0125722Z     lets users filter advisory summaries by their own VPS
2026-09-15T11:34:12.0126159Z   Advisory updates
2026-09-15T11:34:16.9245340Z     creates public updates without sending mail by default
2026-09-15T11:34:19.8234188Z     rejects updates for missing advisories
2026-09-15T11:34:33.7005407Z     requires update summaries and lets admins edit and delete update text
2026-09-15T11:34:33.7006361Z   CVEs
2026-09-15T11:34:36.5925377Z     checks the advisory revision when adding a CVE
2026-09-15T11:34:42.5658642Z     rejects invalid and duplicate CVEs
2026-09-15T11:34:45.6192104Z     rejects CVEs for missing advisories
2026-09-15T11:34:57.4746593Z     allows admins to manage advisory CVEs
2026-09-15T11:35:02.3140250Z     limits public CVE lists to visible advisories
2026-09-15T11:35:02.3140854Z   Create and update
2026-09-15T11:35:08.2622628Z     allows admins to create and update drafts
2026-09-15T11:35:12.2660598Z     requires admin access
2026-09-15T11:35:21.2123695Z     rejects stale and post-publication draft updates
2026-09-15T11:35:24.1294359Z     requires a content revision for draft mutations
2026-09-15T11:35:30.0553656Z     creates an initial CVE atomically and retries by external id
2026-09-15T11:35:30.0554301Z   API description
2026-09-15T11:35:44.3532727Z     documents security advisory form parameters
2026-09-15T11:35:47.2783205Z     includes security advisory endpoints
2026-09-15T11:35:47.2784289Z   Node statuses and publication
2026-09-15T11:35:51.2934423Z     lists node statuses publicly only for published advisories
2026-09-15T11:35:54.3350125Z     does not expose the legacy note field in the API contract
2026-09-15T11:36:00.2198679Z     checks the advisory revision when creating node status
2026-09-15T11:36:15.0407261Z     blocks publication until all node statuses are mitigated or not affected
2026-09-15T11:36:21.0336671Z     creates and updates localized node notes
2026-09-15T11:36:24.0801963Z     blocks publication without at least one CVE
2026-09-15T11:36:26.9633449Z     rejects node statuses for missing advisories
2026-09-15T11:36:30.0355662Z     loads localized notes for the public index in one query
2026-09-15T11:36:31.5378557Z     supports the complete automation workflow with only its exact token scopes
2026-09-15T11:36:31.5379132Z   Index and show
2026-09-15T11:36:36.4564802Z     shows only published advisories to public readers
2026-09-15T11:36:48.4448925Z     paginates effective-date ordering in both directions
2026-09-15T11:36:53.4002578Z     hides administrative counters from public output
2026-09-15T11:36:59.3475882Z     orders drafts and published advisories by their effective dates
2026-09-15T11:36:59.3478456Z 
2026-09-15T11:36:59.3478937Z VpsAdmin::API::Resources::ClusterResourcePackage
2026-09-15T11:36:59.3479507Z   Item Index
2026-09-15T11:37:01.5631913Z     forbids normal users
2026-09-15T11:37:03.6276476Z     rejects unauthenticated access
2026-09-15T11:37:05.7900156Z     forbids support users
2026-09-15T11:37:08.6832309Z     lists items for admin users
2026-09-15T11:37:08.6832808Z   Item Create
2026-09-15T11:37:10.9911190Z     forbids support users
2026-09-15T11:37:12.8298895Z     rejects unauthenticated access
2026-09-15T11:37:15.0313375Z     forbids normal users
2026-09-15T11:37:18.1039276Z     returns validation errors for missing value
2026-09-15T11:37:21.0306987Z     allows admin to create an item
2026-09-15T11:37:21.0307527Z   Update
2026-09-15T11:37:24.1268942Z     allows admin to update and returns the object
2026-09-15T11:37:26.0136307Z     rejects unauthenticated access
2026-09-15T11:37:28.2418424Z     forbids support users
2026-09-15T11:37:30.5553959Z     forbids normal users
2026-09-15T11:37:33.4613959Z     returns validation errors for invalid label
2026-09-15T11:37:33.4614484Z   Create
2026-09-15T11:37:35.4191354Z     rejects unauthenticated access
2026-09-15T11:37:38.3394959Z     allows admin to create a package
2026-09-15T11:37:40.5148441Z     forbids normal users
2026-09-15T11:37:42.7200531Z     forbids support users
2026-09-15T11:37:45.7615171Z     returns validation errors for invalid label
2026-09-15T11:37:45.7617516Z   Item Delete
2026-09-15T11:37:48.6731726Z     allows admin to delete an item
2026-09-15T11:37:50.6863167Z     rejects unauthenticated access
2026-09-15T11:37:52.8768180Z     forbids normal users
2026-09-15T11:37:55.0838753Z     forbids support users
2026-09-15T11:37:55.0839247Z   Index
2026-09-15T11:37:58.1514385Z     returns total_count meta when requested
2026-09-15T11:38:01.0427317Z     filters by user when nil
2026-09-15T11:38:04.1147998Z     supports limit pagination
2026-09-15T11:38:07.0111927Z     supports from_id pagination
2026-09-15T11:38:08.9386375Z     rejects unauthenticated access
2026-09-15T11:38:11.1646915Z     forbids normal users
2026-09-15T11:38:13.3718046Z     forbids support users
2026-09-15T11:38:16.4605403Z     allows admin to list packages
2026-09-15T11:38:16.4606118Z   Show
2026-09-15T11:38:18.3160444Z     rejects unauthenticated access
2026-09-15T11:38:20.5281250Z     forbids support users
2026-09-15T11:38:22.8564397Z     forbids normal users
2026-09-15T11:38:25.7462579Z     shows a package for admin users
2026-09-15T11:38:28.7865626Z     returns 404 for unknown package
2026-09-15T11:38:28.7866143Z   Delete
2026-09-15T11:38:31.0057576Z     forbids normal users
2026-09-15T11:38:33.1809398Z     forbids support users
2026-09-15T11:38:36.1006596Z     allows admin to delete a package and its items
2026-09-15T11:38:38.0443397Z     rejects unauthenticated access
2026-09-15T11:38:38.0443920Z   Item Update
2026-09-15T11:38:40.9597141Z     allows admin to update an item value
2026-09-15T11:38:43.2819333Z     forbids normal users
2026-09-15T11:38:45.4896310Z     forbids support users
2026-09-15T11:38:48.4079882Z     returns validation errors for missing value
2026-09-15T11:38:50.4280032Z     rejects unauthenticated access
2026-09-15T11:38:50.4280554Z   Item Show
2026-09-15T11:38:53.3399306Z     shows an item for admin users
2026-09-15T11:38:56.4345999Z     returns 404 for unknown item
2026-09-15T11:38:58.3443137Z     rejects unauthenticated access
2026-09-15T11:39:00.6625725Z     forbids support users
2026-09-15T11:39:02.8780969Z     forbids normal users
2026-09-15T11:39:02.8781299Z 
2026-09-15T11:39:02.8781522Z VpsAdmin::API::Resources::OomReportRule
2026-09-15T11:39:02.8783247Z   Update
2026-09-15T11:39:04.7590405Z     rejects unauthenticated access
2026-09-15T11:39:07.8727079Z     allows admin to update other user rule
2026-09-15T11:39:10.0858882Z     allows user to update own rule
2026-09-15T11:39:12.2969205Z     does not let users reassign owned rules to another VPS
2026-09-15T11:39:14.7048851Z     returns 404 when updating other user rule
2026-09-15T11:39:16.9196422Z     rejects invalid action choice
2026-09-15T11:39:16.9196908Z   Delete
2026-09-15T11:39:19.8603835Z     allows admin to delete other user rule
2026-09-15T11:39:21.8783810Z     rejects unauthenticated access
2026-09-15T11:39:24.0624304Z     returns 404 when deleting other user rule
2026-09-15T11:39:27.1738261Z     returns 404 for missing id
2026-09-15T11:39:29.3506889Z     allows user to delete own rule
2026-09-15T11:39:29.3507403Z   Index
2026-09-15T11:39:31.1699470Z     rejects unauthenticated access
2026-09-15T11:39:34.2111007Z     allows admin to see all rules
2026-09-15T11:39:38.5813598Z     filters by vps and respects restrictions
2026-09-15T11:39:40.7658148Z     returns only rules for the current user in ascending order
2026-09-15T11:39:40.7658828Z   Show
2026-09-15T11:39:42.9667129Z     shows user-owned rule
2026-09-15T11:39:45.9827311Z     returns 404 for missing id
2026-09-15T11:39:47.8856716Z     rejects unauthenticated access
2026-09-15T11:39:50.8948695Z     allows admin to view other user rule
2026-09-15T11:39:53.0832249Z     returns 404 for other user rule
2026-09-15T11:39:53.0832769Z   API description
2026-09-15T11:39:55.9897098Z     includes oom_report_rule endpoints
2026-09-15T11:40:04.3946119Z     documents oom_report_rule inputs
2026-09-15T11:40:04.3946665Z   Create
2026-09-15T11:40:06.5851765Z     rejects invalid action choice
2026-09-15T11:40:08.6370836Z     rejects unauthenticated access
2026-09-15T11:40:10.8291216Z     returns validation errors for missing cgroup_pattern
2026-09-15T11:40:13.0299656Z     returns validation errors for missing vps
2026-09-15T11:40:15.4524888Z     rejects create when rule limit is exceeded
2026-09-15T11:40:17.6401349Z     rejects too long cgroup_pattern
2026-09-15T11:40:19.8209071Z     returns validation errors for missing action
2026-09-15T11:40:22.0370025Z     allows user to create for own vps
2026-09-15T11:40:25.0949176Z     allows admin to create for other vps
2026-09-15T11:40:27.2860025Z     prevents user from creating for other vps
2026-09-15T11:40:27.2860737Z 
2026-09-15T11:40:27.2861129Z VpsAdmin::API::Resources::SystemConfig
2026-09-15T11:40:27.2861903Z   Show
2026-09-15T11:40:29.2466329Z     allows unauthenticated access to public config
2026-09-15T11:40:32.1425898Z     does not allow admin access to hidden config
2026-09-15T11:40:34.2929176Z     rejects support from accessing admin-only config
2026-09-15T11:40:36.1766201Z     returns 404 for unknown config
2026-09-15T11:40:38.4479624Z     allows users to access user-only config
2026-09-15T11:40:40.2461291Z     returns localized_value for localized hash settings
2026-09-15T11:40:42.2703597Z     rejects unauthenticated access to user-only config
2026-09-15T11:40:44.4115333Z     allows support to access support-only config
2026-09-15T11:40:46.5745254Z     rejects users from accessing support-only config
2026-09-15T11:40:48.4120060Z     does not localize ordinary hash settings
2026-09-15T11:40:51.4600186Z     allows admin to access admin-only config
2026-09-15T11:40:51.4603443Z   Update
2026-09-15T11:40:53.6330979Z     rejects support updates
2026-09-15T11:40:56.6077253Z     returns 404 for unknown config
2026-09-15T11:40:59.5578140Z     allows admin to update string values
2026-09-15T11:41:02.4855967Z     allows admin to update array values with YAML
2026-09-15T11:41:04.6977147Z     rejects user updates
2026-09-15T11:41:06.6603579Z     rejects unauthenticated updates
2026-09-15T11:41:06.6604064Z   Index
2026-09-15T11:41:09.5527603Z     shows admin config for admin
2026-09-15T11:41:11.7565415Z     shows user config for normal users
2026-09-15T11:41:14.0706466Z     shows support config for support
2026-09-15T11:41:15.8669641Z     filters by category
2026-09-15T11:41:17.8177637Z     shows only public config for unauthenticated users
2026-09-15T11:41:17.8178051Z 
2026-09-15T11:41:17.8178260Z VpsAdmin::API::Resources::Node write actions
2026-09-15T11:41:17.8187548Z   SetMaintenance
2026-09-15T11:41:20.7132963Z     returns validation errors for missing lock
2026-09-15T11:41:22.5272565Z     rejects unauthenticated access
2026-09-15T11:41:25.5771255Z     allows admin to lock maintenance
2026-09-15T11:41:27.7488918Z     forbids support users
2026-09-15T11:41:29.9345804Z     forbids normal users
2026-09-15T11:41:32.9820228Z     allows admin to unlock maintenance
2026-09-15T11:41:38.9404212Z     rejects locking an already locked node
2026-09-15T11:41:38.9404608Z   Create
2026-09-15T11:41:41.1267231Z     forbids normal users
2026-09-15T11:41:47.3196360Z     allows admin to create with minimal payload
2026-09-15T11:41:49.5015160Z     forbids support users
2026-09-15T11:41:55.6973981Z     accepts legacy bootstrap capacity fields without treating them as observed
2026-09-15T11:42:01.8377917Z     returns validation errors for invalid ip_addr
2026-09-15T11:42:07.9648384Z     returns validation errors for missing name
2026-09-15T11:42:09.8006099Z     rejects unauthenticated access
2026-09-15T11:42:09.8006685Z   Update
2026-09-15T11:42:11.7249218Z     rejects unauthenticated access
2026-09-15T11:42:14.6499050Z     allows admin to update node
2026-09-15T11:42:16.9953211Z     forbids support users
2026-09-15T11:42:19.1608593Z     forbids normal users
2026-09-15T11:42:22.0692401Z     does not expose legacy capacity fields as editable inputs
2026-09-15T11:42:25.0716628Z     returns validation errors for invalid ip_addr
2026-09-15T11:42:25.0717215Z   Evacuate
2026-09-15T11:42:27.9478814Z     returns validation errors for missing destination node
2026-09-15T11:42:30.1566458Z     forbids support users
2026-09-15T11:42:32.1674754Z     rejects unauthenticated access
2026-09-15T11:42:34.3355345Z     forbids normal users
2026-09-15T11:42:40.4130541Z     allows admin to evacuate node and creates a transaction chain
2026-09-15T11:42:40.4131004Z   API description
2026-09-15T11:42:43.4515155Z     includes node write endpoints
2026-09-15T11:42:43.4515777Z 
2026-09-15T11:42:43.4515988Z VpsAdmin::API::DatasetPlans
2026-09-15T11:42:43.5546574Z   records confirmation operations instead of immediately destroying rows
2026-09-15T11:42:43.6409878Z   raises when a plan is not enabled in the dataset environment
2026-09-15T11:42:43.7265296Z   creates group-snapshot action, repeatable task, and group snapshot
2026-09-15T11:42:43.8124043Z   registers a plan for a dataset in pool
2026-09-15T11:42:43.9041620Z   unregisters a group-snapshot plan and removes its side effects
2026-09-15T11:42:43.9975660Z   creates a backup action and repeatable task on an open backup dataset
2026-09-15T11:42:43.9979317Z 
2026-09-15T11:42:43.9979843Z Pending: (Failures listed here are expected and do not affect your suite's status)
2026-09-15T11:42:43.9980381Z 
2026-09-15T11:42:43.9980795Z   1) VpsAdmin::API::Resources::Location Index rejects unauthenticated access (core)
2026-09-15T11:42:43.9981518Z      # skipped because plugins are enabled: requests
2026-09-15T11:42:43.9982528Z      # ./spec/api/resources/location_read_spec.rb:68
2026-09-15T11:42:43.9982853Z 
2026-09-15T11:42:43.9983202Z   2) VpsAdmin::API::Resources::Location Show rejects unauthenticated access (core)
2026-09-15T11:42:43.9983876Z      # skipped because plugins are enabled: requests
2026-09-15T11:42:43.9984384Z      # ./spec/api/resources/location_read_spec.rb:175
2026-09-15T11:42:43.9984720Z 
2026-09-15T11:42:43.9985066Z   3) VpsAdmin::API::Resources::OsTemplate Index rejects unauthenticated access (core)
2026-09-15T11:42:43.9986001Z      # skipped because plugins are enabled: requests
2026-09-15T11:42:43.9986518Z      # ./spec/api/resources/os_template_spec.rb:170
2026-09-15T11:42:43.9986830Z 
2026-09-15T11:42:43.9987181Z   4) VpsAdmin::API::Resources::OsTemplate Show rejects unauthenticated access (core)
2026-09-15T11:42:43.9987645Z      # skipped because plugins are enabled: requests
2026-09-15T11:42:43.9987985Z      # ./spec/api/resources/os_template_spec.rb:368
2026-09-15T11:42:43.9988213Z 
2026-09-15T11:42:43.9988441Z   5) VpsAdmin::API::Resources::Language Index rejects unauthenticated access (core)
2026-09-15T11:42:43.9988882Z      # skipped because plugins are enabled: requests
2026-09-15T11:42:43.9989216Z      # ./spec/api/resources/language_spec.rb:35
2026-09-15T11:42:43.9989421Z 
2026-09-15T11:42:43.9989697Z Finished in 40 minutes 26 seconds (files took 4.11 seconds to load)
2026-09-15T11:42:43.9990250Z 925 examples, 0 failures, 5 pending
2026-09-15T11:42:43.9990528Z 
2026-09-15T11:42:43.9990685Z Randomized with seed 64129
2026-09-15T11:42:43.9990925Z 
2026-09-15T11:42:44.7096467Z Post job cleanup.
2026-09-15T11:42:44.7977633Z [command]/usr/bin/git version
2026-09-15T11:42:44.8021620Z git version 2.55.0
2026-09-15T11:42:44.8068651Z Temporarily overriding HOME='/home/runner/work/_temp/40c695ac-6991-4238-a337-1ef5a676e813' before making global git config changes
2026-09-15T11:42:44.8069944Z Adding repository directory to the temporary git global config as a safe directory
2026-09-15T11:42:44.8076169Z [command]/usr/bin/git config --global --add safe.directory /home/runner/work/vpsadmin/vpsadmin
2026-09-15T11:42:44.8112469Z Removing SSH command configuration
2026-09-15T11:42:44.8119608Z [command]/usr/bin/git config --local --name-only --get-regexp core\.sshCommand
2026-09-15T11:42:44.8162463Z [command]/usr/bin/git submodule foreach --recursive sh -c "git config --local --name-only --get-regexp 'core\.sshCommand' && git config --local --unset-all 'core.sshCommand' || :"
2026-09-15T11:42:44.8433431Z Removing HTTP extra header
2026-09-15T11:42:44.8440553Z [command]/usr/bin/git config --local --name-only --get-regexp http\.https\:\/\/github\.com\/\.extraheader
2026-09-15T11:42:44.8488590Z [command]/usr/bin/git submodule foreach --recursive sh -c "git config --local --name-only --get-regexp 'http\.https\:\/\/github\.com\/\.extraheader' && git config --local --unset-all 'http.https://github.com/.extraheader' || :"
2026-09-15T11:42:44.8794162Z Removing includeIf entries pointing to credentials config files
2026-09-15T11:42:44.8802694Z [command]/usr/bin/git config --local --name-only --get-regexp ^includeIf\.gitdir:
2026-09-15T11:42:44.8844638Z includeif.gitdir:/home/runner/work/vpsadmin/vpsadmin/.git.path
2026-09-15T11:42:44.8845853Z includeif.gitdir:/home/runner/work/vpsadmin/vpsadmin/.git/worktrees/*.path
2026-09-15T11:42:44.8846684Z includeif.gitdir:/github/workspace/.git.path
2026-09-15T11:42:44.8847379Z includeif.gitdir:/github/workspace/.git/worktrees/*.path
2026-09-15T11:42:44.8856971Z [command]/usr/bin/git config --local --get-all includeif.gitdir:/home/runner/work/vpsadmin/vpsadmin/.git.path
2026-09-15T11:42:44.8890371Z /home/runner/work/_temp/git-credentials-51226c71-8c4b-4639-a17f-4569e7aa1377.config
2026-09-15T11:42:44.8901404Z [command]/usr/bin/git config --local --unset includeif.gitdir:/home/runner/work/vpsadmin/vpsadmin/.git.path \/home\/runner\/work\/_temp\/git\-credentials\-51226c71\-8c4b\-4639\-a17f\-4569e7aa1377\.config
2026-09-15T11:42:44.8955992Z [command]/usr/bin/git config --local --get-all includeif.gitdir:/home/runner/work/vpsadmin/vpsadmin/.git/worktrees/*.path
2026-09-15T11:42:44.9006949Z /home/runner/work/_temp/git-credentials-51226c71-8c4b-4639-a17f-4569e7aa1377.config
2026-09-15T11:42:44.9013311Z [command]/usr/bin/git config --local --unset includeif.gitdir:/home/runner/work/vpsadmin/vpsadmin/.git/worktrees/*.path \/home\/runner\/work\/_temp\/git\-credentials\-51226c71\-8c4b\-4639\-a17f\-4569e7aa1377\.config
2026-09-15T11:42:44.9062548Z [command]/usr/bin/git config --local --get-all includeif.gitdir:/github/workspace/.git.path
2026-09-15T11:42:44.9094686Z /github/runner_temp/git-credentials-51226c71-8c4b-4639-a17f-4569e7aa1377.config
2026-09-15T11:42:44.9104261Z [command]/usr/bin/git config --local --unset includeif.gitdir:/github/workspace/.git.path \/github\/runner_temp\/git\-credentials\-51226c71\-8c4b\-4639\-a17f\-4569e7aa1377\.config
2026-09-15T11:42:44.9144407Z [command]/usr/bin/git config --local --get-all includeif.gitdir:/github/workspace/.git/worktrees/*.path
2026-09-15T11:42:44.9174112Z /github/runner_temp/git-credentials-51226c71-8c4b-4639-a17f-4569e7aa1377.config
2026-09-15T11:42:44.9182920Z [command]/usr/bin/git config --local --unset includeif.gitdir:/github/workspace/.git/worktrees/*.path \/github\/runner_temp\/git\-credentials\-51226c71\-8c4b\-4639\-a17f\-4569e7aa1377\.config
2026-09-15T11:42:44.9226822Z [command]/usr/bin/git submodule foreach --recursive git config --local --show-origin --name-only --get-regexp remote.origin.url
2026-09-15T11:42:44.9492971Z Removing credentials config '/home/runner/work/_temp/git-credentials-51226c71-8c4b-4639-a17f-4569e7aa1377.config'
2026-09-15T11:42:44.9688933Z Cleaning up orphan processes
