2026-10-02T16:00:34.2362689Z Current runner version: '2.337.0'
2026-10-02T16:00:34.2396854Z ##[group]Runner Image Provisioner
2026-10-02T16:00:34.2398169Z Hosted Compute Agent
2026-10-02T16:00:34.2399261Z Version: 20260901.588
2026-10-02T16:00:34.2400598Z Commit: f88ec8081b781fac6c440065ac7ff9e710ce3d0b
2026-10-02T16:00:34.2401994Z Build Date: 2026-09-01T19:56:44Z
2026-10-02T16:00:34.2403132Z Worker ID: {958df2ab-0491-48d3-9218-ed2ce4bddb25}
2026-10-02T16:00:34.2404471Z Azure Region: eastus
2026-10-02T16:00:34.2405456Z ##[endgroup]
2026-10-02T16:00:34.2408269Z ##[group]Operating System
2026-10-02T16:00:34.2409658Z Ubuntu
2026-10-02T16:00:34.2410530Z 24.04.5
2026-10-02T16:00:34.2411388Z LTS
2026-10-02T16:00:34.2412359Z ##[endgroup]
2026-10-02T16:00:34.2413244Z ##[group]Runner Image
2026-10-02T16:00:34.2414356Z Image: ubuntu-24.04
2026-10-02T16:00:34.2415463Z Version: 20260927.320.1
2026-10-02T16:00:34.2417601Z Included Software: https://github.com/actions/runner-images/blob/ubuntu24/20260927.320/images/ubuntu/Ubuntu2404-Readme.md
2026-10-02T16:00:34.2420568Z Image Release: https://github.com/actions/runner-images/releases/tag/ubuntu24%2F20260927.320
2026-10-02T16:00:34.2422440Z ##[endgroup]
2026-10-02T16:00:34.2424311Z ##[group]GITHUB_TOKEN Permissions
2026-10-02T16:00:34.2427328Z Contents: read
2026-10-02T16:00:34.2428343Z Metadata: read
2026-10-02T16:00:34.2429714Z ##[endgroup]
2026-10-02T16:00:34.2432741Z Secret source: Actions
2026-10-02T16:00:34.2434291Z Cache mode: write
2026-10-02T16:00:34.2435819Z Prepare workflow directory
2026-10-02T16:00:34.3006810Z Prepare all required actions
2026-10-02T16:00:34.3078427Z Getting action download info
2026-10-02T16:00:34.5727301Z Download action repository 'actions/checkout@v7' (SHA:3d3c42e5aac5ba805825da76410c181273ba90b1)
2026-10-02T16:00:34.6859010Z Download action repository 'actions/upload-artifact@v7' (SHA:043fb46d1a93c77aae656e7c1c64a875d1fc6a0a)
2026-10-02T16:00:34.7689638Z Download action repository 'ruby/setup-ruby@v1' (SHA:14594264cd68ce8a2345dd349bc3d138a4ef85c8)
2026-10-02T16:00:35.0024571Z Complete job name: API specs (full) - platform
2026-10-02T16:00:35.0805846Z ##[group]Run actions/checkout@v7
2026-10-02T16:00:35.0806750Z with:
2026-10-02T16:00:35.0807207Z   repository: vpsfreecz/vpsadmin
2026-10-02T16:00:35.0811099Z   token: ***
2026-10-02T16:00:35.0811545Z   ssh-strict: true
2026-10-02T16:00:35.0811981Z   ssh-user: git
2026-10-02T16:00:35.0812437Z   persist-credentials: true
2026-10-02T16:00:35.0812930Z   clean: true
2026-10-02T16:00:35.0813381Z   sparse-checkout-cone-mode: true
2026-10-02T16:00:35.0813904Z   fetch-depth: 1
2026-10-02T16:00:35.0814338Z   fetch-tags: false
2026-10-02T16:00:35.0814776Z   show-progress: true
2026-10-02T16:00:35.0815282Z   lfs: false
2026-10-02T16:00:35.0815698Z   submodules: false
2026-10-02T16:00:35.0816156Z   set-safe-directory: true
2026-10-02T16:00:35.0816670Z   allow-unsafe-pr-checkout: false
2026-10-02T16:00:35.0817465Z env:
2026-10-02T16:00:35.0817878Z   RACK_ENV: test
2026-10-02T16:00:35.0818332Z   BUNDLE_WITHOUT: development
2026-10-02T16:00:35.0818852Z   BUNDLE_JOBS: 4
2026-10-02T16:00:35.0819486Z   BUNDLE_RETRY: 3
2026-10-02T16:00:35.0819936Z   VPSADMIN_PLUGINS: all
2026-10-02T16:00:35.0820388Z ##[endgroup]
2026-10-02T16:00:35.1813570Z Syncing repository: vpsfreecz/vpsadmin
2026-10-02T16:00:35.1815871Z ##[group]Getting Git version info
2026-10-02T16:00:35.1816649Z Working directory is '/home/runner/work/vpsadmin/vpsadmin'
2026-10-02T16:00:35.1817697Z [command]/usr/bin/git version
2026-10-02T16:00:35.1925469Z git version 2.55.0
2026-10-02T16:00:35.1961787Z ##[endgroup]
2026-10-02T16:00:35.1972412Z Temporarily overriding HOME='/home/runner/work/_temp/2982dc12-d3b5-4770-89e8-1e753118d9de' before making global git config changes
2026-10-02T16:00:35.1975155Z Adding repository directory to the temporary git global config as a safe directory
2026-10-02T16:00:35.1979090Z [command]/usr/bin/git config --global --add safe.directory /home/runner/work/vpsadmin/vpsadmin
2026-10-02T16:00:35.2049537Z Deleting the contents of '/home/runner/work/vpsadmin/vpsadmin'
2026-10-02T16:00:35.2069887Z ##[group]Determining repository object format
2026-10-02T16:00:35.2071858Z ##[endgroup]
2026-10-02T16:00:35.2073276Z ##[group]Initializing the repository
2026-10-02T16:00:35.2074630Z [command]/usr/bin/git init /home/runner/work/vpsadmin/vpsadmin
2026-10-02T16:00:35.2196209Z hint: Using 'master' as the name for the initial branch. This default branch name
2026-10-02T16:00:35.2197932Z hint: will change to "main" in Git 3.0. To configure the initial branch name
2026-10-02T16:00:35.2199729Z hint: to use in all of your new repositories, which will suppress this warning,
2026-10-02T16:00:35.2200957Z hint: call:
2026-10-02T16:00:35.2201591Z hint:
2026-10-02T16:00:35.2202386Z hint: 	git config --global init.defaultBranch <name>
2026-10-02T16:00:35.2203499Z hint:
2026-10-02T16:00:35.2204499Z hint: Names commonly chosen instead of 'master' are 'main', 'trunk' and
2026-10-02T16:00:35.2206014Z hint: 'development'. The just-created branch can be renamed via this command:
2026-10-02T16:00:35.2207244Z hint:
2026-10-02T16:00:35.2207971Z hint: 	git branch -m <name>
2026-10-02T16:00:35.2208769Z hint:
2026-10-02T16:00:35.2210018Z hint: Disable this message with "git config set advice.defaultBranchName false"
2026-10-02T16:00:35.2211707Z Initialized empty Git repository in /home/runner/work/vpsadmin/vpsadmin/.git/
2026-10-02T16:00:35.2226834Z [command]/usr/bin/git remote add origin https://github.com/vpsfreecz/vpsadmin
2026-10-02T16:00:35.2274233Z ##[endgroup]
2026-10-02T16:00:35.2275085Z ##[group]Disabling automatic garbage collection
2026-10-02T16:00:35.2278380Z [command]/usr/bin/git config --local gc.auto 0
2026-10-02T16:00:35.2336358Z ##[endgroup]
2026-10-02T16:00:35.2337625Z ##[group]Setting up auth
2026-10-02T16:00:35.2338585Z Removing SSH command configuration
2026-10-02T16:00:35.2356063Z [command]/usr/bin/git config --local --name-only --get-regexp core\.sshCommand
2026-10-02T16:00:35.2404343Z [command]/usr/bin/git submodule foreach --recursive sh -c "git config --local --name-only --get-regexp 'core\.sshCommand' && git config --local --unset-all 'core.sshCommand' || :"
2026-10-02T16:00:35.2888095Z Removing HTTP extra header
2026-10-02T16:00:35.2896414Z [command]/usr/bin/git config --local --name-only --get-regexp http\.https\:\/\/github\.com\/\.extraheader
2026-10-02T16:00:35.2947745Z [command]/usr/bin/git submodule foreach --recursive sh -c "git config --local --name-only --get-regexp 'http\.https\:\/\/github\.com\/\.extraheader' && git config --local --unset-all 'http.https://github.com/.extraheader' || :"
2026-10-02T16:00:35.3184112Z Removing includeIf entries pointing to credentials config files
2026-10-02T16:00:35.3189702Z [command]/usr/bin/git config --local --name-only --get-regexp ^includeIf\.gitdir:
2026-10-02T16:00:35.3224793Z [command]/usr/bin/git submodule foreach --recursive git config --local --show-origin --name-only --get-regexp remote.origin.url
2026-10-02T16:00:35.3473461Z [command]/usr/bin/git config --file /home/runner/work/_temp/git-credentials-297791e1-9cf6-4d1f-bddc-07de8902d491.config http.https://github.com/.extraheader AUTHORIZATION: basic ***
2026-10-02T16:00:35.3533493Z [command]/usr/bin/git config --local includeIf.gitdir:/home/runner/work/vpsadmin/vpsadmin/.git.path /home/runner/work/_temp/git-credentials-297791e1-9cf6-4d1f-bddc-07de8902d491.config
2026-10-02T16:00:35.3575349Z [command]/usr/bin/git config --local includeIf.gitdir:/home/runner/work/vpsadmin/vpsadmin/.git/worktrees/*.path /home/runner/work/_temp/git-credentials-297791e1-9cf6-4d1f-bddc-07de8902d491.config
2026-10-02T16:00:35.3613859Z [command]/usr/bin/git config --local includeIf.gitdir:/github/workspace/.git.path /github/runner_temp/git-credentials-297791e1-9cf6-4d1f-bddc-07de8902d491.config
2026-10-02T16:00:35.3652018Z [command]/usr/bin/git config --local includeIf.gitdir:/github/workspace/.git/worktrees/*.path /github/runner_temp/git-credentials-297791e1-9cf6-4d1f-bddc-07de8902d491.config
2026-10-02T16:00:35.3684333Z ##[endgroup]
2026-10-02T16:00:35.3685561Z ##[group]Fetching the repository
2026-10-02T16:00:35.3690622Z [command]/usr/bin/git -c protocol.version=2 fetch --no-tags --prune --no-recurse-submodules --depth=1 origin +46b3bf6f9549eaf579053bc296ebf19c417bb848:refs/remotes/origin/2026-09-23-storage-redesign
2026-10-02T16:00:35.9793337Z From https://github.com/vpsfreecz/vpsadmin
2026-10-02T16:00:35.9795545Z  * [new ref]         46b3bf6f9549eaf579053bc296ebf19c417bb848 -> origin/2026-09-23-storage-redesign
2026-10-02T16:00:35.9814398Z [command]/usr/bin/git branch --list --remote origin/2026-09-23-storage-redesign
2026-10-02T16:00:35.9835313Z   origin/2026-09-23-storage-redesign
2026-10-02T16:00:35.9846697Z [command]/usr/bin/git rev-parse refs/remotes/origin/2026-09-23-storage-redesign
2026-10-02T16:00:35.9878005Z 46b3bf6f9549eaf579053bc296ebf19c417bb848
2026-10-02T16:00:35.9891579Z ##[endgroup]
2026-10-02T16:00:35.9892920Z ##[group]Determining the checkout info
2026-10-02T16:00:35.9894331Z ##[endgroup]
2026-10-02T16:00:35.9897263Z [command]/usr/bin/git sparse-checkout disable
2026-10-02T16:00:35.9957690Z [command]/usr/bin/git config --local --unset-all extensions.worktreeConfig
2026-10-02T16:00:35.9994241Z ##[group]Checking out the ref
2026-10-02T16:00:35.9997734Z [command]/usr/bin/git checkout --progress --force -B 2026-09-23-storage-redesign refs/remotes/origin/2026-09-23-storage-redesign
2026-10-02T16:00:36.1899699Z Switched to a new branch '2026-09-23-storage-redesign'
2026-10-02T16:00:36.1903481Z branch '2026-09-23-storage-redesign' set up to track 'origin/2026-09-23-storage-redesign'.
2026-10-02T16:00:36.1914173Z ##[endgroup]
2026-10-02T16:00:36.1965226Z [command]/usr/bin/git log -1 --format=%H
2026-10-02T16:00:36.1995062Z 46b3bf6f9549eaf579053bc296ebf19c417bb848
2026-10-02T16:00:36.2333325Z ##[group]Run set -euo pipefail
2026-10-02T16:00:36.2334781Z [36;1mset -euo pipefail[0m
2026-10-02T16:00:36.2336058Z [36;1mshopt -s nullglob globstar[0m
2026-10-02T16:00:36.2337315Z [36;1m[0m
2026-10-02T16:00:36.2338318Z [36;1mmkdir -p tmp[0m
2026-10-02T16:00:36.2339847Z [36;1m: > "tmp/rspec-files-$TOPIC.txt"[0m
2026-10-02T16:00:36.2341179Z [36;1m[0m
2026-10-02T16:00:36.2342114Z [36;1mfiles=()[0m
2026-10-02T16:00:36.2343183Z [36;1mwhile IFS= read -r pat; do[0m
2026-10-02T16:00:36.2344456Z [36;1m  [[ -z "$pat" ]] && continue[0m
2026-10-02T16:00:36.2346083Z [36;1m  # unquoted expansion is intentional: we want glob expansion[0m
2026-10-02T16:00:36.2347754Z [36;1m  for f in $pat; do[0m
2026-10-02T16:00:36.2348910Z [36;1m    files+=("$f")[0m
2026-10-02T16:00:36.2350272Z [36;1m  done[0m
2026-10-02T16:00:36.2351296Z [36;1mdone <<< "$PATTERNS"[0m
2026-10-02T16:00:36.2352408Z [36;1m[0m
2026-10-02T16:00:36.2353373Z [36;1mif (( ${#files[@]} == 0 )); then[0m
2026-10-02T16:00:36.2354899Z [36;1m  echo "ERROR: Topic '$TOPIC' matched 0 spec files."[0m
2026-10-02T16:00:36.2356421Z [36;1m  echo "Patterns were:"[0m
2026-10-02T16:00:36.2357629Z [36;1m  echo "$PATTERNS"[0m
2026-10-02T16:00:36.2358746Z [36;1m  exit 2[0m
2026-10-02T16:00:36.2359930Z [36;1mfi[0m
2026-10-02T16:00:36.2360873Z [36;1m[0m
2026-10-02T16:00:36.2362214Z [36;1mprintf '%s\n' "${files[@]}" | sort -u > "tmp/rspec-files-$TOPIC.txt"[0m
2026-10-02T16:00:36.2363839Z [36;1m[0m
2026-10-02T16:00:36.2364748Z [36;1m{[0m
2026-10-02T16:00:36.2365839Z [36;1m  echo "### API spec topic: $TOPIC"[0m
2026-10-02T16:00:36.2367274Z [36;1m  echo ""[0m
2026-10-02T16:00:36.2368712Z [36;1m  echo "Matched **$(wc -l < "tmp/rspec-files-$TOPIC.txt")** spec files:"[0m
2026-10-02T16:00:36.2370639Z [36;1m  echo ""[0m
2026-10-02T16:00:36.2371654Z [36;1m  echo '```'[0m
2026-10-02T16:00:36.2372798Z [36;1m  cat "tmp/rspec-files-$TOPIC.txt"[0m
2026-10-02T16:00:36.2374091Z [36;1m  echo '```'[0m
2026-10-02T16:00:36.2375189Z [36;1m} >> "$GITHUB_STEP_SUMMARY"[0m
2026-10-02T16:00:36.2673036Z shell: /usr/bin/bash -e {0}
2026-10-02T16:00:36.2674294Z env:
2026-10-02T16:00:36.2675283Z   RACK_ENV: test
2026-10-02T16:00:36.2676409Z   BUNDLE_WITHOUT: development
2026-10-02T16:00:36.2677663Z   BUNDLE_JOBS: 4
2026-10-02T16:00:36.2678744Z   BUNDLE_RETRY: 3
2026-10-02T16:00:36.2680279Z   VPSADMIN_PLUGINS: all
2026-10-02T16:00:36.2681428Z   TOPIC: platform
2026-10-02T16:00:36.2695043Z   PATTERNS: spec/lib/**/*_spec.rb
spec/api/resources/action_state_spec.rb
spec/api/resources/api_server_spec.rb
spec/api/resources/cluster*_spec.rb
spec/api/resources/component_spec.rb
spec/api/resources/debug_spec.rb
spec/api/resources/default_object_cluster_resource_spec.rb
spec/api/resources/environment_read_spec.rb
spec/api/resources/environment_write_spec.rb
spec/api/resources/incident_report_spec.rb
spec/api/resources/language_spec.rb
spec/api/resources/lifecycle_bypass_spec.rb
spec/api/resources/location_read_spec.rb
spec/api/resources/location_write_spec.rb
spec/api/resources/metrics_access_token_spec.rb
spec/api/resources/migration_plan_spec.rb
spec/api/resources/node_*_spec.rb
spec/api/resources/object_history_spec.rb
spec/api/resources/oom_report*_spec.rb
spec/api/resources/os_*_spec.rb
spec/api/resources/security_advisory*_spec.rb
spec/api/resources/storage_freeze_spec.rb
spec/api/resources/system_config_spec.rb
spec/api/resources/transaction*_spec.rb

2026-10-02T16:00:36.2710744Z ##[endgroup]
2026-10-02T16:00:36.3132249Z ##[group]Run actions/upload-artifact@v7
2026-10-02T16:00:36.3133454Z with:
2026-10-02T16:00:36.3134322Z   name: rspec-files-platform
2026-10-02T16:00:36.3135455Z   path: api/tmp/rspec-files-platform.txt
2026-10-02T16:00:36.3136639Z   if-no-files-found: error
2026-10-02T16:00:36.3137657Z   retention-days: 7
2026-10-02T16:00:36.3138606Z   compression-level: 6
2026-10-02T16:00:36.3139752Z   overwrite: false
2026-10-02T16:00:36.3140707Z   include-hidden-files: false
2026-10-02T16:00:36.3141747Z   archive: true
2026-10-02T16:00:36.3142655Z env:
2026-10-02T16:00:36.3143470Z   RACK_ENV: test
2026-10-02T16:00:36.3144397Z   BUNDLE_WITHOUT: development
2026-10-02T16:00:36.3145410Z   BUNDLE_JOBS: 4
2026-10-02T16:00:36.3146308Z   BUNDLE_RETRY: 3
2026-10-02T16:00:36.3147215Z   VPSADMIN_PLUGINS: all
2026-10-02T16:00:36.3148161Z ##[endgroup]
2026-10-02T16:00:36.4584018Z With the provided path, there will be 1 file uploaded
2026-10-02T16:00:36.4587254Z Artifact name is valid!
2026-10-02T16:00:36.4589065Z Root directory input is valid!
2026-10-02T16:00:36.6463303Z Uploading artifact: rspec-files-platform.zip
2026-10-02T16:00:36.6508979Z Beginning upload of artifact content to blob storage
2026-10-02T16:00:36.7294314Z Uploaded bytes 672
2026-10-02T16:00:36.7454156Z Finished uploading artifact content to blob storage!
2026-10-02T16:00:36.7456204Z SHA256 digest of uploaded artifact is dfa2fdcb6e98067c0b2174ba39b25c617620898f23ccb90f517d85d1922e640b
2026-10-02T16:00:36.7458064Z Finalizing artifact upload
2026-10-02T16:00:37.0078128Z Artifact rspec-files-platform successfully finalized. Artifact ID 11237560263
2026-10-02T16:00:37.0079909Z Artifact rspec-files-platform has been successfully uploaded! Final size is 672 bytes. Artifact ID is 11237560263
2026-10-02T16:00:37.0083801Z Artifact download URL: https://github.com/vpsfreecz/vpsadmin/actions/runs/37030949457/artifacts/11237560263
2026-10-02T16:00:37.0205682Z ##[group]Run sudo apt-get update
2026-10-02T16:00:37.0206049Z [36;1msudo apt-get update[0m
2026-10-02T16:00:37.0206345Z [36;1msudo apt-get install -y \[0m
2026-10-02T16:00:37.0206645Z [36;1m  libmariadb-dev \[0m
2026-10-02T16:00:37.0206920Z [36;1m  libmariadb-dev-compat \[0m
2026-10-02T16:00:37.0207207Z [36;1m  mariadb-client \[0m
2026-10-02T16:00:37.0207456Z [36;1m  mariadb-server[0m
2026-10-02T16:00:37.0274532Z shell: /usr/bin/bash -e {0}
2026-10-02T16:00:37.0274819Z env:
2026-10-02T16:00:37.0275025Z   RACK_ENV: test
2026-10-02T16:00:37.0275282Z   BUNDLE_WITHOUT: development
2026-10-02T16:00:37.0275555Z   BUNDLE_JOBS: 4
2026-10-02T16:00:37.0275783Z   BUNDLE_RETRY: 3
2026-10-02T16:00:37.0276022Z   VPSADMIN_PLUGINS: all
2026-10-02T16:00:37.0276271Z ##[endgroup]
2026-10-02T16:00:37.1225223Z Get:1 file:/etc/apt/apt-mirrors.txt Mirrorlist [144 B]
2026-10-02T16:00:37.1598586Z Hit:2 http://azure.archive.ubuntu.com/ubuntu noble InRelease
2026-10-02T16:00:37.1630926Z Get:6 https://packages.microsoft.com/ubuntu/24.04/prod noble InRelease [3600 B]
2026-10-02T16:00:37.1633019Z Get:3 http://azure.archive.ubuntu.com/ubuntu noble-updates InRelease [126 kB]
2026-10-02T16:00:37.1700457Z Get:4 http://azure.archive.ubuntu.com/ubuntu noble-backports InRelease [126 kB]
2026-10-02T16:00:37.1760557Z Get:5 http://azure.archive.ubuntu.com/ubuntu noble-security InRelease [126 kB]
2026-10-02T16:00:37.2948994Z Get:7 https://packages.microsoft.com/ubuntu/24.04/prod noble/main armhf Packages [12.6 kB]
2026-10-02T16:00:37.3103419Z Get:8 https://packages.microsoft.com/ubuntu/24.04/prod noble/main arm64 Packages [458 kB]
2026-10-02T16:00:37.3191020Z Get:9 https://packages.microsoft.com/ubuntu/24.04/prod noble/main amd64 Packages [511 kB]
2026-10-02T16:00:37.3520708Z Get:10 http://azure.archive.ubuntu.com/ubuntu noble-updates/main amd64 Packages [1364 kB]
2026-10-02T16:00:37.3576169Z Get:11 http://azure.archive.ubuntu.com/ubuntu noble-updates/main Translation-en [304 kB]
2026-10-02T16:00:37.3611452Z Get:12 http://azure.archive.ubuntu.com/ubuntu noble-updates/main amd64 Components [180 kB]
2026-10-02T16:00:37.3640829Z Get:13 http://azure.archive.ubuntu.com/ubuntu noble-updates/universe amd64 Packages [1699 kB]
2026-10-02T16:00:37.3708101Z Get:14 http://azure.archive.ubuntu.com/ubuntu noble-updates/universe Translation-en [341 kB]
2026-10-02T16:00:37.3735337Z Get:15 http://azure.archive.ubuntu.com/ubuntu noble-updates/universe amd64 Components [388 kB]
2026-10-02T16:00:37.3780417Z Get:16 http://azure.archive.ubuntu.com/ubuntu noble-updates/restricted amd64 Packages [1720 kB]
2026-10-02T16:00:37.3860542Z Get:17 http://azure.archive.ubuntu.com/ubuntu noble-updates/restricted Translation-en [394 kB]
2026-10-02T16:00:37.3883397Z Get:18 http://azure.archive.ubuntu.com/ubuntu noble-updates/multiverse amd64 Components [940 B]
2026-10-02T16:00:37.4101269Z Get:19 http://azure.archive.ubuntu.com/ubuntu noble-backports/main amd64 Components [5764 B]
2026-10-02T16:00:37.4604292Z Get:20 http://azure.archive.ubuntu.com/ubuntu noble-backports/universe amd64 Components [12.6 kB]
2026-10-02T16:00:37.4615388Z Get:21 http://azure.archive.ubuntu.com/ubuntu noble-security/main amd64 Packages [1069 kB]
2026-10-02T16:00:37.4670358Z Get:22 http://azure.archive.ubuntu.com/ubuntu noble-security/main Translation-en [221 kB]
2026-10-02T16:00:37.4686592Z Get:23 http://azure.archive.ubuntu.com/ubuntu noble-security/main amd64 Components [46.3 kB]
2026-10-02T16:00:37.4696405Z Get:24 http://azure.archive.ubuntu.com/ubuntu noble-security/universe amd64 Packages [1216 kB]
2026-10-02T16:00:37.4753222Z Get:25 http://azure.archive.ubuntu.com/ubuntu noble-security/universe Translation-en [244 kB]
2026-10-02T16:00:37.4771856Z Get:26 http://azure.archive.ubuntu.com/ubuntu noble-security/universe amd64 Components [76.3 kB]
2026-10-02T16:00:37.4783383Z Get:27 http://azure.archive.ubuntu.com/ubuntu noble-security/restricted amd64 Packages [1566 kB]
2026-10-02T16:00:37.4853882Z Get:28 http://azure.archive.ubuntu.com/ubuntu noble-security/restricted Translation-en [361 kB]
2026-10-02T16:00:42.0065856Z Fetched 12.6 MB in 1s (9014 kB/s)
2026-10-02T16:00:42.8285255Z Reading package lists...
2026-10-02T16:00:42.8596785Z Reading package lists...
2026-10-02T16:00:43.0445962Z Building dependency tree...
2026-10-02T16:00:43.0461289Z Reading state information...
2026-10-02T16:00:43.1872206Z The following additional packages will be installed:
2026-10-02T16:00:43.1875535Z   galera-4 libconfig-inifiles-perl libdbd-mysql-perl libdbi-perl libmariadb3
2026-10-02T16:00:43.1876844Z   liburing2 mariadb-client-core mariadb-common mariadb-plugin-provider-bzip2
2026-10-02T16:00:43.1878007Z   mariadb-plugin-provider-lz4 mariadb-plugin-provider-lzma
2026-10-02T16:00:43.1878952Z   mariadb-plugin-provider-lzo mariadb-plugin-provider-snappy
2026-10-02T16:00:43.1879804Z   mariadb-server-core pv socat
2026-10-02T16:00:43.1883861Z Suggested packages:
2026-10-02T16:00:43.1884752Z   libmldbm-perl libnet-daemon-perl libsql-statement-perl mailx mariadb-test
2026-10-02T16:00:43.1885432Z   doc-base
2026-10-02T16:00:43.2130263Z The following packages will be REMOVED:
2026-10-02T16:00:43.2135598Z   libmysqlclient-dev mysql-client mysql-client-8.0 mysql-client-core-8.0
2026-10-02T16:00:43.2141154Z   mysql-server mysql-server-8.0 mysql-server-core-8.0
2026-10-02T16:00:43.2142184Z The following NEW packages will be installed:
2026-10-02T16:00:43.2145612Z   galera-4 libconfig-inifiles-perl libdbd-mysql-perl libdbi-perl
2026-10-02T16:00:43.2151079Z   libmariadb-dev libmariadb-dev-compat libmariadb3 liburing2 mariadb-client
2026-10-02T16:00:43.2151749Z   mariadb-client-core mariadb-common mariadb-plugin-provider-bzip2
2026-10-02T16:00:43.2152231Z   mariadb-plugin-provider-lz4 mariadb-plugin-provider-lzma
2026-10-02T16:00:43.2152727Z   mariadb-plugin-provider-lzo mariadb-plugin-provider-snappy mariadb-server
2026-10-02T16:00:43.2153996Z   mariadb-server-core pv socat
2026-10-02T16:00:43.2342472Z 0 upgraded, 20 newly installed, 7 to remove and 25 not upgraded.
2026-10-02T16:00:43.2343230Z Need to get 18.0 MB of archives.
2026-10-02T16:00:43.2343793Z After this operation, 458 kB disk space will be freed.
2026-10-02T16:00:43.2344425Z Get:1 file:/etc/apt/apt-mirrors.txt Mirrorlist [144 B]
2026-10-02T16:00:43.4135248Z Get:2 http://azure.archive.ubuntu.com/ubuntu noble/universe amd64 galera-4 amd64 26.4.16-2build4 [736 kB]
2026-10-02T16:00:43.9887123Z Get:3 http://azure.archive.ubuntu.com/ubuntu noble-updates/universe amd64 mariadb-common all 1:10.11.14-0ubuntu0.24.04.1 [28.6 kB]
2026-10-02T16:00:44.0754343Z Get:4 http://azure.archive.ubuntu.com/ubuntu noble-updates/main amd64 libdbi-perl amd64 1.643-4ubuntu0.3 [721 kB]
2026-10-02T16:00:44.2156955Z Get:5 http://azure.archive.ubuntu.com/ubuntu noble-updates/main amd64 libconfig-inifiles-perl all 3.000003-2ubuntu0.1 [38.5 kB]
2026-10-02T16:00:44.2995553Z Get:6 http://azure.archive.ubuntu.com/ubuntu noble-updates/universe amd64 libmariadb3 amd64 1:10.11.14-0ubuntu0.24.04.1 [196 kB]
2026-10-02T16:00:44.3954802Z Get:7 http://azure.archive.ubuntu.com/ubuntu noble-updates/universe amd64 mariadb-client-core amd64 1:10.11.14-0ubuntu0.24.04.1 [1039 kB]
2026-10-02T16:00:44.5434862Z Get:8 http://azure.archive.ubuntu.com/ubuntu noble-updates/universe amd64 mariadb-client amd64 1:10.11.14-0ubuntu0.24.04.1 [2502 kB]
2026-10-02T16:00:44.6927467Z Get:9 http://azure.archive.ubuntu.com/ubuntu noble/main amd64 liburing2 amd64 2.5-1build1 [21.1 kB]
2026-10-02T16:00:44.7742693Z Get:10 http://azure.archive.ubuntu.com/ubuntu noble-updates/universe amd64 mariadb-server-core amd64 1:10.11.14-0ubuntu0.24.04.1 [8406 kB]
2026-10-02T16:00:45.3830288Z Get:11 http://azure.archive.ubuntu.com/ubuntu noble-updates/main amd64 socat amd64 1.8.0.0-4ubuntu0.1 [374 kB]
2026-10-02T16:00:45.4836186Z Get:12 http://azure.archive.ubuntu.com/ubuntu noble-updates/universe amd64 mariadb-server amd64 1:10.11.14-0ubuntu0.24.04.1 [3463 kB]
2026-10-02T16:00:45.6520190Z Get:13 http://azure.archive.ubuntu.com/ubuntu noble/universe amd64 libdbd-mysql-perl amd64 4.052-1ubuntu3 [85.5 kB]
2026-10-02T16:00:45.7871128Z Get:14 http://azure.archive.ubuntu.com/ubuntu noble-updates/universe amd64 libmariadb-dev amd64 1:10.11.14-0ubuntu0.24.04.1 [274 kB]
2026-10-02T16:00:45.9266536Z Get:15 http://azure.archive.ubuntu.com/ubuntu noble-updates/universe amd64 mariadb-plugin-provider-bzip2 amd64 1:10.11.14-0ubuntu0.24.04.1 [13.9 kB]
2026-10-02T16:00:46.0490104Z Get:16 http://azure.archive.ubuntu.com/ubuntu noble-updates/universe amd64 mariadb-plugin-provider-lz4 amd64 1:10.11.14-0ubuntu0.24.04.1 [13.8 kB]
2026-10-02T16:00:46.1834069Z Get:17 http://azure.archive.ubuntu.com/ubuntu noble-updates/universe amd64 mariadb-plugin-provider-lzma amd64 1:10.11.14-0ubuntu0.24.04.1 [13.8 kB]
2026-10-02T16:00:46.2663004Z Get:18 http://azure.archive.ubuntu.com/ubuntu noble-updates/universe amd64 mariadb-plugin-provider-lzo amd64 1:10.11.14-0ubuntu0.24.04.1 [13.8 kB]
2026-10-02T16:00:46.3486706Z Get:19 http://azure.archive.ubuntu.com/ubuntu noble-updates/universe amd64 mariadb-plugin-provider-snappy amd64 1:10.11.14-0ubuntu0.24.04.1 [13.8 kB]
2026-10-02T16:00:46.4268114Z Get:20 http://azure.archive.ubuntu.com/ubuntu noble/main amd64 pv amd64 1.8.5-2build1 [73.9 kB]
2026-10-02T16:00:46.5115854Z Get:21 http://azure.archive.ubuntu.com/ubuntu noble-updates/universe amd64 libmariadb-dev-compat amd64 1:10.11.14-0ubuntu0.24.04.1 [12.0 kB]
2026-10-02T16:00:46.7325260Z Preconfiguring packages ...
2026-10-02T16:00:46.8610640Z Fetched 18.0 MB in 3s (5486 kB/s)
2026-10-02T16:00:46.9089773Z (Reading database ... 
2026-10-02T16:00:46.9090115Z (Reading database ... 5%
2026-10-02T16:00:46.9090481Z (Reading database ... 10%
2026-10-02T16:00:46.9090736Z (Reading database ... 15%
2026-10-02T16:00:46.9090983Z (Reading database ... 20%
2026-10-02T16:00:46.9091226Z (Reading database ... 25%
2026-10-02T16:00:46.9091482Z (Reading database ... 30%
2026-10-02T16:00:46.9091743Z (Reading database ... 35%
2026-10-02T16:00:46.9092000Z (Reading database ... 40%
2026-10-02T16:00:46.9092254Z (Reading database ... 45%
2026-10-02T16:00:46.9092507Z (Reading database ... 50%
2026-10-02T16:00:46.9148786Z (Reading database ... 55%
2026-10-02T16:00:47.0548377Z (Reading database ... 60%
2026-10-02T16:00:47.2652581Z (Reading database ... 65%
2026-10-02T16:00:47.4522390Z (Reading database ... 70%
2026-10-02T16:00:47.6238512Z (Reading database ... 75%
2026-10-02T16:00:47.7587893Z (Reading database ... 80%
2026-10-02T16:00:47.9147046Z (Reading database ... 85%
2026-10-02T16:00:48.0300599Z (Reading database ... 90%
2026-10-02T16:00:48.1811132Z (Reading database ... 95%
2026-10-02T16:00:48.1811579Z (Reading database ... 100%
2026-10-02T16:00:48.1812114Z (Reading database ... 202294 files and directories currently installed.)
2026-10-02T16:00:48.1851274Z Removing libmysqlclient-dev (8.0.46-0ubuntu0.24.04.4) ...
2026-10-02T16:00:48.2127302Z Removing mysql-client (8.0.46-0ubuntu0.24.04.4) ...
2026-10-02T16:00:48.2364304Z Removing mysql-server (8.0.46-0ubuntu0.24.04.4) ...
2026-10-02T16:00:48.2543920Z Removing mysql-server-8.0 (8.0.46-0ubuntu0.24.04.4) ...
2026-10-02T16:00:48.5891624Z update-alternatives: using /etc/mysql/my.cnf.fallback to provide /etc/mysql/my.cnf (my.cnf) in auto mode
2026-10-02T16:00:48.6275785Z Removing mysql-client-8.0 (8.0.46-0ubuntu0.24.04.4) ...
2026-10-02T16:00:48.6465467Z Removing mysql-client-core-8.0 (8.0.46-0ubuntu0.24.04.4) ...
2026-10-02T16:00:48.6717025Z Removing mysql-server-core-8.0 (8.0.46-0ubuntu0.24.04.4) ...
2026-10-02T16:00:48.8431220Z Selecting previously unselected package galera-4.
2026-10-02T16:00:48.8486785Z (Reading database ... 
2026-10-02T16:00:48.8487811Z (Reading database ... 5%
2026-10-02T16:00:48.8488506Z (Reading database ... 10%
2026-10-02T16:00:48.8488951Z (Reading database ... 15%
2026-10-02T16:00:48.8489590Z (Reading database ... 20%
2026-10-02T16:00:48.8490026Z (Reading database ... 25%
2026-10-02T16:00:48.8490454Z (Reading database ... 30%
2026-10-02T16:00:48.8490849Z (Reading database ... 35%
2026-10-02T16:00:48.8491240Z (Reading database ... 40%
2026-10-02T16:00:48.8491656Z (Reading database ... 45%
2026-10-02T16:00:48.8492091Z (Reading database ... 50%
2026-10-02T16:00:48.8495212Z (Reading database ... 55%
2026-10-02T16:00:48.8610476Z (Reading database ... 60%
2026-10-02T16:00:48.8636891Z (Reading database ... 65%
2026-10-02T16:00:48.8658913Z (Reading database ... 70%
2026-10-02T16:00:48.8690692Z (Reading database ... 75%
2026-10-02T16:00:48.8725608Z (Reading database ... 80%
2026-10-02T16:00:48.8751531Z (Reading database ... 85%
2026-10-02T16:00:48.8901060Z (Reading database ... 90%
2026-10-02T16:00:48.9146335Z (Reading database ... 95%
2026-10-02T16:00:48.9146714Z (Reading database ... 100%
2026-10-02T16:00:48.9147170Z (Reading database ... 202054 files and directories currently installed.)
2026-10-02T16:00:48.9186866Z Preparing to unpack .../0-galera-4_26.4.16-2build4_amd64.deb ...
2026-10-02T16:00:48.9701013Z info: The home dir /nonexistent you specified can't be accessed: No such file or directory
2026-10-02T16:00:48.9701538Z 
2026-10-02T16:00:48.9739133Z info: Selecting UID from range 100 to 999 ...
2026-10-02T16:00:48.9739522Z 
2026-10-02T16:00:48.9764352Z info: Adding system user `_galera' (UID 113) ...
2026-10-02T16:00:48.9784106Z info: Adding new user `_galera' (UID 113) with group `nogroup' ...
2026-10-02T16:00:48.9957052Z info: Not creating `/nonexistent'.
2026-10-02T16:00:48.9991555Z Unpacking galera-4 (26.4.16-2build4) ...
2026-10-02T16:00:49.0313265Z Selecting previously unselected package mariadb-common.
2026-10-02T16:00:49.0438512Z Preparing to unpack .../1-mariadb-common_1%3a10.11.14-0ubuntu0.24.04.1_all.deb ...
2026-10-02T16:00:49.0480540Z Unpacking mariadb-common (1:10.11.14-0ubuntu0.24.04.1) ...
2026-10-02T16:00:49.0677592Z Selecting previously unselected package libdbi-perl:amd64.
2026-10-02T16:00:49.0801817Z Preparing to unpack .../2-libdbi-perl_1.643-4ubuntu0.3_amd64.deb ...
2026-10-02T16:00:49.0812068Z Unpacking libdbi-perl:amd64 (1.643-4ubuntu0.3) ...
2026-10-02T16:00:49.1345912Z Selecting previously unselected package libconfig-inifiles-perl.
2026-10-02T16:00:49.1470458Z Preparing to unpack .../3-libconfig-inifiles-perl_3.000003-2ubuntu0.1_all.deb ...
2026-10-02T16:00:49.1479955Z Unpacking libconfig-inifiles-perl (3.000003-2ubuntu0.1) ...
2026-10-02T16:00:49.1701754Z Selecting previously unselected package libmariadb3:amd64.
2026-10-02T16:00:49.1825567Z Preparing to unpack .../4-libmariadb3_1%3a10.11.14-0ubuntu0.24.04.1_amd64.deb ...
2026-10-02T16:00:49.1864858Z Unpacking libmariadb3:amd64 (1:10.11.14-0ubuntu0.24.04.1) ...
2026-10-02T16:00:49.2082511Z Selecting previously unselected package mariadb-client-core.
2026-10-02T16:00:49.2205794Z Preparing to unpack .../5-mariadb-client-core_1%3a10.11.14-0ubuntu0.24.04.1_amd64.deb ...
2026-10-02T16:00:49.2216241Z Unpacking mariadb-client-core (1:10.11.14-0ubuntu0.24.04.1) ...
2026-10-02T16:00:49.2830102Z Selecting previously unselected package mariadb-client.
2026-10-02T16:00:49.2955239Z Preparing to unpack .../6-mariadb-client_1%3a10.11.14-0ubuntu0.24.04.1_amd64.deb ...
2026-10-02T16:00:49.2964050Z Unpacking mariadb-client (1:10.11.14-0ubuntu0.24.04.1) ...
2026-10-02T16:00:49.4814482Z Selecting previously unselected package liburing2:amd64.
2026-10-02T16:00:49.4938513Z Preparing to unpack .../7-liburing2_2.5-1build1_amd64.deb ...
2026-10-02T16:00:49.4945860Z Unpacking liburing2:amd64 (2.5-1build1) ...
2026-10-02T16:00:49.5133557Z Selecting previously unselected package mariadb-server-core.
2026-10-02T16:00:49.5259602Z Preparing to unpack .../8-mariadb-server-core_1%3a10.11.14-0ubuntu0.24.04.1_amd64.deb ...
2026-10-02T16:00:49.5266955Z Unpacking mariadb-server-core (1:10.11.14-0ubuntu0.24.04.1) ...
2026-10-02T16:00:49.6948715Z Selecting previously unselected package socat.
2026-10-02T16:00:49.7074904Z Preparing to unpack .../9-socat_1.8.0.0-4ubuntu0.1_amd64.deb ...
2026-10-02T16:00:49.7082423Z Unpacking socat (1.8.0.0-4ubuntu0.1) ...
2026-10-02T16:00:49.7572476Z Setting up mariadb-common (1:10.11.14-0ubuntu0.24.04.1) ...
2026-10-02T16:00:49.7650189Z update-alternatives: using /etc/mysql/mariadb.cnf to provide /etc/mysql/my.cnf (my.cnf) in auto mode
2026-10-02T16:00:49.7970553Z Selecting previously unselected package mariadb-server.
2026-10-02T16:00:49.8027801Z (Reading database ... 
2026-10-02T16:00:49.8028441Z (Reading database ... 5%
2026-10-02T16:00:49.8029149Z (Reading database ... 10%
2026-10-02T16:00:49.8030018Z (Reading database ... 15%
2026-10-02T16:00:49.8030557Z (Reading database ... 20%
2026-10-02T16:00:49.8031033Z (Reading database ... 25%
2026-10-02T16:00:49.8031303Z (Reading database ... 30%
2026-10-02T16:00:49.8031560Z (Reading database ... 35%
2026-10-02T16:00:49.8031922Z (Reading database ... 40%
2026-10-02T16:00:49.8032446Z (Reading database ... 45%
2026-10-02T16:00:49.8032971Z (Reading database ... 50%
2026-10-02T16:00:49.8033433Z (Reading database ... 55%
2026-10-02T16:00:49.8175563Z (Reading database ... 60%
2026-10-02T16:00:49.8202467Z (Reading database ... 65%
2026-10-02T16:00:49.8228681Z (Reading database ... 70%
2026-10-02T16:00:49.8256752Z (Reading database ... 75%
2026-10-02T16:00:49.8298990Z (Reading database ... 80%
2026-10-02T16:00:49.8327649Z (Reading database ... 85%
2026-10-02T16:00:49.8480529Z (Reading database ... 90%
2026-10-02T16:00:49.8728018Z (Reading database ... 95%
2026-10-02T16:00:49.8728440Z (Reading database ... 100%
2026-10-02T16:00:49.8729022Z (Reading database ... 202514 files and directories currently installed.)
2026-10-02T16:00:49.8768109Z Preparing to unpack .../0-mariadb-server_1%3a10.11.14-0ubuntu0.24.04.1_amd64.deb ...
2026-10-02T16:00:49.9620310Z /var/lib/mysql: found previous version 8.0
2026-10-02T16:00:49.9695864Z The contents of /var/lib/mysql/ indicates a
2026-10-02T16:00:49.9696575Z version that cannot automatically be upgraded. Therefore the
2026-10-02T16:00:49.9697344Z previous data directory will be renamed to /var/lib/mysql-8.0 and
2026-10-02T16:00:49.9698075Z a new data directory will be initialized at /var/lib/mysql.
2026-10-02T16:00:49.9698837Z Please manually export/import your data (e.g. with mysqldump) if needed.
2026-10-02T16:00:50.0337818Z Unpacking mariadb-server (1:10.11.14-0ubuntu0.24.04.1) ...
2026-10-02T16:00:50.2024958Z Selecting previously unselected package libdbd-mysql-perl:amd64.
2026-10-02T16:00:50.2150501Z Preparing to unpack .../1-libdbd-mysql-perl_4.052-1ubuntu3_amd64.deb ...
2026-10-02T16:00:50.2158153Z Unpacking libdbd-mysql-perl:amd64 (4.052-1ubuntu3) ...
2026-10-02T16:00:50.2381641Z Selecting previously unselected package libmariadb-dev.
2026-10-02T16:00:50.2486390Z Preparing to unpack .../2-libmariadb-dev_1%3a10.11.14-0ubuntu0.24.04.1_amd64.deb ...
2026-10-02T16:00:50.2493301Z Unpacking libmariadb-dev (1:10.11.14-0ubuntu0.24.04.1) ...
2026-10-02T16:00:50.2996075Z Selecting previously unselected package mariadb-plugin-provider-bzip2.
2026-10-02T16:00:50.3120951Z Preparing to unpack .../3-mariadb-plugin-provider-bzip2_1%3a10.11.14-0ubuntu0.24.04.1_amd64.deb ...
2026-10-02T16:00:50.3126757Z Unpacking mariadb-plugin-provider-bzip2 (1:10.11.14-0ubuntu0.24.04.1) ...
2026-10-02T16:00:50.3312435Z Selecting previously unselected package mariadb-plugin-provider-lz4.
2026-10-02T16:00:50.3436114Z Preparing to unpack .../4-mariadb-plugin-provider-lz4_1%3a10.11.14-0ubuntu0.24.04.1_amd64.deb ...
2026-10-02T16:00:50.3443413Z Unpacking mariadb-plugin-provider-lz4 (1:10.11.14-0ubuntu0.24.04.1) ...
2026-10-02T16:00:50.3627099Z Selecting previously unselected package mariadb-plugin-provider-lzma.
2026-10-02T16:00:50.3748576Z Preparing to unpack .../5-mariadb-plugin-provider-lzma_1%3a10.11.14-0ubuntu0.24.04.1_amd64.deb ...
2026-10-02T16:00:50.3756836Z Unpacking mariadb-plugin-provider-lzma (1:10.11.14-0ubuntu0.24.04.1) ...
2026-10-02T16:00:50.3940603Z Selecting previously unselected package mariadb-plugin-provider-lzo.
2026-10-02T16:00:50.4062123Z Preparing to unpack .../6-mariadb-plugin-provider-lzo_1%3a10.11.14-0ubuntu0.24.04.1_amd64.deb ...
2026-10-02T16:00:50.4068883Z Unpacking mariadb-plugin-provider-lzo (1:10.11.14-0ubuntu0.24.04.1) ...
2026-10-02T16:00:50.4273103Z Selecting previously unselected package mariadb-plugin-provider-snappy.
2026-10-02T16:00:50.4393361Z Preparing to unpack .../7-mariadb-plugin-provider-snappy_1%3a10.11.14-0ubuntu0.24.04.1_amd64.deb ...
2026-10-02T16:00:50.4400362Z Unpacking mariadb-plugin-provider-snappy (1:10.11.14-0ubuntu0.24.04.1) ...
2026-10-02T16:00:50.4600997Z Selecting previously unselected package pv.
2026-10-02T16:00:50.4721149Z Preparing to unpack .../8-pv_1.8.5-2build1_amd64.deb ...
2026-10-02T16:00:50.4730668Z Unpacking pv (1.8.5-2build1) ...
2026-10-02T16:00:50.4940735Z Selecting previously unselected package libmariadb-dev-compat.
2026-10-02T16:00:50.5063173Z Preparing to unpack .../9-libmariadb-dev-compat_1%3a10.11.14-0ubuntu0.24.04.1_amd64.deb ...
2026-10-02T16:00:50.5070658Z Unpacking libmariadb-dev-compat (1:10.11.14-0ubuntu0.24.04.1) ...
2026-10-02T16:00:50.5445448Z Setting up libconfig-inifiles-perl (3.000003-2ubuntu0.1) ...
2026-10-02T16:00:50.5464750Z Setting up galera-4 (26.4.16-2build4) ...
2026-10-02T16:00:50.5481079Z Setting up socat (1.8.0.0-4ubuntu0.1) ...
2026-10-02T16:00:50.5498098Z Setting up libmariadb3:amd64 (1:10.11.14-0ubuntu0.24.04.1) ...
2026-10-02T16:00:50.5517756Z Setting up libmariadb-dev (1:10.11.14-0ubuntu0.24.04.1) ...
2026-10-02T16:00:50.5538300Z Setting up pv (1.8.5-2build1) ...
2026-10-02T16:00:50.5554871Z Setting up liburing2:amd64 (2.5-1build1) ...
2026-10-02T16:00:50.5573087Z Setting up libdbi-perl:amd64 (1.643-4ubuntu0.3) ...
2026-10-02T16:00:50.5588702Z Setting up libmariadb-dev-compat (1:10.11.14-0ubuntu0.24.04.1) ...
2026-10-02T16:00:50.5604769Z Setting up mariadb-client-core (1:10.11.14-0ubuntu0.24.04.1) ...
2026-10-02T16:00:50.5620641Z Setting up libdbd-mysql-perl:amd64 (4.052-1ubuntu3) ...
2026-10-02T16:00:50.5636890Z Setting up mariadb-server-core (1:10.11.14-0ubuntu0.24.04.1) ...
2026-10-02T16:00:50.5654428Z Setting up mariadb-client (1:10.11.14-0ubuntu0.24.04.1) ...
2026-10-02T16:00:50.5702615Z Setting up mariadb-server (1:10.11.14-0ubuntu0.24.04.1) ...
2026-10-02T16:00:50.5748023Z Installing new version of config file /etc/mysql/debian-start ...
2026-10-02T16:00:51.3903170Z renamed '/etc/logrotate.d/mysql-server' -> '/etc/logrotate.d/mysql-server.dpkg-bak'
2026-10-02T16:00:51.8225695Z Created symlink /etc/systemd/system/multi-user.target.wants/mariadb.service → /usr/lib/systemd/system/mariadb.service.
2026-10-02T16:00:51.8226248Z 
2026-10-02T16:00:52.3173270Z Setting up mariadb-plugin-provider-bzip2 (1:10.11.14-0ubuntu0.24.04.1) ...
2026-10-02T16:00:52.3205950Z Setting up mariadb-plugin-provider-lzma (1:10.11.14-0ubuntu0.24.04.1) ...
2026-10-02T16:00:52.3250481Z Setting up mariadb-plugin-provider-lzo (1:10.11.14-0ubuntu0.24.04.1) ...
2026-10-02T16:00:52.3311699Z Setting up mariadb-plugin-provider-lz4 (1:10.11.14-0ubuntu0.24.04.1) ...
2026-10-02T16:00:52.3368343Z Setting up mariadb-plugin-provider-snappy (1:10.11.14-0ubuntu0.24.04.1) ...
2026-10-02T16:00:52.3432710Z Processing triggers for man-db (2.12.0-4build2) ...
2026-10-02T16:00:52.3474229Z Not building database; man-db/auto-update is not 'true'.
2026-10-02T16:00:52.3489930Z Processing triggers for libc-bin (2.39-0ubuntu8.9) ...
2026-10-02T16:00:52.3976207Z Processing triggers for mariadb-server (1:10.11.14-0ubuntu0.24.04.1) ...
2026-10-02T16:00:53.4344639Z 
2026-10-02T16:00:53.4345321Z Running kernel seems to be up-to-date.
2026-10-02T16:00:53.4345818Z 
2026-10-02T16:00:53.4346066Z No services need to be restarted.
2026-10-02T16:00:53.4346460Z 
2026-10-02T16:00:53.4346682Z No containers need to be restarted.
2026-10-02T16:00:53.4347063Z 
2026-10-02T16:00:53.4347328Z No user sessions are running outdated binaries.
2026-10-02T16:00:53.4347776Z 
2026-10-02T16:00:53.4348198Z No VM guests are running outdated hypervisor (qemu) binaries on this host.
2026-10-02T16:00:54.3086561Z ##[group]Run set -euo pipefail
2026-10-02T16:00:54.3086914Z [36;1mset -euo pipefail[0m
2026-10-02T16:00:54.3087273Z [36;1m# ruby/setup-ruby resolves exact 3.4.0 to a preview build on[0m
2026-10-02T16:00:54.3087757Z [36;1m# GitHub-hosted runners, so use the latest stable 3.4.x instead.[0m
2026-10-02T16:00:54.3088236Z [36;1mecho "version=$(cut -d. -f1,2 .ruby-version)" >> "$GITHUB_OUTPUT"[0m
2026-10-02T16:00:54.3155656Z shell: /usr/bin/bash -e {0}
2026-10-02T16:00:54.3155946Z env:
2026-10-02T16:00:54.3156157Z   RACK_ENV: test
2026-10-02T16:00:54.3156389Z   BUNDLE_WITHOUT: development
2026-10-02T16:00:54.3156649Z   BUNDLE_JOBS: 4
2026-10-02T16:00:54.3156856Z   BUNDLE_RETRY: 3
2026-10-02T16:00:54.3157081Z   VPSADMIN_PLUGINS: all
2026-10-02T16:00:54.3157313Z ##[endgroup]
2026-10-02T16:00:54.3352626Z ##[group]Run ruby/setup-ruby@v1
2026-10-02T16:00:54.3352902Z with:
2026-10-02T16:00:54.3353102Z   ruby-version: 3.4
2026-10-02T16:00:54.3353320Z   bundler-cache: true
2026-10-02T16:00:54.3353545Z   working-directory: api
2026-10-02T16:00:54.3355810Z   token: ***
2026-10-02T16:00:54.3356001Z env:
2026-10-02T16:00:54.3356179Z   RACK_ENV: test
2026-10-02T16:00:54.3356397Z   BUNDLE_WITHOUT: development
2026-10-02T16:00:54.3356646Z   BUNDLE_JOBS: 4
2026-10-02T16:00:54.3356841Z   BUNDLE_RETRY: 3
2026-10-02T16:00:54.3357047Z   VPSADMIN_PLUGINS: all
2026-10-02T16:00:54.3357293Z ##[endgroup]
2026-10-02T16:00:54.4788907Z ##[group]Modifying PATH
2026-10-02T16:00:54.4790038Z Entries added to PATH to use selected Ruby:
2026-10-02T16:00:54.4791505Z   /opt/hostedtoolcache/Ruby/3.4.11/x64/bin
2026-10-02T16:00:54.4796130Z ##[endgroup]
2026-10-02T16:00:54.4798623Z ##[group]Print Ruby version
2026-10-02T16:00:54.4873677Z [command]/opt/hostedtoolcache/Ruby/3.4.11/x64/bin/ruby --version
2026-10-02T16:00:54.8248515Z ruby 3.4.11 (2026-09-23 revision 592f1ffdb3) +PRISM [x86_64-linux]
2026-10-02T16:00:54.8278997Z Took   0.35 seconds
2026-10-02T16:00:54.8279938Z ##[endgroup]
2026-10-02T16:00:54.8281900Z ##[group]Installing Bundler
2026-10-02T16:00:54.8286768Z Using Bundler shipped with ruby-3.4.11
2026-10-02T16:00:54.8288171Z Took   0.00 seconds
2026-10-02T16:00:54.8288910Z ##[endgroup]
2026-10-02T16:00:54.8289907Z > bundle install
2026-10-02T16:00:54.8293232Z Setting BUNDLER_VERSION=2 for "bundle config|lock" commands below to ensure Bundler 2 is used
2026-10-02T16:00:54.8315022Z [command]/opt/hostedtoolcache/Ruby/3.4.11/x64/bin/bundle config set --local path /home/runner/work/vpsadmin/vpsadmin/api/vendor/bundle
2026-10-02T16:00:55.9587623Z [command]/opt/hostedtoolcache/Ruby/3.4.11/x64/bin/bundle lock
2026-10-02T16:00:57.3971641Z Writing lockfile to /home/runner/work/vpsadmin/vpsadmin/api/Gemfile.lock
2026-10-02T16:00:58.6777124Z Fetching gem metadata from https://rubygems.org/..........
2026-10-02T16:00:58.8637769Z Resolving dependencies...
2026-10-02T16:00:59.4506940Z ##[group]Print lockfile
2026-10-02T16:00:59.4525128Z [command]/usr/bin/cat Gemfile.lock
2026-10-02T16:00:59.4554164Z GEM
2026-10-02T16:00:59.4554654Z   remote: https://rubygems.org/
2026-10-02T16:00:59.4555157Z   specs:
2026-10-02T16:00:59.4555596Z     activemodel (8.1.4)
2026-10-02T16:00:59.4556061Z       activesupport (= 8.1.4)
2026-10-02T16:00:59.4556616Z     activerecord (8.1.4)
2026-10-02T16:00:59.4557111Z       activemodel (= 8.1.4)
2026-10-02T16:00:59.4557592Z       activesupport (= 8.1.4)
2026-10-02T16:00:59.4558055Z       timeout (>= 0.4.0)
2026-10-02T16:00:59.4558567Z     activesupport (8.1.4)
2026-10-02T16:00:59.4559022Z       base64
2026-10-02T16:00:59.4559618Z       bigdecimal
2026-10-02T16:00:59.4560063Z       concurrent-ruby (~> 1.0, >= 1.3.1)
2026-10-02T16:00:59.4560595Z       connection_pool (>= 2.2.5)
2026-10-02T16:00:59.4561017Z       drb
2026-10-02T16:00:59.4561333Z       i18n (>= 1.6, < 2)
2026-10-02T16:00:59.4561707Z       json
2026-10-02T16:00:59.4562043Z       logger (>= 1.4.2)
2026-10-02T16:00:59.4562428Z       minitest (>= 5.1)
2026-10-02T16:00:59.4562871Z       securerandom (>= 0.3)
2026-10-02T16:00:59.4563284Z       tzinfo (~> 2.0, >= 2.0.5)
2026-10-02T16:00:59.4563748Z       uri (>= 0.13.1)
2026-10-02T16:00:59.4564129Z     aes_key_wrap (1.1.0)
2026-10-02T16:00:59.4564528Z     amq-protocol (2.9.0)
2026-10-02T16:00:59.4564933Z     ancestry (4.3.3)
2026-10-02T16:00:59.4565367Z       activerecord (>= 5.2.6)
2026-10-02T16:00:59.4565859Z     android_key_attestation (0.3.0)
2026-10-02T16:00:59.4566274Z     ast (2.4.3)
2026-10-02T16:00:59.4566615Z     attr_required (1.0.2)
2026-10-02T16:00:59.4567025Z     base64 (0.3.0)
2026-10-02T16:00:59.4567405Z     bcrypt (3.1.22)
2026-10-02T16:00:59.4567739Z     bigdecimal (4.1.3)
2026-10-02T16:00:59.4568149Z     bindata (2.5.1)
2026-10-02T16:00:59.4568496Z     bunny (2.24.0)
2026-10-02T16:00:59.4568826Z       amq-protocol (~> 2.3)
2026-10-02T16:00:59.4570154Z       sorted_set (~> 1, >= 1.0.2)
2026-10-02T16:00:59.4570651Z     cbor (0.5.10.3)
2026-10-02T16:00:59.4571029Z     coderay (1.1.3)
2026-10-02T16:00:59.4571423Z     concurrent-ruby (1.3.8)
2026-10-02T16:00:59.4571948Z     connection_pool (3.0.2)
2026-10-02T16:00:59.4572366Z     cose (1.3.1)
2026-10-02T16:00:59.4572723Z       cbor (~> 0.5.9)
2026-10-02T16:00:59.4573187Z       openssl-signature_algorithm (~> 1.0)
2026-10-02T16:00:59.4573718Z     csv (3.3.6)
2026-10-02T16:00:59.4574081Z     date (3.5.1)
2026-10-02T16:00:59.4574443Z     diff-lcs (1.6.2)
2026-10-02T16:00:59.4574834Z     dnsruby (1.74.0)
2026-10-02T16:00:59.4575224Z       base64 (>= 0.2)
2026-10-02T16:00:59.4575691Z       logger (~> 1.6)
2026-10-02T16:00:59.4576364Z       simpleidn (~> 0.2.1)
2026-10-02T16:00:59.4576798Z     domain_name (0.6.20260921)
2026-10-02T16:00:59.4577210Z     drb (2.2.3)
2026-10-02T16:00:59.4577520Z     faraday (2.14.4)
2026-10-02T16:00:59.4577922Z       faraday-net_http (>= 2.0, < 3.5)
2026-10-02T16:00:59.4578378Z       json
2026-10-02T16:00:59.4578800Z       logger
2026-10-02T16:00:59.4579210Z     faraday-follow_redirects (0.5.0)
2026-10-02T16:00:59.4580160Z       faraday (>= 1, < 3)
2026-10-02T16:00:59.4580595Z     faraday-net_http (3.4.4)
2026-10-02T16:00:59.4581079Z       net-http (~> 0.5)
2026-10-02T16:00:59.4581483Z     fio_api (0.0.11)
2026-10-02T16:00:59.4581890Z       httparty (>= 0.16.2)
2026-10-02T16:00:59.4582295Z     haveapi (0.29.8)
2026-10-02T16:00:59.4582708Z       activesupport (>= 7.1)
2026-10-02T16:00:59.4583228Z       haveapi-client (~> 0.29.8)
2026-10-02T16:00:59.4583650Z       i18n (>= 1.6, < 2)
2026-10-02T16:00:59.4584028Z       json
2026-10-02T16:00:59.4584363Z       mail
2026-10-02T16:00:59.4584739Z       nesty (~> 1.0)
2026-10-02T16:00:59.4585179Z       rack-oauth2 (~> 2.2.0)
2026-10-02T16:00:59.4585644Z       rake
2026-10-02T16:00:59.4586029Z       redcarpet (~> 3.6)
2026-10-02T16:00:59.4586460Z       require_all (~> 2.0.0)
2026-10-02T16:00:59.4586897Z       sinatra (~> 4.0)
2026-10-02T16:00:59.4587315Z       sinatra-contrib (~> 4.0)
2026-10-02T16:00:59.4587801Z       tilt (~> 2.4)
2026-10-02T16:00:59.4588222Z     haveapi-client (0.29.8)
2026-10-02T16:00:59.4588663Z       activesupport (>= 7.0)
2026-10-02T16:00:59.4589129Z       highline (~> 3.1)
2026-10-02T16:00:59.4589777Z       json
2026-10-02T16:00:59.4590135Z       require_all (~> 2.0.0)
2026-10-02T16:00:59.4590577Z       rest-client (~> 2.1.0)
2026-10-02T16:00:59.4591108Z       ruby-progressbar (~> 1.13.0)
2026-10-02T16:00:59.4591583Z     highline (3.1.2)
2026-10-02T16:00:59.4592023Z       reline
2026-10-02T16:00:59.4592389Z     http-accept (1.7.0)
2026-10-02T16:00:59.4592849Z     http-cookie (1.1.6)
2026-10-02T16:00:59.4593257Z       domain_name (~> 0.5)
2026-10-02T16:00:59.4593723Z     httparty (0.24.3)
2026-10-02T16:00:59.4594097Z       csv
2026-10-02T16:00:59.4594445Z       mini_mime (>= 1.0.0)
2026-10-02T16:00:59.4594870Z       multi_xml (>= 0.5.2)
2026-10-02T16:00:59.4595328Z     i18n (1.15.2)
2026-10-02T16:00:59.4595778Z       concurrent-ruby (~> 1.0)
2026-10-02T16:00:59.4596244Z     io-console (0.9.4)
2026-10-02T16:00:59.4596668Z     ipaddress (0.8.3)
2026-10-02T16:00:59.4597106Z     json (2.21.2)
2026-10-02T16:00:59.4597479Z     json-jwt (1.17.2)
2026-10-02T16:00:59.4597891Z       activesupport (>= 4.2)
2026-10-02T16:00:59.4598320Z       aes_key_wrap
2026-10-02T16:00:59.4598738Z       base64
2026-10-02T16:00:59.4599081Z       bindata
2026-10-02T16:00:59.4599698Z       faraday (~> 2.0)
2026-10-02T16:00:59.4600126Z       faraday-follow_redirects
2026-10-02T16:00:59.4600577Z     jwt (3.3.0)
2026-10-02T16:00:59.4600928Z       base64
2026-10-02T16:00:59.4601315Z     language_server-protocol (3.17.0.6)
2026-10-02T16:00:59.4601846Z     lint_roller (1.1.0)
2026-10-02T16:00:59.4602289Z     logger (1.7.0)
2026-10-02T16:00:59.4602674Z     mail (2.9.1)
2026-10-02T16:00:59.4603074Z       logger
2026-10-02T16:00:59.4603442Z       mini_mime (>= 0.1.1)
2026-10-02T16:00:59.4603866Z       net-imap
2026-10-02T16:00:59.4604241Z       net-pop
2026-10-02T16:00:59.4604589Z       net-smtp
2026-10-02T16:00:59.4605215Z     method_source (1.1.0)
2026-10-02T16:00:59.4605719Z     mime-types (3.7.0)
2026-10-02T16:00:59.4606130Z       logger
2026-10-02T16:00:59.4606550Z       mime-types-data (~> 3.2025, >= 3.2025.0507)
2026-10-02T16:00:59.4607164Z     mime-types-data (3.2026.0929)
2026-10-02T16:00:59.4607631Z     mini_mime (1.1.5)
2026-10-02T16:00:59.4608028Z     minitest (6.0.6)
2026-10-02T16:00:59.4608423Z       drb (~> 2.0)
2026-10-02T16:00:59.4608800Z       prism (~> 1.5)
2026-10-02T16:00:59.4609215Z     multi_json (1.21.2)
2026-10-02T16:00:59.4609906Z     multi_xml (0.9.1)
2026-10-02T16:00:59.4610342Z       bigdecimal (>= 3.1, < 5)
2026-10-02T16:00:59.4610805Z     mustermann (3.1.1)
2026-10-02T16:00:59.4611522Z     mysql2 (0.5.7)
2026-10-02T16:00:59.4611906Z       bigdecimal
2026-10-02T16:00:59.4612267Z     nesty (1.0.2)
2026-10-02T16:00:59.4612661Z     net-http (0.9.1)
2026-10-02T16:00:59.4613058Z       uri (>= 0.11.1)
2026-10-02T16:00:59.4613440Z     net-imap (0.6.7)
2026-10-02T16:00:59.4613823Z       date
2026-10-02T16:00:59.4614180Z       net-protocol
2026-10-02T16:00:59.4614555Z     net-pop (0.1.2)
2026-10-02T16:00:59.4614927Z       net-protocol
2026-10-02T16:00:59.4615297Z     net-protocol (0.4.0)
2026-10-02T16:00:59.4615746Z       timeout
2026-10-02T16:00:59.4616135Z     net-smtp (0.5.2)
2026-10-02T16:00:59.4616513Z       net-protocol
2026-10-02T16:00:59.4616875Z     netrc (0.11.0)
2026-10-02T16:00:59.4617281Z     nio4r (2.7.5)
2026-10-02T16:00:59.4617695Z     openssl (4.0.2)
2026-10-02T16:00:59.4618162Z     openssl-signature_algorithm (1.3.0)
2026-10-02T16:00:59.4618667Z       openssl (> 2.0)
2026-10-02T16:00:59.4619088Z     paper_trail (17.0.0)
2026-10-02T16:00:59.4619802Z       activerecord (>= 7.1)
2026-10-02T16:00:59.4620269Z       request_store (~> 1.4)
2026-10-02T16:00:59.4620694Z     parallel (2.2.0)
2026-10-02T16:00:59.4621094Z     parser (3.3.12.0)
2026-10-02T16:00:59.4621506Z       ast (~> 2.4.1)
2026-10-02T16:00:59.4621926Z       racc
2026-10-02T16:00:59.4622240Z     prism (1.9.0)
2026-10-02T16:00:59.4622657Z     prometheus-client (4.2.5)
2026-10-02T16:00:59.4623127Z       base64
2026-10-02T16:00:59.4623493Z     pry (0.16.0)
2026-10-02T16:00:59.4623876Z       coderay (~> 1.1)
2026-10-02T16:00:59.4624281Z       method_source (~> 1.0)
2026-10-02T16:00:59.4624694Z       reline (>= 0.6.0)
2026-10-02T16:00:59.4625071Z     puma (8.0.2)
2026-10-02T16:00:59.4625441Z       nio4r (~> 2.0)
2026-10-02T16:00:59.4625803Z     racc (1.8.1)
2026-10-02T16:00:59.4626193Z     rack (3.2.7)
2026-10-02T16:00:59.4626576Z     rack-oauth2 (2.2.1)
2026-10-02T16:00:59.4627010Z       activesupport
2026-10-02T16:00:59.4627396Z       attr_required
2026-10-02T16:00:59.4627731Z       faraday (~> 2.0)
2026-10-02T16:00:59.4628136Z       faraday-follow_redirects
2026-10-02T16:00:59.4628572Z       json-jwt (>= 1.11.0)
2026-10-02T16:00:59.4628979Z       rack (>= 2.1.0)
2026-10-02T16:00:59.4629809Z     rack-protection (4.2.1)
2026-10-02T16:00:59.4630293Z       base64 (>= 0.1.0)
2026-10-02T16:00:59.4630703Z       logger (>= 1.6.0)
2026-10-02T16:00:59.4631116Z       rack (>= 3.0.0, < 4)
2026-10-02T16:00:59.4631524Z     rack-session (2.1.2)
2026-10-02T16:00:59.4631923Z       base64 (>= 0.1.0)
2026-10-02T16:00:59.4632292Z       rack (>= 3.0.0)
2026-10-02T16:00:59.4632656Z     rack-test (2.2.0)
2026-10-02T16:00:59.4633032Z       rack (>= 1.3)
2026-10-02T16:00:59.4633384Z     rackup (2.3.1)
2026-10-02T16:00:59.4633719Z       rack (>= 3)
2026-10-02T16:00:59.4634050Z     rainbow (3.1.1)
2026-10-02T16:00:59.4634417Z     rake (13.4.2)
2026-10-02T16:00:59.4634782Z     rbtree (0.4.7)
2026-10-02T16:00:59.4635164Z     redcarpet (3.6.1)
2026-10-02T16:00:59.4635658Z     regexp_parser (2.13.1)
2026-10-02T16:00:59.4636083Z     reline (0.7.0)
2026-10-02T16:00:59.4636500Z       io-console (~> 0.5)
2026-10-02T16:00:59.4636958Z     request_store (1.7.0)
2026-10-02T16:00:59.4637410Z       rack (>= 1.4)
2026-10-02T16:00:59.4637852Z     require_all (2.0.0)
2026-10-02T16:00:59.4638299Z     rest-client (2.1.0)
2026-10-02T16:00:59.4639044Z       http-accept (>= 1.7.0, < 2.0)
2026-10-02T16:00:59.4639906Z       http-cookie (>= 1.0.2, < 2.0)
2026-10-02T16:00:59.4640421Z       mime-types (>= 1.16, < 4.0)
2026-10-02T16:00:59.4640920Z       netrc (~> 0.8)
2026-10-02T16:00:59.4641354Z     rotp (6.3.0)
2026-10-02T16:00:59.4641728Z     rspec (3.13.2)
2026-10-02T16:00:59.4642174Z       rspec-core (~> 3.13.0)
2026-10-02T16:00:59.4642674Z       rspec-expectations (~> 3.13.0)
2026-10-02T16:00:59.4643316Z       rspec-mocks (~> 3.13.0)
2026-10-02T16:00:59.4643767Z     rspec-core (3.13.6)
2026-10-02T16:00:59.4644182Z       rspec-support (~> 3.13.0)
2026-10-02T16:00:59.4644695Z     rspec-expectations (3.13.5)
2026-10-02T16:00:59.4645169Z       diff-lcs (>= 1.2.0, < 2.0)
2026-10-02T16:00:59.4645996Z       rspec-support (~> 3.13.0)
2026-10-02T16:00:59.4646471Z     rspec-mocks (3.13.8)
2026-10-02T16:00:59.4646932Z       diff-lcs (>= 1.2.0, < 2.0)
2026-10-02T16:00:59.4647438Z       rspec-support (~> 3.13.0)
2026-10-02T16:00:59.4647921Z     rspec-support (3.13.7)
2026-10-02T16:00:59.4648366Z     rubocop (1.91.0)
2026-10-02T16:00:59.4648798Z       json (>= 2.3)
2026-10-02T16:00:59.4649244Z       language_server-protocol (~> 3.17.0.2)
2026-10-02T16:00:59.4650083Z       lint_roller (~> 1.1.0)
2026-10-02T16:00:59.4650572Z       parallel (>= 1.10)
2026-10-02T16:00:59.4651007Z       parser (>= 3.3.0.2)
2026-10-02T16:00:59.4651467Z       rainbow (>= 2.2.2, < 4.0)
2026-10-02T16:00:59.4651963Z       regexp_parser (>= 2.9.3, < 3.0)
2026-10-02T16:00:59.4652491Z       rubocop-ast (>= 1.49.0, < 2.0)
2026-10-02T16:00:59.4653017Z       ruby-progressbar (~> 1.7)
2026-10-02T16:00:59.4653581Z       unicode-display_width (>= 2.4.0, < 4.0)
2026-10-02T16:00:59.4654148Z     rubocop-ast (1.50.0)
2026-10-02T16:00:59.4654627Z       parser (>= 3.3.7.2)
2026-10-02T16:00:59.4655037Z       prism (~> 1.7)
2026-10-02T16:00:59.4655500Z     rubocop-rake (0.7.1)
2026-10-02T16:00:59.4655953Z       lint_roller (~> 1.1)
2026-10-02T16:00:59.4656491Z       rubocop (>= 1.72.1)
2026-10-02T16:00:59.4656949Z     rubocop-rspec (3.10.2)
2026-10-02T16:00:59.4657422Z       lint_roller (~> 1.1)
2026-10-02T16:00:59.4657848Z       regexp_parser (>= 2.0)
2026-10-02T16:00:59.4658331Z       rubocop (~> 1.86, >= 1.86.2)
2026-10-02T16:00:59.4658841Z     ruby-progressbar (1.13.0)
2026-10-02T16:00:59.4659307Z     rubyzip (3.2.2)
2026-10-02T16:00:59.4659985Z     safety_net_attestation (0.5.0)
2026-10-02T16:00:59.4660454Z       jwt (>= 2.0, < 4.0)
2026-10-02T16:00:59.4660870Z     securerandom (0.4.1)
2026-10-02T16:00:59.4661264Z     simpleidn (0.2.3)
2026-10-02T16:00:59.4661656Z     sinatra (4.2.1)
2026-10-02T16:00:59.4662030Z       logger (>= 1.6.0)
2026-10-02T16:00:59.4662431Z       mustermann (~> 3.0)
2026-10-02T16:00:59.4662865Z       rack (>= 3.0.0, < 4)
2026-10-02T16:00:59.4663299Z       rack-protection (= 4.2.1)
2026-10-02T16:00:59.4663801Z       rack-session (>= 2.0.0, < 3)
2026-10-02T16:00:59.4664296Z       tilt (~> 2.0)
2026-10-02T16:00:59.4664762Z     sinatra-activerecord (2.0.28)
2026-10-02T16:00:59.4665245Z       activerecord (>= 4.1)
2026-10-02T16:00:59.4665728Z       sinatra (>= 1.0)
2026-10-02T16:00:59.4666138Z     sinatra-contrib (4.2.1)
2026-10-02T16:00:59.4666544Z       multi_json (>= 0.0.2)
2026-10-02T16:00:59.4666938Z       mustermann (~> 3.0)
2026-10-02T16:00:59.4667334Z       rack-protection (= 4.2.1)
2026-10-02T16:00:59.4667727Z       sinatra (= 4.2.1)
2026-10-02T16:00:59.4668081Z       tilt (~> 2.0)
2026-10-02T16:00:59.4668421Z     sorted_set (1.1.0)
2026-10-02T16:00:59.4668770Z       rbtree
2026-10-02T16:00:59.4669079Z     tilt (2.9.0)
2026-10-02T16:00:59.4669642Z     timeout (0.6.1)
2026-10-02T16:00:59.4670019Z     tpm-key_attestation (0.14.2)
2026-10-02T16:00:59.4670455Z       bindata (~> 2.4)
2026-10-02T16:00:59.4670834Z       openssl (> 2.0)
2026-10-02T16:00:59.4671241Z       openssl-signature_algorithm (~> 1.0)
2026-10-02T16:00:59.4671724Z     tzinfo (2.0.6)
2026-10-02T16:00:59.4672096Z       concurrent-ruby (~> 1.0)
2026-10-02T16:00:59.4672533Z     unicode-display_width (3.3.0)
2026-10-02T16:00:59.4673174Z       unicode-emoji (~> 4.3)
2026-10-02T16:00:59.4673592Z     unicode-emoji (4.3.0)
2026-10-02T16:00:59.4674122Z     uri (1.1.1)
2026-10-02T16:00:59.4674641Z     user_agent_parser (2.21.0)
2026-10-02T16:00:59.4674899Z     webauthn (3.4.3)
2026-10-02T16:00:59.4675137Z       android_key_attestation (~> 0.3.0)
2026-10-02T16:00:59.4675407Z       bindata (~> 2.4)
2026-10-02T16:00:59.4675615Z       cbor (~> 0.5.9)
2026-10-02T16:00:59.4675823Z       cose (~> 1.1)
2026-10-02T16:00:59.4676019Z       openssl (>= 2.2)
2026-10-02T16:00:59.4676239Z       safety_net_attestation (~> 0.5.0)
2026-10-02T16:00:59.4676524Z       tpm-key_attestation (~> 0.14.0)
2026-10-02T16:00:59.4676796Z     webrick (1.9.2)
2026-10-02T16:00:59.4677154Z     yard (0.9.45)
2026-10-02T16:00:59.4677281Z 
2026-10-02T16:00:59.4677371Z PLATFORMS
2026-10-02T16:00:59.4677551Z   ruby
2026-10-02T16:00:59.4677740Z   x86_64-linux
2026-10-02T16:00:59.4677855Z 
2026-10-02T16:00:59.4677939Z DEPENDENCIES
2026-10-02T16:00:59.4678142Z   activerecord (~> 8.1.1)
2026-10-02T16:00:59.4678375Z   ancestry (~> 4.3.3)
2026-10-02T16:00:59.4678578Z   base64
2026-10-02T16:00:59.4678761Z   bcrypt (~> 3.1.20)
2026-10-02T16:00:59.4678962Z   bunny (~> 2.24.0)
2026-10-02T16:00:59.4679158Z   dnsruby (~> 1.73)
2026-10-02T16:00:59.4679644Z   fio_api!
2026-10-02T16:00:59.4679870Z   haveapi (~> 0.29.6)
2026-10-02T16:00:59.4680089Z   ipaddress (~> 0.8.3)
2026-10-02T16:00:59.4680298Z   json (< 3)
2026-10-02T16:00:59.4680485Z   mysql2 (~> 0.5.6)
2026-10-02T16:00:59.4680686Z   paper_trail (~> 17.0.0)
2026-10-02T16:00:59.4680926Z   prometheus-client (~> 4.2.3)
2026-10-02T16:00:59.4681162Z   pry
2026-10-02T16:00:59.4681340Z   puma
2026-10-02T16:00:59.4681515Z   rack-test
2026-10-02T16:00:59.4681705Z   rackup
2026-10-02T16:00:59.4681876Z   rake
2026-10-02T16:00:59.4682254Z   require_all (~> 2.0.0)
2026-10-02T16:00:59.4682625Z   rotp (~> 6.3.0)
2026-10-02T16:00:59.4682901Z   rspec
2026-10-02T16:00:59.4683339Z   rubocop
2026-10-02T16:00:59.4683643Z   rubocop-rake
2026-10-02T16:00:59.4684016Z   rubocop-rspec
2026-10-02T16:00:59.4684312Z   rubyzip (~> 3.2.2)
2026-10-02T16:00:59.4684647Z   sinatra-activerecord (~> 2.0.27)
2026-10-02T16:00:59.4685066Z   user_agent_parser (~> 2.20)
2026-10-02T16:00:59.4685434Z   webauthn (~> 3.4)
2026-10-02T16:00:59.4698649Z   webrick
2026-10-02T16:00:59.4698881Z   yard
2026-10-02T16:00:59.4699000Z 
2026-10-02T16:00:59.4699091Z BUNDLED WITH
2026-10-02T16:00:59.4699311Z    2.6.9
2026-10-02T16:00:59.4700153Z ##[endgroup]
2026-10-02T16:00:59.4701142Z Cache key: setup-ruby-bundler-cache-v6-ubuntu-24.04-x64-ruby-3.4.11-wd-/home/runner/work/vpsadmin/vpsadmin/api-with--without-development-only--Gemfile.lock-621acded027ae36dd01f319901469fd6e04750ef86e22a504734475e002b98ce
2026-10-02T16:00:59.5256295Z Cache hit for: setup-ruby-bundler-cache-v6-ubuntu-24.04-x64-ruby-3.4.11-wd-/home/runner/work/vpsadmin/vpsadmin/api-with--without-development-only--Gemfile.lock-621acded027ae36dd01f319901469fd6e04750ef86e22a504734475e002b98ce
2026-10-02T16:00:59.7953189Z Received 27674428 of 27674428 (100.0%), 118.4 MBs/sec
2026-10-02T16:00:59.7954000Z Cache Size: ~26 MB (27674428 B)
2026-10-02T16:00:59.7984392Z [command]/usr/bin/tar -xf /home/runner/work/_temp/34d63f53-a60a-402b-ba8f-ec83557632cb/cache.tzst -P -C /home/runner/work/vpsadmin/vpsadmin --use-compress-program unzstd
2026-10-02T16:01:00.0683445Z Cache restored successfully
2026-10-02T16:01:00.0698789Z Found cache for key: setup-ruby-bundler-cache-v6-ubuntu-24.04-x64-ruby-3.4.11-wd-/home/runner/work/vpsadmin/vpsadmin/api-with--without-development-only--Gemfile.lock-621acded027ae36dd01f319901469fd6e04750ef86e22a504734475e002b98ce
2026-10-02T16:01:00.0711871Z [command]/opt/hostedtoolcache/Ruby/3.4.11/x64/bin/bundle install --jobs 4
2026-10-02T16:01:00.4000865Z Bundle complete! 30 Gemfile dependencies, 98 gems now installed.
2026-10-02T16:01:00.4001768Z Gems in the group 'development' were not installed.
2026-10-02T16:01:00.4002417Z Bundled gems are installed into `./vendor/bundle`
2026-10-02T16:01:00.4133920Z Took   5.58 seconds
2026-10-02T16:01:00.4265011Z ##[group]Run set -euo pipefail
2026-10-02T16:01:00.4265356Z [36;1mset -euo pipefail[0m
2026-10-02T16:01:00.4265712Z [36;1mxargs -a "tmp/rspec-files-platform.txt" bundle exec rspec[0m
2026-10-02T16:01:00.4333581Z shell: /usr/bin/bash -e {0}
2026-10-02T16:01:00.4333851Z env:
2026-10-02T16:01:00.4334049Z   RACK_ENV: test
2026-10-02T16:01:00.4334287Z   BUNDLE_WITHOUT: development
2026-10-02T16:01:00.4334551Z   BUNDLE_JOBS: 4
2026-10-02T16:01:00.4334756Z   BUNDLE_RETRY: 3
2026-10-02T16:01:00.4334974Z   VPSADMIN_PLUGINS: all
2026-10-02T16:01:00.4335201Z ##[endgroup]
2026-10-02T16:01:02.2554308Z Started local MariaDB test database at ***127.0.0.1:42685/vpsadmin_test?encoding=utf8mb3&collation=utf8mb3_unicode_ci
2026-10-02T16:01:02.8359549Z -- create_table("auth_tokens", {id: {type: :integer, unsigned: true}, charset: "utf8mb3", collation: "utf8mb3_czech_ci", force: :cascade})
2026-10-02T16:01:02.8361052Z    -> 0.0082s
2026-10-02T16:01:02.8362330Z -- create_table("branches", {id: {type: :integer, unsigned: true}, charset: "utf8mb3", collation: "utf8mb3_czech_ci", force: :cascade})
2026-10-02T16:01:02.8363541Z    -> 0.0032s
2026-10-02T16:01:02.8364991Z -- create_table("cluster_resource_package_items", {id: {type: :integer, unsigned: true}, charset: "utf8mb3", collation: "utf8mb3_czech_ci", force: :cascade})
2026-10-02T16:01:02.8366497Z    -> 0.0039s
2026-10-02T16:01:02.8367836Z -- create_table("cluster_resource_packages", {id: {type: :integer, unsigned: true}, charset: "utf8mb3", collation: "utf8mb3_czech_ci", force: :cascade})
2026-10-02T16:01:02.8369155Z    -> 0.0035s
2026-10-02T16:01:02.8370465Z -- create_table("cluster_resource_uses", {id: {type: :integer, unsigned: true}, charset: "utf8mb3", collation: "utf8mb3_czech_ci", force: :cascade})
2026-10-02T16:01:02.8371334Z    -> 0.0044s
2026-10-02T16:01:02.8371991Z -- create_table("cluster_resources", {id: {type: :integer, unsigned: true}, charset: "utf8mb3", collation: "utf8mb3_czech_ci", force: :cascade})
2026-10-02T16:01:02.8372987Z    -> 0.0034s
2026-10-02T16:01:02.8373727Z -- create_table("components", {charset: "utf8mb3", collation: "utf8mb3_czech_ci", force: :cascade})
2026-10-02T16:01:02.8374271Z    -> 0.0030s
2026-10-02T16:01:02.8375172Z -- create_table("dataset_actions", {id: {type: :integer, unsigned: true}, charset: "utf8mb3", collation: "utf8mb3_czech_ci", force: :cascade})
2026-10-02T16:01:02.8376042Z    -> 0.0029s
2026-10-02T16:01:02.8376619Z -- create_table("dataset_expansion_events", {charset: "utf8mb3", collation: "utf8mb3_czech_ci", force: :cascade})
2026-10-02T16:01:02.8377277Z    -> 0.0041s
2026-10-02T16:01:02.8377747Z -- create_table("dataset_expansion_histories", {charset: "utf8mb3", collation: "utf8mb3_czech_ci", force: :cascade})
2026-10-02T16:01:02.8378552Z    -> 0.0035s
2026-10-02T16:01:02.8379595Z -- create_table("dataset_expansions", {charset: "utf8mb3", collation: "utf8mb3_czech_ci", force: :cascade})
2026-10-02T16:01:02.8380331Z    -> 0.0035s
2026-10-02T16:01:02.8381254Z -- create_table("dataset_in_pool_plans", {id: {type: :integer, unsigned: true}, charset: "utf8mb3", collation: "utf8mb3_czech_ci", force: :cascade})
2026-10-02T16:01:02.8382365Z    -> 0.0032s
2026-10-02T16:01:02.8382956Z -- create_table("dataset_in_pools", {id: {type: :integer, unsigned: true}, charset: "utf8mb3", collation: "utf8mb3_czech_ci", force: :cascade})
2026-10-02T16:01:02.8383519Z    -> 0.0036s
2026-10-02T16:01:02.8384373Z -- create_table("dataset_plans", {id: {type: :integer, unsigned: true}, charset: "utf8mb3", collation: "utf8mb3_czech_ci", force: :cascade})
2026-10-02T16:01:02.8385400Z    -> 0.0024s
2026-10-02T16:01:02.8386290Z -- create_table("dataset_properties", {id: {type: :integer, unsigned: true}, charset: "utf8mb3", collation: "utf8mb3_czech_ci", force: :cascade})
2026-10-02T16:01:02.8386896Z    -> 0.0039s
2026-10-02T16:01:02.8387640Z -- create_table("dataset_property_histories", {id: {type: :integer, unsigned: true}, charset: "utf8mb3", collation: "utf8mb3_czech_ci", force: :cascade})
2026-10-02T16:01:02.8388356Z    -> 0.0030s
2026-10-02T16:01:02.8392230Z -- create_table("dataset_trees", {id: {type: :integer, unsigned: true}, charset: "utf8mb3", collation: "utf8mb3_czech_ci", force: :cascade})
2026-10-02T16:01:02.8392935Z    -> 0.0032s
2026-10-02T16:01:02.8393655Z -- create_table("datasets", {id: {type: :integer, unsigned: true}, charset: "utf8mb3", collation: "utf8mb3_czech_ci", force: :cascade})
2026-10-02T16:01:02.8394617Z    -> 0.0104s
2026-10-02T16:01:02.8395362Z -- create_table("default_lifetime_values", {id: {type: :integer, unsigned: true}, charset: "utf8mb3", collation: "utf8mb3_czech_ci", force: :cascade})
2026-10-02T16:01:02.8396232Z    -> 0.0027s
2026-10-02T16:01:02.8397195Z -- create_table("default_object_cluster_resources", {id: {type: :integer, unsigned: true}, charset: "utf8mb3", collation: "utf8mb3_czech_ci", force: :cascade})
2026-10-02T16:01:02.8398532Z    -> 0.0039s
2026-10-02T16:01:02.8399196Z -- create_table("default_user_cluster_resource_packages", {id: {type: :integer, unsigned: true}, charset: "utf8mb3", collation: "utf8mb3_czech_ci", force: :cascade})
2026-10-02T16:01:02.8400107Z    -> 0.0030s
2026-10-02T16:01:02.8400511Z -- create_table("dns_record_logs", {charset: "utf8mb3", collation: "utf8mb3_czech_ci", force: :cascade})
2026-10-02T16:01:02.8401425Z    -> 0.0032s
2026-10-02T16:01:02.8401956Z -- create_table("dns_records", {charset: "utf8mb3", collation: "utf8mb3_czech_ci", force: :cascade})
2026-10-02T16:01:02.8402823Z    -> 0.0041s
2026-10-02T16:01:02.8403697Z -- create_table("dns_resolvers", {id: {type: :integer, unsigned: true}, charset: "utf8mb3", collation: "utf8mb3_czech_ci", force: :cascade})
2026-10-02T16:01:02.8404849Z    -> 0.0033s
2026-10-02T16:01:02.8405646Z -- create_table("dns_server_zone_transfer_logs", {charset: "utf8mb3", collation: "utf8mb3_czech_ci", force: :cascade})
2026-10-02T16:01:02.8406316Z    -> 0.0034s
2026-10-02T16:01:02.8407164Z -- create_table("dns_server_zones", {charset: "utf8mb3", collation: "utf8mb3_czech_ci", force: :cascade})
2026-10-02T16:01:02.8407679Z    -> 0.0049s
2026-10-02T16:01:02.8408456Z -- create_table("dns_servers", {charset: "utf8mb3", collation: "utf8mb3_czech_ci", force: :cascade})
2026-10-02T16:01:02.8409578Z    -> 0.0033s
2026-10-02T16:01:02.8410001Z -- create_table("dns_tsig_keys", {charset: "utf8mb3", collation: "utf8mb3_czech_ci", force: :cascade})
2026-10-02T16:01:02.8410553Z    -> 0.0035s
2026-10-02T16:01:02.8410970Z -- create_table("dns_zone_transfers", {charset: "utf8mb3", collation: "utf8mb3_czech_ci", force: :cascade})
2026-10-02T16:01:02.8411624Z    -> 0.0052s
2026-10-02T16:01:02.8412302Z -- create_table("dns_zones", {charset: "utf8mb3", collation: "utf8mb3_czech_ci", force: :cascade})
2026-10-02T16:01:02.8413048Z    -> 0.0041s
2026-10-02T16:01:02.8413654Z -- create_table("dnssec_records", {charset: "utf8mb3", collation: "utf8mb3_czech_ci", force: :cascade})
2026-10-02T16:01:02.8414677Z    -> 0.0029s
2026-10-02T16:01:02.8415420Z -- create_table("environment_dataset_plans", {id: {type: :integer, unsigned: true}, charset: "utf8mb3", collation: "utf8mb3_czech_ci", force: :cascade})
2026-10-02T16:01:02.8416058Z    -> 0.0022s
2026-10-02T16:01:02.8416722Z -- create_table("environment_user_configs", {id: {type: :integer, unsigned: true}, charset: "utf8mb3", collation: "utf8mb3_czech_ci", force: :cascade})
2026-10-02T16:01:02.8417539Z    -> 0.0028s
2026-10-02T16:01:02.8418033Z -- create_table("environments", {id: {type: :integer, unsigned: true}, charset: "utf8mb3", collation: "utf8mb3_czech_ci", force: :cascade})
2026-10-02T16:01:02.8419074Z    -> 0.0032s
2026-10-02T16:01:02.8420306Z -- create_table("export_hosts", {id: {type: :integer, unsigned: true}, charset: "utf8mb3", collation: "utf8mb3_czech_ci", force: :cascade})
2026-10-02T16:01:02.8420920Z    -> 0.0031s
2026-10-02T16:01:02.8421689Z -- create_table("export_mounts", {charset: "utf8mb3", collation: "utf8mb3_czech_ci", force: :cascade})
2026-10-02T16:01:02.8422170Z    -> 0.0029s
2026-10-02T16:01:02.8423208Z -- create_table("exports", {id: {type: :integer, unsigned: true}, charset: "utf8mb3", collation: "utf8mb3_czech_ci", force: :cascade})
2026-10-02T16:01:02.8424260Z    -> 0.0035s
2026-10-02T16:01:02.8424891Z -- create_table("group_snapshots", {id: {type: :integer, unsigned: true}, charset: "utf8mb3", collation: "utf8mb3_czech_ci", force: :cascade})
2026-10-02T16:01:02.8425803Z    -> 0.0027s
2026-10-02T16:01:02.8426756Z -- create_table("host_ip_addresses", {id: {type: :integer, unsigned: true}, charset: "utf8mb3", collation: "utf8mb3_czech_ci", force: :cascade})
2026-10-02T16:01:02.8427815Z    -> 0.0041s
2026-10-02T16:01:02.8428366Z -- create_table("incident_reports", {charset: "utf8mb3", collation: "utf8mb3_czech_ci", force: :cascade})
2026-10-02T16:01:02.8429132Z    -> 0.0058s
2026-10-02T16:01:02.8430225Z -- create_table("ip_address_assignments", {charset: "utf8mb3", collation: "utf8mb3_czech_ci", force: :cascade})
2026-10-02T16:01:02.8431436Z    -> 0.0066s
2026-10-02T16:01:02.8431977Z -- create_table("ip_addresses", {id: {type: :integer, unsigned: true}, charset: "utf8mb3", collation: "utf8mb3_czech_ci", force: :cascade})
2026-10-02T16:01:02.8432560Z    -> 0.0050s
2026-10-02T16:01:02.8433027Z -- create_table("ip_release_attempt_addresses", {charset: "utf8mb3", collation: "utf8mb3_unicode_ci", force: :cascade})
2026-10-02T16:01:02.8433703Z    -> 0.0029s
2026-10-02T16:01:02.8434478Z -- create_table("ip_release_attempts", {charset: "utf8mb3", collation: "utf8mb3_unicode_ci", force: :cascade})
2026-10-02T16:01:02.8435017Z    -> 0.0035s
2026-10-02T16:01:02.8435816Z -- create_table("ip_release_campaigns", {charset: "utf8mb3", collation: "utf8mb3_unicode_ci", force: :cascade})
2026-10-02T16:01:02.8436336Z    -> 0.0027s
2026-10-02T16:01:02.8436785Z -- create_table("ip_release_request_addresses", {charset: "utf8mb3", collation: "utf8mb3_unicode_ci", force: :cascade})
2026-10-02T16:01:02.8437301Z    -> 0.0045s
2026-10-02T16:01:02.8437728Z -- create_table("ip_release_request_notices", {charset: "utf8mb3", collation: "utf8mb3_unicode_ci", force: :cascade})
2026-10-02T16:01:02.8438625Z    -> 0.0027s
2026-10-02T16:01:02.8439059Z -- create_table("ip_release_requests", {charset: "utf8mb3", collation: "utf8mb3_unicode_ci", force: :cascade})
2026-10-02T16:01:02.8440048Z    -> 0.0033s
2026-10-02T16:01:02.8441024Z -- create_table("ip_traffic_monthly_summaries", {id: {type: :integer, unsigned: true}, charset: "utf8mb3", collation: "utf8mb3_czech_ci", force: :cascade})
2026-10-02T16:01:02.8441977Z    -> 0.0065s
2026-10-02T16:01:02.8442815Z -- create_table("languages", {id: {type: :integer, unsigned: true}, charset: "utf8mb3", collation: "utf8mb3_czech_ci", force: :cascade})
2026-10-02T16:01:02.8443533Z    -> 0.0056s
2026-10-02T16:01:02.8444460Z -- create_table("location_networks", {id: {type: :integer, unsigned: true}, charset: "utf8mb3", collation: "utf8mb3_czech_ci", force: :cascade})
2026-10-02T16:01:02.8445451Z    -> 0.0036s
2026-10-02T16:01:02.8446013Z -- create_table("locations", {id: {type: :integer, unsigned: true}, charset: "utf8mb3", collation: "utf8mb3_czech_ci", force: :cascade})
2026-10-02T16:01:02.8446567Z    -> 0.0024s
2026-10-02T16:01:02.8447039Z -- create_table("mail_logs", {id: {type: :integer, unsigned: true}, charset: "utf8mb3", collation: "utf8mb3_czech_ci", force: :cascade})
2026-10-02T16:01:02.8447586Z    -> 0.0047s
2026-10-02T16:01:02.8448542Z -- create_table("mail_recipients", {id: {type: :integer, unsigned: true}, charset: "utf8mb3", collation: "utf8mb3_czech_ci", force: :cascade})
2026-10-02T16:01:02.8449224Z    -> 0.0027s
2026-10-02T16:01:02.8450313Z -- create_table("mail_template_recipients", {id: {type: :integer, unsigned: true}, charset: "utf8mb3", collation: "utf8mb3_czech_ci", force: :cascade})
2026-10-02T16:01:02.8451292Z    -> 0.0029s
2026-10-02T16:01:02.8452218Z -- create_table("mail_template_translations", {id: {type: :integer, unsigned: true}, charset: "utf8mb3", collation: "utf8mb3_czech_ci", force: :cascade})
2026-10-02T16:01:02.8452870Z    -> 0.0031s
2026-10-02T16:01:03.0495413Z -- create_table("mail_templates", {id: {type: :integer, unsigned: true}, charset: "utf8mb3", collation: "utf8mb3_czech_ci", force: :cascade})
2026-10-02T16:01:03.0496512Z    -> 0.0041s
2026-10-02T16:01:03.0497237Z -- create_table("mailbox_handlers", {charset: "utf8mb3", collation: "utf8mb3_czech_ci", force: :cascade})
2026-10-02T16:01:03.0498092Z    -> 0.0033s
2026-10-02T16:01:03.0498610Z -- create_table("mailboxes", {charset: "utf8mb3", collation: "utf8mb3_czech_ci", force: :cascade})
2026-10-02T16:01:03.0499123Z    -> 0.0034s
2026-10-02T16:01:03.0500299Z -- create_table("maintenance_locks", {id: {type: :integer, unsigned: true}, charset: "utf8mb3", collation: "utf8mb3_czech_ci", force: :cascade})
2026-10-02T16:01:03.0501202Z    -> 0.0031s
2026-10-02T16:01:03.0502031Z -- create_table("metrics_access_tokens", {charset: "utf8mb3", collation: "utf8mb3_czech_ci", force: :cascade})
2026-10-02T16:01:03.0503324Z    -> 0.0036s
2026-10-02T16:01:03.0504277Z -- create_table("migration_plans", {id: {type: :integer, unsigned: true}, charset: "utf8mb3", collation: "utf8mb3_czech_ci", force: :cascade})
2026-10-02T16:01:03.0505231Z    -> 0.0030s
2026-10-02T16:01:03.0505750Z -- create_table("mirrors", {id: {type: :integer, unsigned: true}, charset: "utf8mb3", collation: "utf8mb3_czech_ci", force: :cascade})
2026-10-02T16:01:03.0506701Z    -> 0.0021s
2026-10-02T16:01:03.0507510Z -- create_table("mounts", {id: {type: :integer, unsigned: true}, charset: "utf8mb3", collation: "utf8mb3_czech_ci", force: :cascade})
2026-10-02T16:01:03.0508244Z    -> 0.0041s
2026-10-02T16:01:03.0509150Z -- create_table("network_interface_daily_accountings", {primary_key: ["network_interface_id", "user_id", "year", "month", "day"], charset: "utf8mb3", collation: "utf8mb3_czech_ci", force: :cascade})
2026-10-02T16:01:03.0510196Z    -> 0.0044s
2026-10-02T16:01:03.0511267Z -- create_table("network_interface_monitors", {primary_key: "network_interface_id", id: :bigint, default: nil, charset: "utf8mb3", collation: "utf8mb3_czech_ci", force: :cascade})
2026-10-02T16:01:03.0512286Z    -> 0.0030s
2026-10-02T16:01:03.0513098Z -- create_table("network_interface_monthly_accountings", {primary_key: ["network_interface_id", "user_id", "year", "month"], charset: "utf8mb3", collation: "utf8mb3_czech_ci", force: :cascade})
2026-10-02T16:01:03.0514518Z    -> 0.0039s
2026-10-02T16:01:03.0515187Z -- create_table("network_interface_yearly_accountings", {primary_key: ["network_interface_id", "user_id", "year"], charset: "utf8mb3", collation: "utf8mb3_czech_ci", force: :cascade})
2026-10-02T16:01:03.0516199Z    -> 0.0051s
2026-10-02T16:01:03.0516745Z -- create_table("network_interfaces", {id: {type: :integer, unsigned: true}, charset: "utf8mb3", collation: "utf8mb3_czech_ci", force: :cascade})
2026-10-02T16:01:03.0517708Z    -> 0.0046s
2026-10-02T16:01:03.0518615Z -- create_table("networks", {id: {type: :integer, unsigned: true}, charset: "utf8mb3", collation: "utf8mb3_czech_ci", force: :cascade})
2026-10-02T16:01:03.0519271Z    -> 0.0030s
2026-10-02T16:01:03.0520417Z -- create_table("node_current_statuses", {id: {type: :integer, unsigned: true}, charset: "utf8mb3", collation: "utf8mb3_czech_ci", force: :cascade})
2026-10-02T16:01:03.0521146Z    -> 0.0050s
2026-10-02T16:01:03.0521898Z -- create_table("node_ebpf_program_links", {charset: "utf8mb3", collation: "utf8mb3_bin", force: :cascade})
2026-10-02T16:01:03.0522781Z    -> 0.0034s
2026-10-02T16:01:03.0523600Z -- create_table("node_ebpf_program_objects", {charset: "utf8mb3", collation: "utf8mb3_bin", force: :cascade})
2026-10-02T16:01:03.0524347Z    -> 0.0036s
2026-10-02T16:01:03.0525051Z -- create_table("node_ebpf_programs", {charset: "utf8mb3", collation: "utf8mb3_bin", force: :cascade})
2026-10-02T16:01:03.0525622Z    -> 0.0031s
2026-10-02T16:01:03.0526391Z -- create_table("node_kernel_configuration_options", {charset: "utf8mb3", collation: "utf8mb3_bin", force: :cascade})
2026-10-02T16:01:03.0527304Z    -> 0.0032s
2026-10-02T16:01:03.0527741Z -- create_table("node_kernel_configurations", {charset: "utf8mb3", collation: "utf8mb3_bin", force: :cascade})
2026-10-02T16:01:03.0528233Z    -> 0.0031s
2026-10-02T16:01:03.0528846Z -- create_table("node_kernel_events", {charset: "utf8mb3", collation: "utf8mb3_czech_ci", force: :cascade})
2026-10-02T16:01:03.0529601Z    -> 0.0053s
2026-10-02T16:01:03.0530481Z -- create_table("node_kernel_evidence_checkpoints", {charset: "utf8mb3", collation: "utf8mb3_unicode_ci", force: :cascade})
2026-10-02T16:01:03.0531270Z    -> 0.0029s
2026-10-02T16:01:03.0531840Z -- create_table("node_kernel_evidence_errors", {charset: "utf8mb3", collation: "utf8mb3_bin", force: :cascade})
2026-10-02T16:01:03.0532633Z    -> 0.0035s
2026-10-02T16:01:03.0533454Z -- create_table("node_kernel_evidences", {charset: "utf8mb3", collation: "utf8mb3_bin", force: :cascade})
2026-10-02T16:01:03.0534303Z    -> 0.0050s
2026-10-02T16:01:03.0534953Z -- create_table("node_kernel_history_gaps", {charset: "utf8mb3", collation: "utf8mb3_czech_ci", force: :cascade})
2026-10-02T16:01:03.0535915Z    -> 0.0032s
2026-10-02T16:01:03.0536454Z -- create_table("node_kernel_history_states", {charset: "utf8mb3", collation: "utf8mb3_czech_ci", force: :cascade})
2026-10-02T16:01:03.0537268Z    -> 0.0027s
2026-10-02T16:01:03.0537911Z -- create_table("node_kernel_livepatch_patches", {charset: "utf8mb3", collation: "utf8mb3_bin", force: :cascade})
2026-10-02T16:01:03.0538582Z    -> 0.0040s
2026-10-02T16:01:03.0538982Z -- create_table("node_kernel_livepatches", {charset: "utf8mb3", collation: "utf8mb3_bin", force: :cascade})
2026-10-02T16:01:03.0539812Z    -> 0.0065s
2026-10-02T16:01:03.0540217Z -- create_table("node_kernel_modules", {charset: "utf8mb3", collation: "utf8mb3_bin", force: :cascade})
2026-10-02T16:01:03.0540677Z    -> 0.0032s
2026-10-02T16:01:03.0541137Z -- create_table("node_kernel_parameters", {charset: "utf8mb3", collation: "utf8mb3_bin", force: :cascade})
2026-10-02T16:01:03.0542032Z    -> 0.0030s
2026-10-02T16:01:03.0542486Z -- create_table("node_software_changes", {charset: "utf8mb3", collation: "utf8mb3_bin", force: :cascade})
2026-10-02T16:01:03.0543492Z    -> 0.0032s
2026-10-02T16:01:03.0544271Z -- create_table("node_software_versions", {charset: "utf8mb3", collation: "utf8mb3_bin", force: :cascade})
2026-10-02T16:01:03.0544891Z    -> 0.0036s
2026-10-02T16:01:03.0545526Z -- create_table("node_statuses", {id: {type: :integer, unsigned: true}, charset: "utf8mb3", collation: "utf8mb3_czech_ci", force: :cascade})
2026-10-02T16:01:03.0546247Z    -> 0.0032s
2026-10-02T16:01:03.0546640Z -- create_table("node_sysctl_changes", {charset: "utf8mb3", collation: "utf8mb3_bin", force: :cascade})
2026-10-02T16:01:03.0547363Z    -> 0.0031s
2026-10-02T16:01:03.0548049Z -- create_table("node_sysctls", {charset: "utf8mb3", collation: "utf8mb3_bin", force: :cascade})
2026-10-02T16:01:03.0548588Z    -> 0.0034s
2026-10-02T16:01:03.0549299Z -- create_table("node_system_history_states", {charset: "utf8mb3", collation: "utf8mb3_czech_ci", force: :cascade})
2026-10-02T16:01:03.0550393Z    -> 0.0029s
2026-10-02T16:01:03.0550827Z -- create_table("node_system_states", {charset: "utf8mb3", collation: "utf8mb3_czech_ci", force: :cascade})
2026-10-02T16:01:03.0551308Z    -> 0.0039s
2026-10-02T16:01:03.0551749Z -- create_table("node_transfer_connections", {charset: "utf8mb3", collation: "utf8mb3_czech_ci", force: :cascade})
2026-10-02T16:01:03.0552265Z    -> 0.0034s
2026-10-02T16:01:03.0552730Z -- create_table("nodes", {id: {type: :integer, unsigned: true}, charset: "utf8mb3", collation: "utf8mb3_czech_ci", force: :cascade})
2026-10-02T16:01:03.0553267Z    -> 0.0038s
2026-10-02T16:01:03.0553796Z -- create_table("oauth2_authorizations", {charset: "utf8mb3", collation: "utf8mb3_czech_ci", force: :cascade})
2026-10-02T16:01:03.0554583Z    -> 0.0054s
2026-10-02T16:01:03.0555206Z -- create_table("oauth2_clients", {charset: "utf8mb3", collation: "utf8mb3_czech_ci", force: :cascade})
2026-10-02T16:01:03.0555791Z    -> 0.0036s
2026-10-02T16:01:03.0556681Z -- create_table("object_histories", {id: {type: :integer, unsigned: true}, charset: "utf8mb3", collation: "utf8mb3_czech_ci", force: :cascade})
2026-10-02T16:01:03.0557751Z    -> 0.0036s
2026-10-02T16:01:03.0558932Z -- create_table("object_states", {id: {type: :integer, unsigned: true}, charset: "utf8mb3", collation: "utf8mb3_czech_ci", force: :cascade})
2026-10-02T16:01:03.0559986Z    -> 0.0029s
2026-10-02T16:01:03.0560745Z -- create_table("oom_preventions", {charset: "utf8mb3", collation: "utf8mb3_czech_ci", force: :cascade})
2026-10-02T16:01:03.0561248Z    -> 0.0028s
2026-10-02T16:01:03.0562014Z -- create_table("oom_report_counters", {charset: "utf8mb3", collation: "utf8mb3_czech_ci", force: :cascade})
2026-10-02T16:01:03.0562988Z    -> 0.0029s
2026-10-02T16:01:03.0563747Z -- create_table("oom_report_rules", {charset: "utf8mb3", collation: "utf8mb3_czech_ci", force: :cascade})
2026-10-02T16:01:03.0564399Z    -> 0.0031s
2026-10-02T16:01:03.0564911Z -- create_table("oom_report_stats", {id: {type: :integer, unsigned: true}, charset: "utf8mb3", collation: "utf8mb3_czech_ci", force: :cascade})
2026-10-02T16:01:03.0565670Z    -> 0.0024s
2026-10-02T16:01:03.0566169Z -- create_table("oom_report_tasks", {id: {type: :integer, unsigned: true}, charset: "utf8mb3", collation: "utf8mb3_czech_ci", force: :cascade})
2026-10-02T16:01:03.0567186Z    -> 0.0027s
2026-10-02T16:01:03.0568201Z -- create_table("oom_report_usages", {id: {type: :integer, unsigned: true}, charset: "utf8mb3", collation: "utf8mb3_czech_ci", force: :cascade})
2026-10-02T16:01:03.0569190Z    -> 0.0026s
2026-10-02T16:01:03.0570359Z -- create_table("oom_reports", {id: {type: :integer, unsigned: true}, charset: "utf8mb3", collation: "utf8mb3_czech_ci", force: :cascade})
2026-10-02T16:01:03.0571375Z    -> 0.0035s
2026-10-02T16:01:03.0572080Z -- create_table("os_families", {charset: "utf8mb3", collation: "utf8mb3_czech_ci", force: :cascade})
2026-10-02T16:01:03.0572726Z    -> 0.0027s
2026-10-02T16:01:03.0573615Z -- create_table("os_templates", {id: {type: :integer, unsigned: true}, charset: "utf8mb3", collation: "utf8mb3_czech_ci", force: :cascade})
2026-10-02T16:01:03.0574773Z    -> 0.0038s
2026-10-02T16:01:03.0575256Z -- create_table("password_change_logs", {charset: "utf8mb3", collation: "utf8mb3_czech_ci", force: :cascade})
2026-10-02T16:01:03.0575742Z    -> 0.0039s
2026-10-02T16:01:03.0576165Z -- create_table("password_event_counters", {charset: "utf8mb3", collation: "utf8mb3_czech_ci", force: :cascade})
2026-10-02T16:01:03.0576655Z    -> 0.0032s
2026-10-02T16:01:03.0577066Z -- create_table("password_recoveries", {charset: "utf8mb3", collation: "utf8mb3_czech_ci", force: :cascade})
2026-10-02T16:01:03.0577548Z    -> 0.0053s
2026-10-02T16:01:03.0577984Z -- create_table("password_recovery_requests", {charset: "utf8mb3", collation: "utf8mb3_czech_ci", force: :cascade})
2026-10-02T16:01:03.0578723Z    -> 0.0040s
2026-10-02T16:01:03.0579694Z -- create_table("password_recovery_submissions", {charset: "utf8mb3", collation: "utf8mb3_czech_ci", force: :cascade})
2026-10-02T16:01:03.0580584Z    -> 0.0040s
2026-10-02T16:01:03.0581601Z -- create_table("pools", {id: {type: :integer, unsigned: true}, charset: "utf8mb3", collation: "utf8mb3_czech_ci", force: :cascade})
2026-10-02T16:01:03.0582313Z    -> 0.0034s
2026-10-02T16:01:03.0583051Z -- create_table("port_reservations", {id: {type: :integer, unsigned: true}, charset: "utf8mb3", collation: "utf8mb3_czech_ci", force: :cascade})
2026-10-02T16:01:03.0583684Z    -> 0.0038s
2026-10-02T16:01:03.2695076Z -- create_table("repeatable_tasks", {id: {type: :integer, unsigned: true}, charset: "utf8mb3", collation: "utf8mb3_czech_ci", force: :cascade})
2026-10-02T16:01:03.2696447Z    -> 0.0034s
2026-10-02T16:01:03.2697378Z -- create_table("resource_locks", {id: {type: :integer, unsigned: true}, charset: "utf8mb3", collation: "utf8mb3_czech_ci", force: :cascade})
2026-10-02T16:01:03.2698535Z    -> 0.0036s
2026-10-02T16:01:03.2699683Z -- create_table("security_advisories", {charset: "utf8mb3", collation: "utf8mb3_czech_ci", force: :cascade})
2026-10-02T16:01:03.2700734Z    -> 0.0040s
2026-10-02T16:01:03.2701520Z -- create_table("security_advisory_cves", {charset: "utf8mb3", collation: "utf8mb3_czech_ci", force: :cascade})
2026-10-02T16:01:03.2702317Z    -> 0.0030s
2026-10-02T16:01:03.2703735Z -- create_table("security_advisory_node_status_translations", {charset: "utf8mb3", collation: "utf8mb3_czech_ci", force: :cascade})
2026-10-02T16:01:03.2704842Z    -> 0.0080s
2026-10-02T16:01:03.2705524Z -- create_table("security_advisory_node_statuses", {charset: "utf8mb3", collation: "utf8mb3_czech_ci", force: :cascade})
2026-10-02T16:01:03.2706135Z    -> 0.0036s
2026-10-02T16:01:03.2706652Z -- create_table("security_advisory_translations", {charset: "utf8mb3", collation: "utf8mb3_czech_ci", force: :cascade})
2026-10-02T16:01:03.2707557Z    -> 0.0049s
2026-10-02T16:01:03.2708280Z -- create_table("security_advisory_updates", {charset: "utf8mb3", collation: "utf8mb3_czech_ci", force: :cascade})
2026-10-02T16:01:03.2709852Z    -> 0.0035s
2026-10-02T16:01:03.2710638Z -- create_table("security_advisory_users", {charset: "utf8mb3", collation: "utf8mb3_czech_ci", force: :cascade})
2026-10-02T16:01:03.2711400Z    -> 0.0028s
2026-10-02T16:01:03.2711974Z -- create_table("security_advisory_vpses", {charset: "utf8mb3", collation: "utf8mb3_czech_ci", force: :cascade})
2026-10-02T16:01:03.2712598Z    -> 0.0153s
2026-10-02T16:01:03.2713227Z -- create_table("single_sign_ons", {charset: "utf8mb3", collation: "utf8mb3_czech_ci", force: :cascade})
2026-10-02T16:01:03.2714108Z    -> 0.0031s
2026-10-02T16:01:03.2715079Z -- create_table("snapshot_downloads", {id: {type: :integer, unsigned: true}, charset: "utf8mb3", collation: "utf8mb3_czech_ci", force: :cascade})
2026-10-02T16:01:03.2716193Z    -> 0.0029s
2026-10-02T16:01:03.2716951Z -- create_table("snapshot_in_pool_clones", {id: {type: :integer, unsigned: true}, charset: "utf8mb3", collation: "utf8mb3_czech_ci", force: :cascade})
2026-10-02T16:01:03.2717796Z    -> 0.0039s
2026-10-02T16:01:03.2718771Z -- create_table("snapshot_in_pool_in_branches", {id: {type: :integer, unsigned: true}, charset: "utf8mb3", collation: "utf8mb3_czech_ci", force: :cascade})
2026-10-02T16:01:03.2719725Z    -> 0.0035s
2026-10-02T16:01:03.2720686Z -- create_table("snapshot_in_pools", {id: {type: :integer, unsigned: true}, charset: "utf8mb3", collation: "utf8mb3_czech_ci", force: :cascade})
2026-10-02T16:01:03.2721742Z    -> 0.0038s
2026-10-02T16:01:03.2722650Z -- create_table("snapshots", {id: {type: :integer, unsigned: true}, charset: "utf8mb3", collation: "utf8mb3_czech_ci", force: :cascade})
2026-10-02T16:01:03.2723326Z    -> 0.0031s
2026-10-02T16:01:03.2724163Z -- create_table("storage_filesystem_identities", {charset: "utf8mb3", collation: "utf8mb3_unicode_ci", force: :cascade})
2026-10-02T16:01:03.2724712Z    -> 0.0057s
2026-10-02T16:01:03.2725566Z -- create_table("storage_freeze_controls", {id: :bigint, default: nil, charset: "utf8mb3", collation: "utf8mb3_unicode_ci", force: :cascade})
2026-10-02T16:01:03.2726720Z    -> 0.0028s
2026-10-02T16:01:03.2727520Z -- create_table("storage_freeze_transitions", {charset: "utf8mb3", collation: "utf8mb3_unicode_ci", force: :cascade})
2026-10-02T16:01:03.2728168Z    -> 0.0043s
2026-10-02T16:01:03.2728628Z -- create_table("storage_integrity_scopes", {charset: "utf8mb3", collation: "utf8mb3_unicode_ci", force: :cascade})
2026-10-02T16:01:03.2729129Z    -> 0.0036s
2026-10-02T16:01:03.2729895Z -- create_table("storage_mutation_attempts", {charset: "utf8mb3", collation: "utf8mb3_unicode_ci", force: :cascade})
2026-10-02T16:01:03.2730406Z    -> 0.0044s
2026-10-02T16:01:03.2730863Z -- create_table("storage_mutation_intent_scopes", {charset: "utf8mb3", collation: "utf8mb3_unicode_ci", force: :cascade})
2026-10-02T16:01:03.2731511Z    -> 0.0031s
2026-10-02T16:01:03.2732325Z -- create_table("storage_mutation_intents", {charset: "utf8mb3", collation: "utf8mb3_unicode_ci", force: :cascade})
2026-10-02T16:01:03.2733260Z    -> 0.0046s
2026-10-02T16:01:03.2734112Z -- create_table("storage_mutation_target_observations", {charset: "utf8mb3", collation: "utf8mb3_unicode_ci", force: :cascade})
2026-10-02T16:01:03.2735092Z    -> 0.0031s
2026-10-02T16:01:03.2735868Z -- create_table("storage_mutation_targets", {charset: "utf8mb3", collation: "utf8mb3_unicode_ci", force: :cascade})
2026-10-02T16:01:03.2736918Z    -> 0.0057s
2026-10-02T16:01:03.2737685Z -- create_table("storage_observation_runs", {charset: "utf8mb3", collation: "utf8mb3_unicode_ci", force: :cascade})
2026-10-02T16:01:03.2738538Z    -> 0.0032s
2026-10-02T16:01:03.2739231Z -- create_table("storage_observer_catch_up_audits", {charset: "utf8mb3", collation: "utf8mb3_unicode_ci", force: :cascade})
2026-10-02T16:01:03.2740446Z    -> 0.0038s
2026-10-02T16:01:03.2740951Z -- create_table("sysconfig", {id: {type: :integer, unsigned: true}, charset: "utf8mb3", collation: "utf8mb3_czech_ci", force: :cascade})
2026-10-02T16:01:03.2741508Z    -> 0.0032s
2026-10-02T16:01:03.2741973Z -- create_table("tokens", {id: {type: :integer, unsigned: true}, charset: "utf8mb3", collation: "utf8mb3_czech_ci", force: :cascade})
2026-10-02T16:01:03.2743271Z    -> 0.0034s
2026-10-02T16:01:03.2744199Z -- create_table("transaction_chain_concerns", {id: {type: :integer, unsigned: true}, charset: "utf8mb3", collation: "utf8mb3_czech_ci", force: :cascade})
2026-10-02T16:01:03.2745259Z    -> 0.0038s
2026-10-02T16:01:03.2746166Z -- create_table("transaction_chains", {id: {type: :integer, unsigned: true}, charset: "utf8mb3", collation: "utf8mb3_czech_ci", force: :cascade})
2026-10-02T16:01:03.2747141Z    -> 0.0037s
2026-10-02T16:01:03.2747998Z -- create_table("transaction_confirmations", {id: {type: :integer, unsigned: true}, charset: "utf8mb3", collation: "utf8mb3_czech_ci", force: :cascade})
2026-10-02T16:01:03.2748756Z    -> 0.0031s
2026-10-02T16:01:03.2749281Z -- create_table("transactions", {id: {type: :integer, unsigned: true}, charset: "utf8mb3", collation: "utf8mb3_czech_ci", force: :cascade})
2026-10-02T16:01:03.2750107Z    -> 0.0080s
2026-10-02T16:01:03.2750614Z -- create_table("user_agents", {id: {type: :integer, unsigned: true}, charset: "utf8mb3", collation: "utf8mb3_czech_ci", force: :cascade})
2026-10-02T16:01:03.2751180Z    -> 0.0035s
2026-10-02T16:01:03.2752065Z -- create_table("user_cluster_resource_packages", {id: {type: :integer, unsigned: true}, charset: "utf8mb3", collation: "utf8mb3_czech_ci", force: :cascade})
2026-10-02T16:01:03.2752697Z    -> 0.0037s
2026-10-02T16:01:03.2753214Z -- create_table("user_cluster_resources", {id: {type: :integer, unsigned: true}, charset: "utf8mb3", collation: "utf8mb3_czech_ci", force: :cascade})
2026-10-02T16:01:03.2753810Z    -> 0.0034s
2026-10-02T16:01:03.2754216Z -- create_table("user_devices", {charset: "utf8mb3", collation: "utf8mb3_czech_ci", force: :cascade})
2026-10-02T16:01:03.2754668Z    -> 0.0039s
2026-10-02T16:01:03.2755276Z -- create_table("user_failed_logins", {id: {type: :integer, unsigned: true}, charset: "utf8mb3", collation: "utf8mb3_czech_ci", force: :cascade})
2026-10-02T16:01:03.2755850Z    -> 0.0035s
2026-10-02T16:01:03.2756624Z -- create_table("user_mail_role_recipients", {id: {type: :integer, unsigned: true}, charset: "utf8mb3", collation: "utf8mb3_czech_ci", force: :cascade})
2026-10-02T16:01:03.2757233Z    -> 0.0029s
2026-10-02T16:01:03.2757788Z -- create_table("user_mail_template_recipients", {id: {type: :integer, unsigned: true}, charset: "utf8mb3", collation: "utf8mb3_czech_ci", force: :cascade})
2026-10-02T16:01:03.2758395Z    -> 0.0031s
2026-10-02T16:01:03.2759014Z -- create_table("user_namespace_blocks", {id: {type: :integer, unsigned: true}, charset: "utf8mb3", collation: "utf8mb3_czech_ci", force: :cascade})
2026-10-02T16:01:03.2759866Z    -> 0.0034s
2026-10-02T16:01:03.2760457Z -- create_table("user_namespace_map_entries", {id: {type: :integer, unsigned: true}, charset: "utf8mb3", collation: "utf8mb3_czech_ci", force: :cascade})
2026-10-02T16:01:03.2761123Z    -> 0.0030s
2026-10-02T16:01:03.2761740Z -- create_table("user_namespace_maps", {id: {type: :integer, unsigned: true}, charset: "utf8mb3", collation: "utf8mb3_czech_ci", force: :cascade})
2026-10-02T16:01:03.2762339Z    -> 0.0028s
2026-10-02T16:01:03.2762939Z -- create_table("user_namespaces", {id: {type: :integer, unsigned: true}, charset: "utf8mb3", collation: "utf8mb3_czech_ci", force: :cascade})
2026-10-02T16:01:03.2763824Z    -> 0.0034s
2026-10-02T16:01:03.2764344Z -- create_table("user_public_keys", {id: {type: :integer, unsigned: true}, charset: "utf8mb3", collation: "utf8mb3_czech_ci", force: :cascade})
2026-10-02T16:01:03.2764909Z    -> 0.0030s
2026-10-02T16:01:03.2765394Z -- create_table("user_sessions", {id: {type: :integer, unsigned: true}, charset: "utf8mb3", collation: "utf8mb3_czech_ci", force: :cascade})
2026-10-02T16:01:03.2765944Z    -> 0.0043s
2026-10-02T16:01:03.2766438Z -- create_table("user_totp_devices", {id: {type: :integer, unsigned: true}, charset: "utf8mb3", collation: "utf8mb3_czech_ci", force: :cascade})
2026-10-02T16:01:03.2767011Z    -> 0.0035s
2026-10-02T16:01:03.2767481Z -- create_table("users", {id: {type: :integer, unsigned: true}, charset: "utf8mb3", collation: "utf8mb3_czech_ci", force: :cascade})
2026-10-02T16:01:03.2768259Z    -> 0.0041s
2026-10-02T16:01:03.2768705Z -- create_table("uuids", {charset: "utf8mb3", collation: "utf8mb3_czech_ci", force: :cascade})
2026-10-02T16:01:03.2769220Z    -> 0.0030s
2026-10-02T16:01:03.2769970Z -- create_table("versions", {id: {type: :integer, unsigned: true}, charset: "utf8mb3", collation: "utf8mb3_czech_ci", force: :cascade})
2026-10-02T16:01:03.2770620Z    -> 0.0026s
2026-10-02T16:01:03.2771135Z -- create_table("vps_consoles", {id: {type: :integer, unsigned: true}, charset: "utf8mb3", collation: "utf8mb3_czech_ci", force: :cascade})
2026-10-02T16:01:03.2771824Z    -> 0.0032s
2026-10-02T16:01:03.2772446Z -- create_table("vps_current_statuses", {id: {type: :integer, unsigned: true}, charset: "utf8mb3", collation: "utf8mb3_czech_ci", force: :cascade})
2026-10-02T16:01:03.2773128Z    -> 0.0035s
2026-10-02T16:01:03.2773613Z -- create_table("vps_features", {id: {type: :integer, unsigned: true}, charset: "utf8mb3", collation: "utf8mb3_czech_ci", force: :cascade})
2026-10-02T16:01:03.2774174Z    -> 0.0029s
2026-10-02T16:01:03.2774701Z -- create_table("vps_maintenance_windows", {id: {type: :integer, unsigned: true}, charset: "utf8mb3", collation: "utf8mb3_czech_ci", force: :cascade})
2026-10-02T16:01:03.2775291Z    -> 0.0029s
2026-10-02T16:01:03.2775778Z -- create_table("vps_migrations", {id: {type: :integer, unsigned: true}, charset: "utf8mb3", collation: "utf8mb3_czech_ci", force: :cascade})
2026-10-02T16:01:03.2776332Z    -> 0.0028s
2026-10-02T16:01:03.2776816Z -- create_table("vps_os_processes", {primary_key: ["vps_id", "state"], charset: "utf8mb3", collation: "utf8mb3_czech_ci", force: :cascade})
2026-10-02T16:01:03.2777453Z    -> 0.0032s
2026-10-02T16:01:06.8437367Z -- create_table("vps_ssh_host_keys", {charset: "utf8mb3", collation: "utf8mb3_czech_ci", force: :cascade})
2026-10-02T16:01:06.8438159Z    -> 0.0034s
2026-10-02T16:01:06.8438813Z -- create_table("vps_statuses", {id: {type: :integer, unsigned: true}, charset: "utf8mb3", collation: "utf8mb3_czech_ci", force: :cascade})
2026-10-02T16:01:06.8440079Z    -> 0.0036s
2026-10-02T16:01:06.8440844Z -- create_table("vps_user_data", {charset: "utf8mb3", collation: "utf8mb3_czech_ci", force: :cascade})
2026-10-02T16:01:06.8441766Z    -> 0.0030s
2026-10-02T16:01:06.8442722Z -- create_table("vpses", {id: {type: :integer, unsigned: true}, charset: "utf8mb3", collation: "utf8mb3_czech_ci", force: :cascade})
2026-10-02T16:01:06.8443773Z    -> 0.0061s
2026-10-02T16:01:06.8444576Z -- create_table("webauthn_challenges", {charset: "utf8mb3", collation: "utf8mb3_czech_ci", force: :cascade})
2026-10-02T16:01:06.8445353Z    -> 0.0034s
2026-10-02T16:01:06.8445875Z -- create_table("webauthn_credentials", {charset: "utf8mb3", collation: "utf8mb3_czech_ci", force: :cascade})
2026-10-02T16:01:06.8446601Z    -> 0.0031s
2026-10-02T16:01:06.8446999Z -- add_foreign_key("node_current_statuses", "node_kernel_evidences", {on_delete: :nullify})
2026-10-02T16:01:06.8447583Z    -> 0.0054s
2026-10-02T16:01:06.8448052Z -- add_foreign_key("node_ebpf_program_links", "node_ebpf_programs", {on_delete: :cascade})
2026-10-02T16:01:06.8448500Z    -> 0.0054s
2026-10-02T16:01:06.8449208Z -- add_foreign_key("node_ebpf_program_objects", "node_ebpf_programs", {on_delete: :cascade})
2026-10-02T16:01:06.8449938Z    -> 0.0041s
2026-10-02T16:01:06.8450335Z -- add_foreign_key("node_ebpf_programs", "node_kernel_evidences", {on_delete: :cascade})
2026-10-02T16:01:06.8450955Z    -> 0.0042s
2026-10-02T16:01:06.8451401Z -- add_foreign_key("node_kernel_configuration_options", "node_kernel_configurations", {on_delete: :cascade})
2026-10-02T16:01:06.8451895Z    -> 0.0071s
2026-10-02T16:01:06.8452240Z -- add_foreign_key("node_kernel_events", "node_kernel_evidences", {on_delete: :nullify})
2026-10-02T16:01:06.8452879Z    -> 0.0067s
2026-10-02T16:01:06.8453219Z -- add_foreign_key("node_kernel_evidence_checkpoints", "nodes", {on_delete: :cascade})
2026-10-02T16:01:06.8453638Z    -> 0.0038s
2026-10-02T16:01:06.8454347Z -- add_foreign_key("node_kernel_evidence_errors", "node_kernel_evidences", {on_delete: :cascade})
2026-10-02T16:01:06.8454885Z    -> 0.0047s
2026-10-02T16:01:06.8455345Z -- add_foreign_key("node_kernel_history_gaps", "node_kernel_history_states", {on_delete: :cascade})
2026-10-02T16:01:06.8455924Z    -> 0.0044s
2026-10-02T16:01:06.8456328Z -- add_foreign_key("node_kernel_livepatch_patches", "node_kernel_livepatches", {on_delete: :cascade})
2026-10-02T16:01:06.8456779Z    -> 0.0042s
2026-10-02T16:01:06.8457144Z -- add_foreign_key("node_kernel_livepatches", "node_kernel_evidences", {on_delete: :cascade})
2026-10-02T16:01:06.8457567Z    -> 0.0048s
2026-10-02T16:01:06.8458028Z -- add_foreign_key("node_kernel_modules", "node_kernel_evidences", {on_delete: :cascade})
2026-10-02T16:01:06.8458454Z    -> 0.0042s
2026-10-02T16:01:06.8458811Z -- add_foreign_key("node_kernel_parameters", "node_kernel_evidences", {on_delete: :cascade})
2026-10-02T16:01:06.8459663Z    -> 0.0043s
2026-10-02T16:01:06.8460046Z -- add_foreign_key("node_software_changes", "node_kernel_events", {on_delete: :cascade})
2026-10-02T16:01:06.8460588Z    -> 0.0048s
2026-10-02T16:01:06.8460958Z -- add_foreign_key("node_software_versions", "node_kernel_evidences", {on_delete: :cascade})
2026-10-02T16:01:06.8461396Z    -> 0.0058s
2026-10-02T16:01:06.8461733Z -- add_foreign_key("node_sysctl_changes", "node_kernel_events", {on_delete: :cascade})
2026-10-02T16:01:06.8462148Z    -> 0.0047s
2026-10-02T16:01:06.8462473Z -- add_foreign_key("node_sysctls", "node_kernel_evidences", {on_delete: :cascade})
2026-10-02T16:01:06.8462867Z    -> 0.0055s
2026-10-02T16:01:06.8463196Z -- add_foreign_key("snapshot_in_pool_in_branches", "storage_observation_runs")
2026-10-02T16:01:06.8463576Z    -> 0.0050s
2026-10-02T16:01:06.8463870Z -- add_foreign_key("snapshot_in_pools", "storage_observation_runs")
2026-10-02T16:01:06.8464229Z    -> 0.0054s
2026-10-02T16:01:06.8464517Z -- add_foreign_key("storage_filesystem_identities", "branches")
2026-10-02T16:01:06.8464963Z    -> 0.0080s
2026-10-02T16:01:06.8465259Z -- add_foreign_key("storage_filesystem_identities", "dataset_in_pools")
2026-10-02T16:01:06.8465622Z    -> 0.0082s
2026-10-02T16:01:06.8466086Z -- add_foreign_key("storage_filesystem_identities", "dataset_trees")
2026-10-02T16:01:06.8466469Z    -> 0.0603s
2026-10-02T16:01:06.8466745Z -- add_foreign_key("storage_filesystem_identities", "nodes")
2026-10-02T16:01:06.8467169Z    -> 0.0064s
2026-10-02T16:01:06.8467434Z -- add_foreign_key("storage_filesystem_identities", "pools")
2026-10-02T16:01:06.8467749Z    -> 0.0071s
2026-10-02T16:01:06.8468214Z -- add_foreign_key("storage_filesystem_identities", "pools", {column: "owner_pool_id"})
2026-10-02T16:01:06.8468734Z    -> 0.0069s
2026-10-02T16:01:06.8469202Z -- add_foreign_key("storage_filesystem_identities", "snapshot_in_pool_clones")
2026-10-02T16:01:06.8470131Z    -> 0.0072s
2026-10-02T16:01:06.8471062Z -- add_foreign_key("storage_filesystem_identities", "snapshot_in_pool_in_branches", {column: "origin_snapshot_in_pool_in_branch_id"})
2026-10-02T16:01:06.8471743Z    -> 0.0063s
2026-10-02T16:01:06.8472202Z -- add_foreign_key("storage_filesystem_identities", "snapshot_in_pools", {column: "origin_snapshot_in_pool_id"})
2026-10-02T16:01:06.8472985Z    -> 0.0074s
2026-10-02T16:01:06.8473827Z -- add_foreign_key("storage_filesystem_identities", "storage_observation_runs")
2026-10-02T16:01:06.8474669Z    -> 0.0070s
2026-10-02T16:01:06.8475283Z -- add_foreign_key("storage_freeze_transitions", "storage_freeze_controls")
2026-10-02T16:01:06.8476004Z    -> 0.0056s
2026-10-02T16:01:06.8476622Z -- add_foreign_key("storage_integrity_scopes", "dataset_in_pools", {on_delete: :nullify})
2026-10-02T16:01:06.8477412Z    -> 0.0052s
2026-10-02T16:01:06.8477792Z -- add_foreign_key("storage_integrity_scopes", "pools", {on_delete: :nullify})
2026-10-02T16:01:06.8478177Z    -> 0.0052s
2026-10-02T16:01:06.8478491Z -- add_foreign_key("storage_mutation_attempts", "storage_mutation_intents")
2026-10-02T16:01:06.8478860Z    -> 0.0048s
2026-10-02T16:01:06.8479869Z -- add_foreign_key("storage_mutation_intent_scopes", "storage_integrity_scopes")
2026-10-02T16:01:06.8480294Z    -> 0.0045s
2026-10-02T16:01:06.8480622Z -- add_foreign_key("storage_mutation_intent_scopes", "storage_mutation_intents")
2026-10-02T16:01:06.8481020Z    -> 0.0044s
2026-10-02T16:01:06.8481338Z -- add_foreign_key("storage_mutation_intents", "nodes", {on_delete: :nullify})
2026-10-02T16:01:06.8481708Z    -> 0.0056s
2026-10-02T16:01:06.8482070Z -- add_foreign_key("storage_mutation_intents", "transaction_chains", {on_delete: :nullify})
2026-10-02T16:01:06.8482500Z    -> 0.0058s
2026-10-02T16:01:06.8482834Z -- add_foreign_key("storage_mutation_intents", "transactions", {on_delete: :nullify})
2026-10-02T16:01:06.8483241Z    -> 0.0057s
2026-10-02T16:01:06.8483583Z -- add_foreign_key("storage_mutation_target_observations", "storage_mutation_attempts")
2026-10-02T16:01:06.8484004Z    -> 0.0045s
2026-10-02T16:01:06.8484337Z -- add_foreign_key("storage_mutation_target_observations", "storage_mutation_targets")
2026-10-02T16:01:06.8484750Z    -> 0.0161s
2026-10-02T16:01:06.8485146Z -- add_foreign_key("storage_mutation_targets", "snapshot_in_pool_in_branches", {on_delete: :nullify})
2026-10-02T16:01:06.8485612Z    -> 0.0065s
2026-10-02T16:01:06.8485993Z -- add_foreign_key("storage_mutation_targets", "snapshot_in_pools", {on_delete: :nullify})
2026-10-02T16:01:06.8486413Z    -> 0.0058s
2026-10-02T16:01:06.8486798Z -- add_foreign_key("storage_mutation_targets", "storage_filesystem_identities", {on_delete: :nullify})
2026-10-02T16:01:06.8487257Z    -> 0.0059s
2026-10-02T16:01:06.8487570Z -- add_foreign_key("storage_mutation_targets", "storage_mutation_intent_scopes")
2026-10-02T16:01:06.8487954Z    -> 0.0071s
2026-10-02T16:01:06.8488258Z -- add_foreign_key("storage_mutation_targets", "storage_mutation_intents")
2026-10-02T16:01:06.8488619Z    -> 0.0059s
2026-10-02T16:01:06.8488924Z -- add_foreign_key("storage_observation_runs", "storage_integrity_scopes")
2026-10-02T16:01:06.8489284Z    -> 0.0048s
2026-10-02T16:01:06.8489975Z Run options: exclude {generator: true}
2026-10-02T16:01:06.8490239Z 
2026-10-02T16:01:06.8490365Z Randomized with seed 60851
2026-10-02T16:01:06.8490880Z == 20170408184500 Setup: migrating ============================================
2026-10-02T16:01:06.8491516Z -- create_table(:monitored_events, {options: "ENGINE=InnoDB", id: :integer})
2026-10-02T16:01:06.8492002Z    -> 0.0030s
2026-10-02T16:01:06.8492534Z -- add_index(:monitored_events, :monitor_name, {name: "index_monitored_events_on_monitor_name"})
2026-10-02T16:01:06.8504426Z    -> 0.0035s
2026-10-02T16:01:06.8505054Z -- add_index(:monitored_events, :class_name, {name: "index_monitored_events_on_class_name"})
2026-10-02T16:01:06.8505536Z    -> 0.0028s
2026-10-02T16:01:06.8505899Z -- add_index(:monitored_events, :row_id, {name: "index_monitored_events_on_row_id"})
2026-10-02T16:01:06.8506310Z    -> 0.0027s
2026-10-02T16:01:06.8506654Z -- add_index(:monitored_events, :state, {name: "index_monitored_events_on_state"})
2026-10-02T16:01:06.8507072Z    -> 0.0029s
2026-10-02T16:01:06.8507406Z -- add_index(:monitored_events, :user_id, {name: "index_monitored_events_on_user_id"})
2026-10-02T16:01:06.8507807Z    -> 0.0033s
2026-10-02T16:01:06.8508318Z -- create_table(:monitored_event_states, {options: "ENGINE=InnoDB", id: :integer})
2026-10-02T16:01:06.8508724Z    -> 0.0021s
2026-10-02T16:01:06.8509165Z -- add_index(:monitored_event_states, :monitored_event_id, {name: "index_monitored_event_states_on_monitored_event_id"})
2026-10-02T16:01:06.8509932Z    -> 0.0029s
2026-10-02T16:01:06.8510254Z -- create_table(:monitored_event_logs, {options: "ENGINE=InnoDB", id: :integer})
2026-10-02T16:01:06.8510646Z    -> 0.0015s
2026-10-02T16:01:06.8511199Z -- add_index(:monitored_event_logs, :monitored_event_id, {name: "index_monitored_event_logs_on_monitored_event_id"})
2026-10-02T16:01:06.8511689Z    -> 0.0028s
2026-10-02T16:01:06.8512161Z -- add_index(:monitored_event_logs, :passed, {name: "index_monitored_event_logs_on_passed"})
2026-10-02T16:01:06.8512735Z    -> 0.0027s
2026-10-02T16:01:06.8513140Z == 20170408184500 Setup: migrated (0.0305s) ===================================
2026-10-02T16:01:06.8513455Z 
2026-10-02T16:01:06.8513698Z == 20230123085900 AddMonitoredEventActionState: migrating =====================
2026-10-02T16:01:06.8514204Z -- add_column(:monitored_events, :action_state, :text, {null: true})
2026-10-02T16:01:06.8514560Z    -> 0.0026s
2026-10-02T16:01:06.8514898Z == 20230123085900 AddMonitoredEventActionState: migrated (0.0027s) ============
2026-10-02T16:01:06.8515219Z 
2026-10-02T16:01:06.8515427Z == 20231105124400 AddMonitoredEventAlertCount: migrating ======================
2026-10-02T16:01:06.8515959Z -- add_column(:monitored_events, :alert_count, :integer, {null: false, default: 0})
2026-10-02T16:01:06.8537082Z    -> 0.0060s
2026-10-02T16:01:06.8537763Z == 20231105124400 AddMonitoredEventAlertCount: migrated (0.0061s) =============
2026-10-02T16:01:06.8538153Z 
2026-10-02T16:01:06.8593365Z == 20170122083340 Setup: migrating ============================================
2026-10-02T16:01:06.8594316Z -- create_table(:user_requests, {options: "ENGINE=InnoDB", id: :integer})
2026-10-02T16:01:06.8617446Z    -> 0.0024s
2026-10-02T16:01:06.8618089Z -- add_index(:user_requests, :user_id, {name: "index_user_requests_on_user_id"})
2026-10-02T16:01:06.8652833Z    -> 0.0035s
2026-10-02T16:01:06.8653518Z -- add_index(:user_requests, :type, {name: "index_user_requests_on_type"})
2026-10-02T16:01:06.8682073Z    -> 0.0029s
2026-10-02T16:01:06.8682653Z -- add_index(:user_requests, :state, {name: "index_user_requests_on_state"})
2026-10-02T16:01:06.8711778Z    -> 0.0029s
2026-10-02T16:01:06.8712428Z -- add_index(:user_requests, :admin_id, {name: "index_user_requests_on_admin_id"})
2026-10-02T16:01:06.8742443Z    -> 0.0030s
2026-10-02T16:01:06.8742812Z -- table_exists?(:members_changes)
2026-10-02T16:01:06.8748842Z    -> 0.0006s
2026-10-02T16:01:06.8749392Z == 20170122083340 Setup: migrated (0.0156s) ===================================
2026-10-02T16:01:06.8750161Z 
2026-10-02T16:01:06.8755096Z == 20170908165000 AddAccessToken: migrating ===================================
2026-10-02T16:01:06.8756074Z -- add_column(:user_requests, :access_token, :string, {null: true, limit: 40})
2026-10-02T16:01:06.8778686Z    -> 0.0023s
2026-10-02T16:01:06.8779569Z == 20170908165000 AddAccessToken: migrated (0.0024s) ==========================
2026-10-02T16:01:06.8780051Z 
2026-10-02T16:01:06.8785784Z == 20201126142500 AddIpMailChecks: migrating ==================================
2026-10-02T16:01:06.8786769Z -- add_column(:user_requests, :ip_checked, :boolean, {null: true})
2026-10-02T16:01:06.8814676Z    -> 0.0029s
2026-10-02T16:01:06.8815157Z -- add_column(:user_requests, :ip_request_id, :string, {limit: 50, null: true})
2026-10-02T16:01:06.8840504Z    -> 0.0025s
2026-10-02T16:01:06.8841189Z -- add_column(:user_requests, :ip_success, :boolean, {null: true})
2026-10-02T16:01:06.8863918Z    -> 0.0023s
2026-10-02T16:01:06.8864652Z -- add_column(:user_requests, :ip_message, :string, {limit: 255, null: true})
2026-10-02T16:01:06.8888188Z    -> 0.0024s
2026-10-02T16:01:06.8888760Z -- add_column(:user_requests, :ip_errors, :text, {null: true})
2026-10-02T16:01:06.8950850Z    -> 0.0062s
2026-10-02T16:01:06.8951671Z -- add_column(:user_requests, :ip_proxy, :boolean, {null: true})
2026-10-02T16:01:06.8984362Z    -> 0.0033s
2026-10-02T16:01:06.8984938Z -- add_column(:user_requests, :ip_crawler, :boolean, {null: true})
2026-10-02T16:01:06.9010122Z    -> 0.0025s
2026-10-02T16:01:06.9035196Z -- add_column(:user_requests, :ip_recent_abuse, :boolean, {null: true})
2026-10-02T16:01:06.9035851Z    -> 0.0024s
2026-10-02T16:01:06.9036315Z -- add_column(:user_requests, :ip_vpn, :boolean, {null: true})
2026-10-02T16:01:06.9071786Z    -> 0.0036s
2026-10-02T16:01:06.9072263Z -- add_column(:user_requests, :ip_tor, :boolean, {null: true})
2026-10-02T16:01:06.9093958Z    -> 0.0022s
2026-10-02T16:01:06.9094509Z -- add_column(:user_requests, :ip_fraud_score, :integer, {null: true})
2026-10-02T16:01:06.9121370Z    -> 0.0027s
2026-10-02T16:01:06.9122058Z -- add_column(:user_requests, :mail_checked, :boolean, {null: true})
2026-10-02T16:01:06.9149357Z    -> 0.0028s
2026-10-02T16:01:06.9150384Z -- add_column(:user_requests, :mail_request_id, :string, {limit: 50, null: true})
2026-10-02T16:01:06.9173918Z    -> 0.0024s
2026-10-02T16:01:06.9174470Z -- add_column(:user_requests, :mail_success, :boolean, {null: true})
2026-10-02T16:01:06.9202667Z    -> 0.0028s
2026-10-02T16:01:06.9203407Z -- add_column(:user_requests, :mail_message, :string, {limit: 255, null: true})
2026-10-02T16:01:06.9226432Z    -> 0.0023s
2026-10-02T16:01:06.9227036Z -- add_column(:user_requests, :mail_errors, :text, {null: true})
2026-10-02T16:01:06.9250953Z    -> 0.0024s
2026-10-02T16:01:06.9251624Z -- add_column(:user_requests, :mail_valid, :boolean, {null: true})
2026-10-02T16:01:06.9273560Z    -> 0.0022s
2026-10-02T16:01:06.9274199Z -- add_column(:user_requests, :mail_disposable, :boolean, {null: true})
2026-10-02T16:01:06.9300795Z    -> 0.0027s
2026-10-02T16:01:06.9305209Z -- add_column(:user_requests, :mail_timed_out, :boolean, {null: true})
2026-10-02T16:01:06.9328664Z    -> 0.0023s
2026-10-02T16:01:06.9329563Z -- add_column(:user_requests, :mail_deliverability, :string, {limit: 20, null: true})
2026-10-02T16:01:06.9351903Z    -> 0.0023s
2026-10-02T16:01:06.9352521Z -- add_column(:user_requests, :mail_catch_all, :boolean, {null: true})
2026-10-02T16:01:06.9375659Z    -> 0.0023s
2026-10-02T16:01:06.9381671Z -- add_column(:user_requests, :mail_leaked, :boolean, {null: true})
2026-10-02T16:01:06.9405559Z    -> 0.0024s
2026-10-02T16:01:06.9406142Z -- add_column(:user_requests, :mail_suspect, :boolean, {null: true})
2026-10-02T16:01:06.9428168Z    -> 0.0022s
2026-10-02T16:01:06.9428686Z -- add_column(:user_requests, :mail_smtp_score, :integer, {null: true})
2026-10-02T16:01:06.9459314Z    -> 0.0030s
2026-10-02T16:01:06.9460064Z -- add_column(:user_requests, :mail_overall_score, :integer, {null: true})
2026-10-02T16:01:06.9485046Z    -> 0.0025s
2026-10-02T16:01:06.9485704Z -- add_column(:user_requests, :mail_fraud_score, :integer, {null: true})
2026-10-02T16:01:06.9510359Z    -> 0.0025s
2026-10-02T16:01:06.9515618Z -- add_column(:user_requests, :mail_dns_valid, :boolean, {null: true})
2026-10-02T16:01:06.9540846Z    -> 0.0025s
2026-10-02T16:01:06.9541476Z -- add_column(:user_requests, :mail_honeypot, :boolean, {null: true})
2026-10-02T16:01:06.9565047Z    -> 0.0024s
2026-10-02T16:01:06.9565782Z -- add_column(:user_requests, :mail_spam_trap_score, :string, {limit: 20, null: true})
2026-10-02T16:01:06.9587984Z    -> 0.0022s
2026-10-02T16:01:06.9588618Z -- add_column(:user_requests, :mail_recent_abuse, :boolean, {null: true})
2026-10-02T16:01:06.9615127Z    -> 0.0027s
2026-10-02T16:01:06.9615841Z -- add_column(:user_requests, :mail_frequent_complainer, :boolean, {null: true})
2026-10-02T16:01:06.9643985Z    -> 0.0025s
2026-10-02T16:01:06.9644592Z == 20201126142500 AddIpMailChecks: migrated (0.0858s) =========================
2026-10-02T16:01:06.9645211Z 
2026-10-02T16:01:06.9652976Z == 20260606223100 AddUserRequestsTimeZone: migrating ==========================
2026-10-02T16:01:06.9653651Z -- add_column(:user_requests, :time_zone, :string, {null: true})
2026-10-02T16:01:06.9677716Z    -> 0.0024s
2026-10-02T16:01:06.9678690Z == 20260606223100 AddUserRequestsTimeZone: migrated (0.0025s) =================
2026-10-02T16:01:06.9679543Z 
2026-10-02T16:01:06.9764015Z == 20170121214350 Setup: migrating ============================================
2026-10-02T16:01:06.9765088Z -- create_table(:incoming_payments, {options: "ENGINE=InnoDB", id: :integer})
2026-10-02T16:01:06.9800936Z    -> 0.0036s
2026-10-02T16:01:06.9801842Z -- add_index(:incoming_payments, :transaction_id, {unique: true, name: "index_incoming_payments_on_transaction_id"})
2026-10-02T16:01:06.9836539Z    -> 0.0035s
2026-10-02T16:01:06.9837187Z -- add_index(:incoming_payments, :vs, {name: "index_incoming_payments_on_vs"})
2026-10-02T16:01:06.9872400Z    -> 0.0035s
2026-10-02T16:01:06.9873049Z -- add_index(:incoming_payments, :ks, {name: "index_incoming_payments_on_ks"})
2026-10-02T16:01:06.9908765Z    -> 0.0036s
2026-10-02T16:01:06.9909655Z -- add_index(:incoming_payments, :ss, {name: "index_incoming_payments_on_ss"})
2026-10-02T16:01:06.9944402Z    -> 0.0035s
2026-10-02T16:01:06.9945126Z -- create_table(:user_accounts, {options: "ENGINE=InnoDB", id: :integer})
2026-10-02T16:01:06.9969032Z    -> 0.0024s
2026-10-02T16:01:06.9970043Z -- add_index(:user_accounts, :user_id, {unique: true, name: "index_user_accounts_on_user_id"})
2026-10-02T16:01:06.9996941Z    -> 0.0027s
2026-10-02T16:01:06.9997594Z -- create_table(:user_payments, {options: "ENGINE=InnoDB", id: :integer})
2026-10-02T16:01:07.0020751Z    -> 0.0017s
2026-10-02T16:01:07.0021725Z -- add_index(:user_payments, :incoming_payment_id, {unique: true, name: "index_user_payments_on_incoming_payment_id"})
2026-10-02T16:01:07.0051879Z    -> 0.0031s
2026-10-02T16:01:07.0052582Z -- add_index(:user_payments, :user_id, {name: "index_user_payments_on_user_id"})
2026-10-02T16:01:07.0084381Z    -> 0.0032s
2026-10-02T16:01:07.0085122Z -- add_index(:user_payments, :accounted_by_id, {name: "index_user_payments_on_accounted_by_id"})
2026-10-02T16:01:07.0118066Z    -> 0.0033s
2026-10-02T16:01:07.0122253Z == 20170121214350 Setup: migrated (0.0358s) ===================================
2026-10-02T16:01:07.0123116Z 
2026-10-02T16:01:07.0132478Z == 20260706212000 LocalizePaymentInstructionsSysconfig: migrating =============
2026-10-02T16:01:07.0156037Z == 20260706212000 LocalizePaymentInstructionsSysconfig: migrated (0.0023s) ====
2026-10-02T16:01:07.0156775Z 
2026-10-02T16:01:07.0161681Z == 20260905180000 AddUserPaymentsCreatedAtIndex: migrating ====================
2026-10-02T16:01:07.0162599Z -- add_index(:user_payments, :created_at)
2026-10-02T16:01:07.0192775Z    -> 0.0031s
2026-10-02T16:01:07.0193438Z == 20260905180000 AddUserPaymentsCreatedAtIndex: migrated (0.0031s) ===========
2026-10-02T16:01:07.0194063Z 
2026-10-02T16:01:07.0299124Z == 20170201093720 Setup: migrating ============================================
2026-10-02T16:01:07.0300411Z -- create_table(:help_boxes, {options: "ENGINE=InnoDB", id: :integer})
2026-10-02T16:01:07.0324675Z    -> 0.0026s
2026-10-02T16:01:07.0325309Z -- add_index(:help_boxes, :page, {name: "index_help_boxes_on_page"})
2026-10-02T16:01:07.0356120Z    -> 0.0031s
2026-10-02T16:01:07.0356768Z -- add_index(:help_boxes, :action, {name: "index_help_boxes_on_action"})
2026-10-02T16:01:07.0390202Z    -> 0.0033s
2026-10-02T16:01:07.0390950Z -- add_index(:help_boxes, [:page, :action], {name: "index_help_boxes_on_page_and_action"})
2026-10-02T16:01:07.0424732Z    -> 0.0034s
2026-10-02T16:01:07.0425394Z == 20170201093720 Setup: migrated (0.0127s) ===================================
2026-10-02T16:01:07.0426018Z 
2026-10-02T16:01:07.0432096Z == 20260607190000 AddWebuiUserSettings: migrating =============================
2026-10-02T16:01:07.0432992Z -- create_table(:webui_user_settings)
2026-10-02T16:01:07.0454352Z    -> 0.0022s
2026-10-02T16:01:07.0455262Z -- add_index(:webui_user_settings, [:user_id, :namespace, :key], {unique: true, name: "index_webui_user_settings_unique_key"})
2026-10-02T16:01:07.0483424Z    -> 0.0028s
2026-10-02T16:01:07.0484497Z -- add_index(:webui_user_settings, [:user_id, :namespace], {name: "index_webui_user_settings_on_user_namespace"})
2026-10-02T16:01:07.0517140Z    -> 0.0033s
2026-10-02T16:01:07.0517795Z == 20260607190000 AddWebuiUserSettings: migrated (0.0085s) ====================
2026-10-02T16:01:07.0518402Z 
2026-10-02T16:01:07.0526744Z == 20260706211000 LocalizeWebuiSysconfig: migrating ===========================
2026-10-02T16:01:07.0603246Z == 20260706211000 LocalizeWebuiSysconfig: migrated (0.0076s) ==================
2026-10-02T16:01:07.0603950Z 
2026-10-02T16:01:07.0698792Z == 20170201082030 Setup: migrating ============================================
2026-10-02T16:01:07.0700013Z -- create_table(:news_logs, {options: "ENGINE=InnoDB", id: :integer})
2026-10-02T16:01:07.0725976Z    -> 0.0026s
2026-10-02T16:01:07.0726657Z == 20170201082030 Setup: migrated (0.0027s) ===================================
2026-10-02T16:01:07.0727565Z 
2026-10-02T16:01:07.0746089Z == 20260706210000 LocalizeNewsLogMessages: migrating ==========================
2026-10-02T16:01:07.0747008Z -- create_table(:news_log_translations)
2026-10-02T16:01:07.0776760Z    -> 0.0030s
2026-10-02T16:01:07.0777454Z -- add_index(:news_log_translations, :news_log_id)
2026-10-02T16:01:07.0813323Z    -> 0.0036s
2026-10-02T16:01:07.0813824Z -- add_index(:news_log_translations, :language_id)
2026-10-02T16:01:07.0842533Z    -> 0.0029s
2026-10-02T16:01:07.0843198Z -- add_index(:news_log_translations, [:news_log_id, :language_id], {unique: true, name: "news_log_translation_unique"})
2026-10-02T16:01:07.0887083Z    -> 0.0044s
2026-10-02T16:01:07.0966685Z == 20260706210000 LocalizeNewsLogMessages: migrated (0.0220s) =================
2026-10-02T16:01:07.0967274Z 
2026-10-02T16:01:07.1078731Z == 20170223191015 Setup: migrating ============================================
2026-10-02T16:01:07.1079825Z -- create_table(:outages, {options: "ENGINE=InnoDB", id: :integer})
2026-10-02T16:01:07.1102865Z    -> 0.0024s
2026-10-02T16:01:07.1107366Z -- add_index(:outages, :state, {name: "index_outages_on_state"})
2026-10-02T16:01:07.1138494Z    -> 0.0031s
2026-10-02T16:01:07.1139171Z -- add_index(:outages, :outage_type, {name: "index_outages_on_outage_type"})
2026-10-02T16:01:07.1168375Z    -> 0.0029s
2026-10-02T16:01:07.1168990Z -- add_index(:outages, :planned, {name: "index_outages_on_planned"})
2026-10-02T16:01:07.1201093Z    -> 0.0032s
2026-10-02T16:01:07.1201722Z -- create_table(:outage_entities, {options: "ENGINE=InnoDB", id: :integer})
2026-10-02T16:01:07.1224649Z    -> 0.0023s
2026-10-02T16:01:07.1225405Z -- add_index(:outage_entities, :outage_id, {name: "index_outage_entities_on_outage_id"})
2026-10-02T16:01:07.1254626Z    -> 0.0030s
2026-10-02T16:01:07.1255315Z -- add_index(:outage_entities, :name, {name: "index_outage_entities_on_name"})
2026-10-02T16:01:07.1288214Z    -> 0.0033s
2026-10-02T16:01:07.1289010Z -- add_index(:outage_entities, :row_id, {name: "index_outage_entities_on_row_id"})
2026-10-02T16:01:07.1317954Z    -> 0.0029s
2026-10-02T16:01:07.1318893Z -- add_index(:outage_entities, [:outage_id, :name, :row_id], {unique: true, name: "index_outage_entities_on_outage_id_and_name_and_row_id"})
2026-10-02T16:01:07.1358446Z    -> 0.0040s
2026-10-02T16:01:07.1362882Z -- create_table(:outage_handlers, {options: "ENGINE=InnoDB", id: :integer})
2026-10-02T16:01:07.1391641Z    -> 0.0029s
2026-10-02T16:01:07.1392277Z -- add_index(:outage_handlers, :outage_id, {name: "index_outage_handlers_on_outage_id"})
2026-10-02T16:01:07.1418467Z    -> 0.0026s
2026-10-02T16:01:07.1419196Z -- add_index(:outage_handlers, :user_id, {name: "index_outage_handlers_on_user_id"})
2026-10-02T16:01:07.1445651Z    -> 0.0027s
2026-10-02T16:01:07.1446296Z -- add_index(:outage_handlers, [:outage_id, :user_id], {unique: true, name: "index_outage_handlers_on_outage_id_and_user_id"})
2026-10-02T16:01:07.1482920Z    -> 0.0037s
2026-10-02T16:01:07.1483752Z -- create_table(:outage_updates, {options: "ENGINE=InnoDB", id: :integer})
2026-10-02T16:01:07.1503626Z    -> 0.0020s
2026-10-02T16:01:07.1504196Z -- add_index(:outage_updates, :outage_id, {name: "index_outage_updates_on_outage_id"})
2026-10-02T16:01:07.1533038Z    -> 0.0029s
2026-10-02T16:01:07.1533739Z -- add_index(:outage_updates, :reported_by_id, {name: "index_outage_updates_on_reported_by_id"})
2026-10-02T16:01:07.1562622Z    -> 0.0029s
2026-10-02T16:01:07.1563165Z -- add_index(:outage_updates, :state, {name: "index_outage_updates_on_state"})
2026-10-02T16:01:07.1590972Z    -> 0.0028s
2026-10-02T16:01:07.1591731Z -- add_index(:outage_updates, :outage_type, {name: "index_outage_updates_on_outage_type"})
2026-10-02T16:01:07.1619037Z    -> 0.0028s
2026-10-02T16:01:07.1620021Z -- create_table(:outage_translations, {options: "ENGINE=InnoDB", id: :integer})
2026-10-02T16:01:07.1641719Z    -> 0.0022s
2026-10-02T16:01:07.1642285Z -- add_index(:outage_translations, :outage_id, {name: "index_outage_translations_on_outage_id"})
2026-10-02T16:01:07.1670170Z    -> 0.0028s
2026-10-02T16:01:07.1671045Z -- add_index(:outage_translations, :outage_update_id, {name: "index_outage_translations_on_outage_update_id"})
2026-10-02T16:01:07.1699929Z    -> 0.0029s
2026-10-02T16:01:07.1700718Z -- add_index(:outage_translations, :language_id, {name: "index_outage_translations_on_language_id"})
2026-10-02T16:01:07.1729645Z    -> 0.0029s
2026-10-02T16:01:07.1730562Z -- add_index(:outage_translations, [:outage_id, :language_id], {unique: true, name: "index_outage_translations_on_outage_id_and_language_id"})
2026-10-02T16:01:07.1757513Z    -> 0.0028s
2026-10-02T16:01:07.1762882Z -- add_index(:outage_translations, [:outage_update_id, :language_id], {unique: true, name: "index_outage_translations_on_outage_update_id_and_language_id"})
2026-10-02T16:01:07.1812992Z    -> 0.0051s
2026-10-02T16:01:07.1813651Z -- create_table(:outage_vpses, {options: "ENGINE=InnoDB", id: :integer})
2026-10-02T16:01:07.1834040Z    -> 0.0021s
2026-10-02T16:01:07.1834903Z -- add_index(:outage_vpses, [:outage_id, :vps_id], {unique: true, name: "index_outage_vpses_on_outage_id_and_vps_id"})
2026-10-02T16:01:07.1865778Z    -> 0.0031s
2026-10-02T16:01:07.1866396Z -- add_index(:outage_vpses, :outage_id, {name: "index_outage_vpses_on_outage_id"})
2026-10-02T16:01:07.1897805Z    -> 0.0032s
2026-10-02T16:01:07.1898402Z -- add_index(:outage_vpses, :vps_id, {name: "index_outage_vpses_on_vps_id"})
2026-10-02T16:01:07.1934764Z    -> 0.0037s
2026-10-02T16:01:07.1935513Z -- add_index(:outage_vpses, :user_id, {name: "index_outage_vpses_on_user_id"})
2026-10-02T16:01:07.1973537Z    -> 0.0038s
2026-10-02T16:01:07.1974325Z -- add_index(:outage_vpses, :environment_id, {name: "index_outage_vpses_on_environment_id"})
2026-10-02T16:01:07.2009781Z    -> 0.0036s
2026-10-02T16:01:07.2010408Z -- add_index(:outage_vpses, :location_id, {name: "index_outage_vpses_on_location_id"})
2026-10-02T16:01:07.2039257Z    -> 0.0029s
2026-10-02T16:01:07.2043595Z -- add_index(:outage_vpses, :node_id, {name: "index_outage_vpses_on_node_id"})
2026-10-02T16:01:07.2080480Z    -> 0.0036s
2026-10-02T16:01:07.2081187Z -- create_table(:outage_vps_mounts, {options: "ENGINE=InnoDB", id: :integer})
2026-10-02T16:01:07.2116885Z    -> 0.0036s
2026-10-02T16:01:07.2117649Z -- add_index(:outage_vps_mounts, [:outage_vps_id, :mount_id], {unique: true, name: "index_outage_vps_mounts_on_outage_vps_id_and_mount_id"})
2026-10-02T16:01:07.2148611Z    -> 0.0031s
2026-10-02T16:01:07.2149719Z -- add_index(:outage_vps_mounts, :outage_vps_id, {name: "index_outage_vps_mounts_on_outage_vps_id"})
2026-10-02T16:01:07.2175623Z    -> 0.0027s
2026-10-02T16:01:07.2176257Z -- add_index(:outage_vps_mounts, :mount_id, {name: "index_outage_vps_mounts_on_mount_id"})
2026-10-02T16:01:07.2201875Z    -> 0.0026s
2026-10-02T16:01:07.2202463Z == 20170223191015 Setup: migrated (0.1124s) ===================================
2026-10-02T16:01:07.2203115Z 
2026-10-02T16:01:07.2218425Z == 20201129113300 AddOutageExports: migrating =================================
2026-10-02T16:01:07.2219542Z -- create_table(:outage_users, {options: "ENGINE=InnoDB", id: :integer})
2026-10-02T16:01:07.2241148Z    -> 0.0022s
2026-10-02T16:01:07.2242262Z -- add_index(:outage_users, [:outage_id, :user_id], {unique: true, name: "index_outage_users_on_outage_id_and_user_id"})
2026-10-02T16:01:07.2330946Z    -> 0.0089s
2026-10-02T16:01:07.2331664Z -- add_index(:outage_users, :outage_id, {name: "index_outage_users_on_outage_id"})
2026-10-02T16:01:07.2364118Z    -> 0.0032s
2026-10-02T16:01:07.2364805Z -- add_index(:outage_users, :user_id, {name: "index_outage_users_on_user_id"})
2026-10-02T16:01:07.2392782Z    -> 0.0028s
2026-10-02T16:01:07.2410081Z -- create_table(:outage_exports, {options: "ENGINE=InnoDB", id: :integer})
2026-10-02T16:01:07.2434455Z    -> 0.0024s
2026-10-02T16:01:07.2435383Z -- add_index(:outage_exports, [:outage_id, :export_id], {unique: true, name: "index_outage_exports_on_outage_id_and_export_id"})
2026-10-02T16:01:07.2609343Z    -> 0.0174s
2026-10-02T16:01:07.2610601Z -- add_index(:outage_exports, :outage_id, {name: "index_outage_exports_on_outage_id"})
2026-10-02T16:01:07.2640697Z    -> 0.0031s
2026-10-02T16:01:07.2641436Z -- add_index(:outage_exports, :export_id, {name: "index_outage_exports_on_export_id"})
2026-10-02T16:01:07.2674134Z    -> 0.0033s
2026-10-02T16:01:07.2674771Z -- add_index(:outage_exports, :user_id, {name: "index_outage_exports_on_user_id"})
2026-10-02T16:01:07.2704534Z    -> 0.0030s
2026-10-02T16:01:07.2709043Z -- add_index(:outage_exports, :environment_id, {name: "index_outage_exports_on_environment_id"})
2026-10-02T16:01:07.2742317Z    -> 0.0033s
2026-10-02T16:01:07.2743019Z -- add_index(:outage_exports, :location_id, {name: "index_outage_exports_on_location_id"})
2026-10-02T16:01:07.2771256Z    -> 0.0028s
2026-10-02T16:01:07.2775826Z -- add_index(:outage_exports, :node_id, {name: "index_outage_exports_on_node_id"})
2026-10-02T16:01:07.2807884Z    -> 0.0032s
2026-10-02T16:01:07.2812711Z == 20201129113300 AddOutageExports: migrated (0.0590s) ========================
2026-10-02T16:01:07.2813402Z 
2026-10-02T16:01:07.2819941Z == 20240123092400 RemoveVpsOutageMounts: migrating ============================
2026-10-02T16:01:07.2821021Z -- remove_index(:outage_vps_mounts, [:outage_vps_id, :mount_id], {unique: true})
2026-10-02T16:01:07.2863806Z    -> 0.0043s
2026-10-02T16:01:07.2864276Z -- drop_table(:outage_vps_mounts)
2026-10-02T16:01:07.2877157Z    -> 0.0013s
2026-10-02T16:01:07.2877794Z == 20240123092400 RemoveVpsOutageMounts: migrated (0.0057s) ===================
2026-10-02T16:01:07.2878322Z 
2026-10-02T16:01:07.2889905Z == 20240124093200 AddImpactType: migrating ====================================
2026-10-02T16:01:07.2890912Z -- add_column(:outages, :impact_type, :integer, {null: false, default: 0})
2026-10-02T16:01:07.2921811Z    -> 0.0031s
2026-10-02T16:01:07.2925754Z -- add_index(:outages, :impact_type)
2026-10-02T16:01:07.2958849Z    -> 0.0033s
2026-10-02T16:01:07.2977623Z -- remove_index(:outages, :planned)
2026-10-02T16:01:07.3014929Z    -> 0.0037s
2026-10-02T16:01:07.3015535Z -- remove_column(:outages, :planned, :boolean, {null: false, default: false})
2026-10-02T16:01:07.3049605Z    -> 0.0034s
2026-10-02T16:01:07.3053610Z -- remove_index(:outage_updates, :outage_type)
2026-10-02T16:01:07.3078801Z    -> 0.0025s
2026-10-02T16:01:07.3079395Z -- rename_column(:outage_updates, :outage_type, :impact_type)
2026-10-02T16:01:07.3107412Z    -> 0.0028s
2026-10-02T16:01:07.3107890Z -- add_index(:outage_updates, :impact_type)
2026-10-02T16:01:07.3137664Z    -> 0.0030s
2026-10-02T16:01:07.3145402Z == 20240124093200 AddImpactType: migrated (0.0248s) ===========================
2026-10-02T16:01:07.3146002Z 
2026-10-02T16:01:07.3162417Z == 20240124185400 AddAutoResolve: migrating ===================================
2026-10-02T16:01:07.3163340Z -- add_column(:outages, :auto_resolve, :boolean, {null: false, default: true})
2026-10-02T16:01:07.3193828Z    -> 0.0031s
2026-10-02T16:01:07.3201164Z == 20240124185400 AddAutoResolve: migrated (0.0032s) ==========================
2026-10-02T16:01:07.3201776Z 
2026-10-02T16:01:07.3207752Z == 20260601121000 AddOutageSecurityAdvisories: migrating ======================
2026-10-02T16:01:07.3215845Z -- create_table(:outage_security_advisories)
2026-10-02T16:01:07.3245006Z    -> 0.0029s
2026-10-02T16:01:07.3250814Z -- add_index(:outage_security_advisories, [:outage_id, :security_advisory_id], {unique: true, name: "index_osa_on_outage_advisory"})
2026-10-02T16:01:07.3588125Z    -> 0.0337s
2026-10-02T16:01:07.3588723Z -- add_index(:outage_security_advisories, :security_advisory_id)
2026-10-02T16:01:07.3627836Z    -> 0.0040s
2026-10-02T16:01:07.3628490Z == 20260601121000 AddOutageSecurityAdvisories: migrated (0.0420s) =============
2026-10-02T16:01:07.3628965Z 
2026-10-02T16:01:09.2352852Z 
2026-10-02T16:01:09.2360116Z VpsAdmin::API::Resources::Transaction
2026-10-02T16:01:09.2360658Z   read actions
2026-10-02T16:01:09.2361044Z     Index
2026-10-02T16:01:12.0032449Z       rejects unauthenticated access
2026-10-02T16:01:15.1582557Z       filters by success
2026-10-02T16:01:18.2930490Z       filters by done
2026-10-02T16:01:20.4591733Z       returns only own transactions for support users
2026-10-02T16:01:23.7215440Z       filters by transaction_chain
2026-10-02T16:01:26.8756950Z       supports from_id pagination
2026-10-02T16:01:29.0615597Z       returns only own transactions for normal users
2026-10-02T16:01:32.3702673Z       allows admin to list all transactions
2026-10-02T16:01:35.5526537Z       supports limit pagination
2026-10-02T16:01:38.7033193Z       returns total_count meta when requested
2026-10-02T16:01:38.7033802Z     Show
2026-10-02T16:01:41.8399363Z       allows admin to show any transaction
2026-10-02T16:01:44.0077294Z       allows normal users to show their transaction
2026-10-02T16:01:46.3640197Z       rejects unauthenticated access
2026-10-02T16:01:48.5729964Z       hides other users transactions from support users
2026-10-02T16:01:50.8946099Z       hides other users transactions from normal users
2026-10-02T16:01:54.1897143Z       localizes labels
2026-10-02T16:01:57.3189454Z       returns 404 for unknown transaction
2026-10-02T16:01:57.3190960Z 
2026-10-02T16:01:57.3191196Z VpsAdmin::API::Resources::OsTemplate
2026-10-02T16:01:57.3200183Z   Create
2026-10-02T16:02:00.4613728Z     returns validation errors for invalid hypervisor_type
2026-10-02T16:02:03.6366799Z     allows admin to create an os template
2026-10-02T16:02:05.8179505Z     forbids normal users
2026-10-02T16:02:09.1173966Z     returns validation errors for invalid config YAML
2026-10-02T16:02:11.3442610Z     rejects unauthenticated access
2026-10-02T16:02:14.4832487Z     returns validation errors for missing label
2026-10-02T16:02:14.4833166Z   Index
2026-10-02T16:02:17.6409574Z     defaults to vpsadminos hypervisor
2026-10-02T16:02:19.8260105Z     filters by hypervisor_type
2026-10-02T16:02:22.1487992Z     returns total_count meta when requested for users
2026-10-02T16:02:24.3405701Z     filters by enable_cloud_init
2026-10-02T16:02:26.6594581Z     orders by order and label
2026-10-02T16:02:28.9925869Z     lists only enabled templates for normal users
2026-10-02T16:02:32.1390217Z     supports from_id pagination
2026-10-02T16:02:35.3097646Z     returns total_count meta when requested for admins
2026-10-02T16:02:37.5087498Z     filters by enable_script
2026-10-02T16:02:39.8537460Z     allows unauthenticated access (requests plugin)
2026-10-02T16:02:43.0145294Z     allows admins to see disabled templates with full output
2026-10-02T16:02:45.1950546Z     filters by cgroup_version
2026-10-02T16:02:47.5068135Z     filters by location and hypervisor_type
2026-10-02T16:02:49.8239178Z     filters by os_family
2026-10-02T16:02:52.0094453Z     enforces the output whitelist for normal users
2026-10-02T16:02:54.3093043Z     supports limit pagination
2026-10-02T16:02:54.3098681Z     rejects unauthenticated access (core) (PENDING: skipped because plugins are enabled: requests)
2026-10-02T16:02:54.3099670Z   Show
2026-10-02T16:02:56.4960507Z     shows disabled templates for users with restricted output
2026-10-02T16:02:59.7887685Z     shows disabled templates to admins
2026-10-02T16:03:02.0242145Z     allows unauthenticated access (requests plugin)
2026-10-02T16:03:05.1729157Z     returns 404 for unknown id
2026-10-02T16:03:07.3702718Z     shows enabled template for users with restricted output
2026-10-02T16:03:07.3707247Z     rejects unauthenticated access (core) (PENDING: skipped because plugins are enabled: requests)
2026-10-02T16:03:10.6422791Z     includes full output for admins
2026-10-02T16:03:10.6423348Z   Update
2026-10-02T16:03:13.7918025Z     returns validation errors for invalid config YAML
2026-10-02T16:03:16.0037408Z     rejects unauthenticated access
2026-10-02T16:03:18.1799861Z     forbids normal users
2026-10-02T16:03:21.4472797Z     returns validation errors for invalid hypervisor_type
2026-10-02T16:03:24.5920877Z     allows admin to update an os template
2026-10-02T16:03:24.5921391Z   Delete
2026-10-02T16:03:27.7663323Z     refuses to delete templates that are in use
2026-10-02T16:03:30.9331843Z     allows admin to delete an unused template
2026-10-02T16:03:34.0765997Z     returns 404 for unknown id
2026-10-02T16:03:36.2601468Z     forbids normal users
2026-10-02T16:03:38.6277106Z     rejects unauthenticated access
2026-10-02T16:03:38.6277713Z   API description
2026-10-02T16:03:41.8521310Z     includes os template endpoints
2026-10-02T16:03:41.8521743Z 
2026-10-02T16:03:41.8521953Z outage reports plugin metrics
2026-10-02T16:03:41.9988922Z   exports announced VPS and export outages affecting the token user
2026-10-02T16:03:41.9989818Z 
2026-10-02T16:03:41.9990158Z VpsAdmin::API::Resources::DefaultObjectClusterResource
2026-10-02T16:03:41.9990789Z   Show
2026-10-02T16:03:44.3536487Z     shows a default object cluster resource for authenticated users
2026-10-02T16:03:46.5640093Z     rejects unauthenticated access
2026-10-02T16:03:48.7276891Z     returns 404 for unknown resource
2026-10-02T16:03:48.7277407Z   Update
2026-10-02T16:03:52.0197284Z     allows admin to update the value
2026-10-02T16:03:54.1705871Z     forbids normal users
2026-10-02T16:03:54.1706357Z   Create
2026-10-02T16:03:56.4822887Z     rejects unauthenticated access
2026-10-02T16:03:59.5717817Z     returns validation errors for missing value
2026-10-02T16:04:02.7125931Z     allows admin to create a default object cluster resource
2026-10-02T16:04:04.9445660Z     forbids normal users
2026-10-02T16:04:04.9446162Z   Delete
2026-10-02T16:04:08.1693639Z     allows admin to delete
2026-10-02T16:04:10.3842672Z     forbids normal users
2026-10-02T16:04:10.3843188Z   Index
2026-10-02T16:04:12.5697672Z     lists default object cluster resources for an environment and class name
2026-10-02T16:04:14.7797201Z     rejects unauthenticated access
2026-10-02T16:04:14.7797630Z 
2026-10-02T16:04:14.7797851Z VpsAdmin::Scheduler::Daemon
2026-10-02T16:04:14.7859056Z   rejects invalid refresh intervals
2026-10-02T16:04:14.8854165Z   loads repeatable tasks in id order and maps cron fields
2026-10-02T16:04:14.8891176Z   reports an invalid persisted row and retains the last complete task set
2026-10-02T16:04:14.8897476Z   pushes update notifications to the internal queue
2026-10-02T16:04:14.8923267Z   discovers new persisted tasks on reload without restarting the scheduler
2026-10-02T16:04:14.8928696Z   defaults to a three-hour refresh and accepts a configured one-minute refresh
2026-10-02T16:04:14.8943273Z   uses the configured refresh timeout on each run-loop reload
2026-10-02T16:04:14.8953047Z   starts collaborators and blocks on queue pop in the run loop
2026-10-02T16:04:14.8953541Z 
2026-10-02T16:04:14.8953768Z VpsAdmin::API::IncidentReports
2026-10-02T16:04:14.8954703Z   VpsAdmin::API::IncidentReports::Handler
2026-10-02T16:04:14.9148486Z     returns the processed boolean in dry-run mode without firing chains
2026-10-02T16:04:15.0978748Z Incident #1 user=3 vps=3 ip=192.0.2.20/32
2026-10-02T16:04:15.1193059Z     fires Send for active incidents in execute mode
2026-10-02T16:04:15.2427574Z Incident #2 user=3 vps=4 ip=192.0.2.20/32
2026-10-02T16:04:15.2482545Z     fires Reply when there are no active incidents but a reply is available
2026-10-02T16:04:15.2483583Z   VpsAdmin::API::IncidentReports::Parser
2026-10-02T16:04:15.3727662Z     finds an exact address assignment
2026-10-02T16:04:15.3759610Z     returns nil when no address matches
2026-10-02T16:04:15.4986088Z     finds an address from a larger encompassing network
2026-10-02T16:04:15.7269949Z     picks the current time-bounded assignment
2026-10-02T16:04:15.7270423Z 
2026-10-02T16:04:15.7270678Z VpsAdmin::API::Resources::Node write actions
2026-10-02T16:04:15.7271903Z   API description
2026-10-02T16:04:19.0004844Z     includes node write endpoints
2026-10-02T16:04:19.0005322Z   SetMaintenance
2026-10-02T16:04:21.1879606Z     forbids support users
2026-10-02T16:04:27.4583046Z     rejects locking an already locked node
2026-10-02T16:04:30.5694653Z     allows admin to lock maintenance
2026-10-02T16:04:33.7327938Z     returns validation errors for missing lock
2026-10-02T16:04:35.9292817Z     rejects unauthenticated access
2026-10-02T16:04:39.0587073Z     allows admin to unlock maintenance
2026-10-02T16:04:41.3360552Z     forbids normal users
2026-10-02T16:04:41.3360954Z   Create
2026-10-02T16:04:47.8030973Z     allows admin to create with minimal payload
2026-10-02T16:04:54.3919608Z     accepts legacy bootstrap capacity fields without treating them as observed
2026-10-02T16:05:00.8894957Z     returns validation errors for missing name
2026-10-02T16:05:03.1224869Z     rejects unauthenticated access
2026-10-02T16:05:05.4000205Z     forbids normal users
2026-10-02T16:05:07.6027294Z     forbids support users
2026-10-02T16:05:14.0728666Z     returns validation errors for invalid ip_addr
2026-10-02T16:05:14.0737466Z   Update
2026-10-02T16:05:17.2150634Z     does not expose legacy capacity fields as editable inputs
2026-10-02T16:05:19.4625867Z     forbids support users
2026-10-02T16:05:21.6635499Z     forbids normal users
2026-10-02T16:05:24.8252791Z     returns validation errors for invalid ip_addr
2026-10-02T16:05:27.9626191Z     allows admin to update node
2026-10-02T16:05:30.1669891Z     rejects unauthenticated access
2026-10-02T16:05:30.1671806Z   Evacuate
2026-10-02T16:05:32.4246847Z     forbids normal users
2026-10-02T16:05:38.9250995Z     allows admin to evacuate node and creates a transaction chain
2026-10-02T16:05:41.1634381Z     forbids support users
2026-10-02T16:05:43.4218338Z     rejects unauthenticated access
2026-10-02T16:05:46.5331073Z     returns validation errors for missing destination node
2026-10-02T16:05:46.5331600Z 
2026-10-02T16:05:46.5331830Z VpsAdmin::API::Resources::OomReportRule
2026-10-02T16:05:46.5333133Z   API description
2026-10-02T16:05:49.8940349Z     includes oom_report_rule endpoints
2026-10-02T16:05:59.9763437Z     documents oom_report_rule inputs
2026-10-02T16:05:59.9764018Z   Create
2026-10-02T16:06:02.1723370Z     allows user to create for own vps
2026-10-02T16:06:04.4668374Z     returns validation errors for missing vps
2026-10-02T16:06:06.6506749Z     rejects invalid action choice
2026-10-02T16:06:08.9113543Z     rejects unauthenticated access
2026-10-02T16:06:11.1804711Z     prevents user from creating for other vps
2026-10-02T16:06:14.3742262Z     allows admin to create for other vps
2026-10-02T16:06:16.6400910Z     rejects create when rule limit is exceeded
2026-10-02T16:06:18.8781855Z     rejects too long cgroup_pattern
2026-10-02T16:06:21.1738367Z     returns validation errors for missing cgroup_pattern
2026-10-02T16:06:23.3628756Z     returns validation errors for missing action
2026-10-02T16:06:23.3629287Z   Update
2026-10-02T16:06:25.6730097Z     allows user to update own rule
2026-10-02T16:06:27.9467624Z     rejects unauthenticated access
2026-10-02T16:06:31.1334493Z     allows admin to update other user rule
2026-10-02T16:06:33.3940499Z     does not let users reassign owned rules to another VPS
2026-10-02T16:06:35.5843264Z     rejects invalid action choice
2026-10-02T16:06:37.8741068Z     returns 404 when updating other user rule
2026-10-02T16:06:37.8741527Z   Show
2026-10-02T16:06:40.0686224Z     returns 404 for other user rule
2026-10-02T16:06:43.2130996Z     allows admin to view other user rule
2026-10-02T16:06:46.3617204Z     returns 404 for missing id
2026-10-02T16:06:48.6151542Z     shows user-owned rule
2026-10-02T16:06:50.9229162Z     rejects unauthenticated access
2026-10-02T16:06:50.9230013Z   Delete
2026-10-02T16:06:53.1571327Z     returns 404 when deleting other user rule
2026-10-02T16:06:56.3578532Z     allows admin to delete other user rule
2026-10-02T16:06:59.4802363Z     returns 404 for missing id
2026-10-02T16:07:01.6754757Z     rejects unauthenticated access
2026-10-02T16:07:03.9249060Z     allows user to delete own rule
2026-10-02T16:07:03.9250206Z   Index
2026-10-02T16:07:08.4147224Z     filters by vps and respects restrictions
2026-10-02T16:07:10.6125609Z     returns only rules for the current user in ascending order
2026-10-02T16:07:13.7562944Z     allows admin to see all rules
2026-10-02T16:07:15.9985273Z     rejects unauthenticated access
2026-10-02T16:07:15.9986117Z 
2026-10-02T16:07:15.9986335Z VpsAdmin::API::Authentication::TokenConfig
2026-10-02T16:07:16.7460805Z   rejects reset-token issuance after another password change
2026-10-02T16:07:17.7806790Z   rejects TOTP issuance after a concurrent password change
2026-10-02T16:07:18.4949864Z   preserves long token scopes through multi-factor authentication
2026-10-02T16:07:18.9829060Z   can complete the reset-password continuation and create a token session
2026-10-02T16:07:20.1456837Z   creates token sessions without a user agent header
2026-10-02T16:07:20.8417617Z   returns a reset-password continuation instead of a session
2026-10-02T16:07:21.7653947Z   rejects password-only issuance after a concurrent password change
2026-10-02T16:07:22.0115418Z   revokes token sessions through the provider action handler
2026-10-02T16:07:23.1873898Z   does not report a stale recovery code as used
2026-10-02T16:07:23.4340929Z   finds a user only for a valid open token session with token auth enabled
2026-10-02T16:07:23.9167601Z   uses the shared password minimum in token reset validation and errors
2026-10-02T16:07:24.1558892Z   renews renewable tokens through the provider action handler
2026-10-02T16:07:24.1559653Z 
2026-10-02T16:07:24.1559919Z VpsAdmin::API::Resources::OsFamily
2026-10-02T16:07:24.1561070Z   Show
2026-10-02T16:07:27.1740418Z     allows admins to show an os family
2026-10-02T16:07:29.4894524Z     returns 404 for unknown family
2026-10-02T16:07:31.7745457Z     rejects unauthenticated access
2026-10-02T16:07:34.0350842Z     shows an os family for users
2026-10-02T16:07:34.0351426Z   Delete
2026-10-02T16:07:36.2108538Z     forbids normal users
2026-10-02T16:07:39.4108064Z     allows admin to delete unused os families
2026-10-02T16:07:42.5419988Z     rejects delete when os family is in use
2026-10-02T16:07:44.6747175Z     rejects unauthenticated access
2026-10-02T16:07:44.6747614Z   Update
2026-10-02T16:07:47.8056054Z     returns validation errors for blank label
2026-10-02T16:07:50.9578638Z     allows admin to update an os family
2026-10-02T16:07:54.1321127Z     returns 404 for unknown family
2026-10-02T16:07:56.2562042Z     rejects unauthenticated access
2026-10-02T16:07:58.5441969Z     forbids normal users
2026-10-02T16:07:58.5442607Z   Index
2026-10-02T16:08:00.7313778Z     orders families by label
2026-10-02T16:08:03.0180048Z     supports from_id pagination
2026-10-02T16:08:05.2918835Z     rejects unauthenticated access
2026-10-02T16:08:07.5222627Z     supports limit pagination
2026-10-02T16:08:09.7036734Z     returns total_count meta when requested
2026-10-02T16:08:11.9965961Z     allows users to list os families
2026-10-02T16:08:15.1856417Z     allows admins to list os families
2026-10-02T16:08:15.1857090Z   Create
2026-10-02T16:08:17.3273541Z     rejects unauthenticated access
2026-10-02T16:08:20.4498527Z     allows admin to create an os family
2026-10-02T16:08:22.7355124Z     forbids normal users
2026-10-02T16:08:25.8865225Z     returns validation errors for missing label
2026-10-02T16:08:25.8865790Z 
2026-10-02T16:08:25.8865963Z VpsAdmin::API::Resources::Node
2026-10-02T16:08:25.8867423Z   Description
2026-10-02T16:08:29.1355040Z     describes the show endpoint for HaveAPI clients
2026-10-02T16:08:29.1355666Z   OverviewList
2026-10-02T16:08:32.1836512Z     allows admins to list overview data
2026-10-02T16:08:34.4820409Z     forbids normal users
2026-10-02T16:08:36.7332498Z     rejects unauthenticated access
2026-10-02T16:08:38.9848727Z     forbids support users
2026-10-02T16:08:38.9849285Z   Show
2026-10-02T16:08:42.2047567Z     shows observed capacity instead of the legacy rollback cache
2026-10-02T16:08:44.4150494Z     allows users to show nodes with limited output
2026-10-02T16:08:47.6262736Z     allows admins to show inactive nodes
2026-10-02T16:08:50.6791967Z     returns 404 for unknown node
2026-10-02T16:08:53.8321241Z     allows admins to show nodes with full output
2026-10-02T16:08:56.1338089Z     allows support to show nodes with limited output
2026-10-02T16:08:58.3904887Z     rejects unauthenticated access
2026-10-02T16:09:01.4843278Z     shows unknown capacity before a hosting Node reports
2026-10-02T16:09:04.6341260Z     does not expose a kernel for service nodes
2026-10-02T16:09:09.1015906Z     hides inactive nodes from users and support
2026-10-02T16:09:09.1016551Z   Index
2026-10-02T16:09:12.2960309Z     filters by environment
2026-10-02T16:09:15.3597141Z     supports limit pagination
2026-10-02T16:09:18.5051446Z     filters by location
2026-10-02T16:09:21.6735203Z     filters by state
2026-10-02T16:09:24.8654599Z     allows admins to list nodes with full output
2026-10-02T16:09:26.9825256Z     rejects unauthenticated access
2026-10-02T16:09:29.2774643Z     allows users to list nodes with limited output
2026-10-02T16:09:32.4557991Z     returns total_count meta when requested
2026-10-02T16:09:34.7050250Z     allows support to list nodes with limited output
2026-10-02T16:09:37.9061581Z     supports from_id pagination
2026-10-02T16:09:37.9063546Z   PublicStatus
2026-10-02T16:09:40.1177440Z     includes ids for authenticated users
2026-10-02T16:09:42.3525414Z     allows unauthenticated access with ids hidden
2026-10-02T16:09:42.3525875Z 
2026-10-02T16:09:42.3526161Z VpsAdmin::API::Resources::NodeTransferConnection
2026-10-02T16:09:42.3527319Z   Update
2026-10-02T16:09:45.5228667Z     allows admin to toggle enabled
2026-10-02T16:09:48.6080370Z     rejects invalid IP updates
2026-10-02T16:09:51.7375858Z     allows admin to update endpoint addresses
2026-10-02T16:09:51.7376473Z   Create
2026-10-02T16:09:54.8610654Z     normalizes reversed node order on create
2026-10-02T16:09:57.9904268Z     rejects same-node pairs
2026-10-02T16:10:01.1194883Z     rejects duplicate pairs even when reversed
2026-10-02T16:10:03.4301839Z     forbids normal users
2026-10-02T16:10:06.6253381Z     rejects invalid IP input
2026-10-02T16:10:09.7343492Z     allows admin to create a node transfer connection
2026-10-02T16:10:12.0099626Z     forbids support users
2026-10-02T16:10:15.1798831Z     defaults enabled to true when omitted
2026-10-02T16:10:18.2662836Z     rejects CIDR input
2026-10-02T16:10:20.4614534Z     rejects unauthenticated access
2026-10-02T16:10:20.4616634Z   Delete
2026-10-02T16:10:23.5982092Z     allows admin to delete a connection
2026-10-02T16:10:23.5982703Z   Index and Show
2026-10-02T16:10:26.7361935Z     shows a single connection
2026-10-02T16:10:33.0058317Z     filters by node regardless of canonical ordering
2026-10-02T16:10:36.1599537Z     allows admin to list connections
2026-10-02T16:10:39.3044723Z     filters by enabled
2026-10-02T16:10:39.3045256Z   API description
2026-10-02T16:10:42.6616271Z     does not expose node pair changes in update input
2026-10-02T16:10:46.0237720Z     includes node_transfer_connection endpoints
2026-10-02T16:10:46.0238171Z 
2026-10-02T16:10:46.0238440Z VpsAdmin::API::Resources::MetricsAccessToken
2026-10-02T16:10:46.0239609Z   Delete
2026-10-02T16:10:49.2030525Z     allows admin to delete any token
2026-10-02T16:10:51.4884838Z     denies deleting own token while suspended
2026-10-02T16:10:53.7112812Z     rejects unauthenticated access
2026-10-02T16:10:56.0299660Z     allows normal users to delete their token
2026-10-02T16:10:58.2274818Z     hides other users tokens from normal users
2026-10-02T16:10:58.2275526Z   Create
2026-10-02T16:11:01.4523817Z [2026-10-02 16:11:01 +0000] Exception ResourceLocked: user lifecycle change is pending
2026-10-02T16:11:01.4532391Z /home/runner/work/vpsadmin/vpsadmin/api/models/metrics_access_token.rb:16:in 'block in MetricsAccessToken.create_for!'
2026-10-02T16:11:01.4534424Z /home/runner/work/vpsadmin/vpsadmin/api/vendor/bundle/ruby/3.4.0/gems/activerecord-8.1.4/lib/active_record/connection_adapters/abstract/database_statements.rb:376:in 'ActiveRecord::ConnectionAdapters::DatabaseStatements#transaction'
2026-10-02T16:11:01.4536845Z /home/runner/work/vpsadmin/vpsadmin/api/vendor/bundle/ruby/3.4.0/gems/activerecord-8.1.4/lib/active_record/transactions.rb:234:in 'block (2 levels) in ActiveRecord::Transactions::ClassMethods#transaction'
2026-10-02T16:11:01.4539847Z /home/runner/work/vpsadmin/vpsadmin/api/vendor/bundle/ruby/3.4.0/gems/activerecord-8.1.4/lib/active_record/connection_adapters/abstract/connection_pool.rb:487:in 'ActiveRecord::ConnectionAdapters::ConnectionPool#with_pool_transaction_isolation_level'
2026-10-02T16:11:01.4542456Z /home/runner/work/vpsadmin/vpsadmin/api/vendor/bundle/ruby/3.4.0/gems/activerecord-8.1.4/lib/active_record/transactions.rb:233:in 'block in ActiveRecord::Transactions::ClassMethods#transaction'
2026-10-02T16:11:01.4544686Z /home/runner/work/vpsadmin/vpsadmin/api/vendor/bundle/ruby/3.4.0/gems/activerecord-8.1.4/lib/active_record/connection_adapters/abstract/connection_pool.rb:465:in 'ActiveRecord::ConnectionAdapters::ConnectionPool#with_connection'
2026-10-02T16:11:01.4546868Z /home/runner/work/vpsadmin/vpsadmin/api/vendor/bundle/ruby/3.4.0/gems/activerecord-8.1.4/lib/active_record/connection_handling.rb:313:in 'ActiveRecord::ConnectionHandling#with_connection'
2026-10-02T16:11:01.4548804Z /home/runner/work/vpsadmin/vpsadmin/api/vendor/bundle/ruby/3.4.0/gems/activerecord-8.1.4/lib/active_record/transactions.rb:232:in 'ActiveRecord::Transactions::ClassMethods#transaction'
2026-10-02T16:11:01.4550653Z /home/runner/work/vpsadmin/vpsadmin/api/models/metrics_access_token.rb:13:in 'MetricsAccessToken.create_for!'
2026-10-02T16:11:01.4552214Z /home/runner/work/vpsadmin/vpsadmin/api/lib/vpsadmin/api/resources/metrics_access_token.rb:100:in 'VpsAdmin::API::Resources::MetricsAccessToken::Create#exec'
2026-10-02T16:11:01.4553918Z /home/runner/work/vpsadmin/vpsadmin/api/vendor/bundle/ruby/3.4.0/gems/haveapi-0.29.8/lib/haveapi/action.rb:406:in 'block in HaveAPI::Action#safe_exec'
2026-10-02T16:11:01.4555523Z /home/runner/work/vpsadmin/vpsadmin/api/vendor/bundle/ruby/3.4.0/gems/haveapi-0.29.8/lib/haveapi/action.rb:402:in 'Kernel#catch'
2026-10-02T16:11:01.4556905Z /home/runner/work/vpsadmin/vpsadmin/api/vendor/bundle/ruby/3.4.0/gems/haveapi-0.29.8/lib/haveapi/action.rb:402:in 'HaveAPI::Action#safe_exec'
2026-10-02T16:11:01.4558539Z /home/runner/work/vpsadmin/vpsadmin/api/vendor/bundle/ruby/3.4.0/gems/haveapi-0.29.8/lib/haveapi/server.rb:757:in 'block in mount_action'
2026-10-02T16:11:01.4560218Z /home/runner/work/vpsadmin/vpsadmin/api/vendor/bundle/ruby/3.4.0/gems/sinatra-4.2.1/lib/sinatra/base.rb:1811:in 'Method#call'
2026-10-02T16:11:01.4561817Z /home/runner/work/vpsadmin/vpsadmin/api/vendor/bundle/ruby/3.4.0/gems/sinatra-4.2.1/lib/sinatra/base.rb:1811:in 'block in Sinatra::Base.compile!'
2026-10-02T16:11:01.4563630Z /home/runner/work/vpsadmin/vpsadmin/api/vendor/bundle/ruby/3.4.0/gems/sinatra-4.2.1/lib/sinatra/base.rb:1074:in 'block (3 levels) in Sinatra::Base#route!'
2026-10-02T16:11:01.4565321Z /home/runner/work/vpsadmin/vpsadmin/api/vendor/bundle/ruby/3.4.0/gems/sinatra-4.2.1/lib/sinatra/base.rb:1092:in 'Sinatra::Base#route_eval'
2026-10-02T16:11:01.4567082Z /home/runner/work/vpsadmin/vpsadmin/api/vendor/bundle/ruby/3.4.0/gems/sinatra-4.2.1/lib/sinatra/base.rb:1074:in 'block (2 levels) in Sinatra::Base#route!'
2026-10-02T16:11:01.4568605Z /home/runner/work/vpsadmin/vpsadmin/api/vendor/bundle/ruby/3.4.0/gems/sinatra-4.2.1/lib/sinatra/base.rb:1123:in 'block in Sinatra::Base#process_route'
2026-10-02T16:11:01.4570195Z /home/runner/work/vpsadmin/vpsadmin/api/vendor/bundle/ruby/3.4.0/gems/sinatra-4.2.1/lib/sinatra/base.rb:1121:in 'Kernel#catch'
2026-10-02T16:11:01.4571178Z /home/runner/work/vpsadmin/vpsadmin/api/vendor/bundle/ruby/3.4.0/gems/sinatra-4.2.1/lib/sinatra/base.rb:1121:in 'Sinatra::Base#process_route'
2026-10-02T16:11:01.4574395Z /home/runner/work/vpsadmin/vpsadmin/api/vendor/bundle/ruby/3.4.0/gems/sinatra-4.2.1/lib/sinatra/base.rb:1072:in 'block in Sinatra::Base#route!'
2026-10-02T16:11:01.4575924Z /home/runner/work/vpsadmin/vpsadmin/api/vendor/bundle/ruby/3.4.0/gems/sinatra-4.2.1/lib/sinatra/base.rb:1069:in 'Array#each'
2026-10-02T16:11:01.4577473Z /home/runner/work/vpsadmin/vpsadmin/api/vendor/bundle/ruby/3.4.0/gems/sinatra-4.2.1/lib/sinatra/base.rb:1069:in 'Sinatra::Base#route!'
2026-10-02T16:11:01.4579661Z /home/runner/work/vpsadmin/vpsadmin/api/vendor/bundle/ruby/3.4.0/gems/sinatra-4.2.1/lib/sinatra/base.rb:1197:in 'block in Sinatra::Base#dispatch!'
2026-10-02T16:11:01.4580844Z /home/runner/work/vpsadmin/vpsadmin/api/vendor/bundle/ruby/3.4.0/gems/sinatra-4.2.1/lib/sinatra/base.rb:1168:in 'Kernel#catch'
2026-10-02T16:11:01.4581845Z /home/runner/work/vpsadmin/vpsadmin/api/vendor/bundle/ruby/3.4.0/gems/sinatra-4.2.1/lib/sinatra/base.rb:1168:in 'Sinatra::Base#invoke'
2026-10-02T16:11:01.4582794Z /home/runner/work/vpsadmin/vpsadmin/api/vendor/bundle/ruby/3.4.0/gems/sinatra-4.2.1/lib/sinatra/base.rb:1192:in 'Sinatra::Base#dispatch!'
2026-10-02T16:11:01.4583748Z /home/runner/work/vpsadmin/vpsadmin/api/vendor/bundle/ruby/3.4.0/gems/sinatra-4.2.1/lib/sinatra/base.rb:1004:in 'block in Sinatra::Base#call!'
2026-10-02T16:11:01.4584643Z /home/runner/work/vpsadmin/vpsadmin/api/vendor/bundle/ruby/3.4.0/gems/sinatra-4.2.1/lib/sinatra/base.rb:1168:in 'Kernel#catch'
2026-10-02T16:11:01.4585539Z /home/runner/work/vpsadmin/vpsadmin/api/vendor/bundle/ruby/3.4.0/gems/sinatra-4.2.1/lib/sinatra/base.rb:1168:in 'Sinatra::Base#invoke'
2026-10-02T16:11:01.4586440Z /home/runner/work/vpsadmin/vpsadmin/api/vendor/bundle/ruby/3.4.0/gems/sinatra-4.2.1/lib/sinatra/base.rb:1004:in 'Sinatra::Base#call!'
2026-10-02T16:11:01.4587328Z /home/runner/work/vpsadmin/vpsadmin/api/vendor/bundle/ruby/3.4.0/gems/sinatra-4.2.1/lib/sinatra/base.rb:993:in 'Sinatra::Base#call'
2026-10-02T16:11:01.4588884Z /home/runner/work/vpsadmin/vpsadmin/api/vendor/bundle/ruby/3.4.0/gems/rack-protection-4.2.1/lib/rack/protection/base.rb:53:in 'Rack::Protection::Base#call'
2026-10-02T16:11:01.4590323Z /home/runner/work/vpsadmin/vpsadmin/api/vendor/bundle/ruby/3.4.0/gems/rack-protection-4.2.1/lib/rack/protection/xss_header.rb:20:in 'Rack::Protection::XSSHeader#call'
2026-10-02T16:11:01.4591522Z /home/runner/work/vpsadmin/vpsadmin/api/vendor/bundle/ruby/3.4.0/gems/rack-protection-4.2.1/lib/rack/protection/path_traversal.rb:18:in 'Rack::Protection::PathTraversal#call'
2026-10-02T16:11:01.4592688Z /home/runner/work/vpsadmin/vpsadmin/api/vendor/bundle/ruby/3.4.0/gems/rack-protection-4.2.1/lib/rack/protection/json_csrf.rb:28:in 'Rack::Protection::JsonCsrf#call'
2026-10-02T16:11:01.4593780Z /home/runner/work/vpsadmin/vpsadmin/api/vendor/bundle/ruby/3.4.0/gems/rack-protection-4.2.1/lib/rack/protection/base.rb:53:in 'Rack::Protection::Base#call'
2026-10-02T16:11:01.4594839Z /home/runner/work/vpsadmin/vpsadmin/api/vendor/bundle/ruby/3.4.0/gems/rack-protection-4.2.1/lib/rack/protection/base.rb:53:in 'Rack::Protection::Base#call'
2026-10-02T16:11:01.4595965Z /home/runner/work/vpsadmin/vpsadmin/api/vendor/bundle/ruby/3.4.0/gems/rack-protection-4.2.1/lib/rack/protection/frame_options.rb:33:in 'Rack::Protection::FrameOptions#call'
2026-10-02T16:11:01.4597094Z /home/runner/work/vpsadmin/vpsadmin/api/vendor/bundle/ruby/3.4.0/gems/sinatra-4.2.1/lib/sinatra/middleware/logger.rb:17:in 'Sinatra::Middleware::Logger#call'
2026-10-02T16:11:01.4598037Z /home/runner/work/vpsadmin/vpsadmin/api/vendor/bundle/ruby/3.4.0/gems/rack-3.2.7/lib/rack/head.rb:15:in 'Rack::Head#call'
2026-10-02T16:11:01.4598915Z /home/runner/work/vpsadmin/vpsadmin/api/vendor/bundle/ruby/3.4.0/gems/sinatra-4.2.1/lib/sinatra/base.rb:227:in 'Sinatra::ExtendedRack#call'
2026-10-02T16:11:01.4600257Z /home/runner/work/vpsadmin/vpsadmin/api/vendor/bundle/ruby/3.4.0/gems/sinatra-4.2.1/lib/sinatra/base.rb:2144:in 'Sinatra::Wrapper#call'
2026-10-02T16:11:01.4601196Z /home/runner/work/vpsadmin/vpsadmin/api/vendor/bundle/ruby/3.4.0/gems/sinatra-4.2.1/lib/sinatra/base.rb:1681:in 'block in Sinatra::Base.call'
2026-10-02T16:11:01.4602140Z /home/runner/work/vpsadmin/vpsadmin/api/vendor/bundle/ruby/3.4.0/gems/sinatra-4.2.1/lib/sinatra/base.rb:1902:in 'Sinatra::Base.synchronize'
2026-10-02T16:11:01.4603050Z /home/runner/work/vpsadmin/vpsadmin/api/vendor/bundle/ruby/3.4.0/gems/sinatra-4.2.1/lib/sinatra/base.rb:1681:in 'Sinatra::Base.call'
2026-10-02T16:11:01.4603982Z /home/runner/work/vpsadmin/vpsadmin/api/vendor/bundle/ruby/3.4.0/gems/rack-test-2.2.0/lib/rack/test.rb:360:in 'Rack::Test::Session#process_request'
2026-10-02T16:11:01.4605077Z /home/runner/work/vpsadmin/vpsadmin/api/vendor/bundle/ruby/3.4.0/gems/rack-test-2.2.0/lib/rack/test.rb:163:in 'Rack::Test::Session#custom_request'
2026-10-02T16:11:01.4606018Z /home/runner/work/vpsadmin/vpsadmin/api/vendor/bundle/ruby/3.4.0/gems/rack-test-2.2.0/lib/rack/test.rb:112:in 'Rack::Test::Session#post'
2026-10-02T16:11:01.4606807Z /opt/hostedtoolcache/Ruby/3.4.11/x64/lib/ruby/3.4.0/forwardable.rb:240:in 'Rack::Test::Methods#post'
2026-10-02T16:11:01.4607716Z /home/runner/work/vpsadmin/vpsadmin/api/spec/api/resources/metrics_access_token_spec.rb:79:in 'RSpec::ExampleGroups::VpsAdminAPIResourcesMetricsAccessToken#json_post'
2026-10-02T16:11:01.4608752Z /home/runner/work/vpsadmin/vpsadmin/api/spec/api/resources/metrics_access_token_spec.rb:240:in 'block (4 levels) in <top (required)>'
2026-10-02T16:11:01.4609720Z /home/runner/work/vpsadmin/vpsadmin/api/spec/support/auth_helpers.rb:15:in 'AuthHelpers#as'
2026-10-02T16:11:01.4610513Z /home/runner/work/vpsadmin/vpsadmin/api/spec/api/resources/metrics_access_token_spec.rb:239:in 'block (3 levels) in <top (required)>'
2026-10-02T16:11:01.4611465Z /home/runner/work/vpsadmin/vpsadmin/api/vendor/bundle/ruby/3.4.0/gems/rspec-core-3.13.6/lib/rspec/core/example.rb:263:in 'BasicObject#instance_exec'
2026-10-02T16:11:01.4612482Z /home/runner/work/vpsadmin/vpsadmin/api/vendor/bundle/ruby/3.4.0/gems/rspec-core-3.13.6/lib/rspec/core/example.rb:263:in 'block in RSpec::Core::Example#run'
2026-10-02T16:11:01.4613667Z /home/runner/work/vpsadmin/vpsadmin/api/vendor/bundle/ruby/3.4.0/gems/rspec-core-3.13.6/lib/rspec/core/example.rb:511:in 'block in RSpec::Core::Example#with_around_and_singleton_context_hooks'
2026-10-02T16:11:01.4614874Z /home/runner/work/vpsadmin/vpsadmin/api/vendor/bundle/ruby/3.4.0/gems/rspec-core-3.13.6/lib/rspec/core/example.rb:468:in 'block in RSpec::Core::Example#with_around_example_hooks'
2026-10-02T16:11:01.4616463Z /home/runner/work/vpsadmin/vpsadmin/api/vendor/bundle/ruby/3.4.0/gems/rspec-core-3.13.6/lib/rspec/core/hooks.rb:486:in 'block in RSpec::Core::Hooks::HookCollections#run'
2026-10-02T16:11:01.4618382Z /home/runner/work/vpsadmin/vpsadmin/api/vendor/bundle/ruby/3.4.0/gems/rspec-core-3.13.6/lib/rspec/core/hooks.rb:626:in 'block in RSpec::Core::Hooks::HookCollections#run_around_example_hooks_for'
2026-10-02T16:11:01.4620744Z /home/runner/work/vpsadmin/vpsadmin/api/vendor/bundle/ruby/3.4.0/gems/rspec-core-3.13.6/lib/rspec/core/example.rb:352:in 'RSpec::Core::Example::Procsy#call'
2026-10-02T16:11:01.4622325Z /home/runner/work/vpsadmin/vpsadmin/api/spec/spec_helper.rb:25:in 'block (3 levels) in <top (required)>'
2026-10-02T16:11:01.4624464Z /home/runner/work/vpsadmin/vpsadmin/api/vendor/bundle/ruby/3.4.0/gems/activerecord-8.1.4/lib/active_record/connection_adapters/abstract/transaction.rb:648:in 'block in ActiveRecord::ConnectionAdapters::TransactionManager#within_new_transaction'
2026-10-02T16:11:01.4627211Z /home/runner/work/vpsadmin/vpsadmin/api/vendor/bundle/ruby/3.4.0/gems/activesupport-8.1.4/lib/active_support/concurrency/null_lock.rb:9:in 'ActiveSupport::Concurrency::NullLock#synchronize'
2026-10-02T16:11:01.4629985Z /home/runner/work/vpsadmin/vpsadmin/api/vendor/bundle/ruby/3.4.0/gems/activerecord-8.1.4/lib/active_record/connection_adapters/abstract/transaction.rb:645:in 'ActiveRecord::ConnectionAdapters::TransactionManager#within_new_transaction'
2026-10-02T16:11:01.4631760Z /home/runner/work/vpsadmin/vpsadmin/api/vendor/bundle/ruby/3.4.0/gems/activerecord-8.1.4/lib/active_record/connection_adapters/abstract/database_statements.rb:386:in 'ActiveRecord::ConnectionAdapters::DatabaseStatements#within_new_transaction'
2026-10-02T16:11:01.4633463Z /home/runner/work/vpsadmin/vpsadmin/api/vendor/bundle/ruby/3.4.0/gems/activerecord-8.1.4/lib/active_record/connection_adapters/abstract/database_statements.rb:378:in 'ActiveRecord::ConnectionAdapters::DatabaseStatements#transaction'
2026-10-02T16:11:01.4634956Z /home/runner/work/vpsadmin/vpsadmin/api/vendor/bundle/ruby/3.4.0/gems/activerecord-8.1.4/lib/active_record/transactions.rb:234:in 'block (2 levels) in ActiveRecord::Transactions::ClassMethods#transaction'
2026-10-02T16:11:01.4636666Z /home/runner/work/vpsadmin/vpsadmin/api/vendor/bundle/ruby/3.4.0/gems/activerecord-8.1.4/lib/active_record/connection_adapters/abstract/connection_pool.rb:487:in 'ActiveRecord::ConnectionAdapters::ConnectionPool#with_pool_transaction_isolation_level'
2026-10-02T16:11:01.4638197Z /home/runner/work/vpsadmin/vpsadmin/api/vendor/bundle/ruby/3.4.0/gems/activerecord-8.1.4/lib/active_record/transactions.rb:233:in 'block in ActiveRecord::Transactions::ClassMethods#transaction'
2026-10-02T16:11:01.4639802Z /home/runner/work/vpsadmin/vpsadmin/api/vendor/bundle/ruby/3.4.0/gems/activerecord-8.1.4/lib/active_record/connection_adapters/abstract/connection_pool.rb:465:in 'ActiveRecord::ConnectionAdapters::ConnectionPool#with_connection'
2026-10-02T16:11:01.4641216Z /home/runner/work/vpsadmin/vpsadmin/api/vendor/bundle/ruby/3.4.0/gems/activerecord-8.1.4/lib/active_record/connection_handling.rb:313:in 'ActiveRecord::ConnectionHandling#with_connection'
2026-10-02T16:11:01.4642496Z /home/runner/work/vpsadmin/vpsadmin/api/vendor/bundle/ruby/3.4.0/gems/activerecord-8.1.4/lib/active_record/transactions.rb:232:in 'ActiveRecord::Transactions::ClassMethods#transaction'
2026-10-02T16:11:01.4643489Z /home/runner/work/vpsadmin/vpsadmin/api/spec/spec_helper.rb:24:in 'block (2 levels) in <top (required)>'
2026-10-02T16:11:01.4644352Z /home/runner/work/vpsadmin/vpsadmin/api/vendor/bundle/ruby/3.4.0/gems/rspec-core-3.13.6/lib/rspec/core/example.rb:457:in 'BasicObject#instance_exec'
2026-10-02T16:11:01.4645380Z /home/runner/work/vpsadmin/vpsadmin/api/vendor/bundle/ruby/3.4.0/gems/rspec-core-3.13.6/lib/rspec/core/example.rb:457:in 'RSpec::Core::Example#instance_exec'
2026-10-02T16:11:01.4646463Z /home/runner/work/vpsadmin/vpsadmin/api/vendor/bundle/ruby/3.4.0/gems/rspec-core-3.13.6/lib/rspec/core/hooks.rb:390:in 'RSpec::Core::Hooks::AroundHook#execute_with'
2026-10-02T16:11:01.4647678Z /home/runner/work/vpsadmin/vpsadmin/api/vendor/bundle/ruby/3.4.0/gems/rspec-core-3.13.6/lib/rspec/core/hooks.rb:628:in 'block (2 levels) in RSpec::Core::Hooks::HookCollections#run_around_example_hooks_for'
2026-10-02T16:11:01.4648881Z /home/runner/work/vpsadmin/vpsadmin/api/vendor/bundle/ruby/3.4.0/gems/rspec-core-3.13.6/lib/rspec/core/example.rb:352:in 'RSpec::Core::Example::Procsy#call'
2026-10-02T16:11:01.4650129Z /home/runner/work/vpsadmin/vpsadmin/api/vendor/bundle/ruby/3.4.0/gems/rspec-core-3.13.6/lib/rspec/core/hooks.rb:629:in 'RSpec::Core::Hooks::HookCollections#run_around_example_hooks_for'
2026-10-02T16:11:01.4651273Z /home/runner/work/vpsadmin/vpsadmin/api/vendor/bundle/ruby/3.4.0/gems/rspec-core-3.13.6/lib/rspec/core/hooks.rb:486:in 'RSpec::Core::Hooks::HookCollections#run'
2026-10-02T16:11:01.4652364Z /home/runner/work/vpsadmin/vpsadmin/api/vendor/bundle/ruby/3.4.0/gems/rspec-core-3.13.6/lib/rspec/core/example.rb:468:in 'RSpec::Core::Example#with_around_example_hooks'
2026-10-02T16:11:01.4653529Z /home/runner/work/vpsadmin/vpsadmin/api/vendor/bundle/ruby/3.4.0/gems/rspec-core-3.13.6/lib/rspec/core/example.rb:511:in 'RSpec::Core::Example#with_around_and_singleton_context_hooks'
2026-10-02T16:11:01.4654743Z /home/runner/work/vpsadmin/vpsadmin/api/vendor/bundle/ruby/3.4.0/gems/rspec-core-3.13.6/lib/rspec/core/example.rb:259:in 'RSpec::Core::Example#run'
2026-10-02T16:11:01.4655827Z /home/runner/work/vpsadmin/vpsadmin/api/vendor/bundle/ruby/3.4.0/gems/rspec-core-3.13.6/lib/rspec/core/example_group.rb:653:in 'block in RSpec::Core::ExampleGroup.run_examples'
2026-10-02T16:11:01.4656882Z /home/runner/work/vpsadmin/vpsadmin/api/vendor/bundle/ruby/3.4.0/gems/rspec-core-3.13.6/lib/rspec/core/example_group.rb:649:in 'Array#map'
2026-10-02T16:11:01.4657900Z /home/runner/work/vpsadmin/vpsadmin/api/vendor/bundle/ruby/3.4.0/gems/rspec-core-3.13.6/lib/rspec/core/example_group.rb:649:in 'RSpec::Core::ExampleGroup.run_examples'
2026-10-02T16:11:01.4658996Z /home/runner/work/vpsadmin/vpsadmin/api/vendor/bundle/ruby/3.4.0/gems/rspec-core-3.13.6/lib/rspec/core/example_group.rb:614:in 'RSpec::Core::ExampleGroup.run'
2026-10-02T16:11:01.4660455Z /home/runner/work/vpsadmin/vpsadmin/api/vendor/bundle/ruby/3.4.0/gems/rspec-core-3.13.6/lib/rspec/core/example_group.rb:615:in 'block in RSpec::Core::ExampleGroup.run'
2026-10-02T16:11:01.4661469Z /home/runner/work/vpsadmin/vpsadmin/api/vendor/bundle/ruby/3.4.0/gems/rspec-core-3.13.6/lib/rspec/core/example_group.rb:615:in 'Array#map'
2026-10-02T16:11:01.4662451Z /home/runner/work/vpsadmin/vpsadmin/api/vendor/bundle/ruby/3.4.0/gems/rspec-core-3.13.6/lib/rspec/core/example_group.rb:615:in 'RSpec::Core::ExampleGroup.run'
2026-10-02T16:11:01.4663549Z /home/runner/work/vpsadmin/vpsadmin/api/vendor/bundle/ruby/3.4.0/gems/rspec-core-3.13.6/lib/rspec/core/runner.rb:121:in 'block (3 levels) in RSpec::Core::Runner#run_specs'
2026-10-02T16:11:01.4664546Z /home/runner/work/vpsadmin/vpsadmin/api/vendor/bundle/ruby/3.4.0/gems/rspec-core-3.13.6/lib/rspec/core/runner.rb:121:in 'Array#map'
2026-10-02T16:11:01.4665564Z /home/runner/work/vpsadmin/vpsadmin/api/vendor/bundle/ruby/3.4.0/gems/rspec-core-3.13.6/lib/rspec/core/runner.rb:121:in 'block (2 levels) in RSpec::Core::Runner#run_specs'
2026-10-02T16:11:01.4666718Z /home/runner/work/vpsadmin/vpsadmin/api/vendor/bundle/ruby/3.4.0/gems/rspec-core-3.13.6/lib/rspec/core/configuration.rb:2097:in 'RSpec::Core::Configuration#with_suite_hooks'
2026-10-02T16:11:01.4667876Z /home/runner/work/vpsadmin/vpsadmin/api/vendor/bundle/ruby/3.4.0/gems/rspec-core-3.13.6/lib/rspec/core/runner.rb:116:in 'block in RSpec::Core::Runner#run_specs'
2026-10-02T16:11:01.4668933Z /home/runner/work/vpsadmin/vpsadmin/api/vendor/bundle/ruby/3.4.0/gems/rspec-core-3.13.6/lib/rspec/core/reporter.rb:74:in 'RSpec::Core::Reporter#report'
2026-10-02T16:11:01.4670089Z /home/runner/work/vpsadmin/vpsadmin/api/vendor/bundle/ruby/3.4.0/gems/rspec-core-3.13.6/lib/rspec/core/runner.rb:115:in 'RSpec::Core::Runner#run_specs'
2026-10-02T16:11:01.4671078Z /home/runner/work/vpsadmin/vpsadmin/api/vendor/bundle/ruby/3.4.0/gems/rspec-core-3.13.6/lib/rspec/core/runner.rb:89:in 'RSpec::Core::Runner#run'
2026-10-02T16:11:01.4672043Z /home/runner/work/vpsadmin/vpsadmin/api/vendor/bundle/ruby/3.4.0/gems/rspec-core-3.13.6/lib/rspec/core/runner.rb:71:in 'RSpec::Core::Runner.run'
2026-10-02T16:11:01.4673018Z /home/runner/work/vpsadmin/vpsadmin/api/vendor/bundle/ruby/3.4.0/gems/rspec-core-3.13.6/lib/rspec/core/runner.rb:45:in 'RSpec::Core::Runner.invoke'
2026-10-02T16:11:01.4673922Z /home/runner/work/vpsadmin/vpsadmin/api/vendor/bundle/ruby/3.4.0/gems/rspec-core-3.13.6/exe/rspec:4:in '<top (required)>'
2026-10-02T16:11:01.4674656Z /home/runner/work/vpsadmin/vpsadmin/api/vendor/bundle/ruby/3.4.0/bin/rspec:25:in 'Kernel#load'
2026-10-02T16:11:01.4675313Z /home/runner/work/vpsadmin/vpsadmin/api/vendor/bundle/ruby/3.4.0/bin/rspec:25:in '<top (required)>'
2026-10-02T16:11:01.4675960Z /opt/hostedtoolcache/Ruby/3.4.11/x64/lib/ruby/3.4.0/bundler/cli/exec.rb:59:in 'Kernel.load'
2026-10-02T16:11:01.4676611Z /opt/hostedtoolcache/Ruby/3.4.11/x64/lib/ruby/3.4.0/bundler/cli/exec.rb:59:in 'Bundler::CLI::Exec#kernel_load'
2026-10-02T16:11:01.4677285Z /opt/hostedtoolcache/Ruby/3.4.11/x64/lib/ruby/3.4.0/bundler/cli/exec.rb:23:in 'Bundler::CLI::Exec#run'
2026-10-02T16:11:01.4678025Z /opt/hostedtoolcache/Ruby/3.4.11/x64/lib/ruby/3.4.0/bundler/cli.rb:452:in 'Bundler::CLI#exec'
2026-10-02T16:11:01.4678737Z /opt/hostedtoolcache/Ruby/3.4.11/x64/lib/ruby/3.4.0/bundler/vendor/thor/lib/thor/command.rb:28:in 'Bundler::Thor::Command#run'
2026-10-02T16:11:01.4679778Z /opt/hostedtoolcache/Ruby/3.4.11/x64/lib/ruby/3.4.0/bundler/vendor/thor/lib/thor/invocation.rb:127:in 'Bundler::Thor::Invocation#invoke_command'
2026-10-02T16:11:01.4680625Z /opt/hostedtoolcache/Ruby/3.4.11/x64/lib/ruby/3.4.0/bundler/vendor/thor/lib/thor.rb:538:in 'Bundler::Thor.dispatch'
2026-10-02T16:11:01.4681306Z /opt/hostedtoolcache/Ruby/3.4.11/x64/lib/ruby/3.4.0/bundler/cli.rb:35:in 'Bundler::CLI.dispatch'
2026-10-02T16:11:01.4682055Z /opt/hostedtoolcache/Ruby/3.4.11/x64/lib/ruby/3.4.0/bundler/vendor/thor/lib/thor/base.rb:584:in 'Bundler::Thor::Base::ClassMethods#start'
2026-10-02T16:11:01.4682976Z /opt/hostedtoolcache/Ruby/3.4.11/x64/lib/ruby/3.4.0/bundler/cli.rb:29:in 'Bundler::CLI.start'
2026-10-02T16:11:01.4683669Z /opt/hostedtoolcache/Ruby/3.4.11/x64/lib/ruby/gems/3.4.0/gems/bundler-2.6.9/exe/bundle:28:in 'block in <top (required)>'
2026-10-02T16:11:01.4684440Z /opt/hostedtoolcache/Ruby/3.4.11/x64/lib/ruby/3.4.0/bundler/friendly_errors.rb:117:in 'Bundler.with_friendly_errors'
2026-10-02T16:11:01.4685176Z /opt/hostedtoolcache/Ruby/3.4.11/x64/lib/ruby/gems/3.4.0/gems/bundler-2.6.9/exe/bundle:20:in '<top (required)>'
2026-10-02T16:11:01.4685759Z /opt/hostedtoolcache/Ruby/3.4.11/x64/bin/bundle:25:in 'Kernel#load'
2026-10-02T16:11:01.4686196Z /opt/hostedtoolcache/Ruby/3.4.11/x64/bin/bundle:25:in '<main>'
2026-10-02T16:11:01.4686647Z     rejects creation after a destructive lifecycle state is requested
2026-10-02T16:11:03.6926374Z     returns validation errors for invalid metric_prefix
2026-10-02T16:11:05.8834616Z     allows normal users to create a token for themselves
2026-10-02T16:11:08.1705584Z     denies creating a token while suspended
2026-10-02T16:11:11.4168134Z     allows admin to create a token for other users
2026-10-02T16:11:13.5319062Z     rejects unauthenticated access
2026-10-02T16:11:15.8246070Z     ignores user selection for normal users
2026-10-02T16:11:15.8246718Z   Index
2026-10-02T16:11:18.9801882Z     allows admin to list all tokens
2026-10-02T16:11:22.1246311Z     returns total_count meta when requested
2026-10-02T16:11:24.3378247Z     rejects unauthenticated access
2026-10-02T16:11:27.4577477Z     allows admin to filter by user
2026-10-02T16:11:29.7638336Z     ignores user filter for normal users
2026-10-02T16:11:31.9548092Z     allows normal users to list their tokens
2026-10-02T16:11:31.9548684Z   Show
2026-10-02T16:11:34.2345775Z     hides other users tokens from normal users
2026-10-02T16:11:36.5246830Z     rejects unauthenticated access
2026-10-02T16:11:39.6009972Z     allows admin to show any token
2026-10-02T16:11:42.7390221Z     returns 404 for unknown token
2026-10-02T16:11:45.0422111Z     allows normal users to show their token
2026-10-02T16:11:45.0422691Z 
2026-10-02T16:11:45.0422996Z VpsAdmin::Supervisor::Console::Rpc
2026-10-02T16:11:45.0424048Z   VpsAdmin::Supervisor::Console::Rpc::Request
2026-10-02T16:11:45.0446697Z     rejects inherited Ruby dispatch methods
2026-10-02T16:11:45.0453901Z     replies with an error for unknown commands
2026-10-02T16:11:45.0463380Z     replies with an error for handler exceptions and reraises
2026-10-02T16:11:45.0471879Z     replies with an error for invalid JSON and reraises
2026-10-02T16:11:45.0479263Z     passes args and symbolizes kwargs
2026-10-02T16:11:45.0487414Z     replies with successful handler responses
2026-10-02T16:11:45.0488115Z   VpsAdmin::Supervisor::Console::Rpc::Handler
2026-10-02T16:11:45.0706278Z     extends a valid console session expiration
2026-10-02T16:11:45.0775818Z     returns nil for a missing console session
2026-10-02T16:11:45.0871858Z     returns nil for an expired console session
2026-10-02T16:11:45.0891215Z     returns the configured API URL
2026-10-02T16:11:45.1002014Z     returns the VPS node domain for a valid console session
2026-10-02T16:11:45.1002743Z 
2026-10-02T16:11:45.1003323Z VpsAdmin::API::Resources::Component
2026-10-02T16:11:45.1003837Z   Show
2026-10-02T16:11:47.4326146Z     allows unauthenticated access
2026-10-02T16:11:49.6618638Z     allows authenticated access
2026-10-02T16:11:51.8878712Z     returns 404 for unknown component
2026-10-02T16:11:51.8879576Z   Index
2026-10-02T16:11:54.0849867Z     supports from_id pagination
2026-10-02T16:11:56.4115049Z     allows authenticated access
2026-10-02T16:11:58.6263577Z     supports limit pagination
2026-10-02T16:12:00.9048230Z     allows unauthenticated access
2026-10-02T16:12:03.0799981Z     returns total_count meta when requested
2026-10-02T16:12:03.0800505Z 
2026-10-02T16:12:03.0800784Z VpsAdmin::API::Resources::Node::KernelHistory
2026-10-02T16:12:05.3773006Z   allows logged-in users to read sanitized history
2026-10-02T16:12:08.7515314Z   publishes the kernel history action in the API description
2026-10-02T16:12:10.9505141Z   returns newest events first with a stable id tie-breaker
2026-10-02T16:12:13.2386264Z   does not expose inactive node history
2026-10-02T16:12:15.4295870Z   does not expose kernel history for service-only nodes
2026-10-02T16:12:17.6276531Z   rejects unauthenticated requests
2026-10-02T16:12:17.6276827Z 
2026-10-02T16:12:17.6277039Z VpsAdmin::API::KernelEvidence::ConfigurationWriter
2026-10-02T16:12:17.6367132Z   uses the last value when an option is assigned more than once
2026-10-02T16:12:17.6403156Z   stores enabled, module, assigned and disabled Linux configuration options
2026-10-02T16:12:17.6446649Z   deduplicates identical content and rejects digest collisions
2026-10-02T16:12:17.6447274Z 
2026-10-02T16:12:17.6447528Z VpsAdmin::API::Resources::SystemConfig
2026-10-02T16:12:17.6448151Z   Update
2026-10-02T16:12:19.9537527Z     rejects user updates
2026-10-02T16:12:23.1532325Z     allows admin to update array values with YAML
2026-10-02T16:12:26.2581775Z     allows admin to update string values
2026-10-02T16:12:29.3965697Z     returns 404 for unknown config
2026-10-02T16:12:31.6707100Z     rejects support updates
2026-10-02T16:12:33.9204008Z     rejects unauthenticated updates
2026-10-02T16:12:33.9204576Z   Show
2026-10-02T16:12:37.0380172Z     allows admin to access admin-only config
2026-10-02T16:12:39.3055657Z     allows users to access user-only config
2026-10-02T16:12:41.5390873Z     rejects unauthenticated access to user-only config
2026-10-02T16:12:43.8118238Z     allows support to access support-only config
2026-10-02T16:12:46.1088332Z     returns localized_value for localized hash settings
2026-10-02T16:12:48.3409825Z     rejects support from accessing admin-only config
2026-10-02T16:12:50.6381409Z     does not localize ordinary hash settings
2026-10-02T16:12:52.8002205Z     returns 404 for unknown config
2026-10-02T16:12:54.9878048Z     allows unauthenticated access to public config
2026-10-02T16:12:57.2475113Z     rejects users from accessing support-only config
2026-10-02T16:13:00.3952211Z     does not allow admin access to hidden config
2026-10-02T16:13:00.3952949Z   Index
2026-10-02T16:13:02.6051474Z     shows only public config for unauthenticated users
2026-10-02T16:13:05.7221637Z     shows admin config for admin
2026-10-02T16:13:07.9294161Z     filters by category
2026-10-02T16:13:10.1935985Z     shows user config for normal users
2026-10-02T16:13:12.3796584Z     shows support config for support
2026-10-02T16:13:12.3797160Z 
2026-10-02T16:13:12.3797694Z VpsAdmin::API::Resources::ApiServer
2026-10-02T16:13:12.3811404Z   UnlockTransactionSigningKey
2026-10-02T16:13:14.9461152Z     forbids support users
2026-10-02T16:13:18.2304985Z     returns validation errors for missing passphrase
2026-10-02T16:13:20.7098900Z     rejects unauthenticated access
2026-10-02T16:13:23.9573508Z     errors when transaction key is not configured
2026-10-02T16:13:27.3114336Z     allows admin to unlock with correct passphrase
2026-10-02T16:13:30.6689063Z     rejects wrong passphrase
2026-10-02T16:13:33.1020594Z     forbids normal users
2026-10-02T16:13:33.1021364Z 
2026-10-02T16:13:33.1022246Z payments plugin metrics
2026-10-02T16:13:33.1079855Z   exports monthly payment and paid-until for the current token user
2026-10-02T16:13:33.1080668Z 
2026-10-02T16:13:33.1080910Z VpsAdmin::API::Resources::TransactionChain
2026-10-02T16:13:33.1088790Z   read actions
2026-10-02T16:13:33.1089231Z     Index
2026-10-02T16:13:35.3354405Z       returns only own chains for normal users
2026-10-02T16:13:38.4923237Z       supports limit pagination
2026-10-02T16:13:41.6939454Z       filters by state
2026-10-02T16:13:44.8427042Z       filters by row_id
2026-10-02T16:13:47.9883745Z       allows admin to list all chains
2026-10-02T16:13:51.1430416Z       supports from_id pagination
2026-10-02T16:13:54.3081947Z       filters by class_name
2026-10-02T16:13:57.4602791Z       filters by user for admins
2026-10-02T16:14:00.6375405Z       returns total_count meta when requested
2026-10-02T16:14:02.8803488Z       rejects unauthenticated access
2026-10-02T16:14:05.1573783Z       returns only own chains for support users
2026-10-02T16:14:05.1574464Z     Show
2026-10-02T16:14:07.3634101Z       hides other users chains from support users
2026-10-02T16:14:09.6649961Z       allows normal users to show their chain
2026-10-02T16:14:11.9606732Z       rejects unauthenticated access
2026-10-02T16:14:15.1156093Z       returns 404 for unknown chain
2026-10-02T16:14:18.2785245Z       allows admin to show any chain
2026-10-02T16:14:20.5975145Z       localizes chain and concern labels
2026-10-02T16:14:22.8071606Z       renders chains whose user session has no user-agent row
2026-10-02T16:14:25.1056287Z       hides other users chains from normal users
2026-10-02T16:14:25.1057008Z 
2026-10-02T16:14:25.1057218Z payments Fio backend
2026-10-02T16:14:25.1178783Z   warns and skips duplicate transaction IDs
2026-10-02T16:14:25.1202463Z   persists positive incoming payments and splits source details
2026-10-02T16:14:25.1216646Z   ignores outgoing payments
2026-10-02T16:14:25.1216983Z 
2026-10-02T16:14:25.1217343Z VpsAdmin::API::Resources::NodeKernelEvidence
2026-10-02T16:14:31.6994540Z   filters kernel events by livepatch lifecycle action
2026-10-02T16:14:32.5309738Z   resolves typed associations with only the required read scopes
2026-10-02T16:14:35.7634388Z   lists current evidence for all host nodes with a typed Node association
2026-10-02T16:14:38.9506498Z   lists exact private history with a baseline event for time filters
2026-10-02T16:14:42.2583785Z   selects a filtered pre-window baseline independently for every Node
2026-10-02T16:14:48.8473346Z   publishes only typed top-level evidence resources
2026-10-02T16:15:07.8139133Z   returns independently filterable runtime component rows
2026-10-02T16:15:10.1241232Z   forbids normal users
2026-10-02T16:15:51.5378486Z   keeps recovery checkpoints outside public evidence and component resources
2026-10-02T16:16:48.2280276Z   excludes service-only nodes from all evidence resources
2026-10-02T16:16:56.9779832Z   paginates large event histories in the database without omissions
2026-10-02T16:17:12.9770904Z   shows every evidence resource used as an association target
2026-10-02T16:17:28.7667597Z   returns software identities, grouped deployments and per-name sysctl history
2026-10-02T16:17:35.0898915Z   does not change the evidence revision for unrelated status samples
2026-10-02T16:17:44.5734619Z   returns reported collection errors and stored reconstruction coverage facts
2026-10-02T16:17:47.7531023Z   filters relational kernel options by node and exact option name
2026-10-02T16:17:47.7531602Z 
2026-10-02T16:17:47.7531878Z VpsAdmin::API::Resources::ClusterResourcePackage
2026-10-02T16:17:47.7533850Z   Show
2026-10-02T16:17:50.9362704Z     returns 404 for unknown package
2026-10-02T16:17:53.1327795Z     rejects unauthenticated access
2026-10-02T16:17:56.3099976Z     shows a package for admin users
2026-10-02T16:17:58.5304934Z     forbids support users
2026-10-02T16:18:00.8434508Z     forbids normal users
2026-10-02T16:18:00.8435143Z   Item Show
2026-10-02T16:18:03.0505747Z     forbids support users
2026-10-02T16:18:05.3168397Z     rejects unauthenticated access
2026-10-02T16:18:07.6115001Z     forbids normal users
2026-10-02T16:18:10.6801749Z     returns 404 for unknown item
2026-10-02T16:18:13.8260691Z     shows an item for admin users
2026-10-02T16:18:13.8261255Z   Create
2026-10-02T16:18:16.0729018Z     rejects unauthenticated access
2026-10-02T16:18:18.2658376Z     forbids normal users
2026-10-02T16:18:20.5728870Z     forbids support users
2026-10-02T16:18:23.6684312Z     returns validation errors for invalid label
2026-10-02T16:18:26.7451104Z     allows admin to create a package
2026-10-02T16:18:26.7451721Z   Item Create
2026-10-02T16:18:28.9430405Z     forbids normal users
2026-10-02T16:18:31.1589006Z     rejects unauthenticated access
2026-10-02T16:18:34.3636278Z     allows admin to create an item
2026-10-02T16:18:36.5625707Z     forbids support users
2026-10-02T16:18:39.7013821Z     returns validation errors for missing value
2026-10-02T16:18:39.7014498Z   Update
2026-10-02T16:18:42.8728921Z     allows admin to update and returns the object
2026-10-02T16:18:45.0797342Z     forbids normal users
2026-10-02T16:18:47.3933521Z     forbids support users
2026-10-02T16:18:49.5342234Z     rejects unauthenticated access
2026-10-02T16:18:52.7101342Z     returns validation errors for invalid label
2026-10-02T16:18:52.7101783Z   Item Delete
2026-10-02T16:18:54.9240263Z     forbids normal users
2026-10-02T16:18:57.2286806Z     forbids support users
2026-10-02T16:19:00.2663996Z     allows admin to delete an item
2026-10-02T16:19:02.4890031Z     rejects unauthenticated access
2026-10-02T16:19:02.4891865Z   Index
2026-10-02T16:19:04.7331735Z     rejects unauthenticated access
2026-10-02T16:19:06.9379491Z     forbids normal users
2026-10-02T16:19:10.0716421Z     returns total_count meta when requested
2026-10-02T16:19:13.2344289Z     supports from_id pagination
2026-10-02T16:19:16.3669356Z     supports limit pagination
2026-10-02T16:19:19.4986818Z     filters by user when nil
2026-10-02T16:19:22.6828174Z     allows admin to list packages
2026-10-02T16:19:24.8804199Z     forbids support users
2026-10-02T16:19:24.8804777Z   Item Update
2026-10-02T16:19:28.0224334Z     returns validation errors for missing value
2026-10-02T16:19:31.1666426Z     allows admin to update an item value
2026-10-02T16:19:33.3616464Z     forbids support users
2026-10-02T16:19:35.6646531Z     forbids normal users
2026-10-02T16:19:37.8180079Z     rejects unauthenticated access
2026-10-02T16:19:37.8180972Z   Delete
2026-10-02T16:19:40.8979256Z     allows admin to delete a package and its items
2026-10-02T16:19:43.0963159Z     forbids support users
2026-10-02T16:19:45.3930664Z     forbids normal users
2026-10-02T16:19:47.4848452Z     rejects unauthenticated access
2026-10-02T16:19:47.4848994Z   Item Index
2026-10-02T16:19:50.6620270Z     lists items for admin users
2026-10-02T16:19:52.8546523Z     forbids normal users
2026-10-02T16:19:55.1507105Z     forbids support users
2026-10-02T16:19:57.2535105Z     rejects unauthenticated access
2026-10-02T16:19:57.2535524Z 
2026-10-02T16:19:57.2535797Z VpsAdmin::API::Authentication::OAuth2Config
2026-10-02T16:19:57.7609912Z   does not repeat a completed recovery alert already shown before authorization
2026-10-02T16:19:58.2479372Z   does not authorize from SSO when password reset is pending
2026-10-02T16:19:58.7327902Z   rechecks login eligibility before TOTP completion creates an authorization
2026-10-02T16:19:59.2049149Z   re-renders the reset-password branch when passwords do not match
2026-10-02T16:19:59.6853201Z   rejects a refresh token revoked after lookup
2026-10-02T16:20:00.1690235Z   rolls back OAuth code exchange when the password change cannot be attached
2026-10-02T16:20:00.8744985Z   revokes refresh tokens only for the authenticated OAuth2 client
2026-10-02T16:20:01.5845047Z   rechecks OAuth2 enablement before reset completion creates an authorization
2026-10-02T16:20:02.0541938Z   localizes the completed recovery alert using the authorization request
2026-10-02T16:20:02.5220431Z   does not copy an oversized login into the password recovery URL
2026-10-02T16:20:03.4589699Z   renders passkey MFA without automatically starting WebAuthn
2026-10-02T16:20:03.9265019Z   keeps the support link while password recovery is disabled
2026-10-02T16:20:04.6526686Z   attaches a required password change only when its OAuth code is exchanged
2026-10-02T16:20:05.1235012Z   creates authorization cookies and SSO metadata
2026-10-02T16:20:05.8308499Z   shows a completed recovery through the current default after its client is deleted
2026-10-02T16:20:06.3150395Z   links to password recovery with OAuth client and locale context when enabled
2026-10-02T16:20:06.8027246Z   clears an expired completed recovery without showing an alert
2026-10-02T16:20:07.2818523Z   uses ui_locales for the authorize page language
2026-10-02T16:20:07.5409266Z   finds users by access token only when OAuth2 auth is enabled
2026-10-02T16:20:08.0523351Z   completes TOTP authentication and creates an authorization code
2026-10-02T16:20:08.5300504Z   rejects authorization after destructive lifecycle state is requested
2026-10-02T16:20:09.0255912Z   renders the authorize page for a valid client
2026-10-02T16:20:09.5134855Z   rejects authorization-code exchange after destructive lifecycle state is requested
2026-10-02T16:20:09.9976821Z   does not convert fulfilled WebAuthn MFA after a destructive state is requested
2026-10-02T16:20:10.4770602Z   shows a completed recovery on the credentials form instead of using SSO
2026-10-02T16:20:10.9439948Z   rejects authorization from an SSO closed after lookup
2026-10-02T16:20:11.6628972Z   uses the shared password minimum in OAuth reset validation, forms and errors
2026-10-02T16:20:12.6087460Z   does not skip MFA on a remembered device when password reset is pending
2026-10-02T16:20:13.0802437Z   rejects revoke handling without an authenticated OAuth2 client
2026-10-02T16:20:13.5610702Z   creates a user session, destroys the auth code, and returns access and refresh tokens
2026-10-02T16:20:14.4899011Z   re-renders the authorize page with an auth token when credentials require MFA
2026-10-02T16:20:14.9632267Z   records known-device authorization metadata from X-Real-IP
2026-10-02T16:20:15.4341446Z   localizes the labelled reset-password branch in Czech
2026-10-02T16:20:15.9125643Z   completes fulfilled WebAuthn MFA and creates an authorization code
2026-10-02T16:20:16.4071954Z   creates OAuth2 token sessions without a user agent header
2026-10-02T16:20:16.8821992Z   rejects token refresh after destructive lifecycle state is requested
2026-10-02T16:20:17.8180730Z   completes TOTP authentication with a recovery code and disables the device
2026-10-02T16:20:18.0515982Z   falls back to a readable auth error when a symbolic error has no translation
2026-10-02T16:20:18.5198149Z   renders keyed auth errors in the requested authorize page language
2026-10-02T16:20:19.2215071Z   does not show a deleted-client completion through a non-default client
2026-10-02T16:20:19.6984624Z   refreshes tokens by replacing the access token and refresh token
2026-10-02T16:20:20.1690179Z   records new-device authorization metadata from X-Real-IP
2026-10-02T16:20:20.8667500Z   does not consume a completed recovery for another OAuth client
2026-10-02T16:20:21.3425971Z   converts fulfilled WebAuthn MFA to a required password reset
2026-10-02T16:20:21.8172547Z   does not find authorization codes for locked or forced-reset users
2026-10-02T16:20:22.2841015Z   clears an invalid completed recovery without showing an alert
2026-10-02T16:20:22.7540931Z   shows the alert when the completion-shown marker does not match
2026-10-02T16:20:23.4604387Z   revokes access tokens only for the authenticated OAuth2 client
2026-10-02T16:20:23.9386814Z   does not find refresh tokens for locked or forced-reset users
2026-10-02T16:20:24.4056953Z   does not find expired authorization codes
2026-10-02T16:20:25.1001813Z   rejects authorization created after its password generation changes
2026-10-02T16:20:25.5690850Z   rejects an authorization code revoked after lookup
2026-10-02T16:20:25.5691391Z 
2026-10-02T16:20:25.5692128Z VpsAdmin::API::PasswordRecoveryWorker
2026-10-02T16:20:25.5714536Z   waits five seconds by default when the queue is empty
2026-10-02T16:20:25.5735055Z   detects its schema after an earlier absent-schema poll
2026-10-02T16:20:25.5752653Z   waits without querying the queue before its schema exists
2026-10-02T16:20:25.5888805Z   processes and finishes a queued submission outside the HTTP request
2026-10-02T16:20:25.5923152Z   reports an empty queue without doing work
2026-10-02T16:20:25.6062707Z   continues after a submission disappears during failed processing
2026-10-02T16:20:25.6224457Z   retries failures and finishes a submission after the attempt limit
2026-10-02T16:20:25.6241185Z   waits with an error backoff after processing failures
2026-10-02T16:20:25.6367480Z   continues after a submission disappears during successful processing
2026-10-02T16:20:25.6464333Z   finishes queued work after the feature is disabled
2026-10-02T16:20:25.6464788Z 
2026-10-02T16:20:25.6465047Z VpsAdmin::API::KernelEvidence::StableState
2026-10-02T16:20:25.6465939Z   .same_boot?
2026-10-02T16:20:25.6471796Z     falls back to matching known boot timestamps when an ID is missing
2026-10-02T16:20:25.6477584Z     does not establish a boot from absent identities
2026-10-02T16:20:25.6481830Z     prefers boot IDs to boot timestamps when both are known
2026-10-02T16:20:25.6482487Z   .stable?
2026-10-02T16:20:25.6487718Z     rejects unreadable inventories and runtime flags but permits unavailable enrichment
2026-10-02T16:20:25.6491386Z     rejects invalid reports and missing reported release
2026-10-02T16:20:25.6495685Z     requires complete non-transitioning livepatch state
2026-10-02T16:20:25.6496286Z   .confirms?
2026-10-02T16:20:25.6500951Z     cannot confirm an incomplete or transitioning baseline with a later stable report
2026-10-02T16:20:25.6506426Z     compares only stable boot, release, and effective patch IDs
2026-10-02T16:20:25.6512133Z     rejects release and effective-state mismatches, including a legacy hidden patch
2026-10-02T16:20:25.6512692Z 
2026-10-02T16:20:25.6512886Z VpsAdmin::API::NotificationTemplates
2026-10-02T16:20:25.6529261Z   rejects invalid metadata values
2026-10-02T16:20:25.6607721Z   rejects values that cannot be persisted
2026-10-02T16:20:25.6639196Z   normalizes language codes and rejects case-insensitive collisions
2026-10-02T16:20:25.6651793Z   reports invalid ERB paths
2026-10-02T16:20:25.6661862Z   rejects unknown protocols
2026-10-02T16:20:25.6678594Z   loads metadata and email variants
2026-10-02T16:20:25.6695628Z   allows relative symlinks within the template tree
2026-10-02T16:20:25.6707661Z   parses metadata without executing Ruby
2026-10-02T16:20:25.6723130Z   accepts a package with a templates subdirectory
2026-10-02T16:20:25.6732470Z   rejects legacy body paths
2026-10-02T16:20:25.6745055Z   rejects variants without a text or HTML body
2026-10-02T16:20:25.6757985Z   rejects symlinks outside the template tree
2026-10-02T16:20:25.6769829Z   reads template files as UTF-8 regardless of the process locale
2026-10-02T16:20:25.6782481Z   uses a metadata subject when no subject file exists
2026-10-02T16:20:25.6783100Z 
2026-10-02T16:20:25.6783286Z monitoring plugin monitor
2026-10-02T16:20:25.6788090Z   calls configured actions and errors on unknown actions
2026-10-02T16:20:25.6799294Z  #2 did not pass 'spec_monitor_check': value '42'
2026-10-02T16:20:25.6803902Z   checks query results and reports against the resolved object
2026-10-02T16:20:25.6825947Z   selects responsible users from explicit proc, real object, and raw object
2026-10-02T16:20:25.6826559Z 
2026-10-02T16:20:25.6826762Z VpsAdmin::Scheduler::Server
2026-10-02T16:20:25.6832547Z   builds a client for accepted sockets
2026-10-02T16:20:25.6836082Z   exposes scheduler, worker and daemon collaborators
2026-10-02T16:20:25.6836729Z   VpsAdmin::Scheduler::Server::Client
2026-10-02T16:20:25.6843940Z     returns an error for unknown commands
2026-10-02T16:20:25.6849895Z     returns syntax errors for invalid JSON
2026-10-02T16:20:25.6857914Z     returns an error when a manual task is missing
2026-10-02T16:20:25.6864947Z     ignores connection resets during communication
2026-10-02T16:20:25.6872505Z     ignores EPIPE while sending a response
2026-10-02T16:20:25.6878360Z     returns an error for invalid request shape
2026-10-02T16:20:25.6884426Z     returns task count for status
2026-10-02T16:20:25.6891222Z     requests daemon updates
2026-10-02T16:20:25.6897208Z     returns exported tasks
2026-10-02T16:20:25.6904227Z     enqueues a task for manual execution
2026-10-02T16:20:25.6904617Z 
2026-10-02T16:20:25.6904835Z VpsAdmin::Scheduler::CronScheduler
2026-10-02T16:20:25.6910502Z   replaces the task set atomically
2026-10-02T16:20:25.6917576Z   queues only matching tasks during a run tick
2026-10-02T16:20:25.6923305Z   sleeps until the next minute boundary
2026-10-02T16:20:25.6928752Z   retains the complete previous schedule when a replacement contains an invalid task
2026-10-02T16:20:25.6932649Z   adds and returns tasks by id
2026-10-02T16:20:25.6933139Z 
2026-10-02T16:20:25.6933356Z VpsAdmin::API::Resources::OomReport
2026-10-02T16:20:25.6935191Z   Stat Index
2026-10-02T16:20:27.9399168Z     returns empty list for other user reports
2026-10-02T16:20:31.1794143Z     supports stat meta count
2026-10-02T16:20:34.4227892Z     supports stat limit pagination
2026-10-02T16:20:37.6375673Z     allows admins to list stats for other users
2026-10-02T16:20:40.0108278Z     lists stats for the user report
2026-10-02T16:20:42.2809862Z     rejects unauthenticated access
2026-10-02T16:20:42.2810405Z   Usage Index
2026-10-02T16:20:44.6554416Z     returns empty list for other user reports
2026-10-02T16:20:47.8701987Z     allows admins to list usages for other users
2026-10-02T16:20:51.0831018Z     supports usage meta count
2026-10-02T16:20:54.2926280Z     supports usage limit pagination
2026-10-02T16:20:56.5884413Z     rejects unauthenticated access
2026-10-02T16:20:59.0041139Z     lists usages for the user report
2026-10-02T16:20:59.0041570Z   Task Show
2026-10-02T16:21:02.2282201Z     returns status false for mismatched parent id
2026-10-02T16:21:04.6013207Z     prevents users from showing other user task
2026-10-02T16:21:06.8177991Z     allows users to show their task
2026-10-02T16:21:10.0102346Z     allows admins to show other user task
2026-10-02T16:21:13.2084173Z     returns status false for unknown task id
2026-10-02T16:21:15.4626225Z     rejects unauthenticated access
2026-10-02T16:21:15.4626792Z   Usage Show
2026-10-02T16:21:17.8152885Z     allows users to show their usage
2026-10-02T16:21:20.0194558Z     prevents users from showing other user usage
2026-10-02T16:21:23.2202185Z     allows admins to show other user usage
2026-10-02T16:21:25.4976478Z     rejects unauthenticated access
2026-10-02T16:21:28.7045837Z     returns status false for unknown usage id
2026-10-02T16:21:31.8781220Z     returns status false for mismatched parent id
2026-10-02T16:21:31.8781813Z   Stat Show
2026-10-02T16:21:35.0923242Z     returns status false for mismatched parent id
2026-10-02T16:21:37.3543567Z     rejects unauthenticated access
2026-10-02T16:21:40.5571695Z     allows admins to show other user stat
2026-10-02T16:21:43.7823233Z     returns status false for unknown stat id
2026-10-02T16:21:46.1462805Z     prevents users from showing other user stat
2026-10-02T16:21:48.4091409Z     allows users to show their stat
2026-10-02T16:21:48.4092029Z   Task Index
2026-10-02T16:21:50.7318283Z     lists tasks for the user report
2026-10-02T16:21:52.9595861Z     returns empty list for other user reports
2026-10-02T16:21:56.1816926Z     supports task meta count
2026-10-02T16:21:59.3834797Z     supports task limit pagination
2026-10-02T16:22:02.5625855Z     allows admins to list tasks for other users
2026-10-02T16:22:04.8508178Z     rejects unauthenticated access
2026-10-02T16:22:04.8508589Z   Show
2026-10-02T16:22:08.0529423Z     returns status false for unknown reports
2026-10-02T16:22:10.4341935Z     allows users to show their processed report
2026-10-02T16:22:12.7086861Z     rejects unauthenticated access
2026-10-02T16:22:15.0911581Z     prevents users from showing other user reports
2026-10-02T16:22:18.2890466Z     allows admins to show any report
2026-10-02T16:22:21.5012888Z     does not show unprocessed reports
2026-10-02T16:22:21.5013340Z   Index
2026-10-02T16:22:23.7767387Z     rejects unauthenticated access
2026-10-02T16:22:26.9872529Z     filters by cgroup
2026-10-02T16:22:30.2094084Z     filters by node for admins
2026-10-02T16:22:33.4213512Z     filters by oom_report_rule
2026-10-02T16:22:39.7885444Z     supports limit and from_id pagination
2026-10-02T16:22:42.1519229Z     orders reports by created_at desc
2026-10-02T16:22:47.5958192Z     filters by vps
2026-10-02T16:22:50.7693457Z     shows all processed reports for admins
2026-10-02T16:22:53.9893348Z     allows admin to filter by user
2026-10-02T16:22:57.2084306Z     supports meta count
2026-10-02T16:22:59.5343717Z     shows only processed reports for the support user
2026-10-02T16:23:02.7347619Z     filters by location for admins
2026-10-02T16:23:05.9714686Z     filters by environment for admins
2026-10-02T16:23:09.1914541Z     filters by since and until
2026-10-02T16:23:13.7488070Z     ignores non-admin user filter
2026-10-02T16:23:16.0978876Z     shows only processed reports for the user
2026-10-02T16:23:16.0979609Z 
2026-10-02T16:23:16.0980105Z VpsAdmin::API::Resources::SecurityAdvisory
2026-10-02T16:23:16.0982150Z   Advisory updates
2026-10-02T16:23:21.5897732Z     creates public updates without sending mail by default
2026-10-02T16:23:24.7775650Z     rejects updates for missing advisories
2026-10-02T16:23:39.6333141Z     requires update summaries and lets admins edit and delete update text
2026-10-02T16:23:39.6333979Z   Node statuses and publication
2026-10-02T16:23:44.2210337Z     lists node statuses publicly only for published advisories
2026-10-02T16:23:50.5934805Z     creates and updates localized node notes
2026-10-02T16:23:52.2200715Z     supports the complete automation workflow with only its exact token scopes
2026-10-02T16:23:55.3882033Z     rejects node statuses for missing advisories
2026-10-02T16:23:58.5500244Z     does not expose the legacy note field in the API contract
2026-10-02T16:24:04.8472267Z     checks the advisory revision when creating node status
2026-10-02T16:24:08.0259968Z     loads localized notes for the public index in one query
2026-10-02T16:24:23.7782330Z     blocks publication until all node statuses are mitigated or not affected
2026-10-02T16:24:26.9238302Z     blocks publication without at least one CVE
2026-10-02T16:24:26.9238937Z   Affected resource indexes
2026-10-02T16:24:31.4649629Z     lets users filter advisory summaries by their own VPS
2026-10-02T16:24:33.8317126Z     lists only current user advisory summaries for normal users
2026-10-02T16:24:41.6543921Z     limits affected VPS rows to the current user
2026-10-02T16:24:41.6544645Z   API description
2026-10-02T16:24:45.0645740Z     includes security advisory endpoints
2026-10-02T16:25:02.1065134Z     documents security advisory form parameters
2026-10-02T16:25:02.1065919Z   Index and show
2026-10-02T16:25:08.5134073Z     orders drafts and published advisories by their effective dates
2026-10-02T16:25:13.9300095Z     shows only published advisories to public readers
2026-10-02T16:25:26.5738376Z     paginates effective-date ordering in both directions
2026-10-02T16:25:32.0202190Z     hides administrative counters from public output
2026-10-02T16:25:32.0202894Z   CVEs
2026-10-02T16:25:38.3317431Z     rejects invalid and duplicate CVEs
2026-10-02T16:25:41.4879795Z     checks the advisory revision when adding a CVE
2026-10-02T16:25:54.1430136Z     allows admins to manage advisory CVEs
2026-10-02T16:25:57.3525566Z     rejects CVEs for missing advisories
2026-10-02T16:26:02.7571760Z     limits public CVE lists to visible advisories
2026-10-02T16:26:02.7572417Z   Create and update
2026-10-02T16:26:09.0923949Z     allows admins to create and update drafts
2026-10-02T16:26:15.4026553Z     creates an initial CVE atomically and retries by external id
2026-10-02T16:26:19.9387861Z     requires admin access
2026-10-02T16:26:23.1149143Z     requires a content revision for draft mutations
2026-10-02T16:26:32.5733930Z     rejects stale and post-publication draft updates
2026-10-02T16:26:32.5734421Z 
2026-10-02T16:26:32.5734663Z VpsAdmin::API::Resources::ObjectHistory
2026-10-02T16:26:32.5735637Z   Show
2026-10-02T16:26:35.7520470Z     returns 404 for unknown event id
2026-10-02T16:26:38.0600097Z     allows users to show their event
2026-10-02T16:26:40.3028622Z     rejects unauthenticated access
2026-10-02T16:26:43.4783181Z     allows admins to show any event
2026-10-02T16:26:45.7827872Z     returns 404 for other users events
2026-10-02T16:26:45.7828351Z   API description
2026-10-02T16:26:49.2077985Z     includes object_history scopes
2026-10-02T16:26:49.2078561Z   Index
2026-10-02T16:26:52.4007148Z     allows admins to filter by user
2026-10-02T16:26:54.7484745Z     allows normal users to list only their events
2026-10-02T16:26:57.9510481Z     orders by created_at and id ascending
2026-10-02T16:27:00.2710063Z     allows support users to list only their events
2026-10-02T16:27:02.4775996Z     ignores user filter for non-admin users
2026-10-02T16:27:11.9780480Z     supports pagination and meta count for admins
2026-10-02T16:27:14.3022669Z     filters by user_session
2026-10-02T16:27:17.4918336Z     filters by object type
2026-10-02T16:27:19.7138846Z     rejects unauthenticated access
2026-10-02T16:27:22.8954879Z     allows admins to list all events
2026-10-02T16:27:26.0588974Z     filters by event_type
2026-10-02T16:27:29.2513129Z     filters by object id
2026-10-02T16:27:29.2513497Z 
2026-10-02T16:27:29.2513731Z VpsAdmin::API::Resources::Debug
2026-10-02T16:27:29.2514986Z   Hash top
2026-10-02T16:27:31.5578981Z     forbids support users
2026-10-02T16:27:34.7589279Z     lists the largest hashes for admin
2026-10-02T16:27:36.9954630Z     rejects unauthenticated access
2026-10-02T16:27:39.2933897Z     forbids normal users
2026-10-02T16:27:42.4705813Z     rejects non-numeric limit
2026-10-02T16:27:42.4706505Z   API description
2026-10-02T16:27:45.8648269Z     includes debug endpoints
2026-10-02T16:27:45.8648692Z   List object counts
2026-10-02T16:27:49.0284235Z     shows object counts for admin
2026-10-02T16:27:51.3868017Z     forbids support users
2026-10-02T16:27:53.6189217Z     forbids normal users
2026-10-02T16:27:55.8434537Z     rejects unauthenticated access
2026-10-02T16:27:55.8435188Z   Array top
2026-10-02T16:27:58.1559285Z     forbids support users
2026-10-02T16:28:01.3207634Z     lists the largest arrays for admin
2026-10-02T16:28:03.5453021Z     rejects unauthenticated access
2026-10-02T16:28:06.6915311Z     rejects non-numeric limit
2026-10-02T16:28:08.9920012Z     forbids normal users
2026-10-02T16:28:08.9920692Z 
2026-10-02T16:28:08.9921036Z VpsAdmin::API::Plugins::Requests::IPQS
2026-10-02T16:28:08.9928536Z   exposes response success and keyed values
2026-10-02T16:28:08.9936624Z   checks mail addresses with the expected URL and parses the response
2026-10-02T16:28:08.9943196Z   raises a useful error when IP JSON cannot be parsed
2026-10-02T16:28:08.9948890Z   checks IP addresses with the expected URL and parses the response
2026-10-02T16:28:08.9954637Z   raises a useful error when mail JSON cannot be parsed
2026-10-02T16:28:08.9955082Z 
2026-10-02T16:28:08.9955456Z VpsAdmin::API::Resources::MigrationPlan
2026-10-02T16:28:08.9956497Z   MigrationPlan
2026-10-02T16:28:08.9958421Z     Show
2026-10-02T16:28:11.2354052Z       rejects unauthenticated access
2026-10-02T16:28:14.4033785Z       shows plan details for admins
2026-10-02T16:28:17.5783139Z       returns 404 for unknown plan
2026-10-02T16:28:19.8956894Z       forbids non-admin access
2026-10-02T16:28:19.8957458Z     Delete
2026-10-02T16:28:23.0741854Z       returns 404 for missing plan
2026-10-02T16:28:25.3813008Z       forbids non-admin access
2026-10-02T16:28:28.5458332Z       deletes a staged plan
2026-10-02T16:28:30.8027921Z       rejects unauthenticated access
2026-10-02T16:28:33.9589021Z       rejects delete on non-staged plan
2026-10-02T16:28:33.9589917Z     Index
2026-10-02T16:28:37.1117734Z       returns total_count meta when requested
2026-10-02T16:28:40.2991670Z       filters by user
2026-10-02T16:28:43.4596842Z       supports limit pagination
2026-10-02T16:28:45.6784495Z       rejects unauthenticated access
2026-10-02T16:28:48.8493487Z       filters by state
2026-10-02T16:28:52.0236466Z       lists plans for admins
2026-10-02T16:28:54.3402521Z       forbids non-admin access
2026-10-02T16:28:54.3403059Z     Cancel
2026-10-02T16:28:57.5254392Z       rejects cancel on non-running plan
2026-10-02T16:28:59.7785224Z       rejects unauthenticated access
2026-10-02T16:29:02.9944370Z       cancels a running plan and queued migrations
2026-10-02T16:29:05.3369475Z       forbids non-admin access
2026-10-02T16:29:08.5361547Z       returns 404 for missing plan
2026-10-02T16:29:08.5362113Z     Create
2026-10-02T16:29:11.7317632Z       creates a plan with overrides
2026-10-02T16:29:13.9856655Z       rejects unauthenticated access
2026-10-02T16:29:17.1292571Z       creates a plan with defaults
2026-10-02T16:29:19.4310470Z       forbids non-admin access
2026-10-02T16:29:22.6003415Z       returns validation errors for invalid concurrency
2026-10-02T16:29:22.6003893Z     Start
2026-10-02T16:29:25.7946698Z       starts a staged plan and advances migrations
2026-10-02T16:29:28.1135095Z       forbids non-admin access
2026-10-02T16:29:31.3026179Z       rejects start on non-staged plan
2026-10-02T16:29:33.5543683Z       rejects unauthenticated access
2026-10-02T16:29:36.7405796Z       returns 404 for missing plan
2026-10-02T16:29:36.7406350Z   VpsMigration (nested)
2026-10-02T16:29:36.7407451Z     Create
2026-10-02T16:29:39.9173491Z       returns validation errors for missing dst_node
2026-10-02T16:29:43.1047075Z       rejects create when plan is not staged
2026-10-02T16:29:46.2990889Z       creates a migration under a staged plan
2026-10-02T16:29:49.4639842Z       returns validation errors for missing vps
2026-10-02T16:29:51.7238920Z       rejects unauthenticated access
2026-10-02T16:29:54.0845331Z       forbids non-admin access
2026-10-02T16:29:57.2825949Z       returns 404 for missing plan
2026-10-02T16:29:57.2826621Z     Show
2026-10-02T16:30:00.5170239Z       returns 404 for wrong plan id
2026-10-02T16:30:03.7572659Z       shows migration details for admins
2026-10-02T16:30:06.0453566Z       rejects unauthenticated access
2026-10-02T16:30:08.3839731Z       forbids non-admin access
2026-10-02T16:30:11.5818157Z       returns 404 for missing migration
2026-10-02T16:30:11.5818810Z     Index
2026-10-02T16:30:14.7635863Z       filters by src_node
2026-10-02T16:30:17.0917533Z       forbids non-admin access
2026-10-02T16:30:19.3519540Z       rejects unauthenticated access
2026-10-02T16:30:22.5465875Z       lists only migrations for the plan
2026-10-02T16:30:25.7512411Z       filters by dst_node
2026-10-02T16:30:28.9381246Z       filters by state
2026-10-02T16:30:28.9382045Z 
2026-10-02T16:30:28.9382533Z VpsAdmin::API::Resources::ClusterResource
2026-10-02T16:30:28.9383782Z   Show
2026-10-02T16:30:31.2628356Z     returns 404 for unknown resource
2026-10-02T16:30:33.5098713Z     rejects unauthenticated access
2026-10-02T16:30:35.8137574Z     shows a resource for authenticated users
2026-10-02T16:30:35.8138035Z   Update
2026-10-02T16:30:38.0453648Z     rejects unauthenticated access
2026-10-02T16:30:41.2444955Z     allows admin to update and returns the object
2026-10-02T16:30:44.3952971Z     returns validation errors for invalid label
2026-10-02T16:30:46.7161637Z     forbids normal users
2026-10-02T16:30:46.7162142Z   Index
2026-10-02T16:30:48.9242478Z     supports from_id pagination
2026-10-02T16:30:51.1532439Z     rejects unauthenticated access
2026-10-02T16:30:53.4608708Z     allows authenticated users to list resources
2026-10-02T16:30:55.8063356Z     supports limit pagination
2026-10-02T16:30:58.1314495Z     returns total_count meta when requested
2026-10-02T16:30:58.1319489Z   Create
2026-10-02T16:31:01.1194366Z     returns validation errors for duplicate name
2026-10-02T16:31:04.2766804Z     returns validation errors for missing name
2026-10-02T16:31:06.4461798Z     forbids normal users
2026-10-02T16:31:08.6964510Z     rejects unauthenticated access
2026-10-02T16:31:11.7524789Z     allows admin to create a numeric resource with default resource_type
2026-10-02T16:31:11.7531923Z 
2026-10-02T16:31:11.7532404Z VpsAdmin::API::Authentication::Basic
2026-10-02T16:31:12.4622043Z   returns the user and creates a closed basic session on success
2026-10-02T16:31:13.1606428Z   raises when basic auth is disabled
2026-10-02T16:31:14.0931881Z   rejects the request when the password changes after verification
2026-10-02T16:31:14.7927556Z   raises when password auth requires MFA
2026-10-02T16:31:15.9700035Z   creates basic sessions without a user agent header
2026-10-02T16:31:16.4595042Z   returns nil for an invalid password and records a failed login
2026-10-02T16:31:16.9545219Z   records client metadata when upgrading a password hash before creating the session
2026-10-02T16:31:17.6575319Z   raises when password reset is required
2026-10-02T16:31:17.6575724Z 
2026-10-02T16:31:17.6575918Z VpsAdmin::API::DatasetPlans
2026-10-02T16:31:17.8197612Z   preserves unique group membership and refuses ambiguous environment definitions
2026-10-02T16:31:17.9344919Z   refuses reuse of a membership pending removal even within its own chain
2026-10-02T16:31:18.0425854Z   unregisters a group-snapshot plan and removes its side effects
2026-10-02T16:31:18.1408270Z   checks storage admission before enrollment, removal and template provisioning
2026-10-02T16:31:18.2363994Z   preserves the first-open destination policy for a legacy plan with multiple backups
2026-10-02T16:31:18.4070030Z   enrolls, reuses and removes numeric group schedules for a legacy plan
2026-10-02T16:31:18.5115802Z   records confirmation operations instead of immediately destroying rows
2026-10-02T16:31:18.5935277Z   raises when a plan is not enabled in the dataset environment
2026-10-02T16:31:18.6838677Z   creates group-snapshot action, repeatable task, and group snapshot
2026-10-02T16:31:18.7770076Z   creates a backup action and repeatable task on an open backup dataset
2026-10-02T16:31:18.8803417Z   refuses incompatible and duplicate template tasks
2026-10-02T16:31:18.9932190Z   enrolls and removes numeric backup schedules for a legacy plan
2026-10-02T16:31:19.1927077Z   serializes last-member removal and concurrent enrollment through the persisted plan
2026-10-02T16:31:19.3513329Z   enrolls, reuses and removes numeric group schedules for a retained plan
2026-10-02T16:31:19.4408728Z   retains the exact shared action and task when its last member is removed
2026-10-02T16:31:19.5458555Z   validates repeat enrollment including the exact existing backup destination
2026-10-02T16:31:19.6050164Z   registers a plan for a dataset in pool
2026-10-02T16:31:19.6611810Z   refuses to enroll into a missing shared template without provisional rows
2026-10-02T16:31:19.7427915Z   allows unconfirmed sources only with current-chain creation ownership
2026-10-02T16:31:19.8233527Z   enrolls and removes numeric backup schedules for a retained plan
2026-10-02T16:31:19.8787099Z   validates a schedule before committing any plan, group or task rows
2026-10-02T16:31:19.9594641Z   refuses a pending membership confirmation even when the source lock is absent
2026-10-02T16:31:20.0278655Z   rejects multiple eligible backup destinations instead of choosing one
2026-10-02T16:31:20.1073979Z   refuses source locks owned by another chain for both enrollment and removal
2026-10-02T16:31:20.2611133Z   allows repeated and different-DIP enrollment owned by the same outer chain
2026-10-02T16:31:20.2618394Z 
2026-10-02T16:31:20.2618763Z VpsAdmin::API::Resources::Location write actions
2026-10-02T16:31:20.2621294Z   SetMaintenance
2026-10-02T16:31:26.3332507Z     rejects locking an already locked location
2026-10-02T16:31:28.5725183Z     forbids support users
2026-10-02T16:31:31.5945021Z     returns validation errors for missing lock
2026-10-02T16:31:33.8555391Z     rejects unauthenticated access
2026-10-02T16:31:36.9019451Z     allows admin to unlock maintenance
2026-10-02T16:31:39.1801324Z     forbids normal users
2026-10-02T16:31:42.1828508Z     allows admin to lock maintenance
2026-10-02T16:31:42.1829111Z   Update
2026-10-02T16:31:44.3918488Z     forbids normal users
2026-10-02T16:31:47.4925834Z     allows admin to update and returns the object
2026-10-02T16:31:50.5163645Z     returns validation errors for invalid has_ipv6
2026-10-02T16:31:53.6270495Z     returns validation errors for invalid domain
2026-10-02T16:31:55.7498358Z     rejects unauthenticated access
2026-10-02T16:31:57.9932525Z     forbids support users
2026-10-02T16:31:57.9933066Z   Create
2026-10-02T16:32:00.1545203Z     forbids normal users
2026-10-02T16:32:02.4189118Z     rejects unauthenticated access
2026-10-02T16:32:04.5608941Z     forbids support users
2026-10-02T16:32:07.5485446Z     returns validation errors for missing has_ipv6
2026-10-02T16:32:10.7273025Z     returns validation errors for missing environment
2026-10-02T16:32:13.7536128Z     returns validation errors for missing label
2026-10-02T16:32:16.8788276Z     returns validation errors for missing domain
2026-10-02T16:32:19.9255278Z     allows admin to create with minimal payload
2026-10-02T16:32:19.9256061Z   API description
2026-10-02T16:32:23.1251092Z     includes location write endpoints
2026-10-02T16:32:23.1251550Z 
2026-10-02T16:32:23.1251819Z VpsAdmin::API::Resources::Environment write actions
2026-10-02T16:32:23.1252966Z   SetMaintenance
2026-10-02T16:32:25.4065421Z     forbids normal users
2026-10-02T16:32:28.4052292Z     returns validation errors for missing lock
2026-10-02T16:32:30.6558514Z     rejects unauthenticated access
2026-10-02T16:32:33.7410203Z     allows admin to unlock maintenance
2026-10-02T16:32:39.9083205Z     rejects locking an already locked environment
2026-10-02T16:32:43.0178531Z     allows admin to lock maintenance
2026-10-02T16:32:45.1829489Z     forbids support users
2026-10-02T16:32:45.1830204Z   Create
2026-10-02T16:32:47.4054427Z     rejects unauthenticated access
2026-10-02T16:32:50.4260101Z     returns validation errors for missing domain
2026-10-02T16:32:52.7057023Z     forbids normal users
2026-10-02T16:32:55.7051474Z     returns validation errors for invalid domain
2026-10-02T16:32:58.8537640Z     allows admin to create with minimal payload
2026-10-02T16:33:01.0378142Z     forbids support users
2026-10-02T16:33:04.1870651Z     returns validation errors for missing label
2026-10-02T16:33:04.1871264Z   API description
2026-10-02T16:33:07.4435168Z     includes environment write endpoints
2026-10-02T16:33:07.4435722Z   Update
2026-10-02T16:33:09.6038182Z     forbids normal users
2026-10-02T16:33:12.6435284Z     returns validation errors for invalid label
2026-10-02T16:33:15.7278242Z     allows admin to update and returns the object
2026-10-02T16:33:17.8834441Z     forbids support users
2026-10-02T16:33:20.1174216Z     rejects unauthenticated access
2026-10-02T16:33:23.1624435Z     returns validation errors for invalid domain
2026-10-02T16:33:23.1624947Z 
2026-10-02T16:33:23.1625318Z VpsAdmin::API::Resources::ActionState
2026-10-02T16:33:23.1626406Z   Cancel
2026-10-02T16:33:25.3590440Z     treats unauthenticated requests as not found
2026-10-02T16:33:27.5373155Z     hides other user chains
2026-10-02T16:33:29.7491427Z     returns not implemented for authenticated users
2026-10-02T16:33:32.0277556Z     returns not found for unknown ids
2026-10-02T16:33:32.0278160Z   Index
2026-10-02T16:33:34.1872978Z     supports from_id pagination
2026-10-02T16:33:36.3849672Z     supports limit pagination
2026-10-02T16:33:38.7215178Z     lists only queued and rollbacking chains for the current user
2026-10-02T16:33:40.8805725Z     validates order choices
2026-10-02T16:33:45.3721791Z     orders by newest by default and oldest when requested
2026-10-02T16:33:47.4445987Z     returns empty list for unauthenticated requests
2026-10-02T16:33:47.4446571Z   Poll
2026-10-02T16:33:49.7248929Z     returns immediately with timeout 0
2026-10-02T16:33:51.8821636Z     returns not found for unknown ids
2026-10-02T16:33:54.0838371Z     hides other user chains
2026-10-02T16:33:56.2969029Z     treats unauthenticated requests as not found
2026-10-02T16:33:58.4801050Z     returns immediately when update_in criteria mismatch
2026-10-02T16:33:58.4801719Z   Show
2026-10-02T16:34:00.7058449Z     treats unauthenticated requests as not found
2026-10-02T16:34:02.8956217Z     marks failed chains as finished with failure
2026-10-02T16:34:05.2250059Z     returns not found for unknown ids
2026-10-02T16:34:07.3879787Z     marks done chains as finished with success
2026-10-02T16:34:09.5659320Z     shows a chain owned by the current user
2026-10-02T16:34:11.7420612Z     hides other user chains
2026-10-02T16:34:11.7421583Z 
2026-10-02T16:34:11.7421785Z VpsAdmin::Scheduler::CronTask
2026-10-02T16:34:11.7428846Z   exports scheduler payload attributes
2026-10-02T16:34:11.7435578Z   parses wildcard fields as complete cron ranges
2026-10-02T16:34:11.7439012Z   parses numeric fields as single-value ranges
2026-10-02T16:34:11.7443040Z   matches only configured numeric fields
2026-10-02T16:34:11.7449529Z   matches five-minute snapshots and offset ten-minute backups exactly
2026-10-02T16:34:11.7453358Z   starts stepped wildcards at each field minimum and includes range endpoints
2026-10-02T16:34:11.7457470Z   enforces the bounds and maximum step of every field
2026-10-02T16:34:11.7462849Z   rejects malformed, wrapping, out-of-range and unsupported minute fields
2026-10-02T16:34:11.7465891Z   matches wildcard schedules
2026-10-02T16:34:11.7469243Z 
2026-10-02T16:34:11.7469512Z VpsAdmin::API::Resources::StorageFreeze
2026-10-02T16:34:18.3019471Z   requires an expected epoch for both mode changes and catch-up
2026-10-02T16:34:20.5167199Z   returns the entire bounded snapshot without running catch-up or writing SQL
2026-10-02T16:34:22.6331804Z   rejects delegated admin sessions and action scopes without mutation
2026-10-02T16:34:29.6574754Z   allows only an active direct administrator to see status
2026-10-02T16:34:31.7527373Z   returns conflict for an already selected mode
2026-10-02T16:34:33.9604387Z   returns conflict for a stale freeze
2026-10-02T16:34:36.0873886Z "Record invalid"
2026-10-02T16:34:36.0875343Z /home/runner/work/vpsadmin/vpsadmin/api/vendor/bundle/ruby/3.4.0/gems/rspec-mocks-3.13.8/lib/rspec/mocks/message_expectation.rb:188:in 'block in RSpec::Mocks::MessageExpectation#and_raise'
2026-10-02T16:34:36.0877530Z /home/runner/work/vpsadmin/vpsadmin/api/vendor/bundle/ruby/3.4.0/gems/rspec-mocks-3.13.8/lib/rspec/mocks/message_expectation.rb:797:in 'block in RSpec::Mocks::Implementation#call'
2026-10-02T16:34:36.0879746Z /home/runner/work/vpsadmin/vpsadmin/api/vendor/bundle/ruby/3.4.0/gems/rspec-mocks-3.13.8/lib/rspec/mocks/message_expectation.rb:796:in 'Array#map'
2026-10-02T16:34:36.0881479Z /home/runner/work/vpsadmin/vpsadmin/api/vendor/bundle/ruby/3.4.0/gems/rspec-mocks-3.13.8/lib/rspec/mocks/message_expectation.rb:796:in 'RSpec::Mocks::Implementation#call'
2026-10-02T16:34:36.0883799Z /home/runner/work/vpsadmin/vpsadmin/api/vendor/bundle/ruby/3.4.0/gems/rspec-mocks-3.13.8/lib/rspec/mocks/message_expectation.rb:654:in 'RSpec::Mocks::MessageExpectation::ImplementationDetails#invoke_incrementing_actual_calls_by'
2026-10-02T16:34:36.0886310Z /home/runner/work/vpsadmin/vpsadmin/api/vendor/bundle/ruby/3.4.0/gems/rspec-mocks-3.13.8/lib/rspec/mocks/message_expectation.rb:482:in 'RSpec::Mocks::MessageExpectation::ImplementationDetails#invoke'
2026-10-02T16:34:36.0888362Z /home/runner/work/vpsadmin/vpsadmin/api/vendor/bundle/ruby/3.4.0/gems/rspec-mocks-3.13.8/lib/rspec/mocks/proxy.rb:206:in 'RSpec::Mocks::Proxy#message_received'
2026-10-02T16:34:36.0890521Z /home/runner/work/vpsadmin/vpsadmin/api/vendor/bundle/ruby/3.4.0/gems/rspec-mocks-3.13.8/lib/rspec/mocks/proxy.rb:358:in 'RSpec::Mocks::PartialDoubleProxy#message_received'
2026-10-02T16:34:36.0893001Z /home/runner/work/vpsadmin/vpsadmin/api/vendor/bundle/ruby/3.4.0/gems/rspec-mocks-3.13.8/lib/rspec/mocks/method_double.rb:98:in 'RSpec::Mocks::MethodDouble#proxy_method_invoked'
2026-10-02T16:34:36.0894787Z /home/runner/work/vpsadmin/vpsadmin/api/vendor/bundle/ruby/3.4.0/gems/rspec-mocks-3.13.8/lib/rspec/mocks/method_double.rb:74:in 'block (2 levels) in StorageFreezeTransition.define_proxy_method'
2026-10-02T16:34:36.0896228Z /home/runner/work/vpsadmin/vpsadmin/api/models/storage_mutation_admission.rb:66:in 'block in StorageMutationAdmission.change_mode!'
2026-10-02T16:34:36.0897592Z /home/runner/work/vpsadmin/vpsadmin/api/vendor/bundle/ruby/3.4.0/gems/activerecord-8.1.4/lib/active_record/connection_adapters/abstract/transaction.rb:648:in 'block in ActiveRecord::ConnectionAdapters::TransactionManager#within_new_transaction'
2026-10-02T16:34:36.0899112Z /home/runner/work/vpsadmin/vpsadmin/api/vendor/bundle/ruby/3.4.0/gems/activesupport-8.1.4/lib/active_support/concurrency/null_lock.rb:9:in 'ActiveSupport::Concurrency::NullLock#synchronize'
2026-10-02T16:34:36.0901061Z /home/runner/work/vpsadmin/vpsadmin/api/vendor/bundle/ruby/3.4.0/gems/activerecord-8.1.4/lib/active_record/connection_adapters/abstract/transaction.rb:645:in 'ActiveRecord::ConnectionAdapters::TransactionManager#within_new_transaction'
2026-10-02T16:34:36.0903192Z /home/runner/work/vpsadmin/vpsadmin/api/vendor/bundle/ruby/3.4.0/gems/activerecord-8.1.4/lib/active_record/connection_adapters/abstract/database_statements.rb:386:in 'ActiveRecord::ConnectionAdapters::DatabaseStatements#within_new_transaction'
2026-10-02T16:34:36.0905035Z /home/runner/work/vpsadmin/vpsadmin/api/vendor/bundle/ruby/3.4.0/gems/activerecord-8.1.4/lib/active_record/connection_adapters/abstract/database_statements.rb:378:in 'ActiveRecord::ConnectionAdapters::DatabaseStatements#transaction'
2026-10-02T16:34:36.0906516Z /home/runner/work/vpsadmin/vpsadmin/api/vendor/bundle/ruby/3.4.0/gems/activerecord-8.1.4/lib/active_record/transactions.rb:234:in 'block (2 levels) in ActiveRecord::Transactions::ClassMethods#transaction'
2026-10-02T16:34:36.0908079Z /home/runner/work/vpsadmin/vpsadmin/api/vendor/bundle/ruby/3.4.0/gems/activerecord-8.1.4/lib/active_record/connection_adapters/abstract/connection_pool.rb:487:in 'ActiveRecord::ConnectionAdapters::ConnectionPool#with_pool_transaction_isolation_level'
2026-10-02T16:34:36.0909753Z /home/runner/work/vpsadmin/vpsadmin/api/vendor/bundle/ruby/3.4.0/gems/activerecord-8.1.4/lib/active_record/transactions.rb:233:in 'block in ActiveRecord::Transactions::ClassMethods#transaction'
2026-10-02T16:34:36.0911192Z /home/runner/work/vpsadmin/vpsadmin/api/vendor/bundle/ruby/3.4.0/gems/activerecord-8.1.4/lib/active_record/connection_adapters/abstract/connection_pool.rb:465:in 'ActiveRecord::ConnectionAdapters::ConnectionPool#with_connection'
2026-10-02T16:34:36.0912596Z /home/runner/work/vpsadmin/vpsadmin/api/vendor/bundle/ruby/3.4.0/gems/activerecord-8.1.4/lib/active_record/connection_handling.rb:313:in 'ActiveRecord::ConnectionHandling#with_connection'
2026-10-02T16:34:36.0913856Z /home/runner/work/vpsadmin/vpsadmin/api/vendor/bundle/ruby/3.4.0/gems/activerecord-8.1.4/lib/active_record/transactions.rb:232:in 'ActiveRecord::Transactions::ClassMethods#transaction'
2026-10-02T16:34:36.0914908Z /home/runner/work/vpsadmin/vpsadmin/api/models/storage_mutation_admission.rb:49:in 'StorageMutationAdmission.change_mode!'
2026-10-02T16:34:36.0915812Z /home/runner/work/vpsadmin/vpsadmin/api/models/storage_mutation_admission.rb:11:in 'StorageMutationAdmission.set_read_only_for_user!'
2026-10-02T16:34:36.0916798Z /home/runner/work/vpsadmin/vpsadmin/api/lib/vpsadmin/api/resources/storage_freeze.rb:46:in 'VpsAdmin::API::Resources::StorageFreeze::Access#change_mode'
2026-10-02T16:34:36.0917847Z /home/runner/work/vpsadmin/vpsadmin/api/lib/vpsadmin/api/resources/storage_freeze.rb:108:in 'VpsAdmin::API::Resources::StorageFreeze::ReadOnly#exec'
2026-10-02T16:34:36.0918865Z /home/runner/work/vpsadmin/vpsadmin/api/vendor/bundle/ruby/3.4.0/gems/haveapi-0.29.8/lib/haveapi/action.rb:406:in 'block in HaveAPI::Action#safe_exec'
2026-10-02T16:34:36.0920055Z /home/runner/work/vpsadmin/vpsadmin/api/vendor/bundle/ruby/3.4.0/gems/haveapi-0.29.8/lib/haveapi/action.rb:402:in 'Kernel#catch'
2026-10-02T16:34:36.0920967Z /home/runner/work/vpsadmin/vpsadmin/api/vendor/bundle/ruby/3.4.0/gems/haveapi-0.29.8/lib/haveapi/action.rb:402:in 'HaveAPI::Action#safe_exec'
2026-10-02T16:34:36.0921903Z /home/runner/work/vpsadmin/vpsadmin/api/vendor/bundle/ruby/3.4.0/gems/haveapi-0.29.8/lib/haveapi/server.rb:757:in 'block in mount_action'
2026-10-02T16:34:36.0922877Z /home/runner/work/vpsadmin/vpsadmin/api/vendor/bundle/ruby/3.4.0/gems/sinatra-4.2.1/lib/sinatra/base.rb:1811:in 'Method#call'
2026-10-02T16:34:36.0923787Z /home/runner/work/vpsadmin/vpsadmin/api/vendor/bundle/ruby/3.4.0/gems/sinatra-4.2.1/lib/sinatra/base.rb:1811:in 'block in Sinatra::Base.compile!'
2026-10-02T16:34:36.0924972Z /home/runner/work/vpsadmin/vpsadmin/api/vendor/bundle/ruby/3.4.0/gems/sinatra-4.2.1/lib/sinatra/base.rb:1074:in 'block (3 levels) in Sinatra::Base#route!'
2026-10-02T16:34:36.0925957Z /home/runner/work/vpsadmin/vpsadmin/api/vendor/bundle/ruby/3.4.0/gems/sinatra-4.2.1/lib/sinatra/base.rb:1092:in 'Sinatra::Base#route_eval'
2026-10-02T16:34:36.0926919Z /home/runner/work/vpsadmin/vpsadmin/api/vendor/bundle/ruby/3.4.0/gems/sinatra-4.2.1/lib/sinatra/base.rb:1074:in 'block (2 levels) in Sinatra::Base#route!'
2026-10-02T16:34:36.0928195Z /home/runner/work/vpsadmin/vpsadmin/api/vendor/bundle/ruby/3.4.0/gems/sinatra-4.2.1/lib/sinatra/base.rb:1123:in 'block in Sinatra::Base#process_route'
2026-10-02T16:34:36.0929189Z /home/runner/work/vpsadmin/vpsadmin/api/vendor/bundle/ruby/3.4.0/gems/sinatra-4.2.1/lib/sinatra/base.rb:1121:in 'Kernel#catch'
2026-10-02T16:34:36.0930275Z /home/runner/work/vpsadmin/vpsadmin/api/vendor/bundle/ruby/3.4.0/gems/sinatra-4.2.1/lib/sinatra/base.rb:1121:in 'Sinatra::Base#process_route'
2026-10-02T16:34:36.0931264Z /home/runner/work/vpsadmin/vpsadmin/api/vendor/bundle/ruby/3.4.0/gems/sinatra-4.2.1/lib/sinatra/base.rb:1072:in 'block in Sinatra::Base#route!'
2026-10-02T16:34:36.0932163Z /home/runner/work/vpsadmin/vpsadmin/api/vendor/bundle/ruby/3.4.0/gems/sinatra-4.2.1/lib/sinatra/base.rb:1069:in 'Array#each'
2026-10-02T16:34:36.0933024Z /home/runner/work/vpsadmin/vpsadmin/api/vendor/bundle/ruby/3.4.0/gems/sinatra-4.2.1/lib/sinatra/base.rb:1069:in 'Sinatra::Base#route!'
2026-10-02T16:34:36.0933964Z /home/runner/work/vpsadmin/vpsadmin/api/vendor/bundle/ruby/3.4.0/gems/sinatra-4.2.1/lib/sinatra/base.rb:1197:in 'block in Sinatra::Base#dispatch!'
2026-10-02T16:34:36.0934879Z /home/runner/work/vpsadmin/vpsadmin/api/vendor/bundle/ruby/3.4.0/gems/sinatra-4.2.1/lib/sinatra/base.rb:1168:in 'Kernel#catch'
2026-10-02T16:34:36.0935751Z /home/runner/work/vpsadmin/vpsadmin/api/vendor/bundle/ruby/3.4.0/gems/sinatra-4.2.1/lib/sinatra/base.rb:1168:in 'Sinatra::Base#invoke'
2026-10-02T16:34:36.0936651Z /home/runner/work/vpsadmin/vpsadmin/api/vendor/bundle/ruby/3.4.0/gems/sinatra-4.2.1/lib/sinatra/base.rb:1192:in 'Sinatra::Base#dispatch!'
2026-10-02T16:34:36.0937584Z /home/runner/work/vpsadmin/vpsadmin/api/vendor/bundle/ruby/3.4.0/gems/sinatra-4.2.1/lib/sinatra/base.rb:1004:in 'block in Sinatra::Base#call!'
2026-10-02T16:34:36.0938475Z /home/runner/work/vpsadmin/vpsadmin/api/vendor/bundle/ruby/3.4.0/gems/sinatra-4.2.1/lib/sinatra/base.rb:1168:in 'Kernel#catch'
2026-10-02T16:34:36.0939451Z /home/runner/work/vpsadmin/vpsadmin/api/vendor/bundle/ruby/3.4.0/gems/sinatra-4.2.1/lib/sinatra/base.rb:1168:in 'Sinatra::Base#invoke'
2026-10-02T16:34:36.0940329Z /home/runner/work/vpsadmin/vpsadmin/api/vendor/bundle/ruby/3.4.0/gems/sinatra-4.2.1/lib/sinatra/base.rb:1004:in 'Sinatra::Base#call!'
2026-10-02T16:34:36.0941208Z /home/runner/work/vpsadmin/vpsadmin/api/vendor/bundle/ruby/3.4.0/gems/sinatra-4.2.1/lib/sinatra/base.rb:993:in 'Sinatra::Base#call'
2026-10-02T16:34:36.0942178Z /home/runner/work/vpsadmin/vpsadmin/api/vendor/bundle/ruby/3.4.0/gems/rack-protection-4.2.1/lib/rack/protection/base.rb:53:in 'Rack::Protection::Base#call'
2026-10-02T16:34:36.0943427Z /home/runner/work/vpsadmin/vpsadmin/api/vendor/bundle/ruby/3.4.0/gems/rack-protection-4.2.1/lib/rack/protection/xss_header.rb:20:in 'Rack::Protection::XSSHeader#call'
2026-10-02T16:34:36.0944611Z /home/runner/work/vpsadmin/vpsadmin/api/vendor/bundle/ruby/3.4.0/gems/rack-protection-4.2.1/lib/rack/protection/path_traversal.rb:18:in 'Rack::Protection::PathTraversal#call'
2026-10-02T16:34:36.0945766Z /home/runner/work/vpsadmin/vpsadmin/api/vendor/bundle/ruby/3.4.0/gems/rack-protection-4.2.1/lib/rack/protection/json_csrf.rb:28:in 'Rack::Protection::JsonCsrf#call'
2026-10-02T16:34:36.0946856Z /home/runner/work/vpsadmin/vpsadmin/api/vendor/bundle/ruby/3.4.0/gems/rack-protection-4.2.1/lib/rack/protection/base.rb:53:in 'Rack::Protection::Base#call'
2026-10-02T16:34:36.0947902Z /home/runner/work/vpsadmin/vpsadmin/api/vendor/bundle/ruby/3.4.0/gems/rack-protection-4.2.1/lib/rack/protection/base.rb:53:in 'Rack::Protection::Base#call'
2026-10-02T16:34:36.0949130Z /home/runner/work/vpsadmin/vpsadmin/api/vendor/bundle/ruby/3.4.0/gems/rack-protection-4.2.1/lib/rack/protection/frame_options.rb:33:in 'Rack::Protection::FrameOptions#call'
2026-10-02T16:34:36.0950372Z /home/runner/work/vpsadmin/vpsadmin/api/vendor/bundle/ruby/3.4.0/gems/sinatra-4.2.1/lib/sinatra/middleware/logger.rb:17:in 'Sinatra::Middleware::Logger#call'
2026-10-02T16:34:36.0951314Z /home/runner/work/vpsadmin/vpsadmin/api/vendor/bundle/ruby/3.4.0/gems/rack-3.2.7/lib/rack/head.rb:15:in 'Rack::Head#call'
2026-10-02T16:34:36.0952196Z /home/runner/work/vpsadmin/vpsadmin/api/vendor/bundle/ruby/3.4.0/gems/sinatra-4.2.1/lib/sinatra/base.rb:227:in 'Sinatra::ExtendedRack#call'
2026-10-02T16:34:36.0953116Z /home/runner/work/vpsadmin/vpsadmin/api/vendor/bundle/ruby/3.4.0/gems/sinatra-4.2.1/lib/sinatra/base.rb:2144:in 'Sinatra::Wrapper#call'
2026-10-02T16:34:36.0954032Z /home/runner/work/vpsadmin/vpsadmin/api/vendor/bundle/ruby/3.4.0/gems/sinatra-4.2.1/lib/sinatra/base.rb:1681:in 'block in Sinatra::Base.call'
2026-10-02T16:34:36.0954974Z /home/runner/work/vpsadmin/vpsadmin/api/vendor/bundle/ruby/3.4.0/gems/sinatra-4.2.1/lib/sinatra/base.rb:1902:in 'Sinatra::Base.synchronize'
2026-10-02T16:34:36.0955880Z /home/runner/work/vpsadmin/vpsadmin/api/vendor/bundle/ruby/3.4.0/gems/sinatra-4.2.1/lib/sinatra/base.rb:1681:in 'Sinatra::Base.call'
2026-10-02T16:34:36.0956814Z /home/runner/work/vpsadmin/vpsadmin/api/vendor/bundle/ruby/3.4.0/gems/rack-test-2.2.0/lib/rack/test.rb:360:in 'Rack::Test::Session#process_request'
2026-10-02T16:34:36.0957789Z /home/runner/work/vpsadmin/vpsadmin/api/vendor/bundle/ruby/3.4.0/gems/rack-test-2.2.0/lib/rack/test.rb:163:in 'Rack::Test::Session#custom_request'
2026-10-02T16:34:36.0958723Z /home/runner/work/vpsadmin/vpsadmin/api/vendor/bundle/ruby/3.4.0/gems/rack-test-2.2.0/lib/rack/test.rb:112:in 'Rack::Test::Session#post'
2026-10-02T16:34:36.0959617Z /opt/hostedtoolcache/Ruby/3.4.11/x64/lib/ruby/3.4.0/forwardable.rb:240:in 'Rack::Test::Methods#post'
2026-10-02T16:34:36.0960490Z /home/runner/work/vpsadmin/vpsadmin/api/spec/api/resources/storage_freeze_spec.rb:17:in 'RSpec::ExampleGroups::VpsAdminAPIResourcesStorageFreeze#json_post'
2026-10-02T16:34:36.0961475Z /home/runner/work/vpsadmin/vpsadmin/api/spec/api/resources/storage_freeze_spec.rb:204:in 'block (3 levels) in <top (required)>'
2026-10-02T16:34:36.0962461Z /home/runner/work/vpsadmin/vpsadmin/api/spec/api/resources/storage_freeze_spec.rb:25:in 'RSpec::ExampleGroups::VpsAdminAPIResourcesStorageFreeze#as_token'
2026-10-02T16:34:36.0963517Z /home/runner/work/vpsadmin/vpsadmin/api/spec/api/resources/storage_freeze_spec.rb:31:in 'RSpec::ExampleGroups::VpsAdminAPIResourcesStorageFreeze#as_admin'
2026-10-02T16:34:36.0964471Z /home/runner/work/vpsadmin/vpsadmin/api/spec/api/resources/storage_freeze_spec.rb:203:in 'block (2 levels) in <top (required)>'
2026-10-02T16:34:36.0965407Z /home/runner/work/vpsadmin/vpsadmin/api/vendor/bundle/ruby/3.4.0/gems/rspec-core-3.13.6/lib/rspec/core/example.rb:263:in 'BasicObject#instance_exec'
2026-10-02T16:34:36.0966434Z /home/runner/work/vpsadmin/vpsadmin/api/vendor/bundle/ruby/3.4.0/gems/rspec-core-3.13.6/lib/rspec/core/example.rb:263:in 'block in RSpec::Core::Example#run'
2026-10-02T16:34:36.0967708Z /home/runner/work/vpsadmin/vpsadmin/api/vendor/bundle/ruby/3.4.0/gems/rspec-core-3.13.6/lib/rspec/core/example.rb:511:in 'block in RSpec::Core::Example#with_around_and_singleton_context_hooks'
2026-10-02T16:34:36.0968941Z /home/runner/work/vpsadmin/vpsadmin/api/vendor/bundle/ruby/3.4.0/gems/rspec-core-3.13.6/lib/rspec/core/example.rb:468:in 'block in RSpec::Core::Example#with_around_example_hooks'
2026-10-02T16:34:36.0970255Z /home/runner/work/vpsadmin/vpsadmin/api/vendor/bundle/ruby/3.4.0/gems/rspec-core-3.13.6/lib/rspec/core/hooks.rb:486:in 'block in RSpec::Core::Hooks::HookCollections#run'
2026-10-02T16:34:36.0971450Z /home/runner/work/vpsadmin/vpsadmin/api/vendor/bundle/ruby/3.4.0/gems/rspec-core-3.13.6/lib/rspec/core/hooks.rb:626:in 'block in RSpec::Core::Hooks::HookCollections#run_around_example_hooks_for'
2026-10-02T16:34:36.0972755Z /home/runner/work/vpsadmin/vpsadmin/api/vendor/bundle/ruby/3.4.0/gems/rspec-core-3.13.6/lib/rspec/core/example.rb:352:in 'RSpec::Core::Example::Procsy#call'
2026-10-02T16:34:36.0973647Z /home/runner/work/vpsadmin/vpsadmin/api/spec/spec_helper.rb:25:in 'block (3 levels) in <top (required)>'
2026-10-02T16:34:36.0974850Z /home/runner/work/vpsadmin/vpsadmin/api/vendor/bundle/ruby/3.4.0/gems/activerecord-8.1.4/lib/active_record/connection_adapters/abstract/transaction.rb:648:in 'block in ActiveRecord::ConnectionAdapters::TransactionManager#within_new_transaction'
2026-10-02T16:34:36.0976359Z /home/runner/work/vpsadmin/vpsadmin/api/vendor/bundle/ruby/3.4.0/gems/activesupport-8.1.4/lib/active_support/concurrency/null_lock.rb:9:in 'ActiveSupport::Concurrency::NullLock#synchronize'
2026-10-02T16:34:36.0977807Z /home/runner/work/vpsadmin/vpsadmin/api/vendor/bundle/ruby/3.4.0/gems/activerecord-8.1.4/lib/active_record/connection_adapters/abstract/transaction.rb:645:in 'ActiveRecord::ConnectionAdapters::TransactionManager#within_new_transaction'
2026-10-02T16:34:36.0982493Z /home/runner/work/vpsadmin/vpsadmin/api/vendor/bundle/ruby/3.4.0/gems/activerecord-8.1.4/lib/active_record/connection_adapters/abstract/database_statements.rb:386:in 'ActiveRecord::ConnectionAdapters::DatabaseStatements#within_new_transaction'
2026-10-02T16:34:36.0985601Z /home/runner/work/vpsadmin/vpsadmin/api/vendor/bundle/ruby/3.4.0/gems/activerecord-8.1.4/lib/active_record/connection_adapters/abstract/database_statements.rb:378:in 'ActiveRecord::ConnectionAdapters::DatabaseStatements#transaction'
2026-10-02T16:34:36.0988302Z /home/runner/work/vpsadmin/vpsadmin/api/vendor/bundle/ruby/3.4.0/gems/activerecord-8.1.4/lib/active_record/transactions.rb:234:in 'block (2 levels) in ActiveRecord::Transactions::ClassMethods#transaction'
2026-10-02T16:34:36.0991174Z /home/runner/work/vpsadmin/vpsadmin/api/vendor/bundle/ruby/3.4.0/gems/activerecord-8.1.4/lib/active_record/connection_adapters/abstract/connection_pool.rb:487:in 'ActiveRecord::ConnectionAdapters::ConnectionPool#with_pool_transaction_isolation_level'
2026-10-02T16:34:36.0992839Z /home/runner/work/vpsadmin/vpsadmin/api/vendor/bundle/ruby/3.4.0/gems/activerecord-8.1.4/lib/active_record/transactions.rb:233:in 'block in ActiveRecord::Transactions::ClassMethods#transaction'
2026-10-02T16:34:36.0994290Z /home/runner/work/vpsadmin/vpsadmin/api/vendor/bundle/ruby/3.4.0/gems/activerecord-8.1.4/lib/active_record/connection_adapters/abstract/connection_pool.rb:465:in 'ActiveRecord::ConnectionAdapters::ConnectionPool#with_connection'
2026-10-02T16:34:36.0995725Z /home/runner/work/vpsadmin/vpsadmin/api/vendor/bundle/ruby/3.4.0/gems/activerecord-8.1.4/lib/active_record/connection_handling.rb:313:in 'ActiveRecord::ConnectionHandling#with_connection'
2026-10-02T16:34:36.0997033Z /home/runner/work/vpsadmin/vpsadmin/api/vendor/bundle/ruby/3.4.0/gems/activerecord-8.1.4/lib/active_record/transactions.rb:232:in 'ActiveRecord::Transactions::ClassMethods#transaction'
2026-10-02T16:34:36.0998047Z /home/runner/work/vpsadmin/vpsadmin/api/spec/spec_helper.rb:24:in 'block (2 levels) in <top (required)>'
2026-10-02T16:34:36.0999144Z /home/runner/work/vpsadmin/vpsadmin/api/vendor/bundle/ruby/3.4.0/gems/rspec-core-3.13.6/lib/rspec/core/example.rb:457:in 'BasicObject#instance_exec'
2026-10-02T16:34:36.1000529Z /home/runner/work/vpsadmin/vpsadmin/api/vendor/bundle/ruby/3.4.0/gems/rspec-core-3.13.6/lib/rspec/core/example.rb:457:in 'RSpec::Core::Example#instance_exec'
2026-10-02T16:34:36.1001619Z /home/runner/work/vpsadmin/vpsadmin/api/vendor/bundle/ruby/3.4.0/gems/rspec-core-3.13.6/lib/rspec/core/hooks.rb:390:in 'RSpec::Core::Hooks::AroundHook#execute_with'
2026-10-02T16:34:36.1002866Z /home/runner/work/vpsadmin/vpsadmin/api/vendor/bundle/ruby/3.4.0/gems/rspec-core-3.13.6/lib/rspec/core/hooks.rb:628:in 'block (2 levels) in RSpec::Core::Hooks::HookCollections#run_around_example_hooks_for'
2026-10-02T16:34:36.1004065Z /home/runner/work/vpsadmin/vpsadmin/api/vendor/bundle/ruby/3.4.0/gems/rspec-core-3.13.6/lib/rspec/core/example.rb:352:in 'RSpec::Core::Example::Procsy#call'
2026-10-02T16:34:36.1005344Z /home/runner/work/vpsadmin/vpsadmin/api/vendor/bundle/ruby/3.4.0/gems/rspec-core-3.13.6/lib/rspec/core/hooks.rb:629:in 'RSpec::Core::Hooks::HookCollections#run_around_example_hooks_for'
2026-10-02T16:34:36.1006487Z /home/runner/work/vpsadmin/vpsadmin/api/vendor/bundle/ruby/3.4.0/gems/rspec-core-3.13.6/lib/rspec/core/hooks.rb:486:in 'RSpec::Core::Hooks::HookCollections#run'
2026-10-02T16:34:36.1007583Z /home/runner/work/vpsadmin/vpsadmin/api/vendor/bundle/ruby/3.4.0/gems/rspec-core-3.13.6/lib/rspec/core/example.rb:468:in 'RSpec::Core::Example#with_around_example_hooks'
2026-10-02T16:34:36.1008749Z /home/runner/work/vpsadmin/vpsadmin/api/vendor/bundle/ruby/3.4.0/gems/rspec-core-3.13.6/lib/rspec/core/example.rb:511:in 'RSpec::Core::Example#with_around_and_singleton_context_hooks'
2026-10-02T16:34:36.1010082Z /home/runner/work/vpsadmin/vpsadmin/api/vendor/bundle/ruby/3.4.0/gems/rspec-core-3.13.6/lib/rspec/core/example.rb:259:in 'RSpec::Core::Example#run'
2026-10-02T16:34:36.1011172Z /home/runner/work/vpsadmin/vpsadmin/api/vendor/bundle/ruby/3.4.0/gems/rspec-core-3.13.6/lib/rspec/core/example_group.rb:653:in 'block in RSpec::Core::ExampleGroup.run_examples'
2026-10-02T16:34:36.1012223Z /home/runner/work/vpsadmin/vpsadmin/api/vendor/bundle/ruby/3.4.0/gems/rspec-core-3.13.6/lib/rspec/core/example_group.rb:649:in 'Array#map'
2026-10-02T16:34:36.1013247Z /home/runner/work/vpsadmin/vpsadmin/api/vendor/bundle/ruby/3.4.0/gems/rspec-core-3.13.6/lib/rspec/core/example_group.rb:649:in 'RSpec::Core::ExampleGroup.run_examples'
2026-10-02T16:34:36.1014349Z /home/runner/work/vpsadmin/vpsadmin/api/vendor/bundle/ruby/3.4.0/gems/rspec-core-3.13.6/lib/rspec/core/example_group.rb:614:in 'RSpec::Core::ExampleGroup.run'
2026-10-02T16:34:36.1015445Z /home/runner/work/vpsadmin/vpsadmin/api/vendor/bundle/ruby/3.4.0/gems/rspec-core-3.13.6/lib/rspec/core/runner.rb:121:in 'block (3 levels) in RSpec::Core::Runner#run_specs'
2026-10-02T16:34:36.1016452Z /home/runner/work/vpsadmin/vpsadmin/api/vendor/bundle/ruby/3.4.0/gems/rspec-core-3.13.6/lib/rspec/core/runner.rb:121:in 'Array#map'
2026-10-02T16:34:36.1017460Z /home/runner/work/vpsadmin/vpsadmin/api/vendor/bundle/ruby/3.4.0/gems/rspec-core-3.13.6/lib/rspec/core/runner.rb:121:in 'block (2 levels) in RSpec::Core::Runner#run_specs'
2026-10-02T16:34:36.1018601Z /home/runner/work/vpsadmin/vpsadmin/api/vendor/bundle/ruby/3.4.0/gems/rspec-core-3.13.6/lib/rspec/core/configuration.rb:2097:in 'RSpec::Core::Configuration#with_suite_hooks'
2026-10-02T16:34:36.1019922Z /home/runner/work/vpsadmin/vpsadmin/api/vendor/bundle/ruby/3.4.0/gems/rspec-core-3.13.6/lib/rspec/core/runner.rb:116:in 'block in RSpec::Core::Runner#run_specs'
2026-10-02T16:34:36.1020973Z /home/runner/work/vpsadmin/vpsadmin/api/vendor/bundle/ruby/3.4.0/gems/rspec-core-3.13.6/lib/rspec/core/reporter.rb:74:in 'RSpec::Core::Reporter#report'
2026-10-02T16:34:36.1021992Z /home/runner/work/vpsadmin/vpsadmin/api/vendor/bundle/ruby/3.4.0/gems/rspec-core-3.13.6/lib/rspec/core/runner.rb:115:in 'RSpec::Core::Runner#run_specs'
2026-10-02T16:34:36.1023102Z /home/runner/work/vpsadmin/vpsadmin/api/vendor/bundle/ruby/3.4.0/gems/rspec-core-3.13.6/lib/rspec/core/runner.rb:89:in 'RSpec::Core::Runner#run'
2026-10-02T16:34:36.1024072Z /home/runner/work/vpsadmin/vpsadmin/api/vendor/bundle/ruby/3.4.0/gems/rspec-core-3.13.6/lib/rspec/core/runner.rb:71:in 'RSpec::Core::Runner.run'
2026-10-02T16:34:36.1025056Z /home/runner/work/vpsadmin/vpsadmin/api/vendor/bundle/ruby/3.4.0/gems/rspec-core-3.13.6/lib/rspec/core/runner.rb:45:in 'RSpec::Core::Runner.invoke'
2026-10-02T16:34:36.1025960Z /home/runner/work/vpsadmin/vpsadmin/api/vendor/bundle/ruby/3.4.0/gems/rspec-core-3.13.6/exe/rspec:4:in '<top (required)>'
2026-10-02T16:34:36.1026691Z /home/runner/work/vpsadmin/vpsadmin/api/vendor/bundle/ruby/3.4.0/bin/rspec:25:in 'Kernel#load'
2026-10-02T16:34:36.1027353Z /home/runner/work/vpsadmin/vpsadmin/api/vendor/bundle/ruby/3.4.0/bin/rspec:25:in '<top (required)>'
2026-10-02T16:34:36.1028124Z /opt/hostedtoolcache/Ruby/3.4.11/x64/lib/ruby/3.4.0/bundler/cli/exec.rb:59:in 'Kernel.load'
2026-10-02T16:34:36.1028787Z /opt/hostedtoolcache/Ruby/3.4.11/x64/lib/ruby/3.4.0/bundler/cli/exec.rb:59:in 'Bundler::CLI::Exec#kernel_load'
2026-10-02T16:34:36.1029685Z /opt/hostedtoolcache/Ruby/3.4.11/x64/lib/ruby/3.4.0/bundler/cli/exec.rb:23:in 'Bundler::CLI::Exec#run'
2026-10-02T16:34:36.1030343Z /opt/hostedtoolcache/Ruby/3.4.11/x64/lib/ruby/3.4.0/bundler/cli.rb:452:in 'Bundler::CLI#exec'
2026-10-02T16:34:36.1031075Z /opt/hostedtoolcache/Ruby/3.4.11/x64/lib/ruby/3.4.0/bundler/vendor/thor/lib/thor/command.rb:28:in 'Bundler::Thor::Command#run'
2026-10-02T16:34:36.1031967Z /opt/hostedtoolcache/Ruby/3.4.11/x64/lib/ruby/3.4.0/bundler/vendor/thor/lib/thor/invocation.rb:127:in 'Bundler::Thor::Invocation#invoke_command'
2026-10-02T16:34:36.1032819Z /opt/hostedtoolcache/Ruby/3.4.11/x64/lib/ruby/3.4.0/bundler/vendor/thor/lib/thor.rb:538:in 'Bundler::Thor.dispatch'
2026-10-02T16:34:36.1033510Z /opt/hostedtoolcache/Ruby/3.4.11/x64/lib/ruby/3.4.0/bundler/cli.rb:35:in 'Bundler::CLI.dispatch'
2026-10-02T16:34:36.1034267Z /opt/hostedtoolcache/Ruby/3.4.11/x64/lib/ruby/3.4.0/bundler/vendor/thor/lib/thor/base.rb:584:in 'Bundler::Thor::Base::ClassMethods#start'
2026-10-02T16:34:36.1035016Z /opt/hostedtoolcache/Ruby/3.4.11/x64/lib/ruby/3.4.0/bundler/cli.rb:29:in 'Bundler::CLI.start'
2026-10-02T16:34:36.1035706Z /opt/hostedtoolcache/Ruby/3.4.11/x64/lib/ruby/gems/3.4.0/gems/bundler-2.6.9/exe/bundle:28:in 'block in <top (required)>'
2026-10-02T16:34:36.1036475Z /opt/hostedtoolcache/Ruby/3.4.11/x64/lib/ruby/3.4.0/bundler/friendly_errors.rb:117:in 'Bundler.with_friendly_errors'
2026-10-02T16:34:36.1037211Z /opt/hostedtoolcache/Ruby/3.4.11/x64/lib/ruby/gems/3.4.0/gems/bundler-2.6.9/exe/bundle:20:in '<top (required)>'
2026-10-02T16:34:36.1037792Z /opt/hostedtoolcache/Ruby/3.4.11/x64/bin/bundle:25:in 'Kernel#load'
2026-10-02T16:34:36.1038233Z /opt/hostedtoolcache/Ruby/3.4.11/x64/bin/bundle:25:in '<main>'
2026-10-02T16:34:36.1038655Z   keeps mode and epoch unchanged when transition insertion fails
2026-10-02T16:34:38.2974629Z   retains the request event when the frozen epoch changes during catch-up
2026-10-02T16:34:38.4148425Z   applies the framework action scope to each storage action
2026-10-02T16:34:44.9189060Z   requires a fresh epoch in both directions and records the admin identity
2026-10-02T16:34:47.0546913Z   rejects a stale catch-up epoch before writing a request audit
2026-10-02T16:34:50.2696254Z   publishes separate action scopes for the singular resource
2026-10-02T16:34:52.3256607Z   rejects a suspended administrator
2026-10-02T16:34:54.6074931Z   records a frozen catch-up request and completion with the API actor
2026-10-02T16:34:54.6075312Z 
2026-10-02T16:34:54.6075462Z VpsAdmin::API::Resources::Environment
2026-10-02T16:34:54.6076223Z   Show
2026-10-02T16:34:56.7777798Z     allows users to show environments with limited output
2026-10-02T16:34:59.1088666Z     allows support to show environments with limited output
2026-10-02T16:35:02.0837010Z     allows admins to show environments with full output
2026-10-02T16:35:04.3372269Z     rejects unauthenticated access
2026-10-02T16:35:07.3637867Z     returns 404 for unknown environment
2026-10-02T16:35:07.3638995Z   Index
2026-10-02T16:35:10.4721838Z     supports from_id pagination
2026-10-02T16:35:13.5578083Z     filters by has_storage
2026-10-02T16:35:16.6519440Z     filters by has_hypervisor
2026-10-02T16:35:18.8231162Z     allows users to list environments with limited output
2026-10-02T16:35:21.0197701Z     allows support to list environments with limited output
2026-10-02T16:35:24.1491624Z     returns total_count meta when requested
2026-10-02T16:35:27.2082325Z     allows admins to list environments with full output
2026-10-02T16:35:29.3746989Z     rejects unauthenticated access
2026-10-02T16:35:32.4394480Z     supports limit pagination
2026-10-02T16:35:32.4394918Z 
2026-10-02T16:35:32.4395139Z VpsAdmin::API::Authentication::WebauthnRegister
2026-10-02T16:35:32.4452350Z   returns an HTML body with token header, redirect URI, and logo URL
2026-10-02T16:35:32.4452758Z 
2026-10-02T16:35:32.4452911Z VpsAdmin::API::Resources::Location
2026-10-02T16:35:32.4461190Z   Index
2026-10-02T16:35:35.5224630Z     supports from_id pagination
2026-10-02T16:35:38.5834246Z     supports limit pagination
2026-10-02T16:35:40.8447599Z     allows support to list locations with limited output
2026-10-02T16:35:43.8466261Z     returns total_count meta when requested
2026-10-02T16:35:43.8471561Z     rejects unauthenticated access (core) (PENDING: skipped because plugins are enabled: requests)
2026-10-02T16:35:47.0028135Z     allows admins to list locations with full output
2026-10-02T16:35:49.0995126Z     allows unauthenticated access (requests plugin)
2026-10-02T16:35:51.3822524Z     allows users to list locations with limited output
2026-10-02T16:35:54.4113450Z     filters by has_hypervisor
2026-10-02T16:35:57.5557191Z     filters by environment
2026-10-02T16:35:57.5557657Z   Show
2026-10-02T16:36:00.6524957Z     returns 404 for unknown location
2026-10-02T16:36:00.6536055Z     rejects unauthenticated access (core) (PENDING: skipped because plugins are enabled: requests)
2026-10-02T16:36:02.8398468Z     allows support to show locations with limited output
2026-10-02T16:36:05.8452496Z     allows admins to show locations with full output
2026-10-02T16:36:08.0626939Z     allows unauthenticated access (requests plugin)
2026-10-02T16:36:10.2457550Z     allows users to show locations with limited output
2026-10-02T16:36:10.2458106Z 
2026-10-02T16:36:10.2458283Z VpsAdmin::API::Resources::Node::Status
2026-10-02T16:36:10.2459883Z   API description
2026-10-02T16:36:13.5050461Z     includes node.status scopes
2026-10-02T16:36:13.5051006Z   Index
2026-10-02T16:36:16.6213790Z     returns validation errors for invalid datetime
2026-10-02T16:36:19.6858533Z     filters by from and to datetime
2026-10-02T16:36:22.7796648Z     allows admin to list statuses for the node
2026-10-02T16:36:25.8523819Z     supports pagination limit
2026-10-02T16:36:28.0977943Z     forbids normal users
2026-10-02T16:36:31.1135595Z     returns meta count
2026-10-02T16:36:34.2740325Z     orders statuses by created_at desc
2026-10-02T16:36:37.2910719Z     supports pagination from_id
2026-10-02T16:36:40.4075880Z     filters by from datetime
2026-10-02T16:36:43.4653550Z     filters by to datetime
2026-10-02T16:36:45.7018401Z     forbids support users
2026-10-02T16:36:47.7661011Z     rejects unauthenticated access
2026-10-02T16:36:47.7661571Z   Show
2026-10-02T16:36:50.9226021Z     returns 404 for unknown status id
2026-10-02T16:36:53.9523342Z     returns 404 for unknown node id
2026-10-02T16:36:56.1231320Z     rejects unauthenticated access
2026-10-02T16:36:59.1850480Z     allows admin to show a status
2026-10-02T16:37:01.4103561Z     forbids support users
2026-10-02T16:37:04.4031034Z     scopes status to node
2026-10-02T16:37:06.5939832Z     forbids normal users
2026-10-02T16:37:06.5940546Z 
2026-10-02T16:37:06.5940773Z API lifecycle bypass regressions
2026-10-02T16:37:06.5942760Z   Dataset and snapshot mutations
2026-10-02T16:37:19.9700582Z     blocks active users from exporting deleted datasets or mutating deleted exports
2026-10-02T16:37:28.9891003Z     blocks suspended users from mutating datasets
2026-10-02T16:37:35.7069404Z     blocks suspended users from creating, deleting, or rolling back snapshots
2026-10-02T16:37:40.1056045Z     blocks suspended users from changing dataset plans
2026-10-02T16:37:40.1056787Z   User-owned control plane records
2026-10-02T16:37:53.4457369Z     blocks suspended users from managing namespace maps and entries
2026-10-02T16:37:55.8289015Z     blocks suspended users from deleting snapshot downloads
2026-10-02T16:38:06.8938656Z     blocks suspended users from mutating SSH keys and mail recipients
2026-10-02T16:38:15.8753258Z     blocks suspended users from reading or managing DNS TSIG secrets
2026-10-02T16:38:15.8754121Z     with a DNS record owned by a suspended user
2026-10-02T16:38:21.2974999Z       blocks the authenticated owner from updating the record
2026-10-02T16:38:27.7990422Z       allows an authenticated administrator to update the record
2026-10-02T16:38:27.7991226Z   VPS owner operations
2026-10-02T16:38:32.4447662Z     blocks active users from cloning or swapping suspended VPSes
2026-10-02T16:38:38.9721232Z     blocks suspended users from queuing VPS access/control mutations
2026-10-02T16:38:41.3563626Z     blocks suspended users from deleting suspended VPSes
2026-10-02T16:38:41.3564305Z   Operational per-VPS records
2026-10-02T16:38:48.0598467Z     blocks suspended users from managing OOM report rules
2026-10-02T16:38:54.8031673Z     blocks suspended users from creating, updating, or deleting host IP addresses
2026-10-02T16:39:05.9195391Z     blocks suspended users and suspended VPSes from user-data mutations and deploys
2026-10-02T16:39:05.9196199Z   VPS nested mutations
2026-10-02T16:39:21.6800673Z     blocks suspended users from changing features, mounts, and maintenance windows
2026-10-02T16:39:28.3971515Z     blocks suspended users from creating, showing, deleting, or using console tokens
2026-10-02T16:39:28.3972389Z 
2026-10-02T16:39:28.3972887Z VpsAdmin::API::Resources::Cluster
2026-10-02T16:39:28.3973988Z   API description
2026-10-02T16:39:31.6433112Z     includes cluster endpoints
2026-10-02T16:39:31.6433635Z   PublicStats
2026-10-02T16:39:33.8267055Z     works for authenticated users as well
2026-10-02T16:39:35.9674937Z     returns correct ipv4_left
2026-10-02T16:39:38.0997043Z     allows unauthenticated access
2026-10-02T16:39:38.0997694Z   Show
2026-10-02T16:39:40.1997196Z     rejects unauthenticated access
2026-10-02T16:39:42.4941620Z     allows normal user
2026-10-02T16:39:44.6674543Z     reports active lock
2026-10-02T16:39:46.8335225Z     reports no maintenance lock by default
2026-10-02T16:39:46.8335819Z   SetMaintenance
2026-10-02T16:39:49.1652771Z     forbids non-admin users
2026-10-02T16:39:51.3270823Z     forbids support users
2026-10-02T16:39:56.6491301Z     allows admin to lock cluster maintenance
2026-10-02T16:40:04.9480297Z     allows admin to unlock maintenance
2026-10-02T16:40:07.1735164Z     rejects unauthenticated access
2026-10-02T16:40:13.3346727Z     rejects locking an already locked cluster
2026-10-02T16:40:16.3451462Z     returns validation error when lock is missing
2026-10-02T16:40:16.3451946Z   FullStats
2026-10-02T16:40:18.6420528Z     forbids support users
2026-10-02T16:40:20.7983986Z     forbids non-admin users
2026-10-02T16:40:23.0290715Z     rejects unauthenticated access
2026-10-02T16:40:26.0583867Z     allows admin and returns the full stats hash
2026-10-02T16:40:26.0584488Z   Search
2026-10-02T16:40:28.3920977Z     forbids non-admin users
2026-10-02T16:40:31.4059833Z     returns DNS zone results for partial name search
2026-10-02T16:40:34.5482621Z     does not return DNS zones pending deletion
2026-10-02T16:40:37.6079620Z     returns DNS zone results for canonical name search
2026-10-02T16:40:40.6932070Z     returns user results for login search
2026-10-02T16:40:43.7135236Z     returns validation error for missing value
2026-10-02T16:40:46.8304100Z     returns user results for numeric id search
2026-10-02T16:40:49.0013370Z     forbids support users
2026-10-02T16:40:52.1858214Z     returns DNS zone results when the trailing dot is omitted
2026-10-02T16:40:55.2089668Z     trims whitespace
2026-10-02T16:40:57.4075503Z     rejects unauthenticated access
2026-10-02T16:40:57.4076061Z   GenerateMigrationKeys
2026-10-02T16:41:03.8693214Z     allows admin to create a transaction chain
2026-10-02T16:41:06.0346269Z     forbids support users
2026-10-02T16:41:08.2728785Z     rejects unauthenticated access
2026-10-02T16:41:10.4812668Z     forbids non-admin users
2026-10-02T16:41:10.4813047Z 
2026-10-02T16:41:10.4813252Z VpsAdmin::Scheduler::Worker
2026-10-02T16:41:10.4834836Z   rescues task exceptions and warns
2026-10-02T16:41:10.4844501Z   warns and does not raise when the row is missing
2026-10-02T16:41:10.4853645Z   executes the resolved row
2026-10-02T16:41:10.4863446Z   looks up the task by class name and primary key
2026-10-02T16:41:10.4863940Z 
2026-10-02T16:41:10.4864169Z VpsAdmin::API::Resources::Language
2026-10-02T16:41:10.4864938Z   Show
2026-10-02T16:41:12.8461704Z     shows a language for users
2026-10-02T16:41:15.8618062Z     allows admins to show a language
2026-10-02T16:41:18.1371851Z     rejects unauthenticated access
2026-10-02T16:41:20.3243294Z     returns 404 for unknown language
2026-10-02T16:41:20.3244012Z   Index
2026-10-02T16:41:22.5782610Z     allows unauthenticated access (requests plugin)
2026-10-02T16:41:25.6058086Z     allows admins to list languages
2026-10-02T16:41:27.8990464Z     returns total_count meta when requested
2026-10-02T16:41:30.0617395Z     supports from_id pagination
2026-10-02T16:41:32.2483807Z     allows users to list languages
2026-10-02T16:41:34.5575256Z     supports limit pagination
2026-10-02T16:41:34.5580572Z     rejects unauthenticated access (core) (PENDING: skipped because plugins are enabled: requests)
2026-10-02T16:41:34.5581327Z 
2026-10-02T16:41:34.5582052Z VpsAdmin::API::Resources::NodeSystemState
2026-10-02T16:41:34.5583089Z   API description
2026-10-02T16:41:37.8073977Z     exposes system and narrow cgroup scopes
2026-10-02T16:41:37.8074573Z   cgroup-state projection
2026-10-02T16:41:39.9719925Z     returns cgroup history without capacity fields
2026-10-02T16:41:45.2997571Z     applies the same active-Node boundary to show
2026-10-02T16:41:47.4898835Z     coalesces capacity-only changes into one cgroup period
2026-10-02T16:41:47.4899835Z   system-state show
2026-10-02T16:41:52.0304184Z     lets members show active states but hides inactive states
2026-10-02T16:41:55.2118237Z     lets admins show inactive states
2026-10-02T16:41:55.2120256Z   system-state index
2026-10-02T16:42:01.3772220Z     lets admins include or select inactive Nodes
2026-10-02T16:42:03.5618772Z     lets support users list active hosting Nodes
2026-10-02T16:42:08.0898226Z     paginates by observation time when older rows have newer IDs
2026-10-02T16:42:10.3710090Z     rejects unauthenticated access
2026-10-02T16:42:12.5418968Z     lets members list active hosting Nodes newest first
2026-10-02T16:42:14.8775508Z     returns typed values
2026-10-02T16:42:17.8619588Z     filters by Node, current state, and overlapping observation window
2026-10-02T16:42:17.8620297Z 
2026-10-02T16:42:17.8620539Z VpsAdmin::API::Resources::IncidentReport
2026-10-02T16:42:17.8622251Z   Show
2026-10-02T16:42:21.0662744Z     returns 404 for unknown incidents
2026-10-02T16:42:24.1823858Z     allows admins to show any incident with user and mailbox fields
2026-10-02T16:42:26.2998133Z     rejects unauthenticated access
2026-10-02T16:42:28.4826245Z     allows users to show their incident with limited output
2026-10-02T16:42:30.8199530Z     forbids users from showing other incidents
2026-10-02T16:42:30.8200529Z   Index
2026-10-02T16:42:32.9998128Z     restricts support users to their incidents
2026-10-02T16:42:36.1664961Z     filters by mailbox when nil
2026-10-02T16:42:39.2646697Z     allows admins to see all incidents with user and mailbox fields
2026-10-02T16:42:41.4008731Z     rejects unauthenticated access
2026-10-02T16:42:44.5906074Z     returns total_count meta when requested
2026-10-02T16:42:47.5838074Z     filters by codename
2026-10-02T16:42:49.7690914Z     orders by detected_at DESC
2026-10-02T16:42:52.1263869Z     restricts normal users to their incidents with limited output
2026-10-02T16:42:59.6216330Z     filters by ip_addr without leaking other users
2026-10-02T16:42:59.6216947Z   API description
2026-10-02T16:43:02.8707864Z     includes incident_report scopes
2026-10-02T16:43:02.8708458Z   Create
2026-10-02T16:43:09.2515124Z     allows admins to create with minimal payload
2026-10-02T16:43:15.6775278Z     returns validation errors for missing vps
2026-10-02T16:43:21.9356925Z     returns validation errors for missing subject
2026-10-02T16:43:27.5501227Z     rejects unauthenticated access
2026-10-02T16:43:33.9772358Z     returns validation errors for missing text
2026-10-02T16:43:40.3179135Z     returns validation errors for invalid vps_action
2026-10-02T16:43:45.8434468Z     forbids normal users
2026-10-02T16:43:45.8434822Z 
2026-10-02T16:43:45.8435256Z Pending: (Failures listed here are expected and do not affect your suite's status)
2026-10-02T16:43:45.8435682Z 
2026-10-02T16:43:45.8436148Z   1) VpsAdmin::API::Resources::OsTemplate Index rejects unauthenticated access (core)
2026-10-02T16:43:45.8436715Z      # skipped because plugins are enabled: requests
2026-10-02T16:43:45.8437324Z      # ./spec/api/resources/os_template_spec.rb:170
2026-10-02T16:43:45.8437556Z 
2026-10-02T16:43:45.8437935Z   2) VpsAdmin::API::Resources::OsTemplate Show rejects unauthenticated access (core)
2026-10-02T16:43:45.8438598Z      # skipped because plugins are enabled: requests
2026-10-02T16:43:45.8438939Z      # ./spec/api/resources/os_template_spec.rb:368
2026-10-02T16:43:45.8439155Z 
2026-10-02T16:43:45.8439574Z   3) VpsAdmin::API::Resources::Location Index rejects unauthenticated access (core)
2026-10-02T16:43:45.8440334Z      # skipped because plugins are enabled: requests
2026-10-02T16:43:45.8440831Z      # ./spec/api/resources/location_read_spec.rb:68
2026-10-02T16:43:45.8441054Z 
2026-10-02T16:43:45.8441290Z   4) VpsAdmin::API::Resources::Location Show rejects unauthenticated access (core)
2026-10-02T16:43:45.8441735Z      # skipped because plugins are enabled: requests
2026-10-02T16:43:45.8442075Z      # ./spec/api/resources/location_read_spec.rb:175
2026-10-02T16:43:45.8442289Z 
2026-10-02T16:43:45.8442519Z   5) VpsAdmin::API::Resources::Language Index rejects unauthenticated access (core)
2026-10-02T16:43:45.8442961Z      # skipped because plugins are enabled: requests
2026-10-02T16:43:45.8443286Z      # ./spec/api/resources/language_spec.rb:35
2026-10-02T16:43:45.8443503Z 
2026-10-02T16:43:45.8443678Z Finished in 42 minutes 41 seconds (files took 4.56 seconds to load)
2026-10-02T16:43:45.8444050Z 968 examples, 0 failures, 5 pending
2026-10-02T16:43:45.8444221Z 
2026-10-02T16:43:45.8444329Z Randomized with seed 60851
2026-10-02T16:43:45.8444484Z 
2026-10-02T16:43:46.4018532Z Post job cleanup.
2026-10-02T16:43:46.4865951Z [command]/usr/bin/git version
2026-10-02T16:43:46.4919758Z git version 2.55.0
2026-10-02T16:43:46.4956713Z Temporarily overriding HOME='/home/runner/work/_temp/95d675b7-3323-415a-9b8f-ba8011a418c8' before making global git config changes
2026-10-02T16:43:46.4958176Z Adding repository directory to the temporary git global config as a safe directory
2026-10-02T16:43:46.4962466Z [command]/usr/bin/git config --global --add safe.directory /home/runner/work/vpsadmin/vpsadmin
2026-10-02T16:43:46.4997144Z Removing SSH command configuration
2026-10-02T16:43:46.5004340Z [command]/usr/bin/git config --local --name-only --get-regexp core\.sshCommand
2026-10-02T16:43:46.5042614Z [command]/usr/bin/git submodule foreach --recursive sh -c "git config --local --name-only --get-regexp 'core\.sshCommand' && git config --local --unset-all 'core.sshCommand' || :"
2026-10-02T16:43:46.5344447Z Removing HTTP extra header
2026-10-02T16:43:46.5359298Z [command]/usr/bin/git config --local --name-only --get-regexp http\.https\:\/\/github\.com\/\.extraheader
2026-10-02T16:43:46.5394508Z [command]/usr/bin/git submodule foreach --recursive sh -c "git config --local --name-only --get-regexp 'http\.https\:\/\/github\.com\/\.extraheader' && git config --local --unset-all 'http.https://github.com/.extraheader' || :"
2026-10-02T16:43:46.5675173Z Removing includeIf entries pointing to credentials config files
2026-10-02T16:43:46.5692574Z [command]/usr/bin/git config --local --name-only --get-regexp ^includeIf\.gitdir:
2026-10-02T16:43:46.5737829Z includeif.gitdir:/home/runner/work/vpsadmin/vpsadmin/.git.path
2026-10-02T16:43:46.5748011Z includeif.gitdir:/home/runner/work/vpsadmin/vpsadmin/.git/worktrees/*.path
2026-10-02T16:43:46.5768654Z includeif.gitdir:/github/workspace/.git.path
2026-10-02T16:43:46.5779821Z includeif.gitdir:/github/workspace/.git/worktrees/*.path
2026-10-02T16:43:46.5816608Z [command]/usr/bin/git config --local --get-all includeif.gitdir:/home/runner/work/vpsadmin/vpsadmin/.git.path
2026-10-02T16:43:46.5836705Z /home/runner/work/_temp/git-credentials-297791e1-9cf6-4d1f-bddc-07de8902d491.config
2026-10-02T16:43:46.5840046Z [command]/usr/bin/git config --local --unset includeif.gitdir:/home/runner/work/vpsadmin/vpsadmin/.git.path \/home\/runner\/work\/_temp\/git\-credentials\-297791e1\-9cf6\-4d1f\-bddc\-07de8902d491\.config
2026-10-02T16:43:46.5842591Z [command]/usr/bin/git config --local --get-all includeif.gitdir:/home/runner/work/vpsadmin/vpsadmin/.git/worktrees/*.path
2026-10-02T16:43:46.5886244Z /home/runner/work/_temp/git-credentials-297791e1-9cf6-4d1f-bddc-07de8902d491.config
2026-10-02T16:43:46.5899216Z [command]/usr/bin/git config --local --unset includeif.gitdir:/home/runner/work/vpsadmin/vpsadmin/.git/worktrees/*.path \/home\/runner\/work\/_temp\/git\-credentials\-297791e1\-9cf6\-4d1f\-bddc\-07de8902d491\.config
2026-10-02T16:43:46.5946047Z [command]/usr/bin/git config --local --get-all includeif.gitdir:/github/workspace/.git.path
2026-10-02T16:43:46.5975159Z /github/runner_temp/git-credentials-297791e1-9cf6-4d1f-bddc-07de8902d491.config
2026-10-02T16:43:46.5985055Z [command]/usr/bin/git config --local --unset includeif.gitdir:/github/workspace/.git.path \/github\/runner_temp\/git\-credentials\-297791e1\-9cf6\-4d1f\-bddc\-07de8902d491\.config
2026-10-02T16:43:46.6027237Z [command]/usr/bin/git config --local --get-all includeif.gitdir:/github/workspace/.git/worktrees/*.path
2026-10-02T16:43:46.6073293Z /github/runner_temp/git-credentials-297791e1-9cf6-4d1f-bddc-07de8902d491.config
2026-10-02T16:43:46.6095103Z [command]/usr/bin/git config --local --unset includeif.gitdir:/github/workspace/.git/worktrees/*.path \/github\/runner_temp\/git\-credentials\-297791e1\-9cf6\-4d1f\-bddc\-07de8902d491\.config
2026-10-02T16:43:46.6137771Z [command]/usr/bin/git submodule foreach --recursive git config --local --show-origin --name-only --get-regexp remote.origin.url
2026-10-02T16:43:46.6417088Z Removing credentials config '/home/runner/work/_temp/git-credentials-297791e1-9cf6-4d1f-bddc-07de8902d491.config'
2026-10-02T16:43:46.6588379Z Cleaning up orphan processes
