2026-10-02T16:00:35.6027796Z Current runner version: '2.337.0'
2026-10-02T16:00:35.6051021Z ##[group]Runner Image Provisioner
2026-10-02T16:00:35.6051980Z Hosted Compute Agent
2026-10-02T16:00:35.6052630Z Version: 20260901.588
2026-10-02T16:00:35.6053534Z Commit: f88ec8081b781fac6c440065ac7ff9e710ce3d0b
2026-10-02T16:00:35.6054376Z Build Date: 2026-09-01T19:56:44Z
2026-10-02T16:00:35.6055097Z Worker ID: {4793cd7a-aa15-4f9c-8be9-c3ddb2c0875a}
2026-10-02T16:00:35.6055825Z Azure Region: westus
2026-10-02T16:00:35.6056525Z ##[endgroup]
2026-10-02T16:00:35.6058016Z ##[group]Operating System
2026-10-02T16:00:35.6058783Z Ubuntu
2026-10-02T16:00:35.6059330Z 24.04.5
2026-10-02T16:00:35.6059840Z LTS
2026-10-02T16:00:35.6060430Z ##[endgroup]
2026-10-02T16:00:35.6061041Z ##[group]Runner Image
2026-10-02T16:00:35.6061686Z Image: ubuntu-24.04
2026-10-02T16:00:35.6062285Z Version: 20260927.320.1
2026-10-02T16:00:35.6063974Z Included Software: https://github.com/actions/runner-images/blob/ubuntu24/20260927.320/images/ubuntu/Ubuntu2404-Readme.md
2026-10-02T16:00:35.6065666Z Image Release: https://github.com/actions/runner-images/releases/tag/ubuntu24%2F20260927.320
2026-10-02T16:00:35.6066693Z ##[endgroup]
2026-10-02T16:00:35.6067858Z ##[group]GITHUB_TOKEN Permissions
2026-10-02T16:00:35.6069771Z Contents: read
2026-10-02T16:00:35.6070463Z Metadata: read
2026-10-02T16:00:35.6071066Z ##[endgroup]
2026-10-02T16:00:35.6073824Z Secret source: Actions
2026-10-02T16:00:35.6074804Z Cache mode: write
2026-10-02T16:00:35.6075643Z Prepare workflow directory
2026-10-02T16:00:35.6520794Z Prepare all required actions
2026-10-02T16:00:35.6568857Z Getting action download info
2026-10-02T16:00:36.0327397Z Download action repository 'actions/checkout@v7' (SHA:3d3c42e5aac5ba805825da76410c181273ba90b1)
2026-10-02T16:00:36.1211621Z Download action repository 'actions/upload-artifact@v7' (SHA:043fb46d1a93c77aae656e7c1c64a875d1fc6a0a)
2026-10-02T16:00:36.1952335Z Download action repository 'ruby/setup-ruby@v1' (SHA:14594264cd68ce8a2345dd349bc3d138a4ef85c8)
2026-10-02T16:00:36.6187453Z Complete job name: API specs (full) - users-auth
2026-10-02T16:00:36.7075832Z ##[group]Run actions/checkout@v7
2026-10-02T16:00:36.7076738Z with:
2026-10-02T16:00:36.7077206Z   repository: vpsfreecz/vpsadmin
2026-10-02T16:00:36.7081015Z   token: ***
2026-10-02T16:00:36.7081471Z   ssh-strict: true
2026-10-02T16:00:36.7081915Z   ssh-user: git
2026-10-02T16:00:36.7082369Z   persist-credentials: true
2026-10-02T16:00:36.7082878Z   clean: true
2026-10-02T16:00:36.7083621Z   sparse-checkout-cone-mode: true
2026-10-02T16:00:36.7084253Z   fetch-depth: 1
2026-10-02T16:00:36.7084709Z   fetch-tags: false
2026-10-02T16:00:36.7085164Z   show-progress: true
2026-10-02T16:00:36.7085629Z   lfs: false
2026-10-02T16:00:36.7086054Z   submodules: false
2026-10-02T16:00:36.7086516Z   set-safe-directory: true
2026-10-02T16:00:36.7087038Z   allow-unsafe-pr-checkout: false
2026-10-02T16:00:36.7087879Z env:
2026-10-02T16:00:36.7088302Z   RACK_ENV: test
2026-10-02T16:00:36.7089104Z   BUNDLE_WITHOUT: development
2026-10-02T16:00:36.7090103Z   BUNDLE_JOBS: 4
2026-10-02T16:00:36.7090997Z   BUNDLE_RETRY: 3
2026-10-02T16:00:36.7091797Z   VPSADMIN_PLUGINS: all
2026-10-02T16:00:36.7092573Z ##[endgroup]
2026-10-02T16:00:36.8106056Z Syncing repository: vpsfreecz/vpsadmin
2026-10-02T16:00:36.8108667Z ##[group]Getting Git version info
2026-10-02T16:00:36.8109448Z Working directory is '/home/runner/work/vpsadmin/vpsadmin'
2026-10-02T16:00:36.8110484Z [command]/usr/bin/git version
2026-10-02T16:00:36.8213620Z git version 2.55.0
2026-10-02T16:00:36.8240360Z ##[endgroup]
2026-10-02T16:00:36.8252968Z Temporarily overriding HOME='/home/runner/work/_temp/f6c0f7d4-f6ee-41d3-bdf9-17ba0934b95c' before making global git config changes
2026-10-02T16:00:36.8255483Z Adding repository directory to the temporary git global config as a safe directory
2026-10-02T16:00:36.8259939Z [command]/usr/bin/git config --global --add safe.directory /home/runner/work/vpsadmin/vpsadmin
2026-10-02T16:00:36.8306941Z Deleting the contents of '/home/runner/work/vpsadmin/vpsadmin'
2026-10-02T16:00:36.8310539Z ##[group]Determining repository object format
2026-10-02T16:00:36.8312104Z ##[endgroup]
2026-10-02T16:00:36.8313181Z ##[group]Initializing the repository
2026-10-02T16:00:36.8317309Z [command]/usr/bin/git init /home/runner/work/vpsadmin/vpsadmin
2026-10-02T16:00:36.8441180Z hint: Using 'master' as the name for the initial branch. This default branch name
2026-10-02T16:00:36.8445980Z hint: will change to "main" in Git 3.0. To configure the initial branch name
2026-10-02T16:00:36.8448047Z hint: to use in all of your new repositories, which will suppress this warning,
2026-10-02T16:00:36.8449613Z hint: call:
2026-10-02T16:00:36.8450397Z hint:
2026-10-02T16:00:36.8451307Z hint: 	git config --global init.defaultBranch <name>
2026-10-02T16:00:36.8452442Z hint:
2026-10-02T16:00:36.8453721Z hint: Names commonly chosen instead of 'master' are 'main', 'trunk' and
2026-10-02T16:00:36.8455416Z hint: 'development'. The just-created branch can be renamed via this command:
2026-10-02T16:00:36.8456865Z hint:
2026-10-02T16:00:36.8457715Z hint: 	git branch -m <name>
2026-10-02T16:00:36.8458639Z hint:
2026-10-02T16:00:36.8459819Z hint: Disable this message with "git config set advice.defaultBranchName false"
2026-10-02T16:00:36.8461549Z Initialized empty Git repository in /home/runner/work/vpsadmin/vpsadmin/.git/
2026-10-02T16:00:36.8464623Z [command]/usr/bin/git remote add origin https://github.com/vpsfreecz/vpsadmin
2026-10-02T16:00:36.8531074Z ##[endgroup]
2026-10-02T16:00:36.8532309Z ##[group]Disabling automatic garbage collection
2026-10-02T16:00:36.8533683Z [command]/usr/bin/git config --local gc.auto 0
2026-10-02T16:00:36.8560361Z ##[endgroup]
2026-10-02T16:00:36.8561647Z ##[group]Setting up auth
2026-10-02T16:00:36.8572567Z Removing SSH command configuration
2026-10-02T16:00:36.8582527Z [command]/usr/bin/git config --local --name-only --get-regexp core\.sshCommand
2026-10-02T16:00:36.8611971Z [command]/usr/bin/git submodule foreach --recursive sh -c "git config --local --name-only --get-regexp 'core\.sshCommand' && git config --local --unset-all 'core.sshCommand' || :"
2026-10-02T16:00:36.8980656Z Removing HTTP extra header
2026-10-02T16:00:36.8989043Z [command]/usr/bin/git config --local --name-only --get-regexp http\.https\:\/\/github\.com\/\.extraheader
2026-10-02T16:00:36.9038465Z [command]/usr/bin/git submodule foreach --recursive sh -c "git config --local --name-only --get-regexp 'http\.https\:\/\/github\.com\/\.extraheader' && git config --local --unset-all 'http.https://github.com/.extraheader' || :"
2026-10-02T16:00:36.9260101Z Removing includeIf entries pointing to credentials config files
2026-10-02T16:00:36.9270206Z [command]/usr/bin/git config --local --name-only --get-regexp ^includeIf\.gitdir:
2026-10-02T16:00:36.9312207Z [command]/usr/bin/git submodule foreach --recursive git config --local --show-origin --name-only --get-regexp remote.origin.url
2026-10-02T16:00:36.9542392Z [command]/usr/bin/git config --file /home/runner/work/_temp/git-credentials-34f44c5d-2369-431e-a5a6-89201998bc2c.config http.https://github.com/.extraheader AUTHORIZATION: basic ***
2026-10-02T16:00:36.9583280Z [command]/usr/bin/git config --local includeIf.gitdir:/home/runner/work/vpsadmin/vpsadmin/.git.path /home/runner/work/_temp/git-credentials-34f44c5d-2369-431e-a5a6-89201998bc2c.config
2026-10-02T16:00:36.9618197Z [command]/usr/bin/git config --local includeIf.gitdir:/home/runner/work/vpsadmin/vpsadmin/.git/worktrees/*.path /home/runner/work/_temp/git-credentials-34f44c5d-2369-431e-a5a6-89201998bc2c.config
2026-10-02T16:00:36.9657537Z [command]/usr/bin/git config --local includeIf.gitdir:/github/workspace/.git.path /github/runner_temp/git-credentials-34f44c5d-2369-431e-a5a6-89201998bc2c.config
2026-10-02T16:00:36.9694683Z [command]/usr/bin/git config --local includeIf.gitdir:/github/workspace/.git/worktrees/*.path /github/runner_temp/git-credentials-34f44c5d-2369-431e-a5a6-89201998bc2c.config
2026-10-02T16:00:36.9727575Z ##[endgroup]
2026-10-02T16:00:36.9728958Z ##[group]Fetching the repository
2026-10-02T16:00:36.9735235Z [command]/usr/bin/git -c protocol.version=2 fetch --no-tags --prune --no-recurse-submodules --depth=1 origin +46b3bf6f9549eaf579053bc296ebf19c417bb848:refs/remotes/origin/2026-09-23-storage-redesign
2026-10-02T16:00:37.9362917Z From https://github.com/vpsfreecz/vpsadmin
2026-10-02T16:00:37.9364680Z  * [new ref]         46b3bf6f9549eaf579053bc296ebf19c417bb848 -> origin/2026-09-23-storage-redesign
2026-10-02T16:00:37.9374677Z [command]/usr/bin/git branch --list --remote origin/2026-09-23-storage-redesign
2026-10-02T16:00:37.9406230Z   origin/2026-09-23-storage-redesign
2026-10-02T16:00:37.9414657Z [command]/usr/bin/git rev-parse refs/remotes/origin/2026-09-23-storage-redesign
2026-10-02T16:00:37.9443057Z 46b3bf6f9549eaf579053bc296ebf19c417bb848
2026-10-02T16:00:37.9447858Z ##[endgroup]
2026-10-02T16:00:37.9448576Z ##[group]Determining the checkout info
2026-10-02T16:00:37.9449456Z ##[endgroup]
2026-10-02T16:00:37.9453840Z [command]/usr/bin/git sparse-checkout disable
2026-10-02T16:00:37.9507832Z [command]/usr/bin/git config --local --unset-all extensions.worktreeConfig
2026-10-02T16:00:37.9541943Z ##[group]Checking out the ref
2026-10-02T16:00:37.9546192Z [command]/usr/bin/git checkout --progress --force -B 2026-09-23-storage-redesign refs/remotes/origin/2026-09-23-storage-redesign
2026-10-02T16:00:38.1441802Z Switched to a new branch '2026-09-23-storage-redesign'
2026-10-02T16:00:38.1446877Z branch '2026-09-23-storage-redesign' set up to track 'origin/2026-09-23-storage-redesign'.
2026-10-02T16:00:38.1456863Z ##[endgroup]
2026-10-02T16:00:38.1506187Z [command]/usr/bin/git log -1 --format=%H
2026-10-02T16:00:38.1536421Z 46b3bf6f9549eaf579053bc296ebf19c417bb848
2026-10-02T16:00:38.1835764Z ##[group]Run set -euo pipefail
2026-10-02T16:00:38.1836432Z [36;1mset -euo pipefail[0m
2026-10-02T16:00:38.1836948Z [36;1mshopt -s nullglob globstar[0m
2026-10-02T16:00:38.1837452Z [36;1m[0m
2026-10-02T16:00:38.1837867Z [36;1mmkdir -p tmp[0m
2026-10-02T16:00:38.1838372Z [36;1m: > "tmp/rspec-files-$TOPIC.txt"[0m
2026-10-02T16:00:38.1838908Z [36;1m[0m
2026-10-02T16:00:38.1839314Z [36;1mfiles=()[0m
2026-10-02T16:00:38.1839794Z [36;1mwhile IFS= read -r pat; do[0m
2026-10-02T16:00:38.1840332Z [36;1m  [[ -z "$pat" ]] && continue[0m
2026-10-02T16:00:38.1840968Z [36;1m  # unquoted expansion is intentional: we want glob expansion[0m
2026-10-02T16:00:38.1841635Z [36;1m  for f in $pat; do[0m
2026-10-02T16:00:38.1842143Z [36;1m    files+=("$f")[0m
2026-10-02T16:00:38.1842612Z [36;1m  done[0m
2026-10-02T16:00:38.1843041Z [36;1mdone <<< "$PATTERNS"[0m
2026-10-02T16:00:38.1843743Z [36;1m[0m
2026-10-02T16:00:38.1844166Z [36;1mif (( ${#files[@]} == 0 )); then[0m
2026-10-02T16:00:38.1844781Z [36;1m  echo "ERROR: Topic '$TOPIC' matched 0 spec files."[0m
2026-10-02T16:00:38.1845372Z [36;1m  echo "Patterns were:"[0m
2026-10-02T16:00:38.1845860Z [36;1m  echo "$PATTERNS"[0m
2026-10-02T16:00:38.1846313Z [36;1m  exit 2[0m
2026-10-02T16:00:38.1846700Z [36;1mfi[0m
2026-10-02T16:00:38.1847080Z [36;1m[0m
2026-10-02T16:00:38.1847605Z [36;1mprintf '%s\n' "${files[@]}" | sort -u > "tmp/rspec-files-$TOPIC.txt"[0m
2026-10-02T16:00:38.1848211Z [36;1m[0m
2026-10-02T16:00:38.1848586Z [36;1m{[0m
2026-10-02T16:00:38.1849005Z [36;1m  echo "### API spec topic: $TOPIC"[0m
2026-10-02T16:00:38.1849502Z [36;1m  echo ""[0m
2026-10-02T16:00:38.1850050Z [36;1m  echo "Matched **$(wc -l < "tmp/rspec-files-$TOPIC.txt")** spec files:"[0m
2026-10-02T16:00:38.1850661Z [36;1m  echo ""[0m
2026-10-02T16:00:38.1851059Z [36;1m  echo '```'[0m
2026-10-02T16:00:38.1851513Z [36;1m  cat "tmp/rspec-files-$TOPIC.txt"[0m
2026-10-02T16:00:38.1852006Z [36;1m  echo '```'[0m
2026-10-02T16:00:38.1852439Z [36;1m} >> "$GITHUB_STEP_SUMMARY"[0m
2026-10-02T16:00:38.2108795Z shell: /usr/bin/bash -e {0}
2026-10-02T16:00:38.2109495Z env:
2026-10-02T16:00:38.2110044Z   RACK_ENV: test
2026-10-02T16:00:38.2110661Z   BUNDLE_WITHOUT: development
2026-10-02T16:00:38.2111320Z   BUNDLE_JOBS: 4
2026-10-02T16:00:38.2111898Z   BUNDLE_RETRY: 3
2026-10-02T16:00:38.2112699Z   VPSADMIN_PLUGINS: all
2026-10-02T16:00:38.2113520Z   TOPIC: users-auth
2026-10-02T16:00:38.2117669Z   PATTERNS: spec/api/resources/user_cluster_resource*_spec.rb
spec/api/resources/user_environment_config_spec.rb
spec/api/resources/user_known_device_spec.rb
spec/api/resources/user_namespace*_spec.rb
spec/api/resources/user_public_key_spec.rb
spec/api/resources/user_read_spec.rb
spec/api/resources/user_session_spec.rb
spec/api/resources/user_state_log_spec.rb
spec/api/resources/user_totp_device_spec.rb
spec/api/resources/user_touch_spec.rb
spec/api/resources/user_available_ips_spec.rb
spec/api/resources/user_webauthn_credential_spec.rb
spec/api/resources/user_write_spec.rb
spec/api/resources/oauth2_client_spec.rb
spec/api/resources/password_change_log_spec.rb
spec/api/resources/webauthn_spec.rb

2026-10-02T16:00:38.2121322Z ##[endgroup]
2026-10-02T16:00:38.2480502Z ##[group]Run actions/upload-artifact@v7
2026-10-02T16:00:38.2481049Z with:
2026-10-02T16:00:38.2481460Z   name: rspec-files-users-auth
2026-10-02T16:00:38.2481973Z   path: api/tmp/rspec-files-users-auth.txt
2026-10-02T16:00:38.2482484Z   if-no-files-found: error
2026-10-02T16:00:38.2482929Z   retention-days: 7
2026-10-02T16:00:38.2483631Z   compression-level: 6
2026-10-02T16:00:38.2484086Z   overwrite: false
2026-10-02T16:00:38.2484514Z   include-hidden-files: false
2026-10-02T16:00:38.2484964Z   archive: true
2026-10-02T16:00:38.2485359Z env:
2026-10-02T16:00:38.2485739Z   RACK_ENV: test
2026-10-02T16:00:38.2486167Z   BUNDLE_WITHOUT: development
2026-10-02T16:00:38.2486606Z   BUNDLE_JOBS: 4
2026-10-02T16:00:38.2486999Z   BUNDLE_RETRY: 3
2026-10-02T16:00:38.2487413Z   VPSADMIN_PLUGINS: all
2026-10-02T16:00:38.2487847Z ##[endgroup]
2026-10-02T16:00:38.3875806Z With the provided path, there will be 1 file uploaded
2026-10-02T16:00:38.3879242Z Artifact name is valid!
2026-10-02T16:00:38.3880331Z Root directory input is valid!
2026-10-02T16:00:38.7677050Z Uploading artifact: rspec-files-users-auth.zip
2026-10-02T16:00:38.7719860Z Beginning upload of artifact content to blob storage
2026-10-02T16:00:39.0625152Z Uploaded bytes 348
2026-10-02T16:00:39.1333735Z Finished uploading artifact content to blob storage!
2026-10-02T16:00:39.1336082Z SHA256 digest of uploaded artifact is bc78f6aad721397ce6c9ec7ee1d74a37aa94bac4e999ebaad1e48e759734998a
2026-10-02T16:00:39.1337267Z Finalizing artifact upload
2026-10-02T16:00:39.5301302Z Artifact rspec-files-users-auth successfully finalized. Artifact ID 11236917813
2026-10-02T16:00:39.5303160Z Artifact rspec-files-users-auth has been successfully uploaded! Final size is 348 bytes. Artifact ID is 11236917813
2026-10-02T16:00:39.5306324Z Artifact download URL: https://github.com/vpsfreecz/vpsadmin/actions/runs/37030949457/artifacts/11236917813
2026-10-02T16:00:39.5427978Z ##[group]Run sudo apt-get update
2026-10-02T16:00:39.5428378Z [36;1msudo apt-get update[0m
2026-10-02T16:00:39.5428702Z [36;1msudo apt-get install -y \[0m
2026-10-02T16:00:39.5429045Z [36;1m  libmariadb-dev \[0m
2026-10-02T16:00:39.5429394Z [36;1m  libmariadb-dev-compat \[0m
2026-10-02T16:00:39.5429734Z [36;1m  mariadb-client \[0m
2026-10-02T16:00:39.5430043Z [36;1m  mariadb-server[0m
2026-10-02T16:00:39.5497095Z shell: /usr/bin/bash -e {0}
2026-10-02T16:00:39.5497484Z env:
2026-10-02T16:00:39.5497768Z   RACK_ENV: test
2026-10-02T16:00:39.5498091Z   BUNDLE_WITHOUT: development
2026-10-02T16:00:39.5498446Z   BUNDLE_JOBS: 4
2026-10-02T16:00:39.5498747Z   BUNDLE_RETRY: 3
2026-10-02T16:00:39.5499063Z   VPSADMIN_PLUGINS: all
2026-10-02T16:00:39.5499389Z ##[endgroup]
2026-10-02T16:00:39.6454795Z Get:1 file:/etc/apt/apt-mirrors.txt Mirrorlist [144 B]
2026-10-02T16:00:39.6760208Z Hit:2 http://azure.archive.ubuntu.com/ubuntu noble InRelease
2026-10-02T16:00:39.6762219Z Get:6 https://packages.microsoft.com/ubuntu/24.04/prod noble InRelease [3600 B]
2026-10-02T16:00:39.6766639Z Get:3 http://azure.archive.ubuntu.com/ubuntu noble-updates InRelease [126 kB]
2026-10-02T16:00:39.6821196Z Get:4 http://azure.archive.ubuntu.com/ubuntu noble-backports InRelease [126 kB]
2026-10-02T16:00:39.6842759Z Get:5 http://azure.archive.ubuntu.com/ubuntu noble-security InRelease [126 kB]
2026-10-02T16:00:39.8095951Z Get:7 https://packages.microsoft.com/ubuntu/24.04/prod noble/main amd64 Packages [511 kB]
2026-10-02T16:00:39.8219541Z Get:8 https://packages.microsoft.com/ubuntu/24.04/prod noble/main arm64 Packages [458 kB]
2026-10-02T16:00:39.8271338Z Get:9 https://packages.microsoft.com/ubuntu/24.04/prod noble/main armhf Packages [12.6 kB]
2026-10-02T16:00:39.8614403Z Get:10 http://azure.archive.ubuntu.com/ubuntu noble-updates/main amd64 Packages [1364 kB]
2026-10-02T16:00:39.8699231Z Get:11 http://azure.archive.ubuntu.com/ubuntu noble-updates/main Translation-en [304 kB]
2026-10-02T16:00:39.8746723Z Get:12 http://azure.archive.ubuntu.com/ubuntu noble-updates/main amd64 Components [180 kB]
2026-10-02T16:00:39.8766824Z Get:13 http://azure.archive.ubuntu.com/ubuntu noble-updates/universe amd64 Packages [1699 kB]
2026-10-02T16:00:39.8925205Z Get:14 http://azure.archive.ubuntu.com/ubuntu noble-updates/universe Translation-en [341 kB]
2026-10-02T16:00:39.8965476Z Get:15 http://azure.archive.ubuntu.com/ubuntu noble-updates/universe amd64 Components [388 kB]
2026-10-02T16:00:39.8995200Z Get:16 http://azure.archive.ubuntu.com/ubuntu noble-updates/restricted amd64 Packages [1720 kB]
2026-10-02T16:00:39.9084018Z Get:17 http://azure.archive.ubuntu.com/ubuntu noble-updates/restricted Translation-en [394 kB]
2026-10-02T16:00:39.9124846Z Get:18 http://azure.archive.ubuntu.com/ubuntu noble-updates/multiverse amd64 Components [940 B]
2026-10-02T16:00:39.9281190Z Get:19 http://azure.archive.ubuntu.com/ubuntu noble-backports/main amd64 Components [5764 B]
2026-10-02T16:00:39.9705128Z Get:20 http://azure.archive.ubuntu.com/ubuntu noble-backports/universe amd64 Components [12.6 kB]
2026-10-02T16:00:40.0024539Z Get:21 http://azure.archive.ubuntu.com/ubuntu noble-security/main amd64 Packages [1069 kB]
2026-10-02T16:00:40.0089274Z Get:22 http://azure.archive.ubuntu.com/ubuntu noble-security/main Translation-en [221 kB]
2026-10-02T16:00:40.0110408Z Get:23 http://azure.archive.ubuntu.com/ubuntu noble-security/main amd64 Components [46.3 kB]
2026-10-02T16:00:40.0121781Z Get:24 http://azure.archive.ubuntu.com/ubuntu noble-security/universe amd64 Packages [1216 kB]
2026-10-02T16:00:40.0185234Z Get:25 http://azure.archive.ubuntu.com/ubuntu noble-security/universe Translation-en [244 kB]
2026-10-02T16:00:40.0211101Z Get:26 http://azure.archive.ubuntu.com/ubuntu noble-security/universe amd64 Components [76.3 kB]
2026-10-02T16:00:40.0244368Z Get:27 http://azure.archive.ubuntu.com/ubuntu noble-security/restricted amd64 Packages [1566 kB]
2026-10-02T16:00:40.0310862Z Get:28 http://azure.archive.ubuntu.com/ubuntu noble-security/restricted Translation-en [361 kB]
2026-10-02T16:00:45.0529949Z Fetched 12.6 MB in 1s (9091 kB/s)
2026-10-02T16:00:45.9798531Z Reading package lists...
2026-10-02T16:00:46.0117734Z Reading package lists...
2026-10-02T16:00:46.2127244Z Building dependency tree...
2026-10-02T16:00:46.2134893Z Reading state information...
2026-10-02T16:00:46.3719816Z The following additional packages will be installed:
2026-10-02T16:00:46.3724395Z   galera-4 libconfig-inifiles-perl libdbd-mysql-perl libdbi-perl libmariadb3
2026-10-02T16:00:46.3726266Z   liburing2 mariadb-client-core mariadb-common mariadb-plugin-provider-bzip2
2026-10-02T16:00:46.3727731Z   mariadb-plugin-provider-lz4 mariadb-plugin-provider-lzma
2026-10-02T16:00:46.3728747Z   mariadb-plugin-provider-lzo mariadb-plugin-provider-snappy
2026-10-02T16:00:46.3729653Z   mariadb-server-core pv socat
2026-10-02T16:00:46.3735240Z Suggested packages:
2026-10-02T16:00:46.3736122Z   libmldbm-perl libnet-daemon-perl libsql-statement-perl mailx mariadb-test
2026-10-02T16:00:46.3737108Z   doc-base
2026-10-02T16:00:46.3990988Z The following packages will be REMOVED:
2026-10-02T16:00:46.3996499Z   libmysqlclient-dev mysql-client mysql-client-8.0 mysql-client-core-8.0
2026-10-02T16:00:46.4003027Z   mysql-server mysql-server-8.0 mysql-server-core-8.0
2026-10-02T16:00:46.4004620Z The following NEW packages will be installed:
2026-10-02T16:00:46.4008632Z   galera-4 libconfig-inifiles-perl libdbd-mysql-perl libdbi-perl
2026-10-02T16:00:46.4013228Z   libmariadb-dev libmariadb-dev-compat libmariadb3 liburing2 mariadb-client
2026-10-02T16:00:46.4014286Z   mariadb-client-core mariadb-common mariadb-plugin-provider-bzip2
2026-10-02T16:00:46.4014974Z   mariadb-plugin-provider-lz4 mariadb-plugin-provider-lzma
2026-10-02T16:00:46.4015764Z   mariadb-plugin-provider-lzo mariadb-plugin-provider-snappy mariadb-server
2026-10-02T16:00:46.4016785Z   mariadb-server-core pv socat
2026-10-02T16:00:46.4202685Z 0 upgraded, 20 newly installed, 7 to remove and 25 not upgraded.
2026-10-02T16:00:46.4203168Z Need to get 18.0 MB of archives.
2026-10-02T16:00:46.4205165Z After this operation, 458 kB disk space will be freed.
2026-10-02T16:00:46.4205565Z Get:1 file:/etc/apt/apt-mirrors.txt Mirrorlist [144 B]
2026-10-02T16:00:46.4961114Z Ign:2 http://azure.archive.ubuntu.com/ubuntu noble/universe amd64 galera-4 amd64 26.4.16-2build4
2026-10-02T16:00:46.6503929Z Get:3 http://azure.archive.ubuntu.com/ubuntu noble-updates/universe amd64 mariadb-common all 1:10.11.14-0ubuntu0.24.04.1 [28.6 kB]
2026-10-02T16:00:46.8049001Z Get:4 http://azure.archive.ubuntu.com/ubuntu noble-updates/main amd64 libdbi-perl amd64 1.643-4ubuntu0.3 [721 kB]
2026-10-02T16:00:46.9779025Z Get:5 http://azure.archive.ubuntu.com/ubuntu noble-updates/main amd64 libconfig-inifiles-perl all 3.000003-2ubuntu0.1 [38.5 kB]
2026-10-02T16:00:47.1327465Z Get:6 http://azure.archive.ubuntu.com/ubuntu noble-updates/universe amd64 libmariadb3 amd64 1:10.11.14-0ubuntu0.24.04.1 [196 kB]
2026-10-02T16:00:47.2908883Z Get:7 http://azure.archive.ubuntu.com/ubuntu noble-updates/universe amd64 mariadb-client-core amd64 1:10.11.14-0ubuntu0.24.04.1 [1039 kB]
2026-10-02T16:00:47.4732021Z Get:8 http://azure.archive.ubuntu.com/ubuntu noble-updates/universe amd64 mariadb-client amd64 1:10.11.14-0ubuntu0.24.04.1 [2502 kB]
2026-10-02T16:00:47.6962229Z Get:9 http://azure.archive.ubuntu.com/ubuntu noble/main amd64 liburing2 amd64 2.5-1build1 [21.1 kB]
2026-10-02T16:00:47.8505613Z Get:10 http://azure.archive.ubuntu.com/ubuntu noble-updates/universe amd64 mariadb-server-core amd64 1:10.11.14-0ubuntu0.24.04.1 [8406 kB]
2026-10-02T16:00:48.3747025Z Get:11 http://azure.archive.ubuntu.com/ubuntu noble-updates/main amd64 socat amd64 1.8.0.0-4ubuntu0.1 [374 kB]
2026-10-02T16:00:48.5477543Z Get:12 http://azure.archive.ubuntu.com/ubuntu noble-updates/universe amd64 mariadb-server amd64 1:10.11.14-0ubuntu0.24.04.1 [3463 kB]
2026-10-02T16:00:48.8719804Z Get:13 http://azure.archive.ubuntu.com/ubuntu noble/universe amd64 libdbd-mysql-perl amd64 4.052-1ubuntu3 [85.5 kB]
2026-10-02T16:00:49.0298661Z Get:14 http://azure.archive.ubuntu.com/ubuntu noble-updates/universe amd64 libmariadb-dev amd64 1:10.11.14-0ubuntu0.24.04.1 [274 kB]
2026-10-02T16:00:49.3663122Z Get:15 http://azure.archive.ubuntu.com/ubuntu noble-updates/universe amd64 mariadb-plugin-provider-bzip2 amd64 1:10.11.14-0ubuntu0.24.04.1 [13.9 kB]
2026-10-02T16:00:49.5288950Z Get:16 http://azure.archive.ubuntu.com/ubuntu noble-updates/universe amd64 mariadb-plugin-provider-lz4 amd64 1:10.11.14-0ubuntu0.24.04.1 [13.8 kB]
2026-10-02T16:00:49.7308196Z Get:17 http://azure.archive.ubuntu.com/ubuntu noble-updates/universe amd64 mariadb-plugin-provider-lzma amd64 1:10.11.14-0ubuntu0.24.04.1 [13.8 kB]
2026-10-02T16:00:49.9326418Z Get:18 http://azure.archive.ubuntu.com/ubuntu noble-updates/universe amd64 mariadb-plugin-provider-lzo amd64 1:10.11.14-0ubuntu0.24.04.1 [13.8 kB]
2026-10-02T16:00:50.1385314Z Get:19 http://azure.archive.ubuntu.com/ubuntu noble-updates/universe amd64 mariadb-plugin-provider-snappy amd64 1:10.11.14-0ubuntu0.24.04.1 [13.8 kB]
2026-10-02T16:00:50.3402262Z Get:20 http://azure.archive.ubuntu.com/ubuntu noble/main amd64 pv amd64 1.8.5-2build1 [73.9 kB]
2026-10-02T16:00:50.7795466Z Get:21 http://azure.archive.ubuntu.com/ubuntu noble-updates/universe amd64 libmariadb-dev-compat amd64 1:10.11.14-0ubuntu0.24.04.1 [12.0 kB]
2026-10-02T16:00:50.9562030Z Get:2 http://azure.archive.ubuntu.com/ubuntu noble/universe amd64 galera-4 amd64 26.4.16-2build4 [736 kB]
2026-10-02T16:00:51.7677619Z Preconfiguring packages ...
2026-10-02T16:00:51.9032215Z Fetched 18.0 MB in 5s (3541 kB/s)
2026-10-02T16:00:51.9494566Z (Reading database ... 
2026-10-02T16:00:51.9495202Z (Reading database ... 5%
2026-10-02T16:00:51.9495798Z (Reading database ... 10%
2026-10-02T16:00:51.9496428Z (Reading database ... 15%
2026-10-02T16:00:51.9496955Z (Reading database ... 20%
2026-10-02T16:00:51.9497333Z (Reading database ... 25%
2026-10-02T16:00:51.9497850Z (Reading database ... 30%
2026-10-02T16:00:51.9498215Z (Reading database ... 35%
2026-10-02T16:00:51.9498573Z (Reading database ... 40%
2026-10-02T16:00:51.9498958Z (Reading database ... 45%
2026-10-02T16:00:51.9499324Z (Reading database ... 50%
2026-10-02T16:00:51.9563193Z (Reading database ... 55%
2026-10-02T16:00:52.1174779Z (Reading database ... 60%
2026-10-02T16:00:52.3242932Z (Reading database ... 65%
2026-10-02T16:00:52.5103030Z (Reading database ... 70%
2026-10-02T16:00:52.6790096Z (Reading database ... 75%
2026-10-02T16:00:52.8545796Z (Reading database ... 80%
2026-10-02T16:00:53.0640459Z (Reading database ... 85%
2026-10-02T16:00:53.2745421Z (Reading database ... 90%
2026-10-02T16:00:53.4657555Z (Reading database ... 95%
2026-10-02T16:00:53.4658179Z (Reading database ... 100%
2026-10-02T16:00:53.4658968Z (Reading database ... 202294 files and directories currently installed.)
2026-10-02T16:00:53.4715383Z Removing libmysqlclient-dev (8.0.46-0ubuntu0.24.04.4) ...
2026-10-02T16:00:53.4979167Z Removing mysql-client (8.0.46-0ubuntu0.24.04.4) ...
2026-10-02T16:00:53.5210898Z Removing mysql-server (8.0.46-0ubuntu0.24.04.4) ...
2026-10-02T16:00:53.5563987Z Removing mysql-server-8.0 (8.0.46-0ubuntu0.24.04.4) ...
2026-10-02T16:00:54.1150001Z update-alternatives: using /etc/mysql/my.cnf.fallback to provide /etc/mysql/my.cnf (my.cnf) in auto mode
2026-10-02T16:00:54.1545310Z Removing mysql-client-8.0 (8.0.46-0ubuntu0.24.04.4) ...
2026-10-02T16:00:54.1733751Z Removing mysql-client-core-8.0 (8.0.46-0ubuntu0.24.04.4) ...
2026-10-02T16:00:54.1923962Z Removing mysql-server-core-8.0 (8.0.46-0ubuntu0.24.04.4) ...
2026-10-02T16:00:54.5782144Z Selecting previously unselected package galera-4.
2026-10-02T16:00:54.5841580Z (Reading database ... 
2026-10-02T16:00:54.5842041Z (Reading database ... 5%
2026-10-02T16:00:54.5842455Z (Reading database ... 10%
2026-10-02T16:00:54.5842846Z (Reading database ... 15%
2026-10-02T16:00:54.5843215Z (Reading database ... 20%
2026-10-02T16:00:54.5843830Z (Reading database ... 25%
2026-10-02T16:00:54.5844224Z (Reading database ... 30%
2026-10-02T16:00:54.5844604Z (Reading database ... 35%
2026-10-02T16:00:54.5845330Z (Reading database ... 40%
2026-10-02T16:00:54.5845718Z (Reading database ... 45%
2026-10-02T16:00:54.5846083Z (Reading database ... 50%
2026-10-02T16:00:54.5851005Z (Reading database ... 55%
2026-10-02T16:00:54.5989048Z (Reading database ... 60%
2026-10-02T16:00:54.6022481Z (Reading database ... 65%
2026-10-02T16:00:54.6049905Z (Reading database ... 70%
2026-10-02T16:00:54.6092518Z (Reading database ... 75%
2026-10-02T16:00:54.6142773Z (Reading database ... 80%
2026-10-02T16:00:54.6181413Z (Reading database ... 85%
2026-10-02T16:00:54.6377751Z (Reading database ... 90%
2026-10-02T16:00:54.6706192Z (Reading database ... 95%
2026-10-02T16:00:54.6706865Z (Reading database ... 100%
2026-10-02T16:00:54.6707755Z (Reading database ... 202054 files and directories currently installed.)
2026-10-02T16:00:54.6752040Z Preparing to unpack .../0-galera-4_26.4.16-2build4_amd64.deb ...
2026-10-02T16:00:54.7533926Z info: The home dir /nonexistent you specified can't be accessed: No such file or directory
2026-10-02T16:00:54.7534659Z 
2026-10-02T16:00:54.7579445Z info: Selecting UID from range 100 to 999 ...
2026-10-02T16:00:54.7579783Z 
2026-10-02T16:00:54.7608396Z info: Adding system user `_galera' (UID 113) ...
2026-10-02T16:00:54.7631273Z info: Adding new user `_galera' (UID 113) with group `nogroup' ...
2026-10-02T16:00:54.7797567Z info: Not creating `/nonexistent'.
2026-10-02T16:00:54.7838383Z Unpacking galera-4 (26.4.16-2build4) ...
2026-10-02T16:00:54.8157482Z Selecting previously unselected package mariadb-common.
2026-10-02T16:00:54.8292696Z Preparing to unpack .../1-mariadb-common_1%3a10.11.14-0ubuntu0.24.04.1_all.deb ...
2026-10-02T16:00:54.8347404Z Unpacking mariadb-common (1:10.11.14-0ubuntu0.24.04.1) ...
2026-10-02T16:00:54.8568192Z Selecting previously unselected package libdbi-perl:amd64.
2026-10-02T16:00:54.8704873Z Preparing to unpack .../2-libdbi-perl_1.643-4ubuntu0.3_amd64.deb ...
2026-10-02T16:00:54.8716047Z Unpacking libdbi-perl:amd64 (1.643-4ubuntu0.3) ...
2026-10-02T16:00:54.9238874Z Selecting previously unselected package libconfig-inifiles-perl.
2026-10-02T16:00:54.9384580Z Preparing to unpack .../3-libconfig-inifiles-perl_3.000003-2ubuntu0.1_all.deb ...
2026-10-02T16:00:54.9394196Z Unpacking libconfig-inifiles-perl (3.000003-2ubuntu0.1) ...
2026-10-02T16:00:54.9618530Z Selecting previously unselected package libmariadb3:amd64.
2026-10-02T16:00:54.9752761Z Preparing to unpack .../4-libmariadb3_1%3a10.11.14-0ubuntu0.24.04.1_amd64.deb ...
2026-10-02T16:00:54.9773921Z Unpacking libmariadb3:amd64 (1:10.11.14-0ubuntu0.24.04.1) ...
2026-10-02T16:00:55.0009779Z Selecting previously unselected package mariadb-client-core.
2026-10-02T16:00:55.0146723Z Preparing to unpack .../5-mariadb-client-core_1%3a10.11.14-0ubuntu0.24.04.1_amd64.deb ...
2026-10-02T16:00:55.0156575Z Unpacking mariadb-client-core (1:10.11.14-0ubuntu0.24.04.1) ...
2026-10-02T16:00:55.0797439Z Selecting previously unselected package mariadb-client.
2026-10-02T16:00:55.0935050Z Preparing to unpack .../6-mariadb-client_1%3a10.11.14-0ubuntu0.24.04.1_amd64.deb ...
2026-10-02T16:00:55.0945788Z Unpacking mariadb-client (1:10.11.14-0ubuntu0.24.04.1) ...
2026-10-02T16:00:55.2858218Z Selecting previously unselected package liburing2:amd64.
2026-10-02T16:00:55.2997224Z Preparing to unpack .../7-liburing2_2.5-1build1_amd64.deb ...
2026-10-02T16:00:55.3005869Z Unpacking liburing2:amd64 (2.5-1build1) ...
2026-10-02T16:00:55.3221052Z Selecting previously unselected package mariadb-server-core.
2026-10-02T16:00:55.3356212Z Preparing to unpack .../8-mariadb-server-core_1%3a10.11.14-0ubuntu0.24.04.1_amd64.deb ...
2026-10-02T16:00:55.3363816Z Unpacking mariadb-server-core (1:10.11.14-0ubuntu0.24.04.1) ...
2026-10-02T16:00:55.5160934Z Selecting previously unselected package socat.
2026-10-02T16:00:55.5292196Z Preparing to unpack .../9-socat_1.8.0.0-4ubuntu0.1_amd64.deb ...
2026-10-02T16:00:55.5299830Z Unpacking socat (1.8.0.0-4ubuntu0.1) ...
2026-10-02T16:00:55.5813790Z Setting up mariadb-common (1:10.11.14-0ubuntu0.24.04.1) ...
2026-10-02T16:00:55.5887244Z update-alternatives: using /etc/mysql/mariadb.cnf to provide /etc/mysql/my.cnf (my.cnf) in auto mode
2026-10-02T16:00:55.6214934Z Selecting previously unselected package mariadb-server.
2026-10-02T16:00:55.6271569Z (Reading database ... 
2026-10-02T16:00:55.6272575Z (Reading database ... 5%
2026-10-02T16:00:55.6273626Z (Reading database ... 10%
2026-10-02T16:00:55.6274258Z (Reading database ... 15%
2026-10-02T16:00:55.6274867Z (Reading database ... 20%
2026-10-02T16:00:55.6275473Z (Reading database ... 25%
2026-10-02T16:00:55.6276080Z (Reading database ... 30%
2026-10-02T16:00:55.6276688Z (Reading database ... 35%
2026-10-02T16:00:55.6277286Z (Reading database ... 40%
2026-10-02T16:00:55.6277719Z (Reading database ... 45%
2026-10-02T16:00:55.6278076Z (Reading database ... 50%
2026-10-02T16:00:55.6278443Z (Reading database ... 55%
2026-10-02T16:00:55.6400204Z (Reading database ... 60%
2026-10-02T16:00:55.6425461Z (Reading database ... 65%
2026-10-02T16:00:55.6451490Z (Reading database ... 70%
2026-10-02T16:00:55.6479958Z (Reading database ... 75%
2026-10-02T16:00:55.6523838Z (Reading database ... 80%
2026-10-02T16:00:55.6552040Z (Reading database ... 85%
2026-10-02T16:00:55.6730349Z (Reading database ... 90%
2026-10-02T16:00:55.7037511Z (Reading database ... 95%
2026-10-02T16:00:55.7038230Z (Reading database ... 100%
2026-10-02T16:00:55.7039581Z (Reading database ... 202514 files and directories currently installed.)
2026-10-02T16:00:55.7085675Z Preparing to unpack .../0-mariadb-server_1%3a10.11.14-0ubuntu0.24.04.1_amd64.deb ...
2026-10-02T16:00:55.7971336Z /var/lib/mysql: found previous version 8.0
2026-10-02T16:00:55.8041713Z The contents of /var/lib/mysql/ indicates a
2026-10-02T16:00:55.8042468Z version that cannot automatically be upgraded. Therefore the
2026-10-02T16:00:55.8043061Z previous data directory will be renamed to /var/lib/mysql-8.0 and
2026-10-02T16:00:55.8043921Z a new data directory will be initialized at /var/lib/mysql.
2026-10-02T16:00:55.8044523Z Please manually export/import your data (e.g. with mysqldump) if needed.
2026-10-02T16:00:55.8774337Z Unpacking mariadb-server (1:10.11.14-0ubuntu0.24.04.1) ...
2026-10-02T16:00:56.0516075Z Selecting previously unselected package libdbd-mysql-perl:amd64.
2026-10-02T16:00:56.0647861Z Preparing to unpack .../1-libdbd-mysql-perl_4.052-1ubuntu3_amd64.deb ...
2026-10-02T16:00:56.0661620Z Unpacking libdbd-mysql-perl:amd64 (4.052-1ubuntu3) ...
2026-10-02T16:00:56.0889089Z Selecting previously unselected package libmariadb-dev.
2026-10-02T16:00:56.1032122Z Preparing to unpack .../2-libmariadb-dev_1%3a10.11.14-0ubuntu0.24.04.1_amd64.deb ...
2026-10-02T16:00:56.1039468Z Unpacking libmariadb-dev (1:10.11.14-0ubuntu0.24.04.1) ...
2026-10-02T16:00:56.1501254Z Selecting previously unselected package mariadb-plugin-provider-bzip2.
2026-10-02T16:00:56.1637384Z Preparing to unpack .../3-mariadb-plugin-provider-bzip2_1%3a10.11.14-0ubuntu0.24.04.1_amd64.deb ...
2026-10-02T16:00:56.1646166Z Unpacking mariadb-plugin-provider-bzip2 (1:10.11.14-0ubuntu0.24.04.1) ...
2026-10-02T16:00:56.1869296Z Selecting previously unselected package mariadb-plugin-provider-lz4.
2026-10-02T16:00:56.2003747Z Preparing to unpack .../4-mariadb-plugin-provider-lz4_1%3a10.11.14-0ubuntu0.24.04.1_amd64.deb ...
2026-10-02T16:00:56.2011543Z Unpacking mariadb-plugin-provider-lz4 (1:10.11.14-0ubuntu0.24.04.1) ...
2026-10-02T16:00:56.2231297Z Selecting previously unselected package mariadb-plugin-provider-lzma.
2026-10-02T16:00:56.2369759Z Preparing to unpack .../5-mariadb-plugin-provider-lzma_1%3a10.11.14-0ubuntu0.24.04.1_amd64.deb ...
2026-10-02T16:00:56.2383172Z Unpacking mariadb-plugin-provider-lzma (1:10.11.14-0ubuntu0.24.04.1) ...
2026-10-02T16:00:56.2596141Z Selecting previously unselected package mariadb-plugin-provider-lzo.
2026-10-02T16:00:56.2731344Z Preparing to unpack .../6-mariadb-plugin-provider-lzo_1%3a10.11.14-0ubuntu0.24.04.1_amd64.deb ...
2026-10-02T16:00:56.2739405Z Unpacking mariadb-plugin-provider-lzo (1:10.11.14-0ubuntu0.24.04.1) ...
2026-10-02T16:00:56.2950046Z Selecting previously unselected package mariadb-plugin-provider-snappy.
2026-10-02T16:00:56.3084145Z Preparing to unpack .../7-mariadb-plugin-provider-snappy_1%3a10.11.14-0ubuntu0.24.04.1_amd64.deb ...
2026-10-02T16:00:56.3092932Z Unpacking mariadb-plugin-provider-snappy (1:10.11.14-0ubuntu0.24.04.1) ...
2026-10-02T16:00:56.3307744Z Selecting previously unselected package pv.
2026-10-02T16:00:56.3443739Z Preparing to unpack .../8-pv_1.8.5-2build1_amd64.deb ...
2026-10-02T16:00:56.3451629Z Unpacking pv (1.8.5-2build1) ...
2026-10-02T16:00:56.3672624Z Selecting previously unselected package libmariadb-dev-compat.
2026-10-02T16:00:56.3811681Z Preparing to unpack .../9-libmariadb-dev-compat_1%3a10.11.14-0ubuntu0.24.04.1_amd64.deb ...
2026-10-02T16:00:56.3818159Z Unpacking libmariadb-dev-compat (1:10.11.14-0ubuntu0.24.04.1) ...
2026-10-02T16:00:56.4220526Z Setting up libconfig-inifiles-perl (3.000003-2ubuntu0.1) ...
2026-10-02T16:00:56.4240182Z Setting up galera-4 (26.4.16-2build4) ...
2026-10-02T16:00:56.4257530Z Setting up socat (1.8.0.0-4ubuntu0.1) ...
2026-10-02T16:00:56.4276138Z Setting up libmariadb3:amd64 (1:10.11.14-0ubuntu0.24.04.1) ...
2026-10-02T16:00:56.4293912Z Setting up libmariadb-dev (1:10.11.14-0ubuntu0.24.04.1) ...
2026-10-02T16:00:56.4310694Z Setting up pv (1.8.5-2build1) ...
2026-10-02T16:00:56.4328514Z Setting up liburing2:amd64 (2.5-1build1) ...
2026-10-02T16:00:56.4347853Z Setting up libdbi-perl:amd64 (1.643-4ubuntu0.3) ...
2026-10-02T16:00:56.4365428Z Setting up libmariadb-dev-compat (1:10.11.14-0ubuntu0.24.04.1) ...
2026-10-02T16:00:56.4383566Z Setting up mariadb-client-core (1:10.11.14-0ubuntu0.24.04.1) ...
2026-10-02T16:00:56.4401477Z Setting up libdbd-mysql-perl:amd64 (4.052-1ubuntu3) ...
2026-10-02T16:00:56.4418983Z Setting up mariadb-server-core (1:10.11.14-0ubuntu0.24.04.1) ...
2026-10-02T16:00:56.4439578Z Setting up mariadb-client (1:10.11.14-0ubuntu0.24.04.1) ...
2026-10-02T16:00:56.4493728Z Setting up mariadb-server (1:10.11.14-0ubuntu0.24.04.1) ...
2026-10-02T16:00:56.4542472Z Installing new version of config file /etc/mysql/debian-start ...
2026-10-02T16:00:57.3024737Z renamed '/etc/logrotate.d/mysql-server' -> '/etc/logrotate.d/mysql-server.dpkg-bak'
2026-10-02T16:00:57.7379767Z Created symlink /etc/systemd/system/multi-user.target.wants/mariadb.service → /usr/lib/systemd/system/mariadb.service.
2026-10-02T16:00:57.7380428Z 
2026-10-02T16:00:58.2475883Z Setting up mariadb-plugin-provider-bzip2 (1:10.11.14-0ubuntu0.24.04.1) ...
2026-10-02T16:00:58.2499941Z Setting up mariadb-plugin-provider-lzma (1:10.11.14-0ubuntu0.24.04.1) ...
2026-10-02T16:00:58.2525578Z Setting up mariadb-plugin-provider-lzo (1:10.11.14-0ubuntu0.24.04.1) ...
2026-10-02T16:00:58.2552577Z Setting up mariadb-plugin-provider-lz4 (1:10.11.14-0ubuntu0.24.04.1) ...
2026-10-02T16:00:58.2581552Z Setting up mariadb-plugin-provider-snappy (1:10.11.14-0ubuntu0.24.04.1) ...
2026-10-02T16:00:58.2611105Z Processing triggers for man-db (2.12.0-4build2) ...
2026-10-02T16:00:58.2632034Z Not building database; man-db/auto-update is not 'true'.
2026-10-02T16:00:58.2644476Z Processing triggers for libc-bin (2.39-0ubuntu8.9) ...
2026-10-02T16:00:58.2990115Z Processing triggers for mariadb-server (1:10.11.14-0ubuntu0.24.04.1) ...
2026-10-02T16:00:59.3426250Z 
2026-10-02T16:00:59.3426836Z Running kernel seems to be up-to-date.
2026-10-02T16:00:59.3427434Z 
2026-10-02T16:00:59.3427589Z No services need to be restarted.
2026-10-02T16:00:59.3427857Z 
2026-10-02T16:00:59.3428002Z No containers need to be restarted.
2026-10-02T16:00:59.3428263Z 
2026-10-02T16:00:59.3428441Z No user sessions are running outdated binaries.
2026-10-02T16:00:59.3428749Z 
2026-10-02T16:00:59.3429024Z No VM guests are running outdated hypervisor (qemu) binaries on this host.
2026-10-02T16:01:00.6461486Z ##[group]Run set -euo pipefail
2026-10-02T16:01:00.6461823Z [36;1mset -euo pipefail[0m
2026-10-02T16:01:00.6462185Z [36;1m# ruby/setup-ruby resolves exact 3.4.0 to a preview build on[0m
2026-10-02T16:01:00.6462697Z [36;1m# GitHub-hosted runners, so use the latest stable 3.4.x instead.[0m
2026-10-02T16:01:00.6463220Z [36;1mecho "version=$(cut -d. -f1,2 .ruby-version)" >> "$GITHUB_OUTPUT"[0m
2026-10-02T16:01:00.6530688Z shell: /usr/bin/bash -e {0}
2026-10-02T16:01:00.6530990Z env:
2026-10-02T16:01:00.6531219Z   RACK_ENV: test
2026-10-02T16:01:00.6531465Z   BUNDLE_WITHOUT: development
2026-10-02T16:01:00.6531761Z   BUNDLE_JOBS: 4
2026-10-02T16:01:00.6531985Z   BUNDLE_RETRY: 3
2026-10-02T16:01:00.6532225Z   VPSADMIN_PLUGINS: all
2026-10-02T16:01:00.6532474Z ##[endgroup]
2026-10-02T16:01:00.6750572Z ##[group]Run ruby/setup-ruby@v1
2026-10-02T16:01:00.6750849Z with:
2026-10-02T16:01:00.6751043Z   ruby-version: 3.4
2026-10-02T16:01:00.6751252Z   bundler-cache: true
2026-10-02T16:01:00.6751486Z   working-directory: api
2026-10-02T16:01:00.6754523Z   token: ***
2026-10-02T16:01:00.6754739Z env:
2026-10-02T16:01:00.6754930Z   RACK_ENV: test
2026-10-02T16:01:00.6755157Z   BUNDLE_WITHOUT: development
2026-10-02T16:01:00.6755406Z   BUNDLE_JOBS: 4
2026-10-02T16:01:00.6755606Z   BUNDLE_RETRY: 3
2026-10-02T16:01:00.6755825Z   VPSADMIN_PLUGINS: all
2026-10-02T16:01:00.6756055Z ##[endgroup]
2026-10-02T16:01:00.8613151Z ##[group]Modifying PATH
2026-10-02T16:01:00.8614177Z Entries added to PATH to use selected Ruby:
2026-10-02T16:01:00.8616211Z   /opt/hostedtoolcache/Ruby/3.4.11/x64/bin
2026-10-02T16:01:00.8622614Z ##[endgroup]
2026-10-02T16:01:00.8623905Z ##[group]Print Ruby version
2026-10-02T16:01:00.8887799Z [command]/opt/hostedtoolcache/Ruby/3.4.11/x64/bin/ruby --version
2026-10-02T16:01:01.2636511Z ruby 3.4.11 (2026-09-23 revision 592f1ffdb3) +PRISM [x86_64-linux]
2026-10-02T16:01:01.2670940Z Took   0.40 seconds
2026-10-02T16:01:01.2672288Z ##[endgroup]
2026-10-02T16:01:01.2674289Z ##[group]Installing Bundler
2026-10-02T16:01:01.2679936Z Using Bundler shipped with ruby-3.4.11
2026-10-02T16:01:01.2681112Z Took   0.00 seconds
2026-10-02T16:01:01.2681853Z ##[endgroup]
2026-10-02T16:01:01.2682728Z > bundle install
2026-10-02T16:01:01.2687314Z Setting BUNDLER_VERSION=2 for "bundle config|lock" commands below to ensure Bundler 2 is used
2026-10-02T16:01:01.2724629Z [command]/opt/hostedtoolcache/Ruby/3.4.11/x64/bin/bundle config set --local path /home/runner/work/vpsadmin/vpsadmin/api/vendor/bundle
2026-10-02T16:01:02.6848127Z [command]/opt/hostedtoolcache/Ruby/3.4.11/x64/bin/bundle lock
2026-10-02T16:01:04.3948915Z Writing lockfile to /home/runner/work/vpsadmin/vpsadmin/api/Gemfile.lock
2026-10-02T16:01:05.8295041Z Fetching gem metadata from https://rubygems.org/..........
2026-10-02T16:01:06.0274699Z Resolving dependencies...
2026-10-02T16:01:06.6915379Z ##[group]Print lockfile
2026-10-02T16:01:06.6943597Z [command]/usr/bin/cat Gemfile.lock
2026-10-02T16:01:06.6978674Z GEM
2026-10-02T16:01:06.6979129Z   remote: https://rubygems.org/
2026-10-02T16:01:06.6979712Z   specs:
2026-10-02T16:01:06.6980137Z     activemodel (8.1.4)
2026-10-02T16:01:06.6980671Z       activesupport (= 8.1.4)
2026-10-02T16:01:06.6981234Z     activerecord (8.1.4)
2026-10-02T16:01:06.6981674Z       activemodel (= 8.1.4)
2026-10-02T16:01:06.6982137Z       activesupport (= 8.1.4)
2026-10-02T16:01:06.6982571Z       timeout (>= 0.4.0)
2026-10-02T16:01:06.6982957Z     activesupport (8.1.4)
2026-10-02T16:01:06.6983586Z       base64
2026-10-02T16:01:06.6983915Z       bigdecimal
2026-10-02T16:01:06.6984271Z       concurrent-ruby (~> 1.0, >= 1.3.1)
2026-10-02T16:01:06.6984799Z       connection_pool (>= 2.2.5)
2026-10-02T16:01:06.6985199Z       drb
2026-10-02T16:01:06.6985508Z       i18n (>= 1.6, < 2)
2026-10-02T16:01:06.6985875Z       json
2026-10-02T16:01:06.6986184Z       logger (>= 1.4.2)
2026-10-02T16:01:06.6986546Z       minitest (>= 5.1)
2026-10-02T16:01:06.6986975Z       securerandom (>= 0.3)
2026-10-02T16:01:06.6987373Z       tzinfo (~> 2.0, >= 2.0.5)
2026-10-02T16:01:06.6987785Z       uri (>= 0.13.1)
2026-10-02T16:01:06.6988138Z     aes_key_wrap (1.1.0)
2026-10-02T16:01:06.6988553Z     amq-protocol (2.9.0)
2026-10-02T16:01:06.6988937Z     ancestry (4.3.3)
2026-10-02T16:01:06.6989295Z       activerecord (>= 5.2.6)
2026-10-02T16:01:06.6989663Z     android_key_attestation (0.3.0)
2026-10-02T16:01:06.6989950Z     ast (2.4.3)
2026-10-02T16:01:06.6990153Z     attr_required (1.0.2)
2026-10-02T16:01:06.6990378Z     base64 (0.3.0)
2026-10-02T16:01:06.6990579Z     bcrypt (3.1.22)
2026-10-02T16:01:06.6990805Z     bigdecimal (4.1.3)
2026-10-02T16:01:06.6991024Z     bindata (2.5.1)
2026-10-02T16:01:06.6991229Z     bunny (2.24.0)
2026-10-02T16:01:06.6991436Z       amq-protocol (~> 2.3)
2026-10-02T16:01:06.6992066Z       sorted_set (~> 1, >= 1.0.2)
2026-10-02T16:01:06.6992337Z     cbor (0.5.10.3)
2026-10-02T16:01:06.6992538Z     coderay (1.1.3)
2026-10-02T16:01:06.6992743Z     concurrent-ruby (1.3.8)
2026-10-02T16:01:06.6993012Z     connection_pool (3.0.2)
2026-10-02T16:01:06.6993231Z     cose (1.3.1)
2026-10-02T16:01:06.6993810Z       cbor (~> 0.5.9)
2026-10-02T16:01:06.6994064Z       openssl-signature_algorithm (~> 1.0)
2026-10-02T16:01:06.6994345Z     csv (3.3.6)
2026-10-02T16:01:06.6994534Z     date (3.5.1)
2026-10-02T16:01:06.6994726Z     diff-lcs (1.6.2)
2026-10-02T16:01:06.6994933Z     dnsruby (1.74.0)
2026-10-02T16:01:06.6995127Z       base64 (>= 0.2)
2026-10-02T16:01:06.6995352Z       logger (~> 1.6)
2026-10-02T16:01:06.6995557Z       simpleidn (~> 0.2.1)
2026-10-02T16:01:06.6995792Z     domain_name (0.6.20260921)
2026-10-02T16:01:06.6996025Z     drb (2.2.3)
2026-10-02T16:01:06.6996445Z     faraday (2.14.4)
2026-10-02T16:01:06.6996673Z       faraday-net_http (>= 2.0, < 3.5)
2026-10-02T16:01:06.6996929Z       json
2026-10-02T16:01:06.6997117Z       logger
2026-10-02T16:01:06.6997320Z     faraday-follow_redirects (0.5.0)
2026-10-02T16:01:06.6997580Z       faraday (>= 1, < 3)
2026-10-02T16:01:06.6997813Z     faraday-net_http (3.4.4)
2026-10-02T16:01:06.6998053Z       net-http (~> 0.5)
2026-10-02T16:01:06.6998263Z     fio_api (0.0.11)
2026-10-02T16:01:06.6998486Z       httparty (>= 0.16.2)
2026-10-02T16:01:06.6998701Z     haveapi (0.29.8)
2026-10-02T16:01:06.6998939Z       activesupport (>= 7.1)
2026-10-02T16:01:06.6999303Z       haveapi-client (~> 0.29.8)
2026-10-02T16:01:06.6999543Z       i18n (>= 1.6, < 2)
2026-10-02T16:01:06.6999747Z       json
2026-10-02T16:01:06.6999924Z       mail
2026-10-02T16:01:06.7000097Z       nesty (~> 1.0)
2026-10-02T16:01:06.7000310Z       rack-oauth2 (~> 2.2.0)
2026-10-02T16:01:06.7000529Z       rake
2026-10-02T16:01:06.7000718Z       redcarpet (~> 3.6)
2026-10-02T16:01:06.7000981Z       require_all (~> 2.0.0)
2026-10-02T16:01:06.7001208Z       sinatra (~> 4.0)
2026-10-02T16:01:06.7001430Z       sinatra-contrib (~> 4.0)
2026-10-02T16:01:06.7001660Z       tilt (~> 2.4)
2026-10-02T16:01:06.7001916Z     haveapi-client (0.29.8)
2026-10-02T16:01:06.7002150Z       activesupport (>= 7.0)
2026-10-02T16:01:06.7002672Z       highline (~> 3.1)
2026-10-02T16:01:06.7002989Z       json
2026-10-02T16:01:06.7003484Z       require_all (~> 2.0.0)
2026-10-02T16:01:06.7003875Z       rest-client (~> 2.1.0)
2026-10-02T16:01:06.7004267Z       ruby-progressbar (~> 1.13.0)
2026-10-02T16:01:06.7004669Z     highline (3.1.2)
2026-10-02T16:01:06.7005053Z       reline
2026-10-02T16:01:06.7005359Z     http-accept (1.7.0)
2026-10-02T16:01:06.7005729Z     http-cookie (1.1.6)
2026-10-02T16:01:06.7006071Z       domain_name (~> 0.5)
2026-10-02T16:01:06.7006457Z     httparty (0.24.3)
2026-10-02T16:01:06.7006665Z       csv
2026-10-02T16:01:06.7006847Z       mini_mime (>= 1.0.0)
2026-10-02T16:01:06.7007085Z       multi_xml (>= 0.5.2)
2026-10-02T16:01:06.7007295Z     i18n (1.15.2)
2026-10-02T16:01:06.7007518Z       concurrent-ruby (~> 1.0)
2026-10-02T16:01:06.7007762Z     io-console (0.9.4)
2026-10-02T16:01:06.7007969Z     ipaddress (0.8.3)
2026-10-02T16:01:06.7008177Z     json (2.21.2)
2026-10-02T16:01:06.7008372Z     json-jwt (1.17.2)
2026-10-02T16:01:06.7008587Z       activesupport (>= 4.2)
2026-10-02T16:01:06.7008817Z       aes_key_wrap
2026-10-02T16:01:06.7009013Z       base64
2026-10-02T16:01:06.7009198Z       bindata
2026-10-02T16:01:06.7009387Z       faraday (~> 2.0)
2026-10-02T16:01:06.7009632Z       faraday-follow_redirects
2026-10-02T16:01:06.7009974Z     jwt (3.3.0)
2026-10-02T16:01:06.7010297Z       base64
2026-10-02T16:01:06.7010651Z     language_server-protocol (3.17.0.6)
2026-10-02T16:01:06.7011154Z     lint_roller (1.1.0)
2026-10-02T16:01:06.7011374Z     logger (1.7.0)
2026-10-02T16:01:06.7011594Z     mail (2.9.1)
2026-10-02T16:01:06.7011781Z       logger
2026-10-02T16:01:06.7011976Z       mini_mime (>= 0.1.1)
2026-10-02T16:01:06.7012210Z       net-imap
2026-10-02T16:01:06.7012399Z       net-pop
2026-10-02T16:01:06.7012590Z       net-smtp
2026-10-02T16:01:06.7013003Z     method_source (1.1.0)
2026-10-02T16:01:06.7013240Z     mime-types (3.7.0)
2026-10-02T16:01:06.7013728Z       logger
2026-10-02T16:01:06.7013955Z       mime-types-data (~> 3.2025, >= 3.2025.0507)
2026-10-02T16:01:06.7014259Z     mime-types-data (3.2026.0929)
2026-10-02T16:01:06.7014545Z     mini_mime (1.1.5)
2026-10-02T16:01:06.7014908Z     minitest (6.0.6)
2026-10-02T16:01:06.7015274Z       drb (~> 2.0)
2026-10-02T16:01:06.7015599Z       prism (~> 1.5)
2026-10-02T16:01:06.7015810Z     multi_json (1.21.2)
2026-10-02T16:01:06.7016023Z     multi_xml (0.9.1)
2026-10-02T16:01:06.7016234Z       bigdecimal (>= 3.1, < 5)
2026-10-02T16:01:06.7016468Z     mustermann (3.1.1)
2026-10-02T16:01:06.7016675Z     mysql2 (0.5.7)
2026-10-02T16:01:06.7016864Z       bigdecimal
2026-10-02T16:01:06.7017054Z     nesty (1.0.2)
2026-10-02T16:01:06.7017788Z     net-http (0.9.1)
2026-10-02T16:01:06.7018000Z       uri (>= 0.11.1)
2026-10-02T16:01:06.7018205Z     net-imap (0.6.7)
2026-10-02T16:01:06.7018407Z       date
2026-10-02T16:01:06.7018590Z       net-protocol
2026-10-02T16:01:06.7018799Z     net-pop (0.1.2)
2026-10-02T16:01:06.7019005Z       net-protocol
2026-10-02T16:01:06.7019216Z     net-protocol (0.4.0)
2026-10-02T16:01:06.7019439Z       timeout
2026-10-02T16:01:06.7019655Z     net-smtp (0.5.2)
2026-10-02T16:01:06.7019868Z       net-protocol
2026-10-02T16:01:06.7020100Z     netrc (0.11.0)
2026-10-02T16:01:06.7020303Z     nio4r (2.7.5)
2026-10-02T16:01:06.7020510Z     openssl (4.0.2)
2026-10-02T16:01:06.7020775Z     openssl-signature_algorithm (1.3.0)
2026-10-02T16:01:06.7021056Z       openssl (> 2.0)
2026-10-02T16:01:06.7021273Z     paper_trail (17.0.0)
2026-10-02T16:01:06.7021506Z       activerecord (>= 7.1)
2026-10-02T16:01:06.7021782Z       request_store (~> 1.4)
2026-10-02T16:01:06.7022018Z     parallel (2.2.0)
2026-10-02T16:01:06.7022241Z     parser (3.3.12.0)
2026-10-02T16:01:06.7022458Z       ast (~> 2.4.1)
2026-10-02T16:01:06.7022664Z       racc
2026-10-02T16:01:06.7022850Z     prism (1.9.0)
2026-10-02T16:01:06.7023062Z     prometheus-client (4.2.5)
2026-10-02T16:01:06.7023622Z       base64
2026-10-02T16:01:06.7023942Z     pry (0.16.0)
2026-10-02T16:01:06.7024281Z       coderay (~> 1.1)
2026-10-02T16:01:06.7024608Z       method_source (~> 1.0)
2026-10-02T16:01:06.7024843Z       reline (>= 0.6.0)
2026-10-02T16:01:06.7025048Z     puma (8.0.2)
2026-10-02T16:01:06.7025245Z       nio4r (~> 2.0)
2026-10-02T16:01:06.7025442Z     racc (1.8.1)
2026-10-02T16:01:06.7025629Z     rack (3.2.7)
2026-10-02T16:01:06.7025821Z     rack-oauth2 (2.2.1)
2026-10-02T16:01:06.7026036Z       activesupport
2026-10-02T16:01:06.7026243Z       attr_required
2026-10-02T16:01:06.7026441Z       faraday (~> 2.0)
2026-10-02T16:01:06.7026660Z       faraday-follow_redirects
2026-10-02T16:01:06.7026985Z       json-jwt (>= 1.11.0)
2026-10-02T16:01:06.7027406Z       rack (>= 2.1.0)
2026-10-02T16:01:06.7027807Z     rack-protection (4.2.1)
2026-10-02T16:01:06.7028118Z       base64 (>= 0.1.0)
2026-10-02T16:01:06.7028425Z       logger (>= 1.6.0)
2026-10-02T16:01:06.7028646Z       rack (>= 3.0.0, < 4)
2026-10-02T16:01:06.7028878Z     rack-session (2.1.2)
2026-10-02T16:01:06.7029095Z       base64 (>= 0.1.0)
2026-10-02T16:01:06.7029448Z       rack (>= 3.0.0)
2026-10-02T16:01:06.7029812Z     rack-test (2.2.0)
2026-10-02T16:01:06.7030031Z       rack (>= 1.3)
2026-10-02T16:01:06.7030224Z     rackup (2.3.1)
2026-10-02T16:01:06.7030420Z       rack (>= 3)
2026-10-02T16:01:06.7030610Z     rainbow (3.1.1)
2026-10-02T16:01:06.7030805Z     rake (13.4.2)
2026-10-02T16:01:06.7031024Z     rbtree (0.4.7)
2026-10-02T16:01:06.7031222Z     redcarpet (3.6.1)
2026-10-02T16:01:06.7031434Z     regexp_parser (2.13.1)
2026-10-02T16:01:06.7031652Z     reline (0.7.0)
2026-10-02T16:01:06.7031891Z       io-console (~> 0.5)
2026-10-02T16:01:06.7032116Z     request_store (1.7.0)
2026-10-02T16:01:06.7032376Z       rack (>= 1.4)
2026-10-02T16:01:06.7032580Z     require_all (2.0.0)
2026-10-02T16:01:06.7032798Z     rest-client (2.1.0)
2026-10-02T16:01:06.7033650Z       http-accept (>= 1.7.0, < 2.0)
2026-10-02T16:01:06.7034008Z       http-cookie (>= 1.0.2, < 2.0)
2026-10-02T16:01:06.7034276Z       mime-types (>= 1.16, < 4.0)
2026-10-02T16:01:06.7034525Z       netrc (~> 0.8)
2026-10-02T16:01:06.7034731Z     rotp (6.3.0)
2026-10-02T16:01:06.7034928Z     rspec (3.13.2)
2026-10-02T16:01:06.7035145Z       rspec-core (~> 3.13.0)
2026-10-02T16:01:06.7035509Z       rspec-expectations (~> 3.13.0)
2026-10-02T16:01:06.7035929Z       rspec-mocks (~> 3.13.0)
2026-10-02T16:01:06.7036364Z     rspec-core (3.13.6)
2026-10-02T16:01:06.7036755Z       rspec-support (~> 3.13.0)
2026-10-02T16:01:06.7037218Z     rspec-expectations (3.13.5)
2026-10-02T16:01:06.7037655Z       diff-lcs (>= 1.2.0, < 2.0)
2026-10-02T16:01:06.7038074Z       rspec-support (~> 3.13.0)
2026-10-02T16:01:06.7038489Z     rspec-mocks (3.13.8)
2026-10-02T16:01:06.7039171Z       diff-lcs (>= 1.2.0, < 2.0)
2026-10-02T16:01:06.7039589Z       rspec-support (~> 3.13.0)
2026-10-02T16:01:06.7040010Z     rspec-support (3.13.7)
2026-10-02T16:01:06.7040407Z     rubocop (1.91.0)
2026-10-02T16:01:06.7040785Z       json (>= 2.3)
2026-10-02T16:01:06.7041165Z       language_server-protocol (~> 3.17.0.2)
2026-10-02T16:01:06.7041672Z       lint_roller (~> 1.1.0)
2026-10-02T16:01:06.7042065Z       parallel (>= 1.10)
2026-10-02T16:01:06.7042464Z       parser (>= 3.3.0.2)
2026-10-02T16:01:06.7042839Z       rainbow (>= 2.2.2, < 4.0)
2026-10-02T16:01:06.7043245Z       regexp_parser (>= 2.9.3, < 3.0)
2026-10-02T16:01:06.7043924Z       rubocop-ast (>= 1.49.0, < 2.0)
2026-10-02T16:01:06.7044374Z       ruby-progressbar (~> 1.7)
2026-10-02T16:01:06.7044828Z       unicode-display_width (>= 2.4.0, < 4.0)
2026-10-02T16:01:06.7045337Z     rubocop-ast (1.50.0)
2026-10-02T16:01:06.7045738Z       parser (>= 3.3.7.2)
2026-10-02T16:01:06.7046105Z       prism (~> 1.7)
2026-10-02T16:01:06.7046476Z     rubocop-rake (0.7.1)
2026-10-02T16:01:06.7046840Z       lint_roller (~> 1.1)
2026-10-02T16:01:06.7047072Z       rubocop (>= 1.72.1)
2026-10-02T16:01:06.7047301Z     rubocop-rspec (3.10.2)
2026-10-02T16:01:06.7047539Z       lint_roller (~> 1.1)
2026-10-02T16:01:06.7047771Z       regexp_parser (>= 2.0)
2026-10-02T16:01:06.7048015Z       rubocop (~> 1.86, >= 1.86.2)
2026-10-02T16:01:06.7048267Z     ruby-progressbar (1.13.0)
2026-10-02T16:01:06.7048503Z     rubyzip (3.2.2)
2026-10-02T16:01:06.7048726Z     safety_net_attestation (0.5.0)
2026-10-02T16:01:06.7048973Z       jwt (>= 2.0, < 4.0)
2026-10-02T16:01:06.7049190Z     securerandom (0.4.1)
2026-10-02T16:01:06.7049411Z     simpleidn (0.2.3)
2026-10-02T16:01:06.7049649Z     sinatra (4.2.1)
2026-10-02T16:01:06.7049842Z       logger (>= 1.6.0)
2026-10-02T16:01:06.7050057Z       mustermann (~> 3.0)
2026-10-02T16:01:06.7050271Z       rack (>= 3.0.0, < 4)
2026-10-02T16:01:06.7050501Z       rack-protection (= 4.2.1)
2026-10-02T16:01:06.7050744Z       rack-session (>= 2.0.0, < 3)
2026-10-02T16:01:06.7051001Z       tilt (~> 2.0)
2026-10-02T16:01:06.7051217Z     sinatra-activerecord (2.0.28)
2026-10-02T16:01:06.7051502Z       activerecord (>= 4.1)
2026-10-02T16:01:06.7051960Z       sinatra (>= 1.0)
2026-10-02T16:01:06.7052348Z     sinatra-contrib (4.2.1)
2026-10-02T16:01:06.7052751Z       multi_json (>= 0.0.2)
2026-10-02T16:01:06.7052978Z       mustermann (~> 3.0)
2026-10-02T16:01:06.7053210Z       rack-protection (= 4.2.1)
2026-10-02T16:01:06.7053678Z       sinatra (= 4.2.1)
2026-10-02T16:01:06.7053886Z       tilt (~> 2.0)
2026-10-02T16:01:06.7054086Z     sorted_set (1.1.0)
2026-10-02T16:01:06.7054290Z       rbtree
2026-10-02T16:01:06.7054481Z     tilt (2.9.0)
2026-10-02T16:01:06.7054692Z     timeout (0.6.1)
2026-10-02T16:01:06.7054903Z     tpm-key_attestation (0.14.2)
2026-10-02T16:01:06.7055144Z       bindata (~> 2.4)
2026-10-02T16:01:06.7055375Z       openssl (> 2.0)
2026-10-02T16:01:06.7055748Z       openssl-signature_algorithm (~> 1.0)
2026-10-02T16:01:06.7056070Z     tzinfo (2.0.6)
2026-10-02T16:01:06.7056279Z       concurrent-ruby (~> 1.0)
2026-10-02T16:01:06.7056551Z     unicode-display_width (3.3.0)
2026-10-02T16:01:06.7056990Z       unicode-emoji (~> 4.3)
2026-10-02T16:01:06.7057365Z     unicode-emoji (4.3.0)
2026-10-02T16:01:06.7057764Z     uri (1.1.1)
2026-10-02T16:01:06.7058112Z     user_agent_parser (2.21.0)
2026-10-02T16:01:06.7058486Z     webauthn (3.4.3)
2026-10-02T16:01:06.7058840Z       android_key_attestation (~> 0.3.0)
2026-10-02T16:01:06.7059415Z       bindata (~> 2.4)
2026-10-02T16:01:06.7059625Z       cbor (~> 0.5.9)
2026-10-02T16:01:06.7059832Z       cose (~> 1.1)
2026-10-02T16:01:06.7060031Z       openssl (>= 2.2)
2026-10-02T16:01:06.7060253Z       safety_net_attestation (~> 0.5.0)
2026-10-02T16:01:06.7060549Z       tpm-key_attestation (~> 0.14.0)
2026-10-02T16:01:06.7060821Z     webrick (1.9.2)
2026-10-02T16:01:06.7061184Z     yard (0.9.45)
2026-10-02T16:01:06.7061358Z 
2026-10-02T16:01:06.7061452Z PLATFORMS
2026-10-02T16:01:06.7061647Z   ruby
2026-10-02T16:01:06.7062005Z   x86_64-linux
2026-10-02T16:01:06.7062124Z 
2026-10-02T16:01:06.7062208Z DEPENDENCIES
2026-10-02T16:01:06.7062424Z   activerecord (~> 8.1.1)
2026-10-02T16:01:06.7062661Z   ancestry (~> 4.3.3)
2026-10-02T16:01:06.7062866Z   base64
2026-10-02T16:01:06.7063053Z   bcrypt (~> 3.1.20)
2026-10-02T16:01:06.7063253Z   bunny (~> 2.24.0)
2026-10-02T16:01:06.7063740Z   dnsruby (~> 1.73)
2026-10-02T16:01:06.7063932Z   fio_api!
2026-10-02T16:01:06.7064130Z   haveapi (~> 0.29.6)
2026-10-02T16:01:06.7064345Z   ipaddress (~> 0.8.3)
2026-10-02T16:01:06.7064550Z   json (< 3)
2026-10-02T16:01:06.7064732Z   mysql2 (~> 0.5.6)
2026-10-02T16:01:06.7064946Z   paper_trail (~> 17.0.0)
2026-10-02T16:01:06.7065183Z   prometheus-client (~> 4.2.3)
2026-10-02T16:01:06.7065432Z   pry
2026-10-02T16:01:06.7065717Z   puma
2026-10-02T16:01:06.7065956Z   rack-test
2026-10-02T16:01:06.7066136Z   rackup
2026-10-02T16:01:06.7066330Z   rake
2026-10-02T16:01:06.7066509Z   require_all (~> 2.0.0)
2026-10-02T16:01:06.7066735Z   rotp (~> 6.3.0)
2026-10-02T16:01:06.7066926Z   rspec
2026-10-02T16:01:06.7067105Z   rubocop
2026-10-02T16:01:06.7067283Z   rubocop-rake
2026-10-02T16:01:06.7067586Z   rubocop-rspec
2026-10-02T16:01:06.7067910Z   rubyzip (~> 3.2.2)
2026-10-02T16:01:06.7068489Z   sinatra-activerecord (~> 2.0.27)
2026-10-02T16:01:06.7069145Z   user_agent_parser (~> 2.20)
2026-10-02T16:01:06.7069786Z   webauthn (~> 3.4)
2026-10-02T16:01:06.7070457Z   webrick
2026-10-02T16:01:06.7070769Z   yard
2026-10-02T16:01:06.7083210Z 
2026-10-02T16:01:06.7083583Z BUNDLED WITH
2026-10-02T16:01:06.7083909Z    2.6.9
2026-10-02T16:01:06.7084644Z ##[endgroup]
2026-10-02T16:01:06.7085791Z Cache key: setup-ruby-bundler-cache-v6-ubuntu-24.04-x64-ruby-3.4.11-wd-/home/runner/work/vpsadmin/vpsadmin/api-with--without-development-only--Gemfile.lock-621acded027ae36dd01f319901469fd6e04750ef86e22a504734475e002b98ce
2026-10-02T16:01:06.9665360Z Cache hit for: setup-ruby-bundler-cache-v6-ubuntu-24.04-x64-ruby-3.4.11-wd-/home/runner/work/vpsadmin/vpsadmin/api-with--without-development-only--Gemfile.lock-621acded027ae36dd01f319901469fd6e04750ef86e22a504734475e002b98ce
2026-10-02T16:01:08.2802878Z Received 0 of 27674428 (0.0%), 0.0 MBs/sec
2026-10-02T16:01:08.7315701Z Received 27674428 of 27674428 (100.0%), 18.2 MBs/sec
2026-10-02T16:01:08.7324159Z Cache Size: ~26 MB (27674428 B)
2026-10-02T16:01:08.7356819Z [command]/usr/bin/tar -xf /home/runner/work/_temp/1b35c9e5-6354-46db-aede-388c51874c6a/cache.tzst -P -C /home/runner/work/vpsadmin/vpsadmin --use-compress-program unzstd
2026-10-02T16:01:09.0504271Z Cache restored successfully
2026-10-02T16:01:09.0529974Z Found cache for key: setup-ruby-bundler-cache-v6-ubuntu-24.04-x64-ruby-3.4.11-wd-/home/runner/work/vpsadmin/vpsadmin/api-with--without-development-only--Gemfile.lock-621acded027ae36dd01f319901469fd6e04750ef86e22a504734475e002b98ce
2026-10-02T16:01:09.0544452Z [command]/opt/hostedtoolcache/Ruby/3.4.11/x64/bin/bundle install --jobs 4
2026-10-02T16:01:09.4593778Z Bundle complete! 30 Gemfile dependencies, 98 gems now installed.
2026-10-02T16:01:09.4594583Z Gems in the group 'development' were not installed.
2026-10-02T16:01:09.4595209Z Bundled gems are installed into `./vendor/bundle`
2026-10-02T16:01:09.4737610Z Took   8.21 seconds
2026-10-02T16:01:09.4875000Z ##[group]Run set -euo pipefail
2026-10-02T16:01:09.4875370Z [36;1mset -euo pipefail[0m
2026-10-02T16:01:09.4875751Z [36;1mxargs -a "tmp/rspec-files-users-auth.txt" bundle exec rspec[0m
2026-10-02T16:01:09.4946069Z shell: /usr/bin/bash -e {0}
2026-10-02T16:01:09.4946363Z env:
2026-10-02T16:01:09.4946586Z   RACK_ENV: test
2026-10-02T16:01:09.4946841Z   BUNDLE_WITHOUT: development
2026-10-02T16:01:09.4947121Z   BUNDLE_JOBS: 4
2026-10-02T16:01:09.4947355Z   BUNDLE_RETRY: 3
2026-10-02T16:01:09.4947595Z   VPSADMIN_PLUGINS: all
2026-10-02T16:01:09.4947861Z ##[endgroup]
2026-10-02T16:01:11.6898562Z Started local MariaDB test database at ***127.0.0.1:42453/vpsadmin_test?encoding=utf8mb3&collation=utf8mb3_unicode_ci
2026-10-02T16:01:12.3445481Z -- create_table("auth_tokens", {id: {type: :integer, unsigned: true}, charset: "utf8mb3", collation: "utf8mb3_czech_ci", force: :cascade})
2026-10-02T16:01:12.3447128Z    -> 0.0231s
2026-10-02T16:01:12.3448431Z -- create_table("branches", {id: {type: :integer, unsigned: true}, charset: "utf8mb3", collation: "utf8mb3_czech_ci", force: :cascade})
2026-10-02T16:01:12.3449822Z    -> 0.0035s
2026-10-02T16:01:12.3451097Z -- create_table("cluster_resource_package_items", {id: {type: :integer, unsigned: true}, charset: "utf8mb3", collation: "utf8mb3_czech_ci", force: :cascade})
2026-10-02T16:01:12.3452823Z    -> 0.0042s
2026-10-02T16:01:12.3454535Z -- create_table("cluster_resource_packages", {id: {type: :integer, unsigned: true}, charset: "utf8mb3", collation: "utf8mb3_czech_ci", force: :cascade})
2026-10-02T16:01:12.3455902Z    -> 0.0042s
2026-10-02T16:01:12.3456918Z -- create_table("cluster_resource_uses", {id: {type: :integer, unsigned: true}, charset: "utf8mb3", collation: "utf8mb3_czech_ci", force: :cascade})
2026-10-02T16:01:12.3457674Z    -> 0.0044s
2026-10-02T16:01:12.3458281Z -- create_table("cluster_resources", {id: {type: :integer, unsigned: true}, charset: "utf8mb3", collation: "utf8mb3_czech_ci", force: :cascade})
2026-10-02T16:01:12.3458988Z    -> 0.0035s
2026-10-02T16:01:12.3459709Z -- create_table("components", {charset: "utf8mb3", collation: "utf8mb3_czech_ci", force: :cascade})
2026-10-02T16:01:12.3460552Z    -> 0.0032s
2026-10-02T16:01:12.3461354Z -- create_table("dataset_actions", {id: {type: :integer, unsigned: true}, charset: "utf8mb3", collation: "utf8mb3_czech_ci", force: :cascade})
2026-10-02T16:01:12.3462294Z    -> 0.0049s
2026-10-02T16:01:12.3463115Z -- create_table("dataset_expansion_events", {charset: "utf8mb3", collation: "utf8mb3_czech_ci", force: :cascade})
2026-10-02T16:01:12.3463943Z    -> 0.0046s
2026-10-02T16:01:12.3464459Z -- create_table("dataset_expansion_histories", {charset: "utf8mb3", collation: "utf8mb3_czech_ci", force: :cascade})
2026-10-02T16:01:12.3465069Z    -> 0.0039s
2026-10-02T16:01:12.3465557Z -- create_table("dataset_expansions", {charset: "utf8mb3", collation: "utf8mb3_czech_ci", force: :cascade})
2026-10-02T16:01:12.3466321Z    -> 0.0041s
2026-10-02T16:01:12.3466907Z -- create_table("dataset_in_pool_plans", {id: {type: :integer, unsigned: true}, charset: "utf8mb3", collation: "utf8mb3_czech_ci", force: :cascade})
2026-10-02T16:01:12.3467537Z    -> 0.0036s
2026-10-02T16:01:12.3468066Z -- create_table("dataset_in_pools", {id: {type: :integer, unsigned: true}, charset: "utf8mb3", collation: "utf8mb3_czech_ci", force: :cascade})
2026-10-02T16:01:12.3468967Z    -> 0.0044s
2026-10-02T16:01:12.3469927Z -- create_table("dataset_plans", {id: {type: :integer, unsigned: true}, charset: "utf8mb3", collation: "utf8mb3_czech_ci", force: :cascade})
2026-10-02T16:01:12.3470769Z    -> 0.0028s
2026-10-02T16:01:12.3471749Z -- create_table("dataset_properties", {id: {type: :integer, unsigned: true}, charset: "utf8mb3", collation: "utf8mb3_czech_ci", force: :cascade})
2026-10-02T16:01:12.3472812Z    -> 0.0055s
2026-10-02T16:01:12.3473591Z -- create_table("dataset_property_histories", {id: {type: :integer, unsigned: true}, charset: "utf8mb3", collation: "utf8mb3_czech_ci", force: :cascade})
2026-10-02T16:01:12.3474565Z    -> 0.0030s
2026-10-02T16:01:12.3475501Z -- create_table("dataset_trees", {id: {type: :integer, unsigned: true}, charset: "utf8mb3", collation: "utf8mb3_czech_ci", force: :cascade})
2026-10-02T16:01:12.3476571Z    -> 0.0041s
2026-10-02T16:01:12.3477426Z -- create_table("datasets", {id: {type: :integer, unsigned: true}, charset: "utf8mb3", collation: "utf8mb3_czech_ci", force: :cascade})
2026-10-02T16:01:12.3478032Z    -> 0.0050s
2026-10-02T16:01:12.3478775Z -- create_table("default_lifetime_values", {id: {type: :integer, unsigned: true}, charset: "utf8mb3", collation: "utf8mb3_czech_ci", force: :cascade})
2026-10-02T16:01:12.3479792Z    -> 0.0092s
2026-10-02T16:01:12.3480402Z -- create_table("default_object_cluster_resources", {id: {type: :integer, unsigned: true}, charset: "utf8mb3", collation: "utf8mb3_czech_ci", force: :cascade})
2026-10-02T16:01:12.3481512Z    -> 0.0051s
2026-10-02T16:01:12.3482166Z -- create_table("default_user_cluster_resource_packages", {id: {type: :integer, unsigned: true}, charset: "utf8mb3", collation: "utf8mb3_czech_ci", force: :cascade})
2026-10-02T16:01:12.3483068Z    -> 0.0031s
2026-10-02T16:01:12.3483801Z -- create_table("dns_record_logs", {charset: "utf8mb3", collation: "utf8mb3_czech_ci", force: :cascade})
2026-10-02T16:01:12.3484513Z    -> 0.0049s
2026-10-02T16:01:12.3484972Z -- create_table("dns_records", {charset: "utf8mb3", collation: "utf8mb3_czech_ci", force: :cascade})
2026-10-02T16:01:12.3485582Z    -> 0.0058s
2026-10-02T16:01:12.3486323Z -- create_table("dns_resolvers", {id: {type: :integer, unsigned: true}, charset: "utf8mb3", collation: "utf8mb3_czech_ci", force: :cascade})
2026-10-02T16:01:12.3486925Z    -> 0.0040s
2026-10-02T16:01:12.3487385Z -- create_table("dns_server_zone_transfer_logs", {charset: "utf8mb3", collation: "utf8mb3_czech_ci", force: :cascade})
2026-10-02T16:01:12.3487927Z    -> 0.0041s
2026-10-02T16:01:12.3488337Z -- create_table("dns_server_zones", {charset: "utf8mb3", collation: "utf8mb3_czech_ci", force: :cascade})
2026-10-02T16:01:12.3488816Z    -> 0.0059s
2026-10-02T16:01:12.3489205Z -- create_table("dns_servers", {charset: "utf8mb3", collation: "utf8mb3_czech_ci", force: :cascade})
2026-10-02T16:01:12.3489919Z    -> 0.0045s
2026-10-02T16:01:12.3490626Z -- create_table("dns_tsig_keys", {charset: "utf8mb3", collation: "utf8mb3_czech_ci", force: :cascade})
2026-10-02T16:01:12.3491137Z    -> 0.0061s
2026-10-02T16:01:12.3491557Z -- create_table("dns_zone_transfers", {charset: "utf8mb3", collation: "utf8mb3_czech_ci", force: :cascade})
2026-10-02T16:01:12.3492118Z    -> 0.0049s
2026-10-02T16:01:12.3492717Z -- create_table("dns_zones", {charset: "utf8mb3", collation: "utf8mb3_czech_ci", force: :cascade})
2026-10-02T16:01:12.3493180Z    -> 0.0046s
2026-10-02T16:01:12.3493996Z -- create_table("dnssec_records", {charset: "utf8mb3", collation: "utf8mb3_czech_ci", force: :cascade})
2026-10-02T16:01:12.3494548Z    -> 0.0036s
2026-10-02T16:01:12.3495549Z -- create_table("environment_dataset_plans", {id: {type: :integer, unsigned: true}, charset: "utf8mb3", collation: "utf8mb3_czech_ci", force: :cascade})
2026-10-02T16:01:12.3496701Z    -> 0.0028s
2026-10-02T16:01:12.3497274Z -- create_table("environment_user_configs", {id: {type: :integer, unsigned: true}, charset: "utf8mb3", collation: "utf8mb3_czech_ci", force: :cascade})
2026-10-02T16:01:12.3498225Z    -> 0.0036s
2026-10-02T16:01:12.3498748Z -- create_table("environments", {id: {type: :integer, unsigned: true}, charset: "utf8mb3", collation: "utf8mb3_czech_ci", force: :cascade})
2026-10-02T16:01:12.3499631Z    -> 0.0029s
2026-10-02T16:01:12.3500164Z -- create_table("export_hosts", {id: {type: :integer, unsigned: true}, charset: "utf8mb3", collation: "utf8mb3_czech_ci", force: :cascade})
2026-10-02T16:01:12.3501093Z    -> 0.0038s
2026-10-02T16:01:12.3501525Z -- create_table("export_mounts", {charset: "utf8mb3", collation: "utf8mb3_czech_ci", force: :cascade})
2026-10-02T16:01:12.3502056Z    -> 0.0038s
2026-10-02T16:01:12.3502773Z -- create_table("exports", {id: {type: :integer, unsigned: true}, charset: "utf8mb3", collation: "utf8mb3_czech_ci", force: :cascade})
2026-10-02T16:01:12.3503638Z    -> 0.0044s
2026-10-02T16:01:12.3504541Z -- create_table("group_snapshots", {id: {type: :integer, unsigned: true}, charset: "utf8mb3", collation: "utf8mb3_czech_ci", force: :cascade})
2026-10-02T16:01:12.3505287Z    -> 0.0035s
2026-10-02T16:01:12.3506081Z -- create_table("host_ip_addresses", {id: {type: :integer, unsigned: true}, charset: "utf8mb3", collation: "utf8mb3_czech_ci", force: :cascade})
2026-10-02T16:01:12.3506875Z    -> 0.0049s
2026-10-02T16:01:12.3507637Z -- create_table("incident_reports", {charset: "utf8mb3", collation: "utf8mb3_czech_ci", force: :cascade})
2026-10-02T16:01:12.3508299Z    -> 0.0101s
2026-10-02T16:01:12.3508751Z -- create_table("ip_address_assignments", {charset: "utf8mb3", collation: "utf8mb3_czech_ci", force: :cascade})
2026-10-02T16:01:12.3509446Z    -> 0.0062s
2026-10-02T16:01:12.3510043Z -- create_table("ip_addresses", {id: {type: :integer, unsigned: true}, charset: "utf8mb3", collation: "utf8mb3_czech_ci", force: :cascade})
2026-10-02T16:01:12.3510777Z    -> 0.0105s
2026-10-02T16:01:12.3511249Z -- create_table("ip_release_attempt_addresses", {charset: "utf8mb3", collation: "utf8mb3_unicode_ci", force: :cascade})
2026-10-02T16:01:12.3511787Z    -> 0.0042s
2026-10-02T16:01:12.3512516Z -- create_table("ip_release_attempts", {charset: "utf8mb3", collation: "utf8mb3_unicode_ci", force: :cascade})
2026-10-02T16:01:12.3513665Z    -> 0.0039s
2026-10-02T16:01:12.3514256Z -- create_table("ip_release_campaigns", {charset: "utf8mb3", collation: "utf8mb3_unicode_ci", force: :cascade})
2026-10-02T16:01:12.3514975Z    -> 0.0028s
2026-10-02T16:01:12.3515817Z -- create_table("ip_release_request_addresses", {charset: "utf8mb3", collation: "utf8mb3_unicode_ci", force: :cascade})
2026-10-02T16:01:12.3516750Z    -> 0.0048s
2026-10-02T16:01:12.3517217Z -- create_table("ip_release_request_notices", {charset: "utf8mb3", collation: "utf8mb3_unicode_ci", force: :cascade})
2026-10-02T16:01:12.3517741Z    -> 0.0035s
2026-10-02T16:01:12.3518178Z -- create_table("ip_release_requests", {charset: "utf8mb3", collation: "utf8mb3_unicode_ci", force: :cascade})
2026-10-02T16:01:12.3519111Z    -> 0.0046s
2026-10-02T16:01:12.3520127Z -- create_table("ip_traffic_monthly_summaries", {id: {type: :integer, unsigned: true}, charset: "utf8mb3", collation: "utf8mb3_czech_ci", force: :cascade})
2026-10-02T16:01:12.3521261Z    -> 0.0068s
2026-10-02T16:01:12.3521778Z -- create_table("languages", {id: {type: :integer, unsigned: true}, charset: "utf8mb3", collation: "utf8mb3_czech_ci", force: :cascade})
2026-10-02T16:01:12.3522592Z    -> 0.0036s
2026-10-02T16:01:12.3523156Z -- create_table("location_networks", {id: {type: :integer, unsigned: true}, charset: "utf8mb3", collation: "utf8mb3_czech_ci", force: :cascade})
2026-10-02T16:01:12.3524002Z    -> 0.0060s
2026-10-02T16:01:12.3524815Z -- create_table("locations", {id: {type: :integer, unsigned: true}, charset: "utf8mb3", collation: "utf8mb3_czech_ci", force: :cascade})
2026-10-02T16:01:12.3525428Z    -> 0.0032s
2026-10-02T16:01:12.3526024Z -- create_table("mail_logs", {id: {type: :integer, unsigned: true}, charset: "utf8mb3", collation: "utf8mb3_czech_ci", force: :cascade})
2026-10-02T16:01:12.3526755Z    -> 0.0036s
2026-10-02T16:01:12.3527657Z -- create_table("mail_recipients", {id: {type: :integer, unsigned: true}, charset: "utf8mb3", collation: "utf8mb3_czech_ci", force: :cascade})
2026-10-02T16:01:12.3528274Z    -> 0.0029s
2026-10-02T16:01:12.3528826Z -- create_table("mail_template_recipients", {id: {type: :integer, unsigned: true}, charset: "utf8mb3", collation: "utf8mb3_czech_ci", force: :cascade})
2026-10-02T16:01:12.3529463Z    -> 0.0036s
2026-10-02T16:01:12.3530041Z -- create_table("mail_template_translations", {id: {type: :integer, unsigned: true}, charset: "utf8mb3", collation: "utf8mb3_czech_ci", force: :cascade})
2026-10-02T16:01:12.3531259Z    -> 0.0038s
2026-10-02T16:01:12.5998585Z -- create_table("mail_templates", {id: {type: :integer, unsigned: true}, charset: "utf8mb3", collation: "utf8mb3_czech_ci", force: :cascade})
2026-10-02T16:01:12.5999776Z    -> 0.0043s
2026-10-02T16:01:12.6000488Z -- create_table("mailbox_handlers", {charset: "utf8mb3", collation: "utf8mb3_czech_ci", force: :cascade})
2026-10-02T16:01:12.6001304Z    -> 0.0041s
2026-10-02T16:01:12.6001932Z -- create_table("mailboxes", {charset: "utf8mb3", collation: "utf8mb3_czech_ci", force: :cascade})
2026-10-02T16:01:12.6002804Z    -> 0.0031s
2026-10-02T16:01:12.6004163Z -- create_table("maintenance_locks", {id: {type: :integer, unsigned: true}, charset: "utf8mb3", collation: "utf8mb3_czech_ci", force: :cascade})
2026-10-02T16:01:12.6005484Z    -> 0.0037s
2026-10-02T16:01:12.6006199Z -- create_table("metrics_access_tokens", {charset: "utf8mb3", collation: "utf8mb3_czech_ci", force: :cascade})
2026-10-02T16:01:12.6007374Z    -> 0.0044s
2026-10-02T16:01:12.6008327Z -- create_table("migration_plans", {id: {type: :integer, unsigned: true}, charset: "utf8mb3", collation: "utf8mb3_czech_ci", force: :cascade})
2026-10-02T16:01:12.6009393Z    -> 0.0030s
2026-10-02T16:01:12.6010191Z -- create_table("mirrors", {id: {type: :integer, unsigned: true}, charset: "utf8mb3", collation: "utf8mb3_czech_ci", force: :cascade})
2026-10-02T16:01:12.6011024Z    -> 0.0034s
2026-10-02T16:01:12.6011563Z -- create_table("mounts", {id: {type: :integer, unsigned: true}, charset: "utf8mb3", collation: "utf8mb3_czech_ci", force: :cascade})
2026-10-02T16:01:12.6012194Z    -> 0.0043s
2026-10-02T16:01:12.6012993Z -- create_table("network_interface_daily_accountings", {primary_key: ["network_interface_id", "user_id", "year", "month", "day"], charset: "utf8mb3", collation: "utf8mb3_czech_ci", force: :cascade})
2026-10-02T16:01:12.6014234Z    -> 0.0056s
2026-10-02T16:01:12.6015117Z -- create_table("network_interface_monitors", {primary_key: "network_interface_id", id: :bigint, default: nil, charset: "utf8mb3", collation: "utf8mb3_czech_ci", force: :cascade})
2026-10-02T16:01:12.6015960Z    -> 0.0030s
2026-10-02T16:01:12.6016775Z -- create_table("network_interface_monthly_accountings", {primary_key: ["network_interface_id", "user_id", "year", "month"], charset: "utf8mb3", collation: "utf8mb3_czech_ci", force: :cascade})
2026-10-02T16:01:12.6017651Z    -> 0.0052s
2026-10-02T16:01:12.6018427Z -- create_table("network_interface_yearly_accountings", {primary_key: ["network_interface_id", "user_id", "year"], charset: "utf8mb3", collation: "utf8mb3_czech_ci", force: :cascade})
2026-10-02T16:01:12.6019812Z    -> 0.0049s
2026-10-02T16:01:12.6020488Z -- create_table("network_interfaces", {id: {type: :integer, unsigned: true}, charset: "utf8mb3", collation: "utf8mb3_czech_ci", force: :cascade})
2026-10-02T16:01:12.6021348Z    -> 0.0058s
2026-10-02T16:01:12.6021878Z -- create_table("networks", {id: {type: :integer, unsigned: true}, charset: "utf8mb3", collation: "utf8mb3_czech_ci", force: :cascade})
2026-10-02T16:01:12.6022502Z    -> 0.0041s
2026-10-02T16:01:12.6023075Z -- create_table("node_current_statuses", {id: {type: :integer, unsigned: true}, charset: "utf8mb3", collation: "utf8mb3_czech_ci", force: :cascade})
2026-10-02T16:01:12.6024322Z    -> 0.0050s
2026-10-02T16:01:12.6024986Z -- create_table("node_ebpf_program_links", {charset: "utf8mb3", collation: "utf8mb3_bin", force: :cascade})
2026-10-02T16:01:12.6025510Z    -> 0.0038s
2026-10-02T16:01:12.6025946Z -- create_table("node_ebpf_program_objects", {charset: "utf8mb3", collation: "utf8mb3_bin", force: :cascade})
2026-10-02T16:01:12.6026450Z    -> 0.0040s
2026-10-02T16:01:12.6026850Z -- create_table("node_ebpf_programs", {charset: "utf8mb3", collation: "utf8mb3_bin", force: :cascade})
2026-10-02T16:01:12.6027329Z    -> 0.0040s
2026-10-02T16:01:12.6027795Z -- create_table("node_kernel_configuration_options", {charset: "utf8mb3", collation: "utf8mb3_bin", force: :cascade})
2026-10-02T16:01:12.6028454Z    -> 0.0039s
2026-10-02T16:01:12.6028908Z -- create_table("node_kernel_configurations", {charset: "utf8mb3", collation: "utf8mb3_bin", force: :cascade})
2026-10-02T16:01:12.6029535Z    -> 0.0041s
2026-10-02T16:01:12.6030132Z -- create_table("node_kernel_events", {charset: "utf8mb3", collation: "utf8mb3_czech_ci", force: :cascade})
2026-10-02T16:01:12.6030790Z    -> 0.0059s
2026-10-02T16:01:12.6031286Z -- create_table("node_kernel_evidence_checkpoints", {charset: "utf8mb3", collation: "utf8mb3_unicode_ci", force: :cascade})
2026-10-02T16:01:12.6031848Z    -> 0.0041s
2026-10-02T16:01:12.6032277Z -- create_table("node_kernel_evidence_errors", {charset: "utf8mb3", collation: "utf8mb3_bin", force: :cascade})
2026-10-02T16:01:12.6032773Z    -> 0.0051s
2026-10-02T16:01:12.6033175Z -- create_table("node_kernel_evidences", {charset: "utf8mb3", collation: "utf8mb3_bin", force: :cascade})
2026-10-02T16:01:12.6033815Z    -> 0.0045s
2026-10-02T16:01:12.6034274Z -- create_table("node_kernel_history_gaps", {charset: "utf8mb3", collation: "utf8mb3_czech_ci", force: :cascade})
2026-10-02T16:01:12.6034965Z    -> 0.0048s
2026-10-02T16:01:12.6035407Z -- create_table("node_kernel_history_states", {charset: "utf8mb3", collation: "utf8mb3_czech_ci", force: :cascade})
2026-10-02T16:01:12.6035926Z    -> 0.0036s
2026-10-02T16:01:12.6036513Z -- create_table("node_kernel_livepatch_patches", {charset: "utf8mb3", collation: "utf8mb3_bin", force: :cascade})
2026-10-02T16:01:12.6037127Z    -> 0.0048s
2026-10-02T16:01:12.6037551Z -- create_table("node_kernel_livepatches", {charset: "utf8mb3", collation: "utf8mb3_bin", force: :cascade})
2026-10-02T16:01:12.6038155Z    -> 0.0042s
2026-10-02T16:01:12.6038555Z -- create_table("node_kernel_modules", {charset: "utf8mb3", collation: "utf8mb3_bin", force: :cascade})
2026-10-02T16:01:12.6039026Z    -> 0.0043s
2026-10-02T16:01:12.6039435Z -- create_table("node_kernel_parameters", {charset: "utf8mb3", collation: "utf8mb3_bin", force: :cascade})
2026-10-02T16:01:12.6040035Z    -> 0.0037s
2026-10-02T16:01:12.6040440Z -- create_table("node_software_changes", {charset: "utf8mb3", collation: "utf8mb3_bin", force: :cascade})
2026-10-02T16:01:12.6041031Z    -> 0.0041s
2026-10-02T16:01:12.6041533Z -- create_table("node_software_versions", {charset: "utf8mb3", collation: "utf8mb3_bin", force: :cascade})
2026-10-02T16:01:12.6042043Z    -> 0.0038s
2026-10-02T16:01:12.6042561Z -- create_table("node_statuses", {id: {type: :integer, unsigned: true}, charset: "utf8mb3", collation: "utf8mb3_czech_ci", force: :cascade})
2026-10-02T16:01:12.6043159Z    -> 0.0042s
2026-10-02T16:01:12.6043848Z -- create_table("node_sysctl_changes", {charset: "utf8mb3", collation: "utf8mb3_bin", force: :cascade})
2026-10-02T16:01:12.6044336Z    -> 0.0036s
2026-10-02T16:01:12.6044714Z -- create_table("node_sysctls", {charset: "utf8mb3", collation: "utf8mb3_bin", force: :cascade})
2026-10-02T16:01:12.6045168Z    -> 0.0051s
2026-10-02T16:01:12.6045612Z -- create_table("node_system_history_states", {charset: "utf8mb3", collation: "utf8mb3_czech_ci", force: :cascade})
2026-10-02T16:01:12.6046132Z    -> 0.0049s
2026-10-02T16:01:12.6046546Z -- create_table("node_system_states", {charset: "utf8mb3", collation: "utf8mb3_czech_ci", force: :cascade})
2026-10-02T16:01:12.6047107Z    -> 0.0043s
2026-10-02T16:01:12.6047605Z -- create_table("node_transfer_connections", {charset: "utf8mb3", collation: "utf8mb3_czech_ci", force: :cascade})
2026-10-02T16:01:12.6048243Z    -> 0.0037s
2026-10-02T16:01:12.6048735Z -- create_table("nodes", {id: {type: :integer, unsigned: true}, charset: "utf8mb3", collation: "utf8mb3_czech_ci", force: :cascade})
2026-10-02T16:01:12.6049298Z    -> 0.0042s
2026-10-02T16:01:12.6049729Z -- create_table("oauth2_authorizations", {charset: "utf8mb3", collation: "utf8mb3_czech_ci", force: :cascade})
2026-10-02T16:01:12.6050232Z    -> 0.0060s
2026-10-02T16:01:12.6050644Z -- create_table("oauth2_clients", {charset: "utf8mb3", collation: "utf8mb3_czech_ci", force: :cascade})
2026-10-02T16:01:12.6051294Z    -> 0.0038s
2026-10-02T16:01:12.6052113Z -- create_table("object_histories", {id: {type: :integer, unsigned: true}, charset: "utf8mb3", collation: "utf8mb3_czech_ci", force: :cascade})
2026-10-02T16:01:12.6052966Z    -> 0.0043s
2026-10-02T16:01:12.6053936Z -- create_table("object_states", {id: {type: :integer, unsigned: true}, charset: "utf8mb3", collation: "utf8mb3_czech_ci", force: :cascade})
2026-10-02T16:01:12.6054560Z    -> 0.0036s
2026-10-02T16:01:12.6055131Z -- create_table("oom_preventions", {charset: "utf8mb3", collation: "utf8mb3_czech_ci", force: :cascade})
2026-10-02T16:01:12.6055622Z    -> 0.0037s
2026-10-02T16:01:12.6056034Z -- create_table("oom_report_counters", {charset: "utf8mb3", collation: "utf8mb3_czech_ci", force: :cascade})
2026-10-02T16:01:12.6056521Z    -> 0.0037s
2026-10-02T16:01:12.6057012Z -- create_table("oom_report_rules", {charset: "utf8mb3", collation: "utf8mb3_czech_ci", force: :cascade})
2026-10-02T16:01:12.6057786Z    -> 0.0035s
2026-10-02T16:01:12.6058317Z -- create_table("oom_report_stats", {id: {type: :integer, unsigned: true}, charset: "utf8mb3", collation: "utf8mb3_czech_ci", force: :cascade})
2026-10-02T16:01:12.6059368Z    -> 0.0036s
2026-10-02T16:01:12.6059980Z -- create_table("oom_report_tasks", {id: {type: :integer, unsigned: true}, charset: "utf8mb3", collation: "utf8mb3_czech_ci", force: :cascade})
2026-10-02T16:01:12.6060816Z    -> 0.0035s
2026-10-02T16:01:12.6061578Z -- create_table("oom_report_usages", {id: {type: :integer, unsigned: true}, charset: "utf8mb3", collation: "utf8mb3_czech_ci", force: :cascade})
2026-10-02T16:01:12.6062184Z    -> 0.0034s
2026-10-02T16:01:12.6062675Z -- create_table("oom_reports", {id: {type: :integer, unsigned: true}, charset: "utf8mb3", collation: "utf8mb3_czech_ci", force: :cascade})
2026-10-02T16:01:12.6063250Z    -> 0.0044s
2026-10-02T16:01:12.6063981Z -- create_table("os_families", {charset: "utf8mb3", collation: "utf8mb3_czech_ci", force: :cascade})
2026-10-02T16:01:12.6064460Z    -> 0.0034s
2026-10-02T16:01:12.6065095Z -- create_table("os_templates", {id: {type: :integer, unsigned: true}, charset: "utf8mb3", collation: "utf8mb3_czech_ci", force: :cascade})
2026-10-02T16:01:12.6065978Z    -> 0.0048s
2026-10-02T16:01:12.6066659Z -- create_table("password_change_logs", {charset: "utf8mb3", collation: "utf8mb3_czech_ci", force: :cascade})
2026-10-02T16:01:12.6067180Z    -> 0.0049s
2026-10-02T16:01:12.6067735Z -- create_table("password_event_counters", {charset: "utf8mb3", collation: "utf8mb3_czech_ci", force: :cascade})
2026-10-02T16:01:12.6068252Z    -> 0.0042s
2026-10-02T16:01:12.6068791Z -- create_table("password_recoveries", {charset: "utf8mb3", collation: "utf8mb3_czech_ci", force: :cascade})
2026-10-02T16:01:12.6069285Z    -> 0.0058s
2026-10-02T16:01:12.6069742Z -- create_table("password_recovery_requests", {charset: "utf8mb3", collation: "utf8mb3_czech_ci", force: :cascade})
2026-10-02T16:01:12.6070270Z    -> 0.0047s
2026-10-02T16:01:12.6070736Z -- create_table("password_recovery_submissions", {charset: "utf8mb3", collation: "utf8mb3_czech_ci", force: :cascade})
2026-10-02T16:01:12.6071273Z    -> 0.0055s
2026-10-02T16:01:12.6071759Z -- create_table("pools", {id: {type: :integer, unsigned: true}, charset: "utf8mb3", collation: "utf8mb3_czech_ci", force: :cascade})
2026-10-02T16:01:12.6072325Z    -> 0.0045s
2026-10-02T16:01:12.6072852Z -- create_table("port_reservations", {id: {type: :integer, unsigned: true}, charset: "utf8mb3", collation: "utf8mb3_czech_ci", force: :cascade})
2026-10-02T16:01:12.6073766Z    -> 0.0048s
2026-10-02T16:01:12.8550862Z -- create_table("repeatable_tasks", {id: {type: :integer, unsigned: true}, charset: "utf8mb3", collation: "utf8mb3_czech_ci", force: :cascade})
2026-10-02T16:01:12.8551973Z    -> 0.0035s
2026-10-02T16:01:12.8552702Z -- create_table("resource_locks", {id: {type: :integer, unsigned: true}, charset: "utf8mb3", collation: "utf8mb3_czech_ci", force: :cascade})
2026-10-02T16:01:12.8553922Z    -> 0.0038s
2026-10-02T16:01:12.8554594Z -- create_table("security_advisories", {charset: "utf8mb3", collation: "utf8mb3_czech_ci", force: :cascade})
2026-10-02T16:01:12.8555310Z    -> 0.0098s
2026-10-02T16:01:12.8555922Z -- create_table("security_advisory_cves", {charset: "utf8mb3", collation: "utf8mb3_czech_ci", force: :cascade})
2026-10-02T16:01:12.8556495Z    -> 0.0038s
2026-10-02T16:01:12.8557348Z -- create_table("security_advisory_node_status_translations", {charset: "utf8mb3", collation: "utf8mb3_czech_ci", force: :cascade})
2026-10-02T16:01:12.8558149Z    -> 0.0040s
2026-10-02T16:01:12.8558753Z -- create_table("security_advisory_node_statuses", {charset: "utf8mb3", collation: "utf8mb3_czech_ci", force: :cascade})
2026-10-02T16:01:12.8559373Z    -> 0.0045s
2026-10-02T16:01:12.8559988Z -- create_table("security_advisory_translations", {charset: "utf8mb3", collation: "utf8mb3_czech_ci", force: :cascade})
2026-10-02T16:01:12.8560878Z    -> 0.0045s
2026-10-02T16:01:12.8561726Z -- create_table("security_advisory_updates", {charset: "utf8mb3", collation: "utf8mb3_czech_ci", force: :cascade})
2026-10-02T16:01:12.8562704Z    -> 0.0046s
2026-10-02T16:01:12.8563734Z -- create_table("security_advisory_users", {charset: "utf8mb3", collation: "utf8mb3_czech_ci", force: :cascade})
2026-10-02T16:01:12.8564621Z    -> 0.0039s
2026-10-02T16:01:12.8565264Z -- create_table("security_advisory_vpses", {charset: "utf8mb3", collation: "utf8mb3_czech_ci", force: :cascade})
2026-10-02T16:01:12.8565822Z    -> 0.0042s
2026-10-02T16:01:12.8566356Z -- create_table("single_sign_ons", {charset: "utf8mb3", collation: "utf8mb3_czech_ci", force: :cascade})
2026-10-02T16:01:12.8566844Z    -> 0.0033s
2026-10-02T16:01:12.8567403Z -- create_table("snapshot_downloads", {id: {type: :integer, unsigned: true}, charset: "utf8mb3", collation: "utf8mb3_czech_ci", force: :cascade})
2026-10-02T16:01:12.8568017Z    -> 0.0033s
2026-10-02T16:01:12.8568777Z -- create_table("snapshot_in_pool_clones", {id: {type: :integer, unsigned: true}, charset: "utf8mb3", collation: "utf8mb3_czech_ci", force: :cascade})
2026-10-02T16:01:12.8569430Z    -> 0.0040s
2026-10-02T16:01:12.8570171Z -- create_table("snapshot_in_pool_in_branches", {id: {type: :integer, unsigned: true}, charset: "utf8mb3", collation: "utf8mb3_czech_ci", force: :cascade})
2026-10-02T16:01:12.8570876Z    -> 0.0042s
2026-10-02T16:01:12.8571409Z -- create_table("snapshot_in_pools", {id: {type: :integer, unsigned: true}, charset: "utf8mb3", collation: "utf8mb3_czech_ci", force: :cascade})
2026-10-02T16:01:12.8572113Z    -> 0.0044s
2026-10-02T16:01:12.8572626Z -- create_table("snapshots", {id: {type: :integer, unsigned: true}, charset: "utf8mb3", collation: "utf8mb3_czech_ci", force: :cascade})
2026-10-02T16:01:12.8573189Z    -> 0.0038s
2026-10-02T16:01:12.8573981Z -- create_table("storage_filesystem_identities", {charset: "utf8mb3", collation: "utf8mb3_unicode_ci", force: :cascade})
2026-10-02T16:01:12.8574533Z    -> 0.0057s
2026-10-02T16:01:12.8575209Z -- create_table("storage_freeze_controls", {id: :bigint, default: nil, charset: "utf8mb3", collation: "utf8mb3_unicode_ci", force: :cascade})
2026-10-02T16:01:12.8575926Z    -> 0.0029s
2026-10-02T16:01:12.8576389Z -- create_table("storage_freeze_transitions", {charset: "utf8mb3", collation: "utf8mb3_unicode_ci", force: :cascade})
2026-10-02T16:01:12.8576932Z    -> 0.0042s
2026-10-02T16:01:12.8577593Z -- create_table("storage_integrity_scopes", {charset: "utf8mb3", collation: "utf8mb3_unicode_ci", force: :cascade})
2026-10-02T16:01:12.8578121Z    -> 0.0040s
2026-10-02T16:01:12.8578567Z -- create_table("storage_mutation_attempts", {charset: "utf8mb3", collation: "utf8mb3_unicode_ci", force: :cascade})
2026-10-02T16:01:12.8579081Z    -> 0.0042s
2026-10-02T16:01:12.8579544Z -- create_table("storage_mutation_intent_scopes", {charset: "utf8mb3", collation: "utf8mb3_unicode_ci", force: :cascade})
2026-10-02T16:01:12.8580079Z    -> 0.0038s
2026-10-02T16:01:12.8580515Z -- create_table("storage_mutation_intents", {charset: "utf8mb3", collation: "utf8mb3_unicode_ci", force: :cascade})
2026-10-02T16:01:12.8581141Z    -> 0.0060s
2026-10-02T16:01:12.8581641Z -- create_table("storage_mutation_target_observations", {charset: "utf8mb3", collation: "utf8mb3_unicode_ci", force: :cascade})
2026-10-02T16:01:12.8582320Z    -> 0.0044s
2026-10-02T16:01:12.8583040Z -- create_table("storage_mutation_targets", {charset: "utf8mb3", collation: "utf8mb3_unicode_ci", force: :cascade})
2026-10-02T16:01:12.8583897Z    -> 0.0063s
2026-10-02T16:01:12.8584345Z -- create_table("storage_observation_runs", {charset: "utf8mb3", collation: "utf8mb3_unicode_ci", force: :cascade})
2026-10-02T16:01:12.8584857Z    -> 0.0041s
2026-10-02T16:01:12.8585446Z -- create_table("storage_observer_catch_up_audits", {charset: "utf8mb3", collation: "utf8mb3_unicode_ci", force: :cascade})
2026-10-02T16:01:12.8586263Z    -> 0.0104s
2026-10-02T16:01:12.8587131Z -- create_table("sysconfig", {id: {type: :integer, unsigned: true}, charset: "utf8mb3", collation: "utf8mb3_czech_ci", force: :cascade})
2026-10-02T16:01:12.8588128Z    -> 0.0049s
2026-10-02T16:01:12.8588966Z -- create_table("tokens", {id: {type: :integer, unsigned: true}, charset: "utf8mb3", collation: "utf8mb3_czech_ci", force: :cascade})
2026-10-02T16:01:12.8590233Z    -> 0.0045s
2026-10-02T16:01:12.8591250Z -- create_table("transaction_chain_concerns", {id: {type: :integer, unsigned: true}, charset: "utf8mb3", collation: "utf8mb3_czech_ci", force: :cascade})
2026-10-02T16:01:12.8592400Z    -> 0.0046s
2026-10-02T16:01:12.8592966Z -- create_table("transaction_chains", {id: {type: :integer, unsigned: true}, charset: "utf8mb3", collation: "utf8mb3_czech_ci", force: :cascade})
2026-10-02T16:01:12.8594023Z    -> 0.0050s
2026-10-02T16:01:12.8594616Z -- create_table("transaction_confirmations", {id: {type: :integer, unsigned: true}, charset: "utf8mb3", collation: "utf8mb3_czech_ci", force: :cascade})
2026-10-02T16:01:12.8595367Z    -> 0.0046s
2026-10-02T16:01:12.8595889Z -- create_table("transactions", {id: {type: :integer, unsigned: true}, charset: "utf8mb3", collation: "utf8mb3_czech_ci", force: :cascade})
2026-10-02T16:01:12.8596513Z    -> 0.0064s
2026-10-02T16:01:12.8597084Z -- create_table("user_agents", {id: {type: :integer, unsigned: true}, charset: "utf8mb3", collation: "utf8mb3_czech_ci", force: :cascade})
2026-10-02T16:01:12.8597711Z    -> 0.0041s
2026-10-02T16:01:12.8598286Z -- create_table("user_cluster_resource_packages", {id: {type: :integer, unsigned: true}, charset: "utf8mb3", collation: "utf8mb3_czech_ci", force: :cascade})
2026-10-02T16:01:12.8598963Z    -> 0.0048s
2026-10-02T16:01:12.8599522Z -- create_table("user_cluster_resources", {id: {type: :integer, unsigned: true}, charset: "utf8mb3", collation: "utf8mb3_czech_ci", force: :cascade})
2026-10-02T16:01:12.8600145Z    -> 0.0046s
2026-10-02T16:01:12.8600541Z -- create_table("user_devices", {charset: "utf8mb3", collation: "utf8mb3_czech_ci", force: :cascade})
2026-10-02T16:01:12.8601018Z    -> 0.0046s
2026-10-02T16:01:12.8601554Z -- create_table("user_failed_logins", {id: {type: :integer, unsigned: true}, charset: "utf8mb3", collation: "utf8mb3_czech_ci", force: :cascade})
2026-10-02T16:01:12.8602161Z    -> 0.0043s
2026-10-02T16:01:12.8602707Z -- create_table("user_mail_role_recipients", {id: {type: :integer, unsigned: true}, charset: "utf8mb3", collation: "utf8mb3_czech_ci", force: :cascade})
2026-10-02T16:01:12.8603579Z    -> 0.0045s
2026-10-02T16:01:12.8604282Z -- create_table("user_mail_template_recipients", {id: {type: :integer, unsigned: true}, charset: "utf8mb3", collation: "utf8mb3_czech_ci", force: :cascade})
2026-10-02T16:01:12.8604931Z    -> 0.0042s
2026-10-02T16:01:12.8605551Z -- create_table("user_namespace_blocks", {id: {type: :integer, unsigned: true}, charset: "utf8mb3", collation: "utf8mb3_czech_ci", force: :cascade})
2026-10-02T16:01:12.8606189Z    -> 0.0042s
2026-10-02T16:01:12.8606838Z -- create_table("user_namespace_map_entries", {id: {type: :integer, unsigned: true}, charset: "utf8mb3", collation: "utf8mb3_czech_ci", force: :cascade})
2026-10-02T16:01:12.8607845Z    -> 0.0035s
2026-10-02T16:01:12.8608770Z -- create_table("user_namespace_maps", {id: {type: :integer, unsigned: true}, charset: "utf8mb3", collation: "utf8mb3_czech_ci", force: :cascade})
2026-10-02T16:01:12.8609886Z    -> 0.0041s
2026-10-02T16:01:12.8610794Z -- create_table("user_namespaces", {id: {type: :integer, unsigned: true}, charset: "utf8mb3", collation: "utf8mb3_czech_ci", force: :cascade})
2026-10-02T16:01:12.8611857Z    -> 0.0043s
2026-10-02T16:01:12.8612417Z -- create_table("user_public_keys", {id: {type: :integer, unsigned: true}, charset: "utf8mb3", collation: "utf8mb3_czech_ci", force: :cascade})
2026-10-02T16:01:12.8613158Z    -> 0.0036s
2026-10-02T16:01:12.8614114Z -- create_table("user_sessions", {id: {type: :integer, unsigned: true}, charset: "utf8mb3", collation: "utf8mb3_czech_ci", force: :cascade})
2026-10-02T16:01:12.8614712Z    -> 0.0054s
2026-10-02T16:01:12.8615238Z -- create_table("user_totp_devices", {id: {type: :integer, unsigned: true}, charset: "utf8mb3", collation: "utf8mb3_czech_ci", force: :cascade})
2026-10-02T16:01:12.8615836Z    -> 0.0046s
2026-10-02T16:01:12.8616314Z -- create_table("users", {id: {type: :integer, unsigned: true}, charset: "utf8mb3", collation: "utf8mb3_czech_ci", force: :cascade})
2026-10-02T16:01:12.8617235Z    -> 0.0055s
2026-10-02T16:01:12.8617602Z -- create_table("uuids", {charset: "utf8mb3", collation: "utf8mb3_czech_ci", force: :cascade})
2026-10-02T16:01:12.8618053Z    -> 0.0036s
2026-10-02T16:01:12.8618772Z -- create_table("versions", {id: {type: :integer, unsigned: true}, charset: "utf8mb3", collation: "utf8mb3_czech_ci", force: :cascade})
2026-10-02T16:01:12.8619342Z    -> 0.0050s
2026-10-02T16:01:12.8619857Z -- create_table("vps_consoles", {id: {type: :integer, unsigned: true}, charset: "utf8mb3", collation: "utf8mb3_czech_ci", force: :cascade})
2026-10-02T16:01:12.8620441Z    -> 0.0035s
2026-10-02T16:01:12.8621101Z -- create_table("vps_current_statuses", {id: {type: :integer, unsigned: true}, charset: "utf8mb3", collation: "utf8mb3_czech_ci", force: :cascade})
2026-10-02T16:01:12.8621712Z    -> 0.0039s
2026-10-02T16:01:12.8622210Z -- create_table("vps_features", {id: {type: :integer, unsigned: true}, charset: "utf8mb3", collation: "utf8mb3_czech_ci", force: :cascade})
2026-10-02T16:01:12.8622797Z    -> 0.0037s
2026-10-02T16:01:12.8623598Z -- create_table("vps_maintenance_windows", {id: {type: :integer, unsigned: true}, charset: "utf8mb3", collation: "utf8mb3_czech_ci", force: :cascade})
2026-10-02T16:01:12.8624434Z    -> 0.0039s
2026-10-02T16:01:12.8624963Z -- create_table("vps_migrations", {id: {type: :integer, unsigned: true}, charset: "utf8mb3", collation: "utf8mb3_czech_ci", force: :cascade})
2026-10-02T16:01:12.8625549Z    -> 0.0032s
2026-10-02T16:01:12.8626060Z -- create_table("vps_os_processes", {primary_key: ["vps_id", "state"], charset: "utf8mb3", collation: "utf8mb3_czech_ci", force: :cascade})
2026-10-02T16:01:12.8626633Z    -> 0.0034s
2026-10-02T16:01:16.7193745Z -- create_table("vps_ssh_host_keys", {charset: "utf8mb3", collation: "utf8mb3_czech_ci", force: :cascade})
2026-10-02T16:01:16.7194966Z    -> 0.0038s
2026-10-02T16:01:16.7196167Z -- create_table("vps_statuses", {id: {type: :integer, unsigned: true}, charset: "utf8mb3", collation: "utf8mb3_czech_ci", force: :cascade})
2026-10-02T16:01:16.7197563Z    -> 0.0045s
2026-10-02T16:01:16.7198326Z -- create_table("vps_user_data", {charset: "utf8mb3", collation: "utf8mb3_czech_ci", force: :cascade})
2026-10-02T16:01:16.7198965Z    -> 0.0038s
2026-10-02T16:01:16.7199604Z -- create_table("vpses", {id: {type: :integer, unsigned: true}, charset: "utf8mb3", collation: "utf8mb3_czech_ci", force: :cascade})
2026-10-02T16:01:16.7200365Z    -> 0.0076s
2026-10-02T16:01:16.7200994Z -- create_table("webauthn_challenges", {charset: "utf8mb3", collation: "utf8mb3_czech_ci", force: :cascade})
2026-10-02T16:01:16.7201892Z    -> 0.0046s
2026-10-02T16:01:16.7202472Z -- create_table("webauthn_credentials", {charset: "utf8mb3", collation: "utf8mb3_czech_ci", force: :cascade})
2026-10-02T16:01:16.7203145Z    -> 0.0037s
2026-10-02T16:01:16.7204106Z -- add_foreign_key("node_current_statuses", "node_kernel_evidences", {on_delete: :nullify})
2026-10-02T16:01:16.7204997Z    -> 0.0068s
2026-10-02T16:01:16.7205475Z -- add_foreign_key("node_ebpf_program_links", "node_ebpf_programs", {on_delete: :cascade})
2026-10-02T16:01:16.7206060Z    -> 0.0052s
2026-10-02T16:01:16.7206751Z -- add_foreign_key("node_ebpf_program_objects", "node_ebpf_programs", {on_delete: :cascade})
2026-10-02T16:01:16.7207336Z    -> 0.0045s
2026-10-02T16:01:16.7207792Z -- add_foreign_key("node_ebpf_programs", "node_kernel_evidences", {on_delete: :cascade})
2026-10-02T16:01:16.7208355Z    -> 0.0056s
2026-10-02T16:01:16.7208815Z -- add_foreign_key("node_kernel_configuration_options", "node_kernel_configurations", {on_delete: :cascade})
2026-10-02T16:01:16.7209337Z    -> 0.0070s
2026-10-02T16:01:16.7209698Z -- add_foreign_key("node_kernel_events", "node_kernel_evidences", {on_delete: :nullify})
2026-10-02T16:01:16.7210124Z    -> 0.0077s
2026-10-02T16:01:16.7210472Z -- add_foreign_key("node_kernel_evidence_checkpoints", "nodes", {on_delete: :cascade})
2026-10-02T16:01:16.7210895Z    -> 0.0047s
2026-10-02T16:01:16.7211278Z -- add_foreign_key("node_kernel_evidence_errors", "node_kernel_evidences", {on_delete: :cascade})
2026-10-02T16:01:16.7211904Z    -> 0.0052s
2026-10-02T16:01:16.7212598Z -- add_foreign_key("node_kernel_history_gaps", "node_kernel_history_states", {on_delete: :cascade})
2026-10-02T16:01:16.7213185Z    -> 0.0048s
2026-10-02T16:01:16.7213967Z -- add_foreign_key("node_kernel_livepatch_patches", "node_kernel_livepatches", {on_delete: :cascade})
2026-10-02T16:01:16.7214478Z    -> 0.0068s
2026-10-02T16:01:16.7214851Z -- add_foreign_key("node_kernel_livepatches", "node_kernel_evidences", {on_delete: :cascade})
2026-10-02T16:01:16.7215295Z    -> 0.0051s
2026-10-02T16:01:16.7215642Z -- add_foreign_key("node_kernel_modules", "node_kernel_evidences", {on_delete: :cascade})
2026-10-02T16:01:16.7216063Z    -> 0.0047s
2026-10-02T16:01:16.7216418Z -- add_foreign_key("node_kernel_parameters", "node_kernel_evidences", {on_delete: :cascade})
2026-10-02T16:01:16.7216857Z    -> 0.0171s
2026-10-02T16:01:16.7217223Z -- add_foreign_key("node_software_changes", "node_kernel_events", {on_delete: :cascade})
2026-10-02T16:01:16.7217651Z    -> 0.0049s
2026-10-02T16:01:16.7218060Z -- add_foreign_key("node_software_versions", "node_kernel_evidences", {on_delete: :cascade})
2026-10-02T16:01:16.7218499Z    -> 0.0061s
2026-10-02T16:01:16.7218829Z -- add_foreign_key("node_sysctl_changes", "node_kernel_events", {on_delete: :cascade})
2026-10-02T16:01:16.7219231Z    -> 0.0044s
2026-10-02T16:01:16.7219554Z -- add_foreign_key("node_sysctls", "node_kernel_evidences", {on_delete: :cascade})
2026-10-02T16:01:16.7219949Z    -> 0.0050s
2026-10-02T16:01:16.7220274Z -- add_foreign_key("snapshot_in_pool_in_branches", "storage_observation_runs")
2026-10-02T16:01:16.7220668Z    -> 0.0053s
2026-10-02T16:01:16.7220956Z -- add_foreign_key("snapshot_in_pools", "storage_observation_runs")
2026-10-02T16:01:16.7221312Z    -> 0.0069s
2026-10-02T16:01:16.7221587Z -- add_foreign_key("storage_filesystem_identities", "branches")
2026-10-02T16:01:16.7221925Z    -> 0.0109s
2026-10-02T16:01:16.7222227Z -- add_foreign_key("storage_filesystem_identities", "dataset_in_pools")
2026-10-02T16:01:16.7222594Z    -> 0.0646s
2026-10-02T16:01:16.7222878Z -- add_foreign_key("storage_filesystem_identities", "dataset_trees")
2026-10-02T16:01:16.7223243Z    -> 0.0081s
2026-10-02T16:01:16.7223774Z -- add_foreign_key("storage_filesystem_identities", "nodes")
2026-10-02T16:01:16.7224105Z    -> 0.0079s
2026-10-02T16:01:16.7224363Z -- add_foreign_key("storage_filesystem_identities", "pools")
2026-10-02T16:01:16.7224690Z    -> 0.0073s
2026-10-02T16:01:16.7225043Z -- add_foreign_key("storage_filesystem_identities", "pools", {column: "owner_pool_id"})
2026-10-02T16:01:16.7225470Z    -> 0.0072s
2026-10-02T16:01:16.7226070Z -- add_foreign_key("storage_filesystem_identities", "snapshot_in_pool_clones")
2026-10-02T16:01:16.7226470Z    -> 0.0082s
2026-10-02T16:01:16.7227182Z -- add_foreign_key("storage_filesystem_identities", "snapshot_in_pool_in_branches", {column: "origin_snapshot_in_pool_in_branch_id"})
2026-10-02T16:01:16.7227785Z    -> 0.0070s
2026-10-02T16:01:16.7228243Z -- add_foreign_key("storage_filesystem_identities", "snapshot_in_pools", {column: "origin_snapshot_in_pool_id"})
2026-10-02T16:01:16.7228785Z    -> 0.0076s
2026-10-02T16:01:16.7229293Z -- add_foreign_key("storage_filesystem_identities", "storage_observation_runs")
2026-10-02T16:01:16.7229696Z    -> 0.0085s
2026-10-02T16:01:16.7230008Z -- add_foreign_key("storage_freeze_transitions", "storage_freeze_controls")
2026-10-02T16:01:16.7230384Z    -> 0.0066s
2026-10-02T16:01:16.7230749Z -- add_foreign_key("storage_integrity_scopes", "dataset_in_pools", {on_delete: :nullify})
2026-10-02T16:01:16.7231195Z    -> 0.0054s
2026-10-02T16:01:16.7231535Z -- add_foreign_key("storage_integrity_scopes", "pools", {on_delete: :nullify})
2026-10-02T16:01:16.7232222Z    -> 0.0051s
2026-10-02T16:01:16.7232761Z -- add_foreign_key("storage_mutation_attempts", "storage_mutation_intents")
2026-10-02T16:01:16.7233154Z    -> 0.0068s
2026-10-02T16:01:16.7233738Z -- add_foreign_key("storage_mutation_intent_scopes", "storage_integrity_scopes")
2026-10-02T16:01:16.7234485Z    -> 0.0046s
2026-10-02T16:01:16.7235010Z -- add_foreign_key("storage_mutation_intent_scopes", "storage_mutation_intents")
2026-10-02T16:01:16.7235751Z    -> 0.0045s
2026-10-02T16:01:16.7236121Z -- add_foreign_key("storage_mutation_intents", "nodes", {on_delete: :nullify})
2026-10-02T16:01:16.7236855Z    -> 0.0061s
2026-10-02T16:01:16.7237285Z -- add_foreign_key("storage_mutation_intents", "transaction_chains", {on_delete: :nullify})
2026-10-02T16:01:16.7237736Z    -> 0.0070s
2026-10-02T16:01:16.7238091Z -- add_foreign_key("storage_mutation_intents", "transactions", {on_delete: :nullify})
2026-10-02T16:01:16.7238505Z    -> 0.0063s
2026-10-02T16:01:16.7238862Z -- add_foreign_key("storage_mutation_target_observations", "storage_mutation_attempts")
2026-10-02T16:01:16.7239320Z    -> 0.0052s
2026-10-02T16:01:16.7239668Z -- add_foreign_key("storage_mutation_target_observations", "storage_mutation_targets")
2026-10-02T16:01:16.7240408Z    -> 0.0050s
2026-10-02T16:01:16.7241058Z -- add_foreign_key("storage_mutation_targets", "snapshot_in_pool_in_branches", {on_delete: :nullify})
2026-10-02T16:01:16.7241541Z    -> 0.0069s
2026-10-02T16:01:16.7241904Z -- add_foreign_key("storage_mutation_targets", "snapshot_in_pools", {on_delete: :nullify})
2026-10-02T16:01:16.7242339Z    -> 0.0061s
2026-10-02T16:01:16.7243014Z -- add_foreign_key("storage_mutation_targets", "storage_filesystem_identities", {on_delete: :nullify})
2026-10-02T16:01:16.7244128Z    -> 0.0066s
2026-10-02T16:01:16.7244592Z -- add_foreign_key("storage_mutation_targets", "storage_mutation_intent_scopes")
2026-10-02T16:01:16.7245089Z    -> 0.0059s
2026-10-02T16:01:16.7245609Z -- add_foreign_key("storage_mutation_targets", "storage_mutation_intents")
2026-10-02T16:01:16.7246178Z    -> 0.0064s
2026-10-02T16:01:16.7246558Z -- add_foreign_key("storage_observation_runs", "storage_integrity_scopes")
2026-10-02T16:01:16.7247184Z    -> 0.0050s
2026-10-02T16:01:16.7247450Z Run options: exclude {generator: true}
2026-10-02T16:01:16.7247805Z 
2026-10-02T16:01:16.7247963Z Randomized with seed 17513
2026-10-02T16:01:16.7248571Z == 20170408184500 Setup: migrating ============================================
2026-10-02T16:01:16.7249568Z -- create_table(:monitored_events, {options: "ENGINE=InnoDB", id: :integer})
2026-10-02T16:01:16.7250077Z    -> 0.0028s
2026-10-02T16:01:16.7250556Z -- add_index(:monitored_events, :monitor_name, {name: "index_monitored_events_on_monitor_name"})
2026-10-02T16:01:16.7267461Z    -> 0.0034s
2026-10-02T16:01:16.7267902Z -- add_index(:monitored_events, :class_name, {name: "index_monitored_events_on_class_name"})
2026-10-02T16:01:16.7268670Z    -> 0.0039s
2026-10-02T16:01:16.7269062Z -- add_index(:monitored_events, :row_id, {name: "index_monitored_events_on_row_id"})
2026-10-02T16:01:16.7269636Z    -> 0.0031s
2026-10-02T16:01:16.7270268Z -- add_index(:monitored_events, :state, {name: "index_monitored_events_on_state"})
2026-10-02T16:01:16.7270984Z    -> 0.0032s
2026-10-02T16:01:16.7271605Z -- add_index(:monitored_events, :user_id, {name: "index_monitored_events_on_user_id"})
2026-10-02T16:01:16.7272207Z    -> 0.0031s
2026-10-02T16:01:16.7272900Z -- create_table(:monitored_event_states, {options: "ENGINE=InnoDB", id: :integer})
2026-10-02T16:01:16.7273847Z    -> 0.0020s
2026-10-02T16:01:16.7274660Z -- add_index(:monitored_event_states, :monitored_event_id, {name: "index_monitored_event_states_on_monitored_event_id"})
2026-10-02T16:01:16.7275243Z    -> 0.0031s
2026-10-02T16:01:16.7275596Z -- create_table(:monitored_event_logs, {options: "ENGINE=InnoDB", id: :integer})
2026-10-02T16:01:16.7276017Z    -> 0.0019s
2026-10-02T16:01:16.7276786Z -- add_index(:monitored_event_logs, :monitored_event_id, {name: "index_monitored_event_logs_on_monitored_event_id"})
2026-10-02T16:01:16.7277671Z    -> 0.0028s
2026-10-02T16:01:16.7278152Z -- add_index(:monitored_event_logs, :passed, {name: "index_monitored_event_logs_on_passed"})
2026-10-02T16:01:16.7278826Z    -> 0.0029s
2026-10-02T16:01:16.7279148Z == 20170408184500 Setup: migrated (0.0326s) ===================================
2026-10-02T16:01:16.7279869Z 
2026-10-02T16:01:16.7280232Z == 20230123085900 AddMonitoredEventActionState: migrating =====================
2026-10-02T16:01:16.7280965Z -- add_column(:monitored_events, :action_state, :text, {null: true})
2026-10-02T16:01:16.7281388Z    -> 0.0030s
2026-10-02T16:01:16.7281735Z == 20230123085900 AddMonitoredEventActionState: migrated (0.0031s) ============
2026-10-02T16:01:16.7282070Z 
2026-10-02T16:01:16.7282290Z == 20231105124400 AddMonitoredEventAlertCount: migrating ======================
2026-10-02T16:01:16.7283027Z -- add_column(:monitored_events, :alert_count, :integer, {null: false, default: 0})
2026-10-02T16:01:16.7284013Z    -> 0.0033s
2026-10-02T16:01:16.7284603Z == 20231105124400 AddMonitoredEventAlertCount: migrated (0.0034s) =============
2026-10-02T16:01:16.7285193Z 
2026-10-02T16:01:16.7337581Z == 20170122083340 Setup: migrating ============================================
2026-10-02T16:01:16.7338190Z -- create_table(:user_requests, {options: "ENGINE=InnoDB", id: :integer})
2026-10-02T16:01:16.7366673Z    -> 0.0029s
2026-10-02T16:01:16.7369270Z -- add_index(:user_requests, :user_id, {name: "index_user_requests_on_user_id"})
2026-10-02T16:01:16.7399823Z    -> 0.0030s
2026-10-02T16:01:16.7400311Z -- add_index(:user_requests, :type, {name: "index_user_requests_on_type"})
2026-10-02T16:01:16.7434833Z    -> 0.0034s
2026-10-02T16:01:16.7435374Z -- add_index(:user_requests, :state, {name: "index_user_requests_on_state"})
2026-10-02T16:01:16.7468530Z    -> 0.0033s
2026-10-02T16:01:16.7469110Z -- add_index(:user_requests, :admin_id, {name: "index_user_requests_on_admin_id"})
2026-10-02T16:01:16.7504500Z    -> 0.0035s
2026-10-02T16:01:16.7504894Z -- table_exists?(:members_changes)
2026-10-02T16:01:16.7512829Z    -> 0.0008s
2026-10-02T16:01:16.7513391Z == 20170122083340 Setup: migrated (0.0176s) ===================================
2026-10-02T16:01:16.7514032Z 
2026-10-02T16:01:16.7521297Z == 20170908165000 AddAccessToken: migrating ===================================
2026-10-02T16:01:16.7522275Z -- add_column(:user_requests, :access_token, :string, {null: true, limit: 40})
2026-10-02T16:01:16.7551251Z    -> 0.0029s
2026-10-02T16:01:16.7551672Z == 20170908165000 AddAccessToken: migrated (0.0030s) ==========================
2026-10-02T16:01:16.7552024Z 
2026-10-02T16:01:16.7560905Z == 20201126142500 AddIpMailChecks: migrating ==================================
2026-10-02T16:01:16.7561463Z -- add_column(:user_requests, :ip_checked, :boolean, {null: true})
2026-10-02T16:01:16.7593010Z    -> 0.0032s
2026-10-02T16:01:16.7593786Z -- add_column(:user_requests, :ip_request_id, :string, {limit: 50, null: true})
2026-10-02T16:01:16.7620965Z    -> 0.0027s
2026-10-02T16:01:16.7621547Z -- add_column(:user_requests, :ip_success, :boolean, {null: true})
2026-10-02T16:01:16.7648135Z    -> 0.0027s
2026-10-02T16:01:16.7648838Z -- add_column(:user_requests, :ip_message, :string, {limit: 255, null: true})
2026-10-02T16:01:16.7675029Z    -> 0.0026s
2026-10-02T16:01:16.7675618Z -- add_column(:user_requests, :ip_errors, :text, {null: true})
2026-10-02T16:01:16.7702374Z    -> 0.0027s
2026-10-02T16:01:16.7703186Z -- add_column(:user_requests, :ip_proxy, :boolean, {null: true})
2026-10-02T16:01:16.7729407Z    -> 0.0026s
2026-10-02T16:01:16.7729957Z -- add_column(:user_requests, :ip_crawler, :boolean, {null: true})
2026-10-02T16:01:16.7759764Z    -> 0.0030s
2026-10-02T16:01:16.7760399Z -- add_column(:user_requests, :ip_recent_abuse, :boolean, {null: true})
2026-10-02T16:01:16.7789851Z    -> 0.0029s
2026-10-02T16:01:16.7790467Z -- add_column(:user_requests, :ip_vpn, :boolean, {null: true})
2026-10-02T16:01:16.7816381Z    -> 0.0026s
2026-10-02T16:01:16.7816994Z -- add_column(:user_requests, :ip_tor, :boolean, {null: true})
2026-10-02T16:01:16.7840956Z    -> 0.0024s
2026-10-02T16:01:16.7841521Z -- add_column(:user_requests, :ip_fraud_score, :integer, {null: true})
2026-10-02T16:01:16.7865947Z    -> 0.0024s
2026-10-02T16:01:16.7866530Z -- add_column(:user_requests, :mail_checked, :boolean, {null: true})
2026-10-02T16:01:16.7909823Z    -> 0.0043s
2026-10-02T16:01:16.7910521Z -- add_column(:user_requests, :mail_request_id, :string, {limit: 50, null: true})
2026-10-02T16:01:16.7941550Z    -> 0.0031s
2026-10-02T16:01:16.7942195Z -- add_column(:user_requests, :mail_success, :boolean, {null: true})
2026-10-02T16:01:16.7969430Z    -> 0.0027s
2026-10-02T16:01:16.7970015Z -- add_column(:user_requests, :mail_message, :string, {limit: 255, null: true})
2026-10-02T16:01:16.7995172Z    -> 0.0025s
2026-10-02T16:01:16.7995622Z -- add_column(:user_requests, :mail_errors, :text, {null: true})
2026-10-02T16:01:16.8022552Z    -> 0.0027s
2026-10-02T16:01:16.8023078Z -- add_column(:user_requests, :mail_valid, :boolean, {null: true})
2026-10-02T16:01:16.8045973Z    -> 0.0023s
2026-10-02T16:01:16.8046496Z -- add_column(:user_requests, :mail_disposable, :boolean, {null: true})
2026-10-02T16:01:16.8077761Z    -> 0.0031s
2026-10-02T16:01:16.8078281Z -- add_column(:user_requests, :mail_timed_out, :boolean, {null: true})
2026-10-02T16:01:16.8105251Z    -> 0.0027s
2026-10-02T16:01:16.8105842Z -- add_column(:user_requests, :mail_deliverability, :string, {limit: 20, null: true})
2026-10-02T16:01:16.8131934Z    -> 0.0026s
2026-10-02T16:01:16.8132442Z -- add_column(:user_requests, :mail_catch_all, :boolean, {null: true})
2026-10-02T16:01:16.8158591Z    -> 0.0026s
2026-10-02T16:01:16.8159094Z -- add_column(:user_requests, :mail_leaked, :boolean, {null: true})
2026-10-02T16:01:16.8184605Z    -> 0.0025s
2026-10-02T16:01:16.8185405Z -- add_column(:user_requests, :mail_suspect, :boolean, {null: true})
2026-10-02T16:01:16.8212596Z    -> 0.0028s
2026-10-02T16:01:16.8213188Z -- add_column(:user_requests, :mail_smtp_score, :integer, {null: true})
2026-10-02T16:01:16.8240348Z    -> 0.0027s
2026-10-02T16:01:16.8240927Z -- add_column(:user_requests, :mail_overall_score, :integer, {null: true})
2026-10-02T16:01:16.8265922Z    -> 0.0025s
2026-10-02T16:01:16.8266525Z -- add_column(:user_requests, :mail_fraud_score, :integer, {null: true})
2026-10-02T16:01:16.8294929Z    -> 0.0028s
2026-10-02T16:01:16.8295524Z -- add_column(:user_requests, :mail_dns_valid, :boolean, {null: true})
2026-10-02T16:01:16.8322016Z    -> 0.0027s
2026-10-02T16:01:16.8322628Z -- add_column(:user_requests, :mail_honeypot, :boolean, {null: true})
2026-10-02T16:01:16.8348357Z    -> 0.0026s
2026-10-02T16:01:16.8349109Z -- add_column(:user_requests, :mail_spam_trap_score, :string, {limit: 20, null: true})
2026-10-02T16:01:16.8378280Z    -> 0.0029s
2026-10-02T16:01:16.8378954Z -- add_column(:user_requests, :mail_recent_abuse, :boolean, {null: true})
2026-10-02T16:01:16.8407487Z    -> 0.0029s
2026-10-02T16:01:16.8408195Z -- add_column(:user_requests, :mail_frequent_complainer, :boolean, {null: true})
2026-10-02T16:01:16.8433126Z    -> 0.0025s
2026-10-02T16:01:16.8433941Z == 20201126142500 AddIpMailChecks: migrated (0.0872s) =========================
2026-10-02T16:01:16.8434478Z 
2026-10-02T16:01:16.8442132Z == 20260606223100 AddUserRequestsTimeZone: migrating ==========================
2026-10-02T16:01:16.8443103Z -- add_column(:user_requests, :time_zone, :string, {null: true})
2026-10-02T16:01:16.8470357Z    -> 0.0028s
2026-10-02T16:01:16.8471241Z == 20260606223100 AddUserRequestsTimeZone: migrated (0.0028s) =================
2026-10-02T16:01:16.8471908Z 
2026-10-02T16:01:16.8535809Z == 20170121214350 Setup: migrating ============================================
2026-10-02T16:01:16.8536762Z -- create_table(:incoming_payments, {options: "ENGINE=InnoDB", id: :integer})
2026-10-02T16:01:16.8560896Z    -> 0.0025s
2026-10-02T16:01:16.8561812Z -- add_index(:incoming_payments, :transaction_id, {unique: true, name: "index_incoming_payments_on_transaction_id"})
2026-10-02T16:01:16.8592244Z    -> 0.0031s
2026-10-02T16:01:16.8592944Z -- add_index(:incoming_payments, :vs, {name: "index_incoming_payments_on_vs"})
2026-10-02T16:01:16.8621270Z    -> 0.0028s
2026-10-02T16:01:16.8651980Z -- add_index(:incoming_payments, :ks, {name: "index_incoming_payments_on_ks"})
2026-10-02T16:01:16.8653060Z    -> 0.0030s
2026-10-02T16:01:16.8653924Z -- add_index(:incoming_payments, :ss, {name: "index_incoming_payments_on_ss"})
2026-10-02T16:01:16.8681574Z    -> 0.0029s
2026-10-02T16:01:16.8682168Z -- create_table(:user_accounts, {options: "ENGINE=InnoDB", id: :integer})
2026-10-02T16:01:16.8704847Z    -> 0.0023s
2026-10-02T16:01:16.8705527Z -- add_index(:user_accounts, :user_id, {unique: true, name: "index_user_accounts_on_user_id"})
2026-10-02T16:01:16.8735064Z    -> 0.0030s
2026-10-02T16:01:16.8735631Z -- create_table(:user_payments, {options: "ENGINE=InnoDB", id: :integer})
2026-10-02T16:01:16.8755344Z    -> 0.0020s
2026-10-02T16:01:16.8756188Z -- add_index(:user_payments, :incoming_payment_id, {unique: true, name: "index_user_payments_on_incoming_payment_id"})
2026-10-02T16:01:16.8782668Z    -> 0.0027s
2026-10-02T16:01:16.8783293Z -- add_index(:user_payments, :user_id, {name: "index_user_payments_on_user_id"})
2026-10-02T16:01:16.8815809Z    -> 0.0032s
2026-10-02T16:01:16.8816611Z -- add_index(:user_payments, :accounted_by_id, {name: "index_user_payments_on_accounted_by_id"})
2026-10-02T16:01:16.8852900Z    -> 0.0036s
2026-10-02T16:01:16.8858635Z == 20170121214350 Setup: migrated (0.0323s) ===================================
2026-10-02T16:01:16.8859308Z 
2026-10-02T16:01:16.8870894Z == 20260706212000 LocalizePaymentInstructionsSysconfig: migrating =============
2026-10-02T16:01:16.8887938Z == 20260706212000 LocalizePaymentInstructionsSysconfig: migrated (0.0017s) ====
2026-10-02T16:01:16.8888683Z 
2026-10-02T16:01:16.8894209Z == 20260905180000 AddUserPaymentsCreatedAtIndex: migrating ====================
2026-10-02T16:01:16.8895132Z -- add_index(:user_payments, :created_at)
2026-10-02T16:01:16.8925623Z    -> 0.0031s
2026-10-02T16:01:16.8926256Z == 20260905180000 AddUserPaymentsCreatedAtIndex: migrated (0.0032s) ===========
2026-10-02T16:01:16.8926916Z 
2026-10-02T16:01:16.8986035Z == 20170201093720 Setup: migrating ============================================
2026-10-02T16:01:16.8986944Z -- create_table(:help_boxes, {options: "ENGINE=InnoDB", id: :integer})
2026-10-02T16:01:16.9063183Z    -> 0.0076s
2026-10-02T16:01:16.9064167Z -- add_index(:help_boxes, :page, {name: "index_help_boxes_on_page"})
2026-10-02T16:01:16.9097792Z    -> 0.0034s
2026-10-02T16:01:16.9098419Z -- add_index(:help_boxes, :action, {name: "index_help_boxes_on_action"})
2026-10-02T16:01:16.9128717Z    -> 0.0030s
2026-10-02T16:01:16.9129380Z -- add_index(:help_boxes, [:page, :action], {name: "index_help_boxes_on_page_and_action"})
2026-10-02T16:01:16.9159249Z    -> 0.0030s
2026-10-02T16:01:16.9159801Z == 20170201093720 Setup: migrated (0.0174s) ===================================
2026-10-02T16:01:16.9160295Z 
2026-10-02T16:01:16.9169302Z == 20260607190000 AddWebuiUserSettings: migrating =============================
2026-10-02T16:01:16.9170097Z -- create_table(:webui_user_settings)
2026-10-02T16:01:16.9188296Z    -> 0.0019s
2026-10-02T16:01:16.9189246Z -- add_index(:webui_user_settings, [:user_id, :namespace, :key], {unique: true, name: "index_webui_user_settings_unique_key"})
2026-10-02T16:01:16.9219197Z    -> 0.0030s
2026-10-02T16:01:16.9220327Z -- add_index(:webui_user_settings, [:user_id, :namespace], {name: "index_webui_user_settings_on_user_namespace"})
2026-10-02T16:01:16.9251625Z    -> 0.0032s
2026-10-02T16:01:16.9252257Z == 20260607190000 AddWebuiUserSettings: migrated (0.0083s) ====================
2026-10-02T16:01:16.9252850Z 
2026-10-02T16:01:16.9264119Z == 20260706211000 LocalizeWebuiSysconfig: migrating ===========================
2026-10-02T16:01:16.9318205Z == 20260706211000 LocalizeWebuiSysconfig: migrated (0.0054s) ==================
2026-10-02T16:01:16.9318957Z 
2026-10-02T16:01:16.9380667Z == 20170201082030 Setup: migrating ============================================
2026-10-02T16:01:16.9381544Z -- create_table(:news_logs, {options: "ENGINE=InnoDB", id: :integer})
2026-10-02T16:01:16.9404140Z    -> 0.0023s
2026-10-02T16:01:16.9404958Z == 20170201082030 Setup: migrated (0.0024s) ===================================
2026-10-02T16:01:16.9405918Z 
2026-10-02T16:01:16.9419661Z == 20260706210000 LocalizeNewsLogMessages: migrating ==========================
2026-10-02T16:01:16.9420484Z -- create_table(:news_log_translations)
2026-10-02T16:01:16.9442524Z    -> 0.0022s
2026-10-02T16:01:16.9443028Z -- add_index(:news_log_translations, :news_log_id)
2026-10-02T16:01:16.9469880Z    -> 0.0027s
2026-10-02T16:01:16.9470404Z -- add_index(:news_log_translations, :language_id)
2026-10-02T16:01:16.9502418Z    -> 0.0032s
2026-10-02T16:01:16.9503301Z -- add_index(:news_log_translations, [:news_log_id, :language_id], {unique: true, name: "news_log_translation_unique"})
2026-10-02T16:01:16.9529564Z    -> 0.0027s
2026-10-02T16:01:16.9583060Z == 20260706210000 LocalizeNewsLogMessages: migrated (0.0163s) =================
2026-10-02T16:01:16.9583956Z 
2026-10-02T16:01:16.9646952Z == 20170223191015 Setup: migrating ============================================
2026-10-02T16:01:16.9647834Z -- create_table(:outages, {options: "ENGINE=InnoDB", id: :integer})
2026-10-02T16:01:16.9671478Z    -> 0.0024s
2026-10-02T16:01:16.9671994Z -- add_index(:outages, :state, {name: "index_outages_on_state"})
2026-10-02T16:01:16.9699440Z    -> 0.0027s
2026-10-02T16:01:16.9699916Z -- add_index(:outages, :outage_type, {name: "index_outages_on_outage_type"})
2026-10-02T16:01:16.9725328Z    -> 0.0025s
2026-10-02T16:01:16.9725772Z -- add_index(:outages, :planned, {name: "index_outages_on_planned"})
2026-10-02T16:01:16.9754345Z    -> 0.0029s
2026-10-02T16:01:16.9754806Z -- create_table(:outage_entities, {options: "ENGINE=InnoDB", id: :integer})
2026-10-02T16:01:16.9777111Z    -> 0.0022s
2026-10-02T16:01:16.9777675Z -- add_index(:outage_entities, :outage_id, {name: "index_outage_entities_on_outage_id"})
2026-10-02T16:01:16.9806358Z    -> 0.0029s
2026-10-02T16:01:16.9806893Z -- add_index(:outage_entities, :name, {name: "index_outage_entities_on_name"})
2026-10-02T16:01:16.9836723Z    -> 0.0030s
2026-10-02T16:01:16.9837272Z -- add_index(:outage_entities, :row_id, {name: "index_outage_entities_on_row_id"})
2026-10-02T16:01:16.9863025Z    -> 0.0026s
2026-10-02T16:01:16.9864017Z -- add_index(:outage_entities, [:outage_id, :name, :row_id], {unique: true, name: "index_outage_entities_on_outage_id_and_name_and_row_id"})
2026-10-02T16:01:16.9899039Z    -> 0.0035s
2026-10-02T16:01:16.9899511Z -- create_table(:outage_handlers, {options: "ENGINE=InnoDB", id: :integer})
2026-10-02T16:01:16.9920067Z    -> 0.0020s
2026-10-02T16:01:16.9920588Z -- add_index(:outage_handlers, :outage_id, {name: "index_outage_handlers_on_outage_id"})
2026-10-02T16:01:16.9956759Z    -> 0.0036s
2026-10-02T16:01:16.9957368Z -- add_index(:outage_handlers, :user_id, {name: "index_outage_handlers_on_user_id"})
2026-10-02T16:01:16.9986849Z    -> 0.0030s
2026-10-02T16:01:16.9987622Z -- add_index(:outage_handlers, [:outage_id, :user_id], {unique: true, name: "index_outage_handlers_on_outage_id_and_user_id"})
2026-10-02T16:01:17.0013319Z    -> 0.0026s
2026-10-02T16:01:17.0014043Z -- create_table(:outage_updates, {options: "ENGINE=InnoDB", id: :integer})
2026-10-02T16:01:17.0033413Z    -> 0.0020s
2026-10-02T16:01:17.0033965Z -- add_index(:outage_updates, :outage_id, {name: "index_outage_updates_on_outage_id"})
2026-10-02T16:01:17.0063729Z    -> 0.0029s
2026-10-02T16:01:17.0064420Z -- add_index(:outage_updates, :reported_by_id, {name: "index_outage_updates_on_reported_by_id"})
2026-10-02T16:01:17.0092049Z    -> 0.0028s
2026-10-02T16:01:17.0092529Z -- add_index(:outage_updates, :state, {name: "index_outage_updates_on_state"})
2026-10-02T16:01:17.0192146Z    -> 0.0099s
2026-10-02T16:01:17.0192755Z -- add_index(:outage_updates, :outage_type, {name: "index_outage_updates_on_outage_type"})
2026-10-02T16:01:17.0222362Z    -> 0.0030s
2026-10-02T16:01:17.0245756Z -- create_table(:outage_translations, {options: "ENGINE=InnoDB", id: :integer})
2026-10-02T16:01:17.0246416Z    -> 0.0023s
2026-10-02T16:01:17.0247112Z -- add_index(:outage_translations, :outage_id, {name: "index_outage_translations_on_outage_id"})
2026-10-02T16:01:17.0277308Z    -> 0.0031s
2026-10-02T16:01:17.0277973Z -- add_index(:outage_translations, :outage_update_id, {name: "index_outage_translations_on_outage_update_id"})
2026-10-02T16:01:17.0306457Z    -> 0.0029s
2026-10-02T16:01:17.0307155Z -- add_index(:outage_translations, :language_id, {name: "index_outage_translations_on_language_id"})
2026-10-02T16:01:17.0335614Z    -> 0.0029s
2026-10-02T16:01:17.0336475Z -- add_index(:outage_translations, [:outage_id, :language_id], {unique: true, name: "index_outage_translations_on_outage_id_and_language_id"})
2026-10-02T16:01:17.0363846Z    -> 0.0028s
2026-10-02T16:01:17.0364728Z -- add_index(:outage_translations, [:outage_update_id, :language_id], {unique: true, name: "index_outage_translations_on_outage_update_id_and_language_id"})
2026-10-02T16:01:17.0392744Z    -> 0.0028s
2026-10-02T16:01:17.0393202Z -- create_table(:outage_vpses, {options: "ENGINE=InnoDB", id: :integer})
2026-10-02T16:01:17.0411658Z    -> 0.0018s
2026-10-02T16:01:17.0412304Z -- add_index(:outage_vpses, [:outage_id, :vps_id], {unique: true, name: "index_outage_vpses_on_outage_id_and_vps_id"})
2026-10-02T16:01:17.0453870Z    -> 0.0042s
2026-10-02T16:01:17.0454887Z -- add_index(:outage_vpses, :outage_id, {name: "index_outage_vpses_on_outage_id"})
2026-10-02T16:01:17.0485475Z    -> 0.0031s
2026-10-02T16:01:17.0486088Z -- add_index(:outage_vpses, :vps_id, {name: "index_outage_vpses_on_vps_id"})
2026-10-02T16:01:17.0518200Z    -> 0.0032s
2026-10-02T16:01:17.0547899Z -- add_index(:outage_vpses, :user_id, {name: "index_outage_vpses_on_user_id"})
2026-10-02T16:01:17.0548536Z    -> 0.0029s
2026-10-02T16:01:17.0549217Z -- add_index(:outage_vpses, :environment_id, {name: "index_outage_vpses_on_environment_id"})
2026-10-02T16:01:17.0584008Z    -> 0.0036s
2026-10-02T16:01:17.0584633Z -- add_index(:outage_vpses, :location_id, {name: "index_outage_vpses_on_location_id"})
2026-10-02T16:01:17.0617702Z    -> 0.0033s
2026-10-02T16:01:17.0618183Z -- add_index(:outage_vpses, :node_id, {name: "index_outage_vpses_on_node_id"})
2026-10-02T16:01:17.0647951Z    -> 0.0030s
2026-10-02T16:01:17.0648401Z -- create_table(:outage_vps_mounts, {options: "ENGINE=InnoDB", id: :integer})
2026-10-02T16:01:17.0671860Z    -> 0.0023s
2026-10-02T16:01:17.0672642Z -- add_index(:outage_vps_mounts, [:outage_vps_id, :mount_id], {unique: true, name: "index_outage_vps_mounts_on_outage_vps_id_and_mount_id"})
2026-10-02T16:01:17.0701643Z    -> 0.0029s
2026-10-02T16:01:17.0702220Z -- add_index(:outage_vps_mounts, :outage_vps_id, {name: "index_outage_vps_mounts_on_outage_vps_id"})
2026-10-02T16:01:17.0728683Z    -> 0.0027s
2026-10-02T16:01:17.0729272Z -- add_index(:outage_vps_mounts, :mount_id, {name: "index_outage_vps_mounts_on_mount_id"})
2026-10-02T16:01:17.0760060Z    -> 0.0031s
2026-10-02T16:01:17.0760577Z == 20170223191015 Setup: migrated (0.1114s) ===================================
2026-10-02T16:01:17.0761044Z 
2026-10-02T16:01:17.0775062Z == 20201129113300 AddOutageExports: migrating =================================
2026-10-02T16:01:17.0775851Z -- create_table(:outage_users, {options: "ENGINE=InnoDB", id: :integer})
2026-10-02T16:01:17.0794595Z    -> 0.0019s
2026-10-02T16:01:17.0795658Z -- add_index(:outage_users, [:outage_id, :user_id], {unique: true, name: "index_outage_users_on_outage_id_and_user_id"})
2026-10-02T16:01:17.0825613Z    -> 0.0030s
2026-10-02T16:01:17.0826160Z -- add_index(:outage_users, :outage_id, {name: "index_outage_users_on_outage_id"})
2026-10-02T16:01:17.0860637Z    -> 0.0034s
2026-10-02T16:01:17.0861165Z -- add_index(:outage_users, :user_id, {name: "index_outage_users_on_user_id"})
2026-10-02T16:01:17.0889450Z    -> 0.0028s
2026-10-02T16:01:17.0901739Z -- create_table(:outage_exports, {options: "ENGINE=InnoDB", id: :integer})
2026-10-02T16:01:17.0920306Z    -> 0.0019s
2026-10-02T16:01:17.0921690Z -- add_index(:outage_exports, [:outage_id, :export_id], {unique: true, name: "index_outage_exports_on_outage_id_and_export_id"})
2026-10-02T16:01:17.1045361Z    -> 0.0124s
2026-10-02T16:01:17.1046072Z -- add_index(:outage_exports, :outage_id, {name: "index_outage_exports_on_outage_id"})
2026-10-02T16:01:17.1078740Z    -> 0.0032s
2026-10-02T16:01:17.1079447Z -- add_index(:outage_exports, :export_id, {name: "index_outage_exports_on_export_id"})
2026-10-02T16:01:17.1107412Z    -> 0.0028s
2026-10-02T16:01:17.1108101Z -- add_index(:outage_exports, :user_id, {name: "index_outage_exports_on_user_id"})
2026-10-02T16:01:17.1135789Z    -> 0.0028s
2026-10-02T16:01:17.1136807Z -- add_index(:outage_exports, :environment_id, {name: "index_outage_exports_on_environment_id"})
2026-10-02T16:01:17.1169307Z    -> 0.0033s
2026-10-02T16:01:17.1170081Z -- add_index(:outage_exports, :location_id, {name: "index_outage_exports_on_location_id"})
2026-10-02T16:01:17.1201073Z    -> 0.0031s
2026-10-02T16:01:17.1201769Z -- add_index(:outage_exports, :node_id, {name: "index_outage_exports_on_node_id"})
2026-10-02T16:01:17.1247047Z    -> 0.0046s
2026-10-02T16:01:17.1247675Z == 20201129113300 AddOutageExports: migrated (0.0472s) ========================
2026-10-02T16:01:17.1248347Z 
2026-10-02T16:01:17.1257260Z == 20240123092400 RemoveVpsOutageMounts: migrating ============================
2026-10-02T16:01:17.1258261Z -- remove_index(:outage_vps_mounts, [:outage_vps_id, :mount_id], {unique: true})
2026-10-02T16:01:17.1287335Z    -> 0.0030s
2026-10-02T16:01:17.1287815Z -- drop_table(:outage_vps_mounts)
2026-10-02T16:01:17.1301816Z    -> 0.0014s
2026-10-02T16:01:17.1302411Z == 20240123092400 RemoveVpsOutageMounts: migrated (0.0045s) ===================
2026-10-02T16:01:17.1303098Z 
2026-10-02T16:01:17.1317636Z == 20240124093200 AddImpactType: migrating ====================================
2026-10-02T16:01:17.1318642Z -- add_column(:outages, :impact_type, :integer, {null: false, default: 0})
2026-10-02T16:01:17.1343028Z    -> 0.0025s
2026-10-02T16:01:17.1343459Z -- add_index(:outages, :impact_type)
2026-10-02T16:01:17.1375725Z    -> 0.0032s
2026-10-02T16:01:17.1387182Z -- remove_index(:outages, :planned)
2026-10-02T16:01:17.1418917Z    -> 0.0032s
2026-10-02T16:01:17.1419692Z -- remove_column(:outages, :planned, :boolean, {null: false, default: false})
2026-10-02T16:01:17.1451037Z    -> 0.0031s
2026-10-02T16:01:17.1451467Z -- remove_index(:outage_updates, :outage_type)
2026-10-02T16:01:17.1480048Z    -> 0.0029s
2026-10-02T16:01:17.1480724Z -- rename_column(:outage_updates, :outage_type, :impact_type)
2026-10-02T16:01:17.1508449Z    -> 0.0028s
2026-10-02T16:01:17.1508932Z -- add_index(:outage_updates, :impact_type)
2026-10-02T16:01:17.1543916Z    -> 0.0035s
2026-10-02T16:01:17.1544805Z == 20240124093200 AddImpactType: migrated (0.0226s) ===========================
2026-10-02T16:01:17.1545460Z 
2026-10-02T16:01:17.1552961Z == 20240124185400 AddAutoResolve: migrating ===================================
2026-10-02T16:01:17.1554243Z -- add_column(:outages, :auto_resolve, :boolean, {null: false, default: true})
2026-10-02T16:01:17.1582255Z    -> 0.0029s
2026-10-02T16:01:17.1582879Z == 20240124185400 AddAutoResolve: migrated (0.0029s) ==========================
2026-10-02T16:01:17.1583760Z 
2026-10-02T16:01:17.1591005Z == 20260601121000 AddOutageSecurityAdvisories: migrating ======================
2026-10-02T16:01:17.1591906Z -- create_table(:outage_security_advisories)
2026-10-02T16:01:17.1608704Z    -> 0.0017s
2026-10-02T16:01:17.1609811Z -- add_index(:outage_security_advisories, [:outage_id, :security_advisory_id], {unique: true, name: "index_osa_on_outage_advisory"})
2026-10-02T16:01:17.1637351Z    -> 0.0028s
2026-10-02T16:01:17.1637806Z -- add_index(:outage_security_advisories, :security_advisory_id)
2026-10-02T16:01:17.1678194Z    -> 0.0041s
2026-10-02T16:01:17.1678765Z == 20260601121000 AddOutageSecurityAdvisories: migrated (0.0088s) =============
2026-10-02T16:01:17.1679265Z 
2026-10-02T16:01:18.8968566Z 
2026-10-02T16:01:18.8975319Z VpsAdmin::API::Resources::UserSession
2026-10-02T16:01:18.8975865Z   Show
2026-10-02T16:01:22.6717493Z     allows admin to show any session
2026-10-02T16:01:25.0221994Z     rejects unauthenticated access
2026-10-02T16:01:28.1799049Z     returns 404 for unknown session
2026-10-02T16:01:30.5484418Z     hides other users sessions from normal users
2026-10-02T16:01:32.8147708Z     allows normal users to show their session
2026-10-02T16:01:32.8148335Z   Update
2026-10-02T16:01:35.0808937Z     rejects unauthenticated access
2026-10-02T16:01:37.4192867Z     allows normal users to update their session label
2026-10-02T16:01:39.6847506Z     hides other users sessions from normal users
2026-10-02T16:01:42.8898082Z     allows admin to update any session label
2026-10-02T16:01:45.2978659Z     denies updating own session label while suspended
2026-10-02T16:01:45.2979435Z   Close
2026-10-02T16:01:49.8952136Z     is idempotent for repeated close
2026-10-02T16:01:53.3692658Z     allows admin to close any session
2026-10-02T16:01:55.6619805Z     denies closing own session while suspended
2026-10-02T16:01:58.2397057Z     rejects unauthenticated access
2026-10-02T16:02:00.6181829Z     allows normal users to close their session
2026-10-02T16:02:03.0341656Z     hides other users sessions from normal users
2026-10-02T16:02:03.0342199Z   Index
2026-10-02T16:02:06.3375913Z     returns total_count meta when requested
2026-10-02T16:02:09.5491746Z     allows admin to list all sessions
2026-10-02T16:02:12.8513792Z     supports from_id pagination
2026-10-02T16:02:15.9969446Z     supports limit pagination
2026-10-02T16:02:18.4340138Z     ignores user filter for normal users
2026-10-02T16:02:20.6459734Z     rejects unauthenticated access
2026-10-02T16:02:22.9515319Z     allows normal users to list only their sessions
2026-10-02T16:02:25.3379029Z     allows support users to list only their sessions
2026-10-02T16:02:25.3379801Z   Create
2026-10-02T16:02:28.4896120Z [2026-10-02 16:02:28 +0000] Exception ResourceLocked: user lifecycle change is pending
2026-10-02T16:02:28.4898105Z /home/runner/work/vpsadmin/vpsadmin/api/lib/vpsadmin/api/operations/user_session/new_token_detached.rb:21:in 'block in VpsAdmin::API::Operations::UserSession::NewTokenDetached#run'
2026-10-02T16:02:28.4900659Z /home/runner/work/vpsadmin/vpsadmin/api/vendor/bundle/ruby/3.4.0/gems/activerecord-8.1.4/lib/active_record/connection_adapters/abstract/database_statements.rb:376:in 'ActiveRecord::ConnectionAdapters::DatabaseStatements#transaction'
2026-10-02T16:02:28.4903700Z /home/runner/work/vpsadmin/vpsadmin/api/vendor/bundle/ruby/3.4.0/gems/activerecord-8.1.4/lib/active_record/transactions.rb:234:in 'block (2 levels) in ActiveRecord::Transactions::ClassMethods#transaction'
2026-10-02T16:02:28.4906637Z /home/runner/work/vpsadmin/vpsadmin/api/vendor/bundle/ruby/3.4.0/gems/activerecord-8.1.4/lib/active_record/connection_adapters/abstract/connection_pool.rb:487:in 'ActiveRecord::ConnectionAdapters::ConnectionPool#with_pool_transaction_isolation_level'
2026-10-02T16:02:28.4909021Z /home/runner/work/vpsadmin/vpsadmin/api/vendor/bundle/ruby/3.4.0/gems/activerecord-8.1.4/lib/active_record/transactions.rb:233:in 'block in ActiveRecord::Transactions::ClassMethods#transaction'
2026-10-02T16:02:28.4911217Z /home/runner/work/vpsadmin/vpsadmin/api/vendor/bundle/ruby/3.4.0/gems/activerecord-8.1.4/lib/active_record/connection_adapters/abstract/connection_pool.rb:465:in 'ActiveRecord::ConnectionAdapters::ConnectionPool#with_connection'
2026-10-02T16:02:28.4914322Z /home/runner/work/vpsadmin/vpsadmin/api/vendor/bundle/ruby/3.4.0/gems/activerecord-8.1.4/lib/active_record/connection_handling.rb:313:in 'ActiveRecord::ConnectionHandling#with_connection'
2026-10-02T16:02:28.4916752Z /home/runner/work/vpsadmin/vpsadmin/api/vendor/bundle/ruby/3.4.0/gems/activerecord-8.1.4/lib/active_record/transactions.rb:232:in 'ActiveRecord::Transactions::ClassMethods#transaction'
2026-10-02T16:02:28.4919053Z /home/runner/work/vpsadmin/vpsadmin/api/lib/vpsadmin/api/operations/user_session/new_token_detached.rb:18:in 'VpsAdmin::API::Operations::UserSession::NewTokenDetached#run'
2026-10-02T16:02:28.4920975Z /home/runner/work/vpsadmin/vpsadmin/api/lib/vpsadmin/api/operations/base.rb:5:in 'VpsAdmin::API::Operations::Base.run'
2026-10-02T16:02:28.4922575Z /home/runner/work/vpsadmin/vpsadmin/api/lib/vpsadmin/api/resources/user_session.rb:138:in 'VpsAdmin::API::Resources::UserSession::Create#exec'
2026-10-02T16:02:28.4924909Z /home/runner/work/vpsadmin/vpsadmin/api/vendor/bundle/ruby/3.4.0/gems/haveapi-0.29.8/lib/haveapi/action.rb:406:in 'block in HaveAPI::Action#safe_exec'
2026-10-02T16:02:28.4926571Z /home/runner/work/vpsadmin/vpsadmin/api/vendor/bundle/ruby/3.4.0/gems/haveapi-0.29.8/lib/haveapi/action.rb:402:in 'Kernel#catch'
2026-10-02T16:02:28.4928216Z /home/runner/work/vpsadmin/vpsadmin/api/vendor/bundle/ruby/3.4.0/gems/haveapi-0.29.8/lib/haveapi/action.rb:402:in 'HaveAPI::Action#safe_exec'
2026-10-02T16:02:28.4930000Z /home/runner/work/vpsadmin/vpsadmin/api/vendor/bundle/ruby/3.4.0/gems/haveapi-0.29.8/lib/haveapi/server.rb:757:in 'block in mount_action'
2026-10-02T16:02:28.4931875Z /home/runner/work/vpsadmin/vpsadmin/api/vendor/bundle/ruby/3.4.0/gems/sinatra-4.2.1/lib/sinatra/base.rb:1811:in 'Method#call'
2026-10-02T16:02:28.4932935Z /home/runner/work/vpsadmin/vpsadmin/api/vendor/bundle/ruby/3.4.0/gems/sinatra-4.2.1/lib/sinatra/base.rb:1811:in 'block in Sinatra::Base.compile!'
2026-10-02T16:02:28.4935189Z /home/runner/work/vpsadmin/vpsadmin/api/vendor/bundle/ruby/3.4.0/gems/sinatra-4.2.1/lib/sinatra/base.rb:1074:in 'block (3 levels) in Sinatra::Base#route!'
2026-10-02T16:02:28.4937105Z /home/runner/work/vpsadmin/vpsadmin/api/vendor/bundle/ruby/3.4.0/gems/sinatra-4.2.1/lib/sinatra/base.rb:1092:in 'Sinatra::Base#route_eval'
2026-10-02T16:02:28.4938479Z /home/runner/work/vpsadmin/vpsadmin/api/vendor/bundle/ruby/3.4.0/gems/sinatra-4.2.1/lib/sinatra/base.rb:1074:in 'block (2 levels) in Sinatra::Base#route!'
2026-10-02T16:02:28.4940414Z /home/runner/work/vpsadmin/vpsadmin/api/vendor/bundle/ruby/3.4.0/gems/sinatra-4.2.1/lib/sinatra/base.rb:1123:in 'block in Sinatra::Base#process_route'
2026-10-02T16:02:28.4941980Z /home/runner/work/vpsadmin/vpsadmin/api/vendor/bundle/ruby/3.4.0/gems/sinatra-4.2.1/lib/sinatra/base.rb:1121:in 'Kernel#catch'
2026-10-02T16:02:28.4943775Z /home/runner/work/vpsadmin/vpsadmin/api/vendor/bundle/ruby/3.4.0/gems/sinatra-4.2.1/lib/sinatra/base.rb:1121:in 'Sinatra::Base#process_route'
2026-10-02T16:02:28.4945508Z /home/runner/work/vpsadmin/vpsadmin/api/vendor/bundle/ruby/3.4.0/gems/sinatra-4.2.1/lib/sinatra/base.rb:1072:in 'block in Sinatra::Base#route!'
2026-10-02T16:02:28.4947186Z /home/runner/work/vpsadmin/vpsadmin/api/vendor/bundle/ruby/3.4.0/gems/sinatra-4.2.1/lib/sinatra/base.rb:1069:in 'Array#each'
2026-10-02T16:02:28.4948814Z /home/runner/work/vpsadmin/vpsadmin/api/vendor/bundle/ruby/3.4.0/gems/sinatra-4.2.1/lib/sinatra/base.rb:1069:in 'Sinatra::Base#route!'
2026-10-02T16:02:28.4950607Z /home/runner/work/vpsadmin/vpsadmin/api/vendor/bundle/ruby/3.4.0/gems/sinatra-4.2.1/lib/sinatra/base.rb:1197:in 'block in Sinatra::Base#dispatch!'
2026-10-02T16:02:28.4952297Z /home/runner/work/vpsadmin/vpsadmin/api/vendor/bundle/ruby/3.4.0/gems/sinatra-4.2.1/lib/sinatra/base.rb:1168:in 'Kernel#catch'
2026-10-02T16:02:28.4953829Z /home/runner/work/vpsadmin/vpsadmin/api/vendor/bundle/ruby/3.4.0/gems/sinatra-4.2.1/lib/sinatra/base.rb:1168:in 'Sinatra::Base#invoke'
2026-10-02T16:02:28.4955905Z /home/runner/work/vpsadmin/vpsadmin/api/vendor/bundle/ruby/3.4.0/gems/sinatra-4.2.1/lib/sinatra/base.rb:1192:in 'Sinatra::Base#dispatch!'
2026-10-02T16:02:28.4957597Z /home/runner/work/vpsadmin/vpsadmin/api/vendor/bundle/ruby/3.4.0/gems/sinatra-4.2.1/lib/sinatra/base.rb:1004:in 'block in Sinatra::Base#call!'
2026-10-02T16:02:28.4959039Z /home/runner/work/vpsadmin/vpsadmin/api/vendor/bundle/ruby/3.4.0/gems/sinatra-4.2.1/lib/sinatra/base.rb:1168:in 'Kernel#catch'
2026-10-02T16:02:28.4960651Z /home/runner/work/vpsadmin/vpsadmin/api/vendor/bundle/ruby/3.4.0/gems/sinatra-4.2.1/lib/sinatra/base.rb:1168:in 'Sinatra::Base#invoke'
2026-10-02T16:02:28.4962197Z /home/runner/work/vpsadmin/vpsadmin/api/vendor/bundle/ruby/3.4.0/gems/sinatra-4.2.1/lib/sinatra/base.rb:1004:in 'Sinatra::Base#call!'
2026-10-02T16:02:28.4963987Z /home/runner/work/vpsadmin/vpsadmin/api/vendor/bundle/ruby/3.4.0/gems/sinatra-4.2.1/lib/sinatra/base.rb:993:in 'Sinatra::Base#call'
2026-10-02T16:02:28.4966007Z /home/runner/work/vpsadmin/vpsadmin/api/vendor/bundle/ruby/3.4.0/gems/rack-protection-4.2.1/lib/rack/protection/base.rb:53:in 'Rack::Protection::Base#call'
2026-10-02T16:02:28.4970393Z /home/runner/work/vpsadmin/vpsadmin/api/vendor/bundle/ruby/3.4.0/gems/rack-protection-4.2.1/lib/rack/protection/xss_header.rb:20:in 'Rack::Protection::XSSHeader#call'
2026-10-02T16:02:28.4971718Z /home/runner/work/vpsadmin/vpsadmin/api/vendor/bundle/ruby/3.4.0/gems/rack-protection-4.2.1/lib/rack/protection/path_traversal.rb:18:in 'Rack::Protection::PathTraversal#call'
2026-10-02T16:02:28.4972986Z /home/runner/work/vpsadmin/vpsadmin/api/vendor/bundle/ruby/3.4.0/gems/rack-protection-4.2.1/lib/rack/protection/json_csrf.rb:28:in 'Rack::Protection::JsonCsrf#call'
2026-10-02T16:02:28.4975102Z /home/runner/work/vpsadmin/vpsadmin/api/vendor/bundle/ruby/3.4.0/gems/rack-protection-4.2.1/lib/rack/protection/base.rb:53:in 'Rack::Protection::Base#call'
2026-10-02T16:02:28.4976285Z /home/runner/work/vpsadmin/vpsadmin/api/vendor/bundle/ruby/3.4.0/gems/rack-protection-4.2.1/lib/rack/protection/base.rb:53:in 'Rack::Protection::Base#call'
2026-10-02T16:02:28.4977487Z /home/runner/work/vpsadmin/vpsadmin/api/vendor/bundle/ruby/3.4.0/gems/rack-protection-4.2.1/lib/rack/protection/frame_options.rb:33:in 'Rack::Protection::FrameOptions#call'
2026-10-02T16:02:28.4978699Z /home/runner/work/vpsadmin/vpsadmin/api/vendor/bundle/ruby/3.4.0/gems/sinatra-4.2.1/lib/sinatra/middleware/logger.rb:17:in 'Sinatra::Middleware::Logger#call'
2026-10-02T16:02:28.4979717Z /home/runner/work/vpsadmin/vpsadmin/api/vendor/bundle/ruby/3.4.0/gems/rack-3.2.7/lib/rack/head.rb:15:in 'Rack::Head#call'
2026-10-02T16:02:28.4980647Z /home/runner/work/vpsadmin/vpsadmin/api/vendor/bundle/ruby/3.4.0/gems/sinatra-4.2.1/lib/sinatra/base.rb:227:in 'Sinatra::ExtendedRack#call'
2026-10-02T16:02:28.4981653Z /home/runner/work/vpsadmin/vpsadmin/api/vendor/bundle/ruby/3.4.0/gems/sinatra-4.2.1/lib/sinatra/base.rb:2144:in 'Sinatra::Wrapper#call'
2026-10-02T16:02:28.4982654Z /home/runner/work/vpsadmin/vpsadmin/api/vendor/bundle/ruby/3.4.0/gems/sinatra-4.2.1/lib/sinatra/base.rb:1681:in 'block in Sinatra::Base.call'
2026-10-02T16:02:28.4984195Z /home/runner/work/vpsadmin/vpsadmin/api/vendor/bundle/ruby/3.4.0/gems/sinatra-4.2.1/lib/sinatra/base.rb:1902:in 'Sinatra::Base.synchronize'
2026-10-02T16:02:28.4985819Z /home/runner/work/vpsadmin/vpsadmin/api/vendor/bundle/ruby/3.4.0/gems/sinatra-4.2.1/lib/sinatra/base.rb:1681:in 'Sinatra::Base.call'
2026-10-02T16:02:28.4987531Z /home/runner/work/vpsadmin/vpsadmin/api/vendor/bundle/ruby/3.4.0/gems/rack-test-2.2.0/lib/rack/test.rb:360:in 'Rack::Test::Session#process_request'
2026-10-02T16:02:28.4989322Z /home/runner/work/vpsadmin/vpsadmin/api/vendor/bundle/ruby/3.4.0/gems/rack-test-2.2.0/lib/rack/test.rb:163:in 'Rack::Test::Session#custom_request'
2026-10-02T16:02:28.4991092Z /home/runner/work/vpsadmin/vpsadmin/api/vendor/bundle/ruby/3.4.0/gems/rack-test-2.2.0/lib/rack/test.rb:112:in 'Rack::Test::Session#post'
2026-10-02T16:02:28.4992025Z /opt/hostedtoolcache/Ruby/3.4.11/x64/lib/ruby/3.4.0/forwardable.rb:240:in 'Rack::Test::Methods#post'
2026-10-02T16:02:28.4993134Z /home/runner/work/vpsadmin/vpsadmin/api/spec/api/resources/user_session_spec.rb:124:in 'RSpec::ExampleGroups::VpsAdminAPIResourcesUserSession#json_post'
2026-10-02T16:02:28.4994521Z /home/runner/work/vpsadmin/vpsadmin/api/spec/api/resources/user_session_spec.rb:333:in 'block (4 levels) in <top (required)>'
2026-10-02T16:02:28.4995326Z /home/runner/work/vpsadmin/vpsadmin/api/spec/support/auth_helpers.rb:15:in 'AuthHelpers#as'
2026-10-02T16:02:28.4996111Z /home/runner/work/vpsadmin/vpsadmin/api/spec/api/resources/user_session_spec.rb:332:in 'block (3 levels) in <top (required)>'
2026-10-02T16:02:28.4997098Z /home/runner/work/vpsadmin/vpsadmin/api/vendor/bundle/ruby/3.4.0/gems/rspec-core-3.13.6/lib/rspec/core/example.rb:263:in 'BasicObject#instance_exec'
2026-10-02T16:02:28.4998189Z /home/runner/work/vpsadmin/vpsadmin/api/vendor/bundle/ruby/3.4.0/gems/rspec-core-3.13.6/lib/rspec/core/example.rb:263:in 'block in RSpec::Core::Example#run'
2026-10-02T16:02:28.4999578Z /home/runner/work/vpsadmin/vpsadmin/api/vendor/bundle/ruby/3.4.0/gems/rspec-core-3.13.6/lib/rspec/core/example.rb:511:in 'block in RSpec::Core::Example#with_around_and_singleton_context_hooks'
2026-10-02T16:02:28.5000860Z /home/runner/work/vpsadmin/vpsadmin/api/vendor/bundle/ruby/3.4.0/gems/rspec-core-3.13.6/lib/rspec/core/example.rb:468:in 'block in RSpec::Core::Example#with_around_example_hooks'
2026-10-02T16:02:28.5002079Z /home/runner/work/vpsadmin/vpsadmin/api/vendor/bundle/ruby/3.4.0/gems/rspec-core-3.13.6/lib/rspec/core/hooks.rb:486:in 'block in RSpec::Core::Hooks::HookCollections#run'
2026-10-02T16:02:28.5003584Z /home/runner/work/vpsadmin/vpsadmin/api/vendor/bundle/ruby/3.4.0/gems/rspec-core-3.13.6/lib/rspec/core/hooks.rb:626:in 'block in RSpec::Core::Hooks::HookCollections#run_around_example_hooks_for'
2026-10-02T16:02:28.5004826Z /home/runner/work/vpsadmin/vpsadmin/api/vendor/bundle/ruby/3.4.0/gems/rspec-core-3.13.6/lib/rspec/core/example.rb:352:in 'RSpec::Core::Example::Procsy#call'
2026-10-02T16:02:28.5005770Z /home/runner/work/vpsadmin/vpsadmin/api/spec/spec_helper.rb:25:in 'block (3 levels) in <top (required)>'
2026-10-02T16:02:28.5007054Z /home/runner/work/vpsadmin/vpsadmin/api/vendor/bundle/ruby/3.4.0/gems/activerecord-8.1.4/lib/active_record/connection_adapters/abstract/transaction.rb:648:in 'block in ActiveRecord::ConnectionAdapters::TransactionManager#within_new_transaction'
2026-10-02T16:02:28.5008659Z /home/runner/work/vpsadmin/vpsadmin/api/vendor/bundle/ruby/3.4.0/gems/activesupport-8.1.4/lib/active_support/concurrency/null_lock.rb:9:in 'ActiveSupport::Concurrency::NullLock#synchronize'
2026-10-02T16:02:28.5010201Z /home/runner/work/vpsadmin/vpsadmin/api/vendor/bundle/ruby/3.4.0/gems/activerecord-8.1.4/lib/active_record/connection_adapters/abstract/transaction.rb:645:in 'ActiveRecord::ConnectionAdapters::TransactionManager#within_new_transaction'
2026-10-02T16:02:28.5011975Z /home/runner/work/vpsadmin/vpsadmin/api/vendor/bundle/ruby/3.4.0/gems/activerecord-8.1.4/lib/active_record/connection_adapters/abstract/database_statements.rb:386:in 'ActiveRecord::ConnectionAdapters::DatabaseStatements#within_new_transaction'
2026-10-02T16:02:28.5013936Z /home/runner/work/vpsadmin/vpsadmin/api/vendor/bundle/ruby/3.4.0/gems/activerecord-8.1.4/lib/active_record/connection_adapters/abstract/database_statements.rb:378:in 'ActiveRecord::ConnectionAdapters::DatabaseStatements#transaction'
2026-10-02T16:02:28.5015507Z /home/runner/work/vpsadmin/vpsadmin/api/vendor/bundle/ruby/3.4.0/gems/activerecord-8.1.4/lib/active_record/transactions.rb:234:in 'block (2 levels) in ActiveRecord::Transactions::ClassMethods#transaction'
2026-10-02T16:02:28.5017141Z /home/runner/work/vpsadmin/vpsadmin/api/vendor/bundle/ruby/3.4.0/gems/activerecord-8.1.4/lib/active_record/connection_adapters/abstract/connection_pool.rb:487:in 'ActiveRecord::ConnectionAdapters::ConnectionPool#with_pool_transaction_isolation_level'
2026-10-02T16:02:28.5018768Z /home/runner/work/vpsadmin/vpsadmin/api/vendor/bundle/ruby/3.4.0/gems/activerecord-8.1.4/lib/active_record/transactions.rb:233:in 'block in ActiveRecord::Transactions::ClassMethods#transaction'
2026-10-02T16:02:28.5020439Z /home/runner/work/vpsadmin/vpsadmin/api/vendor/bundle/ruby/3.4.0/gems/activerecord-8.1.4/lib/active_record/connection_adapters/abstract/connection_pool.rb:465:in 'ActiveRecord::ConnectionAdapters::ConnectionPool#with_connection'
2026-10-02T16:02:28.5021961Z /home/runner/work/vpsadmin/vpsadmin/api/vendor/bundle/ruby/3.4.0/gems/activerecord-8.1.4/lib/active_record/connection_handling.rb:313:in 'ActiveRecord::ConnectionHandling#with_connection'
2026-10-02T16:02:28.5023534Z /home/runner/work/vpsadmin/vpsadmin/api/vendor/bundle/ruby/3.4.0/gems/activerecord-8.1.4/lib/active_record/transactions.rb:232:in 'ActiveRecord::Transactions::ClassMethods#transaction'
2026-10-02T16:02:28.5024592Z /home/runner/work/vpsadmin/vpsadmin/api/spec/spec_helper.rb:24:in 'block (2 levels) in <top (required)>'
2026-10-02T16:02:28.5025621Z /home/runner/work/vpsadmin/vpsadmin/api/vendor/bundle/ruby/3.4.0/gems/rspec-core-3.13.6/lib/rspec/core/example.rb:457:in 'BasicObject#instance_exec'
2026-10-02T16:02:28.5026712Z /home/runner/work/vpsadmin/vpsadmin/api/vendor/bundle/ruby/3.4.0/gems/rspec-core-3.13.6/lib/rspec/core/example.rb:457:in 'RSpec::Core::Example#instance_exec'
2026-10-02T16:02:28.5027841Z /home/runner/work/vpsadmin/vpsadmin/api/vendor/bundle/ruby/3.4.0/gems/rspec-core-3.13.6/lib/rspec/core/hooks.rb:390:in 'RSpec::Core::Hooks::AroundHook#execute_with'
2026-10-02T16:02:28.5029119Z /home/runner/work/vpsadmin/vpsadmin/api/vendor/bundle/ruby/3.4.0/gems/rspec-core-3.13.6/lib/rspec/core/hooks.rb:628:in 'block (2 levels) in RSpec::Core::Hooks::HookCollections#run_around_example_hooks_for'
2026-10-02T16:02:28.5030385Z /home/runner/work/vpsadmin/vpsadmin/api/vendor/bundle/ruby/3.4.0/gems/rspec-core-3.13.6/lib/rspec/core/example.rb:352:in 'RSpec::Core::Example::Procsy#call'
2026-10-02T16:02:28.5031583Z /home/runner/work/vpsadmin/vpsadmin/api/vendor/bundle/ruby/3.4.0/gems/rspec-core-3.13.6/lib/rspec/core/hooks.rb:629:in 'RSpec::Core::Hooks::HookCollections#run_around_example_hooks_for'
2026-10-02T16:02:28.5032829Z /home/runner/work/vpsadmin/vpsadmin/api/vendor/bundle/ruby/3.4.0/gems/rspec-core-3.13.6/lib/rspec/core/hooks.rb:486:in 'RSpec::Core::Hooks::HookCollections#run'
2026-10-02T16:02:28.5034281Z /home/runner/work/vpsadmin/vpsadmin/api/vendor/bundle/ruby/3.4.0/gems/rspec-core-3.13.6/lib/rspec/core/example.rb:468:in 'RSpec::Core::Example#with_around_example_hooks'
2026-10-02T16:02:28.5035515Z /home/runner/work/vpsadmin/vpsadmin/api/vendor/bundle/ruby/3.4.0/gems/rspec-core-3.13.6/lib/rspec/core/example.rb:511:in 'RSpec::Core::Example#with_around_and_singleton_context_hooks'
2026-10-02T16:02:28.5036666Z /home/runner/work/vpsadmin/vpsadmin/api/vendor/bundle/ruby/3.4.0/gems/rspec-core-3.13.6/lib/rspec/core/example.rb:259:in 'RSpec::Core::Example#run'
2026-10-02T16:02:28.5037810Z /home/runner/work/vpsadmin/vpsadmin/api/vendor/bundle/ruby/3.4.0/gems/rspec-core-3.13.6/lib/rspec/core/example_group.rb:653:in 'block in RSpec::Core::ExampleGroup.run_examples'
2026-10-02T16:02:28.5038929Z /home/runner/work/vpsadmin/vpsadmin/api/vendor/bundle/ruby/3.4.0/gems/rspec-core-3.13.6/lib/rspec/core/example_group.rb:649:in 'Array#map'
2026-10-02T16:02:28.5040558Z /home/runner/work/vpsadmin/vpsadmin/api/vendor/bundle/ruby/3.4.0/gems/rspec-core-3.13.6/lib/rspec/core/example_group.rb:649:in 'RSpec::Core::ExampleGroup.run_examples'
2026-10-02T16:02:28.5042595Z /home/runner/work/vpsadmin/vpsadmin/api/vendor/bundle/ruby/3.4.0/gems/rspec-core-3.13.6/lib/rspec/core/example_group.rb:614:in 'RSpec::Core::ExampleGroup.run'
2026-10-02T16:02:28.5044924Z /home/runner/work/vpsadmin/vpsadmin/api/vendor/bundle/ruby/3.4.0/gems/rspec-core-3.13.6/lib/rspec/core/example_group.rb:615:in 'block in RSpec::Core::ExampleGroup.run'
2026-10-02T16:02:28.5046848Z /home/runner/work/vpsadmin/vpsadmin/api/vendor/bundle/ruby/3.4.0/gems/rspec-core-3.13.6/lib/rspec/core/example_group.rb:615:in 'Array#map'
2026-10-02T16:02:28.5049006Z /home/runner/work/vpsadmin/vpsadmin/api/vendor/bundle/ruby/3.4.0/gems/rspec-core-3.13.6/lib/rspec/core/example_group.rb:615:in 'RSpec::Core::ExampleGroup.run'
2026-10-02T16:02:28.5051127Z /home/runner/work/vpsadmin/vpsadmin/api/vendor/bundle/ruby/3.4.0/gems/rspec-core-3.13.6/lib/rspec/core/runner.rb:121:in 'block (3 levels) in RSpec::Core::Runner#run_specs'
2026-10-02T16:02:28.5052916Z /home/runner/work/vpsadmin/vpsadmin/api/vendor/bundle/ruby/3.4.0/gems/rspec-core-3.13.6/lib/rspec/core/runner.rb:121:in 'Array#map'
2026-10-02T16:02:28.5054314Z /home/runner/work/vpsadmin/vpsadmin/api/vendor/bundle/ruby/3.4.0/gems/rspec-core-3.13.6/lib/rspec/core/runner.rb:121:in 'block (2 levels) in RSpec::Core::Runner#run_specs'
2026-10-02T16:02:28.5055545Z /home/runner/work/vpsadmin/vpsadmin/api/vendor/bundle/ruby/3.4.0/gems/rspec-core-3.13.6/lib/rspec/core/configuration.rb:2097:in 'RSpec::Core::Configuration#with_suite_hooks'
2026-10-02T16:02:28.5056915Z /home/runner/work/vpsadmin/vpsadmin/api/vendor/bundle/ruby/3.4.0/gems/rspec-core-3.13.6/lib/rspec/core/runner.rb:116:in 'block in RSpec::Core::Runner#run_specs'
2026-10-02T16:02:28.5058028Z /home/runner/work/vpsadmin/vpsadmin/api/vendor/bundle/ruby/3.4.0/gems/rspec-core-3.13.6/lib/rspec/core/reporter.rb:74:in 'RSpec::Core::Reporter#report'
2026-10-02T16:02:28.5059137Z /home/runner/work/vpsadmin/vpsadmin/api/vendor/bundle/ruby/3.4.0/gems/rspec-core-3.13.6/lib/rspec/core/runner.rb:115:in 'RSpec::Core::Runner#run_specs'
2026-10-02T16:02:28.5060172Z /home/runner/work/vpsadmin/vpsadmin/api/vendor/bundle/ruby/3.4.0/gems/rspec-core-3.13.6/lib/rspec/core/runner.rb:89:in 'RSpec::Core::Runner#run'
2026-10-02T16:02:28.5061179Z /home/runner/work/vpsadmin/vpsadmin/api/vendor/bundle/ruby/3.4.0/gems/rspec-core-3.13.6/lib/rspec/core/runner.rb:71:in 'RSpec::Core::Runner.run'
2026-10-02T16:02:28.5062208Z /home/runner/work/vpsadmin/vpsadmin/api/vendor/bundle/ruby/3.4.0/gems/rspec-core-3.13.6/lib/rspec/core/runner.rb:45:in 'RSpec::Core::Runner.invoke'
2026-10-02T16:02:28.5063176Z /home/runner/work/vpsadmin/vpsadmin/api/vendor/bundle/ruby/3.4.0/gems/rspec-core-3.13.6/exe/rspec:4:in '<top (required)>'
2026-10-02T16:02:28.5064221Z /home/runner/work/vpsadmin/vpsadmin/api/vendor/bundle/ruby/3.4.0/bin/rspec:25:in 'Kernel#load'
2026-10-02T16:02:28.5064923Z /home/runner/work/vpsadmin/vpsadmin/api/vendor/bundle/ruby/3.4.0/bin/rspec:25:in '<top (required)>'
2026-10-02T16:02:28.5065594Z /opt/hostedtoolcache/Ruby/3.4.11/x64/lib/ruby/3.4.0/bundler/cli/exec.rb:59:in 'Kernel.load'
2026-10-02T16:02:28.5066287Z /opt/hostedtoolcache/Ruby/3.4.11/x64/lib/ruby/3.4.0/bundler/cli/exec.rb:59:in 'Bundler::CLI::Exec#kernel_load'
2026-10-02T16:02:28.5066994Z /opt/hostedtoolcache/Ruby/3.4.11/x64/lib/ruby/3.4.0/bundler/cli/exec.rb:23:in 'Bundler::CLI::Exec#run'
2026-10-02T16:02:28.5067639Z /opt/hostedtoolcache/Ruby/3.4.11/x64/lib/ruby/3.4.0/bundler/cli.rb:452:in 'Bundler::CLI#exec'
2026-10-02T16:02:28.5068393Z /opt/hostedtoolcache/Ruby/3.4.11/x64/lib/ruby/3.4.0/bundler/vendor/thor/lib/thor/command.rb:28:in 'Bundler::Thor::Command#run'
2026-10-02T16:02:28.5069341Z /opt/hostedtoolcache/Ruby/3.4.11/x64/lib/ruby/3.4.0/bundler/vendor/thor/lib/thor/invocation.rb:127:in 'Bundler::Thor::Invocation#invoke_command'
2026-10-02T16:02:28.5070245Z /opt/hostedtoolcache/Ruby/3.4.11/x64/lib/ruby/3.4.0/bundler/vendor/thor/lib/thor.rb:538:in 'Bundler::Thor.dispatch'
2026-10-02T16:02:28.5070964Z /opt/hostedtoolcache/Ruby/3.4.11/x64/lib/ruby/3.4.0/bundler/cli.rb:35:in 'Bundler::CLI.dispatch'
2026-10-02T16:02:28.5071770Z /opt/hostedtoolcache/Ruby/3.4.11/x64/lib/ruby/3.4.0/bundler/vendor/thor/lib/thor/base.rb:584:in 'Bundler::Thor::Base::ClassMethods#start'
2026-10-02T16:02:28.5072546Z /opt/hostedtoolcache/Ruby/3.4.11/x64/lib/ruby/3.4.0/bundler/cli.rb:29:in 'Bundler::CLI.start'
2026-10-02T16:02:28.5073271Z /opt/hostedtoolcache/Ruby/3.4.11/x64/lib/ruby/gems/3.4.0/gems/bundler-2.6.9/exe/bundle:28:in 'block in <top (required)>'
2026-10-02T16:02:28.5074338Z /opt/hostedtoolcache/Ruby/3.4.11/x64/lib/ruby/3.4.0/bundler/friendly_errors.rb:117:in 'Bundler.with_friendly_errors'
2026-10-02T16:02:28.5075262Z /opt/hostedtoolcache/Ruby/3.4.11/x64/lib/ruby/gems/3.4.0/gems/bundler-2.6.9/exe/bundle:20:in '<top (required)>'
2026-10-02T16:02:28.5075891Z /opt/hostedtoolcache/Ruby/3.4.11/x64/bin/bundle:25:in 'Kernel#load'
2026-10-02T16:02:28.5076350Z /opt/hostedtoolcache/Ruby/3.4.11/x64/bin/bundle:25:in '<main>'
2026-10-02T16:02:28.5076827Z     rejects token creation after a destructive lifecycle state is requested
2026-10-02T16:02:30.8420935Z     forbids support users
2026-10-02T16:02:33.0777238Z     forbids normal users
2026-10-02T16:02:36.2566891Z     allows admin to create a token session
2026-10-02T16:02:39.4031962Z     allows admin to create a permanent token session without an interval
2026-10-02T16:02:41.6295117Z     rejects unauthenticated access
2026-10-02T16:02:41.6295526Z 
2026-10-02T16:02:41.6295762Z VpsAdmin::API::Resources::Oauth2Client
2026-10-02T16:02:41.6297106Z   Index
2026-10-02T16:02:44.3985636Z     forbids normal users
2026-10-02T16:02:47.9399986Z     supports limit pagination
2026-10-02T16:02:51.5279688Z     returns total_count meta when requested
2026-10-02T16:02:54.1239253Z     rejects unauthenticated access
2026-10-02T16:02:57.7985880Z     allows admin to list all clients
2026-10-02T16:03:01.3446334Z     supports from_id pagination
2026-10-02T16:03:01.3446802Z   Show
2026-10-02T16:03:04.9085593Z     returns 404 for unknown client
2026-10-02T16:03:08.4504347Z     allows admin to show a client
2026-10-02T16:03:11.2014260Z     forbids normal users
2026-10-02T16:03:13.8007539Z     rejects unauthenticated access
2026-10-02T16:03:13.8008669Z   Create
2026-10-02T16:03:17.5924823Z     rejects unsafe authorization start URIs
2026-10-02T16:03:20.2561369Z     forbids normal users
2026-10-02T16:03:24.1323664Z     returns validation errors for duplicate client_id
2026-10-02T16:03:27.6556498Z     returns validation errors for missing name
2026-10-02T16:03:31.7748668Z     allows admin to create a client
2026-10-02T16:03:34.4014716Z     rejects unauthenticated access
2026-10-02T16:03:38.2156322Z     requires an authorization start URI on the default client
2026-10-02T16:03:38.2156870Z   Update
2026-10-02T16:03:41.7630366Z     allows admin to update client attributes
2026-10-02T16:03:45.8170191Z     allows admin to update client secret
2026-10-02T16:03:49.4013773Z     allows admin to clear the default client
2026-10-02T16:03:49.8648546Z     applies an explicit default clear after reloading stale state
2026-10-02T16:03:53.5005553Z     returns validation errors for invalid name
2026-10-02T16:03:53.9654851Z     preserves a newer default when updating a stale former default
2026-10-02T16:03:57.5534812Z     switches the default client atomically
2026-10-02T16:04:00.3011175Z     forbids normal users
2026-10-02T16:04:03.8225749Z     returns validation errors for duplicate client_id
2026-10-02T16:04:06.5506524Z     rejects unauthenticated access
2026-10-02T16:04:07.0156148Z     validates a stale update against the current default state
2026-10-02T16:04:07.0156949Z   Delete
2026-10-02T16:04:11.0614069Z     invalidates active recoveries but preserves completed recovery records
2026-10-02T16:04:14.7391997Z     allows admin to delete the default client
2026-10-02T16:04:17.3529720Z     rejects unauthenticated access
2026-10-02T16:04:20.9964368Z     allows admin to delete a client
2026-10-02T16:04:23.6629675Z     forbids normal users
2026-10-02T16:04:23.6630031Z 
2026-10-02T16:04:23.6630263Z VpsAdmin::API::Resources::User::StateLog
2026-10-02T16:04:23.6631883Z   Index
2026-10-02T16:04:25.9098873Z     forbids normal users
2026-10-02T16:04:28.2455774Z     forbids support users
2026-10-02T16:04:30.3750623Z     rejects unauthenticated access
2026-10-02T16:04:33.6039360Z     returns expected output shape
2026-10-02T16:04:36.7141291Z     supports limit pagination
2026-10-02T16:04:39.8699434Z     returns total_count meta when requested
2026-10-02T16:04:42.9917524Z     allows admins to list logs for a specific user
2026-10-02T16:04:42.9918413Z   Show
2026-10-02T16:04:46.1458155Z     allows admin to show a log entry
2026-10-02T16:04:48.3767610Z     forbids normal users
2026-10-02T16:04:51.6427583Z     does not allow showing another user log under the wrong parent
2026-10-02T16:04:53.7780493Z     rejects unauthenticated access
2026-10-02T16:04:56.9821386Z     returns not found for unknown id
2026-10-02T16:04:56.9821970Z   API description
2026-10-02T16:05:00.3074584Z     includes user.state_log scopes
2026-10-02T16:05:00.3075140Z 
2026-10-02T16:05:00.3075432Z VpsAdmin::API::Resources::User::PublicKey
2026-10-02T16:05:00.3077419Z   Show
2026-10-02T16:05:03.4238920Z     allows admin to show any user's key
2026-10-02T16:05:05.7491665Z     returns 404 for unknown key id (authorized user)
2026-10-02T16:05:08.1435595Z     allows owner to show own key
2026-10-02T16:05:10.4038110Z     denies showing another user's key (non-admin)
2026-10-02T16:05:12.7146918Z     rejects unauthenticated access
2026-10-02T16:05:12.7147483Z   Delete
2026-10-02T16:05:15.0438018Z     allows owner to delete own key
2026-10-02T16:05:17.2506427Z     rejects unauthenticated access
2026-10-02T16:05:19.5136748Z     returns 404 for unknown key id (authorized)
2026-10-02T16:05:21.9062054Z     denies deleting other user's key (non-admin)
2026-10-02T16:05:25.0319805Z     allows admin to delete any user's key
2026-10-02T16:05:25.0320844Z   Update
2026-10-02T16:05:27.3059445Z     allows owner to update key and strips whitespace
2026-10-02T16:05:29.6877365Z     allows owner to update label and auto_add
2026-10-02T16:05:31.8696597Z     rejects unauthenticated access
2026-10-02T16:05:34.1562627Z     returns error when input is empty
2026-10-02T16:05:36.5524942Z     returns 404 for unknown key id (authorized)
2026-10-02T16:05:38.8158646Z     denies updating other user's key (non-admin)
2026-10-02T16:05:41.0590713Z     returns validation errors for invalid key
2026-10-02T16:05:41.0591253Z   Create
2026-10-02T16:05:43.3882213Z     allows user to create key for themselves
2026-10-02T16:05:45.7604845Z     rejects key with line breaks
2026-10-02T16:05:48.0228730Z     returns validation errors for missing key
2026-10-02T16:05:50.2991084Z     rejects structurally invalid public key
2026-10-02T16:05:52.6014882Z     rejects private key upload
2026-10-02T16:05:54.9615675Z     rejects unauthenticated access
2026-10-02T16:05:58.1637524Z     allows admin to create key for other user
2026-10-02T16:06:00.5243045Z     denies user creating key for other user
2026-10-02T16:06:02.7871667Z     returns validation errors for missing label
2026-10-02T16:06:02.7872280Z   API description
2026-10-02T16:06:06.2799835Z     includes user.public_key endpoints
2026-10-02T16:06:06.2800827Z   Index
2026-10-02T16:06:08.5351217Z     denies listing keys for another user (non-admin)
2026-10-02T16:06:11.7219353Z     allows admin to list keys for another user
2026-10-02T16:06:14.0834251Z     supports limit pagination
2026-10-02T16:06:16.3570686Z     returns total_count meta when requested
2026-10-02T16:06:18.6334428Z     lists only keys for the requested user when owner
2026-10-02T16:06:21.0027998Z     rejects unauthenticated access
2026-10-02T16:06:21.0028479Z 
2026-10-02T16:06:21.0028770Z VpsAdmin::API::Resources::User::ClusterResource
2026-10-02T16:06:21.0030296Z   Show
2026-10-02T16:06:23.2312580Z     rejects unauthenticated access
2026-10-02T16:06:26.5449434Z     allows admin to show other user record
2026-10-02T16:06:28.8289745Z     allows user to show their own record
2026-10-02T16:06:31.1081150Z     prevents non-admin from showing other user record
2026-10-02T16:06:34.4369687Z     returns 404 for unknown record
2026-10-02T16:06:34.4370463Z   Index
2026-10-02T16:06:37.6286181Z     supports from_id pagination
2026-10-02T16:06:40.9225579Z     allows admin to list cluster resources for another user
2026-10-02T16:06:43.1604476Z     filters by environment
2026-10-02T16:06:45.4178579Z     rejects unauthenticated access
2026-10-02T16:06:48.4841574Z     supports limit pagination
2026-10-02T16:06:51.6288443Z     returns total_count meta when requested
2026-10-02T16:06:53.8249365Z     prevents non-admin from listing cluster resources for another user
2026-10-02T16:06:56.0461473Z     allows user to list their own cluster resources
2026-10-02T16:06:58.3693101Z     uses confirmed enabled resource uses for used/free
2026-10-02T16:06:58.3693934Z   Create
2026-10-02T16:07:00.5059898Z     rejects unauthenticated access
2026-10-02T16:07:03.6840109Z     returns validation errors for missing environment
2026-10-02T16:07:06.7518106Z     returns validation errors for invalid value type
2026-10-02T16:07:09.8996727Z     returns validation errors for missing cluster_resource
2026-10-02T16:07:12.1035724Z     forbids support users
2026-10-02T16:07:15.2986389Z     allows admin to create a new user cluster resource
2026-10-02T16:07:17.4821112Z     forbids normal users
2026-10-02T16:07:17.4821549Z 
2026-10-02T16:07:17.4822052Z VpsAdmin::API::Resources::User::KnownDevice
2026-10-02T16:07:17.4823546Z   Show
2026-10-02T16:07:19.7136773Z     returns 404 when showing another user device id under own user_id
2026-10-02T16:07:22.0765396Z     returns 404 for inactive device
2026-10-02T16:07:24.2688713Z     denies access when requesting another user_id
2026-10-02T16:07:26.4780845Z     allows normal user to show their own active device
2026-10-02T16:07:29.6769224Z     allows admin to show any user active device
2026-10-02T16:07:31.8291938Z     rejects unauthenticated access
2026-10-02T16:07:31.8292538Z   Delete
2026-10-02T16:07:35.0313248Z     allows admin to delete any user device
2026-10-02T16:07:37.2258372Z     rejects unauthenticated access
2026-10-02T16:07:39.5590553Z     denies access when deleting under other user_id
2026-10-02T16:07:41.7801840Z     returns 404 when deleting another user device id under own user_id
2026-10-02T16:07:44.0022146Z     returns 404 when deleting inactive device
2026-10-02T16:07:46.2383432Z     denies deleting own device while suspended
2026-10-02T16:07:50.7827918Z     allows normal user to delete their own active device
2026-10-02T16:07:50.7828727Z   Index
2026-10-02T16:07:53.0096626Z     supports limit pagination
2026-10-02T16:07:55.3492756Z     rejects unauthenticated access
2026-10-02T16:07:57.5562531Z     rejects negative pagination values
2026-10-02T16:08:02.1156012Z     supports from_id pagination
2026-10-02T16:08:04.3342031Z     denies normal user listing another user devices
2026-10-02T16:08:06.5620619Z     allows normal user to list their own active devices
2026-10-02T16:08:09.8174648Z     allows admin to list any user devices
2026-10-02T16:08:09.8175115Z 
2026-10-02T16:08:09.8184408Z VpsAdmin::API::Resources::PasswordChangeLog
2026-10-02T16:08:09.8185095Z   Show
2026-10-02T16:08:12.9106352Z     allows administrators to view every change
2026-10-02T16:08:15.2117370Z     redacts administrator client details from account owners
2026-10-02T16:08:19.6117679Z     allows owners to view their changes but not another account history
2026-10-02T16:08:19.6118474Z   Index
2026-10-02T16:08:21.8425924Z     does not expose an administrator through a nested session include to owners
2026-10-02T16:08:24.0961441Z     rejects unauthenticated access
2026-10-02T16:08:26.3140596Z     allows owners to list only their password changes
2026-10-02T16:08:29.5456425Z     allows administrators to filter by user, source, and session
2026-10-02T16:08:32.6588834Z     supports descending pagination and total counts
2026-10-02T16:08:34.9616770Z     ignores another-user filters from account owners
2026-10-02T16:08:34.9617266Z 
2026-10-02T16:08:34.9617526Z VpsAdmin::API::Resources::User write actions
2026-10-02T16:08:41.6241029Z   uses the shared password minimum in user updates and their validation errors
2026-10-02T16:08:41.6242009Z   Lifetimes::Resource
2026-10-02T16:08:44.9618652Z     handles soft_delete -> suspended transitions
2026-10-02T16:08:48.1805581Z     handles soft_delete -> deleted transitions
2026-10-02T16:08:51.4756978Z     handles hard_delete -> soft_delete transitions
2026-10-02T16:08:54.6364393Z     updates expiration_date without changing state
2026-10-02T16:08:57.9197303Z     handles deleted -> active transitions
2026-10-02T16:09:01.1472378Z     handles active -> hard_delete transitions
2026-10-02T16:09:04.4410389Z     handles suspended -> active transitions
2026-10-02T16:09:07.6284546Z     handles deleted -> soft_delete transitions
2026-10-02T16:09:10.9152165Z     handles active -> deleted transitions
2026-10-02T16:09:14.1424305Z     handles soft_delete -> hard_delete transitions
2026-10-02T16:09:14.2715879Z     does not let lifecycle metadata mask a queued destructive state
2026-10-02T16:09:17.5770703Z     handles suspended -> hard_delete transitions
2026-10-02T16:09:20.7915874Z     handles deleted -> hard_delete transitions
2026-10-02T16:09:24.0699127Z     handles active -> suspended transitions
2026-10-02T16:09:27.2481707Z     handles hard_delete -> deleted transitions
2026-10-02T16:09:30.5366095Z     handles suspended -> deleted transitions
2026-10-02T16:09:33.7333040Z     handles hard_delete -> suspended transitions
2026-10-02T16:09:36.9931409Z     handles hard_delete -> active transitions
2026-10-02T16:09:40.2037714Z     handles deleted -> suspended transitions
2026-10-02T16:09:43.4808721Z     handles suspended -> soft_delete transitions
2026-10-02T16:09:46.6730377Z     handles soft_delete -> active transitions
2026-10-02T16:09:49.9295232Z     handles active -> soft_delete transitions
2026-10-02T16:09:49.9295972Z   Create
2026-10-02T16:09:53.4085190Z     returns validation errors for duplicate login
2026-10-02T16:09:56.7024575Z     still leaves password login disabled when no initial password is supplied
2026-10-02T16:09:58.9999430Z     forbids normal users
2026-10-02T16:10:01.3347092Z     rejects unauthenticated access
2026-10-02T16:10:04.8054990Z     returns validation errors for invalid time zone
2026-10-02T16:10:11.4564665Z     uses the shared password minimum for supplied initial passwords
2026-10-02T16:10:14.9311601Z     passes required_diskspace when creating a user with an initial VPS
2026-10-02T16:10:20.6582595Z     allows admin to create a user with basic auth
2026-10-02T16:10:23.0974145Z     forbids support users
2026-10-02T16:10:26.5106409Z     returns validation errors for missing login
2026-10-02T16:10:26.5107017Z   Delete
2026-10-02T16:10:32.4265852Z     allows admin to soft-delete a user
2026-10-02T16:10:34.7279988Z     rejects unauthenticated access
2026-10-02T16:10:37.0400521Z     forbids normal users
2026-10-02T16:10:37.0401021Z   API description
2026-10-02T16:10:40.4257225Z     includes user write endpoints
2026-10-02T16:10:40.4257800Z   Password change
2026-10-02T16:10:46.1022021Z     allows admin to set another user password
2026-10-02T16:10:51.3762033Z     rejects a password update authenticated before another password change
2026-10-02T16:10:56.2217790Z     rejects password change with wrong current password
2026-10-02T16:11:01.3973942Z     allows users to change their password with the current password
2026-10-02T16:11:08.8234200Z     denies suspended users changing their password
2026-10-02T16:11:08.8234885Z   Update
2026-10-02T16:11:11.2055989Z     allows users to update their time zone
2026-10-02T16:11:13.7251351Z     denies suspended users updating authentication settings
2026-10-02T16:11:16.0398828Z     rejects unauthenticated access
2026-10-02T16:11:18.3080133Z     rejects users updating another account
2026-10-02T16:11:20.7140956Z     allows users to update themselves
2026-10-02T16:11:23.8340486Z     allows admin to update another user
2026-10-02T16:11:26.2287749Z     returns validation errors for invalid updated time zone
2026-10-02T16:11:28.5216901Z     normalizes empty time zone to server default
2026-10-02T16:11:31.7926117Z     returns validation errors for short new_password
2026-10-02T16:11:34.0856172Z     does not allow non-admin to change protected fields
2026-10-02T16:11:34.0856695Z 
2026-10-02T16:11:34.0856926Z VpsAdmin::API::Resources::User
2026-10-02T16:11:34.0857398Z   AvailableIps
2026-10-02T16:11:36.3374733Z     rejects unauthenticated access
2026-10-02T16:11:40.7533544Z     counts user-owned free IPs and supports address_location
2026-10-02T16:11:43.0630634Z     forbids normal user querying a different user
2026-10-02T16:11:45.2550863Z     rejects address_location without shared networks
2026-10-02T16:11:45.2552193Z   API description
2026-10-02T16:11:48.5252565Z     includes available_ips endpoint
2026-10-02T16:11:48.5253148Z 
2026-10-02T16:11:48.5253899Z VpsAdmin::API::Resources::UserClusterResourcePackage
2026-10-02T16:11:48.5254906Z   Item Index
2026-10-02T16:11:50.7479219Z     hides other users package items from normal users
2026-10-02T16:11:53.8692957Z     allows admin to list any package items
2026-10-02T16:11:56.1948771Z     allows normal users to list their package items
2026-10-02T16:11:58.3680825Z     rejects unauthenticated access
2026-10-02T16:11:58.3681293Z   Item Show
2026-10-02T16:12:00.6221098Z     hides other users package items from normal users
2026-10-02T16:12:03.8081971Z     allows admin to show any package item
2026-10-02T16:12:06.0458075Z     allows normal users to show their package item
2026-10-02T16:12:08.3377733Z     rejects unauthenticated access
2026-10-02T16:12:08.3378563Z   Delete
2026-10-02T16:12:11.4658431Z     allows admin to delete an assignment
2026-10-02T16:12:13.7092243Z     rejects unauthenticated access
2026-10-02T16:12:15.9490420Z     forbids normal users
2026-10-02T16:12:18.2726384Z     forbids support users
2026-10-02T16:12:18.2727051Z   Show
2026-10-02T16:12:21.4027374Z     allows admin to show any assignment
2026-10-02T16:12:24.5383791Z     returns 404 for unknown assignments
2026-10-02T16:12:26.9087908Z     hides other users assignments from normal users
2026-10-02T16:12:29.1619062Z     allows normal users to show their assignment
2026-10-02T16:12:31.5237245Z     rejects unauthenticated access
2026-10-02T16:12:31.5237805Z   Create
2026-10-02T16:12:34.6685513Z     returns validation errors for missing required fields
2026-10-02T16:12:37.0126756Z     forbids support users
2026-10-02T16:12:39.1839357Z     rejects unauthenticated access
2026-10-02T16:12:41.5416676Z     forbids normal users
2026-10-02T16:12:44.7265427Z     allows admin to create a new assignment
2026-10-02T16:12:44.7266147Z   Index
2026-10-02T16:12:47.8749284Z     filters by environment
2026-10-02T16:12:50.2563242Z     allows normal users to list only their assignments
2026-10-02T16:12:53.4042911Z     supports limit pagination
2026-10-02T16:12:56.6010779Z     supports from_id pagination
2026-10-02T16:12:58.8589745Z     allows support users to list only their assignments
2026-10-02T16:13:01.1847196Z     rejects unauthenticated access
2026-10-02T16:13:04.3346146Z     filters by user for admins
2026-10-02T16:13:07.5716380Z     filters by added_by when nil
2026-10-02T16:13:10.7768372Z     allows admin to list all assignments
2026-10-02T16:13:14.0095698Z     returns total_count meta when requested
2026-10-02T16:13:14.0096472Z   Update
2026-10-02T16:13:16.2507316Z     rejects unauthenticated access
2026-10-02T16:13:18.6127751Z     forbids support users
2026-10-02T16:13:20.8546735Z     forbids normal users
2026-10-02T16:13:24.0265677Z     returns validation errors for missing input
2026-10-02T16:13:27.1710469Z     allows admin to update an assignment
2026-10-02T16:13:27.1711053Z 
2026-10-02T16:13:27.1711418Z VpsAdmin::API::Resources::User
2026-10-02T16:13:27.1712395Z   Index
2026-10-02T16:13:29.3827298Z     returns only the current user for support
2026-10-02T16:13:32.5731218Z     returns total_count meta when requested
2026-10-02T16:13:34.7989069Z     returns only the current user for normal users
2026-10-02T16:13:37.0983419Z     rejects unauthenticated access
2026-10-02T16:13:40.2126280Z     allows admin to list users
2026-10-02T16:13:43.4134590Z     supports from_id pagination
2026-10-02T16:13:46.4949973Z     supports limit pagination
2026-10-02T16:13:46.4950496Z   Current
2026-10-02T16:13:48.8085312Z     includes expected fields for normal user
2026-10-02T16:13:50.9516304Z     rejects unauthenticated access
2026-10-02T16:13:53.1878851Z     returns current user for normal user
2026-10-02T16:13:56.3722507Z     returns current user for admin
2026-10-02T16:13:56.3723048Z   API description
2026-10-02T16:13:59.7706270Z     includes user endpoints
2026-10-02T16:13:59.7706727Z   Output
2026-10-02T16:14:05.0780850Z     returns role-specific dokuwiki_groups
2026-10-02T16:14:08.2250892Z     includes expected fields for admins
2026-10-02T16:14:10.4453556Z     includes expected fields for normal users
2026-10-02T16:14:10.4454177Z   Show
2026-10-02T16:14:12.7179330Z     rejects unauthenticated access
2026-10-02T16:14:14.9204585Z     rejects users from showing another user
2026-10-02T16:14:18.1366315Z     allows admin to show any user
2026-10-02T16:14:20.4620720Z     rejects support from showing another user
2026-10-02T16:14:23.5520168Z     returns 404 for unknown user
2026-10-02T16:14:25.7756154Z     allows users to show themselves
2026-10-02T16:14:25.7756624Z 
2026-10-02T16:14:25.7756878Z VpsAdmin::API::Resources::User::EnvironmentConfig
2026-10-02T16:14:25.7758579Z   API description
2026-10-02T16:14:29.0915294Z     includes user environment config endpoints
2026-10-02T16:14:29.0916806Z   Update
2026-10-02T16:14:32.3031136Z     rejects invalid parameter types
2026-10-02T16:14:35.3929088Z     allows admin update of explicit values
2026-10-02T16:14:37.6243680Z     rejects unauthenticated updates
2026-10-02T16:14:40.7198947Z     returns 404 for unknown config
2026-10-02T16:14:43.0329680Z     rejects support updates
2026-10-02T16:14:46.1180591Z     allows admin to reset config to environment defaults
2026-10-02T16:14:49.3043909Z     returns validation error for empty payload
2026-10-02T16:14:51.5114529Z     rejects normal user updates
2026-10-02T16:14:51.5115178Z   Show
2026-10-02T16:14:53.7444575Z     returns 404 for unknown config as user
2026-10-02T16:14:56.0416554Z     allows normal user to show their own config
2026-10-02T16:14:58.2362760Z     denies normal user showing another user config
2026-10-02T16:15:00.4047063Z     rejects unauthenticated access
2026-10-02T16:15:03.6028248Z     returns 404 for unknown config as admin
2026-10-02T16:15:06.7501235Z     allows admin to show any user config and includes default
2026-10-02T16:15:06.7501858Z   Index
2026-10-02T16:15:09.9234573Z     supports limit pagination
2026-10-02T16:15:12.1433763Z     allows normal user to list their own configs
2026-10-02T16:15:14.3851945Z     denies normal user listing another user configs
2026-10-02T16:15:16.6188195Z     rejects unauthenticated access
2026-10-02T16:15:19.7498956Z     allows admin to list any user configs and includes default
2026-10-02T16:15:22.9177585Z     filters by environment
2026-10-02T16:15:26.0076611Z     supports meta count
2026-10-02T16:15:29.1754912Z     supports from_id pagination
2026-10-02T16:15:29.1755369Z 
2026-10-02T16:15:29.1755585Z VpsAdmin::API::Resources::UserNamespaceMap
2026-10-02T16:15:29.1757899Z   Create
2026-10-02T16:15:31.4533276Z     validates missing label
2026-10-02T16:15:34.6864435Z     allows admin to create map in any namespace
2026-10-02T16:15:36.9170273Z     validates missing user_namespace
2026-10-02T16:15:39.2459433Z     allows user to create map in their namespace
2026-10-02T16:15:41.4542012Z     prevents user from creating map in other namespace
2026-10-02T16:15:43.6202464Z     rejects unauthenticated access
2026-10-02T16:15:43.6203097Z   Entry update
2026-10-02T16:15:46.0113744Z     validates update errors
2026-10-02T16:15:48.2305888Z     prevents user from updating other entries
2026-10-02T16:15:50.4639968Z     updates entry for user-owned map
2026-10-02T16:15:52.7552054Z     rejects unauthenticated access
2026-10-02T16:15:54.9854349Z     blocks update when map is in use
2026-10-02T16:15:54.9854853Z   Entry index
2026-10-02T16:15:57.2430452Z     does not leak entries from other users
2026-10-02T16:15:59.5919763Z     orders entries by kind then id
2026-10-02T16:16:01.8235541Z     lists entries for user-owned map
2026-10-02T16:16:04.1716513Z     rejects unauthenticated access
2026-10-02T16:16:04.1717159Z   Index
2026-10-02T16:16:06.3957571Z     ignores user filter for non-admins
2026-10-02T16:16:08.6312013Z     lists only user-owned maps for normal users
2026-10-02T16:16:11.8946926Z     lists all maps for admin
2026-10-02T16:16:15.0484776Z     filters by user namespace
2026-10-02T16:16:18.2623999Z     supports limit pagination
2026-10-02T16:16:21.3568565Z     supports from_id pagination
2026-10-02T16:16:23.6022026Z     rejects unauthenticated access
2026-10-02T16:16:26.6913987Z     filters by user for admin
2026-10-02T16:16:26.6914717Z   Show
2026-10-02T16:16:28.9389371Z     rejects unauthenticated access
2026-10-02T16:16:32.0550083Z     returns 404 for unknown id
2026-10-02T16:16:34.3675134Z     does not show other user maps
2026-10-02T16:16:36.5666352Z     shows user-owned map
2026-10-02T16:16:39.8417496Z     allows admin to show any map
2026-10-02T16:16:39.8418126Z   API description
2026-10-02T16:16:43.2270422Z     includes user namespace map endpoints
2026-10-02T16:16:43.2270996Z   Entry delete
2026-10-02T16:16:45.4464003Z     deletes entry for user-owned map
2026-10-02T16:16:47.6871202Z     prevents user from deleting other entries
2026-10-02T16:16:49.9934481Z     rejects unauthenticated access
2026-10-02T16:16:52.3263805Z     blocks delete when map is in use
2026-10-02T16:16:52.3264574Z   Entry show
2026-10-02T16:16:54.5300149Z     does not show other user entry
2026-10-02T16:16:57.7576528Z     returns 404 for unknown entry
2026-10-02T16:16:59.9440226Z     shows user-owned entry
2026-10-02T16:17:02.0961494Z     rejects unauthenticated access
2026-10-02T16:17:02.0962137Z   Delete
2026-10-02T16:17:04.4591189Z     prevents user from deleting other maps
2026-10-02T16:17:06.6824080Z     allows user to delete own unused map
2026-10-02T16:17:08.9596714Z     rejects unauthenticated access
2026-10-02T16:17:11.9972829Z     blocks admin deletion when map is in use
2026-10-02T16:17:14.2974023Z     blocks deletion when map is in use
2026-10-02T16:17:17.3427155Z     allows admin to delete other user maps
2026-10-02T16:17:17.3427859Z   Update
2026-10-02T16:17:19.6928341Z     allows user to update own map label
2026-10-02T16:17:22.7358597Z     does not change user_namespace
2026-10-02T16:17:25.9389227Z     allows admin to update any map
2026-10-02T16:17:28.0856354Z     rejects unauthenticated access
2026-10-02T16:17:30.4142005Z     prevents user from updating other maps
2026-10-02T16:17:33.4446314Z     validates missing label
2026-10-02T16:17:33.4446996Z   Entry create
2026-10-02T16:17:35.8000455Z     validates ns_id within namespace size
2026-10-02T16:17:37.9173123Z     rejects unauthenticated access
2026-10-02T16:17:40.2846997Z     creates entry for user-owned map
2026-10-02T16:17:42.4975054Z     validates negative vps_id
2026-10-02T16:17:44.7324882Z     validates count greater than zero
2026-10-02T16:17:47.0405549Z     blocks create when map is in use
2026-10-02T16:17:49.2341342Z     enforces entry limit per kind
2026-10-02T16:17:51.4561209Z     validates count within namespace size
2026-10-02T16:17:53.7844234Z     validates kind
2026-10-02T16:17:55.9923297Z     validates negative ns_id
2026-10-02T16:17:55.9923970Z 
2026-10-02T16:17:55.9924260Z VpsAdmin::API::Resources::User
2026-10-02T16:17:55.9932650Z   Touch
2026-10-02T16:17:58.1932337Z     forbids normal user touching a different user
2026-10-02T16:18:00.5411084Z     localizes vpsAdmin action errors from Accept-Language
2026-10-02T16:18:03.5933209Z     allows admin to touch any user
2026-10-02T16:18:05.8767429Z     lets an explicit language header override the user language
2026-10-02T16:18:08.9201612Z     returns 404 for unknown user
2026-10-02T16:18:11.1860293Z     uses the authenticated user language when no header is sent
2026-10-02T16:18:13.3679427Z     rejects unauthenticated access
2026-10-02T16:18:15.5884003Z     allows normal user to touch themselves
2026-10-02T16:18:15.5884605Z 
2026-10-02T16:18:15.5884914Z VpsAdmin::API::Resources::Webauthn
2026-10-02T16:18:15.5892487Z   Registration::Finish
2026-10-02T16:18:20.1573117Z     denies finishing registration while suspended
2026-10-02T16:18:24.6046813Z     does not allow other users to finish the challenge
2026-10-02T16:18:26.8770164Z     rejects unauthenticated access
2026-10-02T16:18:29.0980868Z     returns validation errors for missing input
2026-10-02T16:18:33.6411814Z     creates a credential with a fake client
2026-10-02T16:18:38.0797346Z     fails with invalid credential data
2026-10-02T16:18:38.0798141Z   Registration::Begin
2026-10-02T16:18:40.4360471Z     returns options and stores a challenge
2026-10-02T16:18:42.5829736Z     normalizes ordinary passkey client metadata for case 1
2026-10-02T16:18:44.8549030Z     normalizes ordinary passkey client metadata for case 4
2026-10-02T16:18:47.1779882Z     records challenge client address from forwarded headers
2026-10-02T16:18:49.4485106Z     normalizes ordinary passkey client metadata for case 2
2026-10-02T16:18:51.6487023Z     denies creating a registration challenge while suspended
2026-10-02T16:18:53.9128619Z     normalizes ordinary passkey client metadata for case 3
2026-10-02T16:18:56.0410510Z     rejects unauthenticated access
2026-10-02T16:18:56.0411686Z   Authentication::Finish
2026-10-02T16:19:00.4011096Z     does not accept password recovery challenges in regular authentication
2026-10-02T16:19:09.2262659Z     fails with invalid credential data
2026-10-02T16:19:11.4195740Z     returns validation errors for missing input
2026-10-02T16:19:20.1769606Z     authenticates using a fake client
2026-10-02T16:19:29.1173875Z     does not consume a challenge after a destructive lifecycle state is requested
2026-10-02T16:19:33.4945377Z     returns 404 when auth_token does not match the challenge user
2026-10-02T16:19:33.4946059Z   Authentication::Begin
2026-10-02T16:19:35.7217595Z     returns validation errors for missing auth_token
2026-10-02T16:19:37.9230443Z     rejects an expired auth_token without creating a challenge
2026-10-02T16:19:40.2033370Z     rejects a token after a destructive lifecycle state is requested
2026-10-02T16:19:42.4066858Z     returns options and stores a challenge
2026-10-02T16:19:44.6749021Z     returns 404 for an invalid auth_token
2026-10-02T16:19:44.6749439Z 
2026-10-02T16:19:44.6749699Z VpsAdmin::API::Resources::User::WebauthnCredential
2026-10-02T16:19:44.6750791Z   Index
2026-10-02T16:19:46.9146039Z     supports from_id pagination
2026-10-02T16:19:49.1924948Z     denies listing credentials for another user (non-admin)
2026-10-02T16:19:51.4976365Z     supports limit pagination
2026-10-02T16:19:53.6948751Z     filters by enabled
2026-10-02T16:19:55.9081814Z     returns total_count meta when requested
2026-10-02T16:19:58.2711450Z     lists credentials for the owning user
2026-10-02T16:20:00.4157908Z     rejects unauthenticated access
2026-10-02T16:20:03.7085508Z     allows admin to list other user credentials
2026-10-02T16:20:03.7086207Z   Show
2026-10-02T16:20:05.9225872Z     returns 404 for missing credential id
2026-10-02T16:20:08.2282695Z     denies showing credentials for another user (non-admin)
2026-10-02T16:20:11.3356010Z     allows admin to show other user credentials
2026-10-02T16:20:13.5812561Z     shows own credential
2026-10-02T16:20:15.8754934Z     rejects unauthenticated access
2026-10-02T16:20:15.8755567Z   Update
2026-10-02T16:20:18.0968005Z     denies updating credentials for another user (non-admin)
2026-10-02T16:20:20.3451083Z     updates label
2026-10-02T16:20:22.6782579Z     rejects empty payload
2026-10-02T16:20:25.7625843Z     allows admin to update other user credential
2026-10-02T16:20:28.0223119Z     rejects unauthenticated access
2026-10-02T16:20:30.3335905Z     denies updating credentials while suspended
2026-10-02T16:20:32.5419651Z     disables a credential
2026-10-02T16:20:34.7812115Z     returns validation error for short label
2026-10-02T16:20:34.7812908Z   Delete
2026-10-02T16:20:37.9767727Z     allows admin to delete other user credential
2026-10-02T16:20:40.2022572Z     denies deleting credentials while suspended
2026-10-02T16:20:42.5383168Z     returns 404 for missing credential id
2026-10-02T16:20:44.6700958Z     rejects unauthenticated access
2026-10-02T16:20:46.8896804Z     deletes own credential
2026-10-02T16:20:49.2482069Z     denies deleting credentials for another user (non-admin)
2026-10-02T16:20:49.2482875Z   API description
2026-10-02T16:20:52.4649833Z     includes user.webauthn_credential endpoints
2026-10-02T16:20:52.4650300Z 
2026-10-02T16:20:52.4651044Z VpsAdmin::API::Resources::UserNamespace
2026-10-02T16:20:52.4651602Z   Show
2026-10-02T16:20:54.7740430Z     hides other users namespaces from normal users
2026-10-02T16:20:56.9096077Z     rejects unauthenticated access
2026-10-02T16:21:00.1036810Z     returns 404 for unknown namespace
2026-10-02T16:21:03.2120863Z     allows admin to show any namespace with full output
2026-10-02T16:21:05.5234938Z     allows normal users to show their namespace
2026-10-02T16:21:05.5235588Z   Index
2026-10-02T16:21:08.5781570Z     supports limit pagination
2026-10-02T16:21:11.7940511Z     allows admin to list all namespaces with full output
2026-10-02T16:21:14.8904805Z     returns total_count meta when requested
2026-10-02T16:21:17.2026886Z     ignores block_count filter for normal users
2026-10-02T16:21:19.3954223Z     allows normal users to list only their namespaces
2026-10-02T16:21:22.6275927Z     supports from_id pagination
2026-10-02T16:21:25.6968941Z     rejects invalid size filter
2026-10-02T16:21:27.9177035Z     allows support users to list only their namespaces with filtered output
2026-10-02T16:21:30.3019523Z     allows normal users to filter by size 64
2026-10-02T16:21:32.4375830Z     rejects unauthenticated access
2026-10-02T16:21:35.6727844Z     allows admin to filter by user
2026-10-02T16:21:37.9060557Z     filters output for normal users
2026-10-02T16:21:40.2670670Z     allows normal users to filter by size
2026-10-02T16:21:40.2671458Z   API description
2026-10-02T16:21:43.4966629Z     includes user_namespace endpoints
2026-10-02T16:21:45.8317232Z     keeps pagination parameters visible to normal users
2026-10-02T16:21:45.8317727Z 
2026-10-02T16:21:45.8318026Z VpsAdmin::API::Resources::User::TotpDevice
2026-10-02T16:21:45.8319901Z   Show
2026-10-02T16:21:48.0299394Z     denies access when requesting another user device by user_id
2026-10-02T16:21:50.2347291Z     returns 404 for missing device id
2026-10-02T16:21:52.4486024Z     rejects unauthenticated access
2026-10-02T16:21:54.6502462Z     shows own device
2026-10-02T16:21:57.8347349Z     allows admin to show any device
2026-10-02T16:21:57.8348043Z   Index
2026-10-02T16:22:00.0266551Z     supports limit pagination
2026-10-02T16:22:02.2493349Z     supports filtering by enabled
2026-10-02T16:22:04.5721122Z     lists devices for the authenticated user
2026-10-02T16:22:07.6353289Z     supports meta count
2026-10-02T16:22:10.8294364Z     supports from_id pagination
2026-10-02T16:22:13.0286116Z     supports filtering by confirmed
2026-10-02T16:22:15.3054595Z     rejects unauthenticated access
2026-10-02T16:22:18.3809093Z     allows admin to list devices for any user
2026-10-02T16:22:20.6650975Z     denies listing devices for another user
2026-10-02T16:22:20.6651834Z   Update
2026-10-02T16:22:22.8422559Z     denies updating device while suspended
2026-10-02T16:22:25.0350027Z     denies updating another user device by user_id
2026-10-02T16:22:28.2025181Z     can disable a device
2026-10-02T16:22:30.3494121Z     rejects unauthenticated access
2026-10-02T16:22:32.6461075Z     updates label
2026-10-02T16:22:35.6959229Z     cannot enable an unconfirmed device
2026-10-02T16:22:38.0571216Z     can enable a confirmed device
2026-10-02T16:22:40.2703734Z     returns error on empty payload
2026-10-02T16:22:42.4659723Z     returns 404 for missing device id
2026-10-02T16:22:42.4660410Z   Confirm
2026-10-02T16:22:45.2715886Z     confirms an unconfirmed device
2026-10-02T16:22:47.4705389Z     rejects confirming an already confirmed device
2026-10-02T16:22:49.6938832Z     denies confirming device while suspended
2026-10-02T16:22:51.9575158Z     rejects unauthenticated access
2026-10-02T16:22:54.1639522Z     denies confirming device for another user
2026-10-02T16:22:56.3983259Z     rejects invalid code
2026-10-02T16:22:56.3984134Z   Delete
2026-10-02T16:22:58.6952063Z     returns 404 for missing device id
2026-10-02T16:23:00.8506193Z     rejects unauthenticated access
2026-10-02T16:23:03.2429128Z     denies deleting device while suspended
2026-10-02T16:23:05.4277621Z     denies deleting another user device by user_id
2026-10-02T16:23:08.4918776Z     allows admin to delete other user device
2026-10-02T16:23:10.8051512Z     deletes own device
2026-10-02T16:23:10.8051929Z   Create
2026-10-02T16:23:12.9994418Z     creates device for self
2026-10-02T16:23:15.2114896Z     returns validation error for missing label
2026-10-02T16:23:17.5715266Z     denies creating device while suspended
2026-10-02T16:23:19.7658773Z     denies creating device for other user
2026-10-02T16:23:22.0682249Z     rejects unauthenticated access
2026-10-02T16:23:25.1557627Z     allows admin to create device for other user
2026-10-02T16:23:25.1558335Z   API description
2026-10-02T16:23:28.4788649Z     includes user.totp_device endpoints
2026-10-02T16:23:28.4792695Z 
2026-10-02T16:23:28.4793829Z Finished in 22 minutes 14 seconds (files took 5.15 seconds to load)
2026-10-02T16:23:28.4795119Z 479 examples, 0 failures
2026-10-02T16:23:28.4795425Z 
2026-10-02T16:23:28.4795605Z Randomized with seed 17513
2026-10-02T16:23:28.4795900Z 
2026-10-02T16:23:29.2305634Z Post job cleanup.
2026-10-02T16:23:29.3174254Z [command]/usr/bin/git version
2026-10-02T16:23:29.3228428Z git version 2.55.0
2026-10-02T16:23:29.3268598Z Temporarily overriding HOME='/home/runner/work/_temp/94173206-8c73-48e9-a7f9-e29b0b1772a1' before making global git config changes
2026-10-02T16:23:29.3270273Z Adding repository directory to the temporary git global config as a safe directory
2026-10-02T16:23:29.3275234Z [command]/usr/bin/git config --global --add safe.directory /home/runner/work/vpsadmin/vpsadmin
2026-10-02T16:23:29.3310810Z Removing SSH command configuration
2026-10-02T16:23:29.3318830Z [command]/usr/bin/git config --local --name-only --get-regexp core\.sshCommand
2026-10-02T16:23:29.3358544Z [command]/usr/bin/git submodule foreach --recursive sh -c "git config --local --name-only --get-regexp 'core\.sshCommand' && git config --local --unset-all 'core.sshCommand' || :"
2026-10-02T16:23:29.3618395Z Removing HTTP extra header
2026-10-02T16:23:29.3625914Z [command]/usr/bin/git config --local --name-only --get-regexp http\.https\:\/\/github\.com\/\.extraheader
2026-10-02T16:23:29.3675242Z [command]/usr/bin/git submodule foreach --recursive sh -c "git config --local --name-only --get-regexp 'http\.https\:\/\/github\.com\/\.extraheader' && git config --local --unset-all 'http.https://github.com/.extraheader' || :"
2026-10-02T16:23:29.3945580Z Removing includeIf entries pointing to credentials config files
2026-10-02T16:23:29.3953178Z [command]/usr/bin/git config --local --name-only --get-regexp ^includeIf\.gitdir:
2026-10-02T16:23:29.3992624Z includeif.gitdir:/home/runner/work/vpsadmin/vpsadmin/.git.path
2026-10-02T16:23:29.3993893Z includeif.gitdir:/home/runner/work/vpsadmin/vpsadmin/.git/worktrees/*.path
2026-10-02T16:23:29.3994938Z includeif.gitdir:/github/workspace/.git.path
2026-10-02T16:23:29.3995889Z includeif.gitdir:/github/workspace/.git/worktrees/*.path
2026-10-02T16:23:29.4005265Z [command]/usr/bin/git config --local --get-all includeif.gitdir:/home/runner/work/vpsadmin/vpsadmin/.git.path
2026-10-02T16:23:29.4037212Z /home/runner/work/_temp/git-credentials-34f44c5d-2369-431e-a5a6-89201998bc2c.config
2026-10-02T16:23:29.4049787Z [command]/usr/bin/git config --local --unset includeif.gitdir:/home/runner/work/vpsadmin/vpsadmin/.git.path \/home\/runner\/work\/_temp\/git\-credentials\-34f44c5d\-2369\-431e\-a5a6\-89201998bc2c\.config
2026-10-02T16:23:29.4105731Z [command]/usr/bin/git config --local --get-all includeif.gitdir:/home/runner/work/vpsadmin/vpsadmin/.git/worktrees/*.path
2026-10-02T16:23:29.4139078Z /home/runner/work/_temp/git-credentials-34f44c5d-2369-431e-a5a6-89201998bc2c.config
2026-10-02T16:23:29.4158810Z [command]/usr/bin/git config --local --unset includeif.gitdir:/home/runner/work/vpsadmin/vpsadmin/.git/worktrees/*.path \/home\/runner\/work\/_temp\/git\-credentials\-34f44c5d\-2369\-431e\-a5a6\-89201998bc2c\.config
2026-10-02T16:23:29.4202037Z [command]/usr/bin/git config --local --get-all includeif.gitdir:/github/workspace/.git.path
2026-10-02T16:23:29.4235174Z /github/runner_temp/git-credentials-34f44c5d-2369-431e-a5a6-89201998bc2c.config
2026-10-02T16:23:29.4245100Z [command]/usr/bin/git config --local --unset includeif.gitdir:/github/workspace/.git.path \/github\/runner_temp\/git\-credentials\-34f44c5d\-2369\-431e\-a5a6\-89201998bc2c\.config
2026-10-02T16:23:29.4288280Z [command]/usr/bin/git config --local --get-all includeif.gitdir:/github/workspace/.git/worktrees/*.path
2026-10-02T16:23:29.4318520Z /github/runner_temp/git-credentials-34f44c5d-2369-431e-a5a6-89201998bc2c.config
2026-10-02T16:23:29.4326775Z [command]/usr/bin/git config --local --unset includeif.gitdir:/github/workspace/.git/worktrees/*.path \/github\/runner_temp\/git\-credentials\-34f44c5d\-2369\-431e\-a5a6\-89201998bc2c\.config
2026-10-02T16:23:29.4367699Z [command]/usr/bin/git submodule foreach --recursive git config --local --show-origin --name-only --get-regexp remote.origin.url
2026-10-02T16:23:29.4635802Z Removing credentials config '/home/runner/work/_temp/git-credentials-34f44c5d-2369-431e-a5a6-89201998bc2c.config'
2026-10-02T16:23:29.4788562Z Cleaning up orphan processes
