API specs (full) - platform	Set up job	﻿2026-10-03T19:02:37.0456404Z Current runner version: '2.337.0'
API specs (full) - platform	Set up job	2026-10-03T19:02:37.0491013Z ##[group]Runner Image Provisioner
API specs (full) - platform	Set up job	2026-10-03T19:02:37.0492071Z Hosted Compute Agent
API specs (full) - platform	Set up job	2026-10-03T19:02:37.0493344Z Version: 20260901.588
API specs (full) - platform	Set up job	2026-10-03T19:02:37.0494134Z Commit: f88ec8081b781fac6c440065ac7ff9e710ce3d0b
API specs (full) - platform	Set up job	2026-10-03T19:02:37.0495005Z Build Date: 2026-09-01T19:56:44Z
API specs (full) - platform	Set up job	2026-10-03T19:02:37.0495828Z Worker ID: {df573fd6-399b-42b9-b90b-d22a21f39d61}
API specs (full) - platform	Set up job	2026-10-03T19:02:37.0496636Z Azure Region: eastus
API specs (full) - platform	Set up job	2026-10-03T19:02:37.0497783Z ##[endgroup]
API specs (full) - platform	Set up job	2026-10-03T19:02:37.0499514Z ##[group]Operating System
API specs (full) - platform	Set up job	2026-10-03T19:02:37.0500317Z Ubuntu
API specs (full) - platform	Set up job	2026-10-03T19:02:37.0500993Z 24.04.5
API specs (full) - platform	Set up job	2026-10-03T19:02:37.0501623Z LTS
API specs (full) - platform	Set up job	2026-10-03T19:02:37.0502298Z ##[endgroup]
API specs (full) - platform	Set up job	2026-10-03T19:02:37.0503005Z ##[group]Runner Image
API specs (full) - platform	Set up job	2026-10-03T19:02:37.0503767Z Image: ubuntu-24.04
API specs (full) - platform	Set up job	2026-10-03T19:02:37.0504461Z Version: 20260927.320.1
API specs (full) - platform	Set up job	2026-10-03T19:02:37.0505704Z Included Software: https://github.com/actions/runner-images/blob/ubuntu24/20260927.320/images/ubuntu/Ubuntu2404-Readme.md
API specs (full) - platform	Set up job	2026-10-03T19:02:37.0508061Z Image Release: https://github.com/actions/runner-images/releases/tag/ubuntu24%2F20260927.320
API specs (full) - platform	Set up job	2026-10-03T19:02:37.0509312Z ##[endgroup]
API specs (full) - platform	Set up job	2026-10-03T19:02:37.0510686Z ##[group]GITHUB_TOKEN Permissions
API specs (full) - platform	Set up job	2026-10-03T19:02:37.0513516Z Contents: read
API specs (full) - platform	Set up job	2026-10-03T19:02:37.0514287Z Metadata: read
API specs (full) - platform	Set up job	2026-10-03T19:02:37.0514921Z ##[endgroup]
API specs (full) - platform	Set up job	2026-10-03T19:02:37.0518117Z Secret source: Actions
API specs (full) - platform	Set up job	2026-10-03T19:02:37.0519430Z Cache mode: write
API specs (full) - platform	Set up job	2026-10-03T19:02:37.0520566Z Prepare workflow directory
API specs (full) - platform	Set up job	2026-10-03T19:02:37.0996011Z Prepare all required actions
API specs (full) - platform	Set up job	2026-10-03T19:02:37.1054404Z Getting action download info
API specs (full) - platform	Set up job	2026-10-03T19:02:37.3371587Z Download action repository 'actions/checkout@v7' (SHA:3d3c42e5aac5ba805825da76410c181273ba90b1)
API specs (full) - platform	Set up job	2026-10-03T19:02:37.4703006Z Download action repository 'actions/upload-artifact@v7' (SHA:043fb46d1a93c77aae656e7c1c64a875d1fc6a0a)
API specs (full) - platform	Set up job	2026-10-03T19:02:37.6043372Z Download action repository 'ruby/setup-ruby@v1' (SHA:14594264cd68ce8a2345dd349bc3d138a4ef85c8)
API specs (full) - platform	Set up job	2026-10-03T19:02:37.8736208Z Complete job name: API specs (full) - platform
API specs (full) - platform	Checkout	﻿2026-10-03T19:02:37.9644585Z ##[group]Run actions/checkout@v7
API specs (full) - platform	Checkout	2026-10-03T19:02:37.9645555Z with:
API specs (full) - platform	Checkout	2026-10-03T19:02:37.9646082Z   repository: vpsfreecz/vpsadmin
API specs (full) - platform	Checkout	2026-10-03T19:02:37.9651133Z   token: ***
API specs (full) - platform	Checkout	2026-10-03T19:02:37.9651655Z   ssh-strict: true
API specs (full) - platform	Checkout	2026-10-03T19:02:37.9652163Z   ssh-user: git
API specs (full) - platform	Checkout	2026-10-03T19:02:37.9652675Z   persist-credentials: true
API specs (full) - platform	Checkout	2026-10-03T19:02:37.9653215Z   clean: true
API specs (full) - platform	Checkout	2026-10-03T19:02:37.9653706Z   sparse-checkout-cone-mode: true
API specs (full) - platform	Checkout	2026-10-03T19:02:37.9654281Z   fetch-depth: 1
API specs (full) - platform	Checkout	2026-10-03T19:02:37.9654755Z   fetch-tags: false
API specs (full) - platform	Checkout	2026-10-03T19:02:37.9655237Z   show-progress: true
API specs (full) - platform	Checkout	2026-10-03T19:02:37.9655726Z   lfs: false
API specs (full) - platform	Checkout	2026-10-03T19:02:37.9656193Z   submodules: false
API specs (full) - platform	Checkout	2026-10-03T19:02:37.9656704Z   set-safe-directory: true
API specs (full) - platform	Checkout	2026-10-03T19:02:37.9657689Z   allow-unsafe-pr-checkout: false
API specs (full) - platform	Checkout	2026-10-03T19:02:37.9658666Z env:
API specs (full) - platform	Checkout	2026-10-03T19:02:37.9659126Z   RACK_ENV: test
API specs (full) - platform	Checkout	2026-10-03T19:02:37.9659637Z   BUNDLE_WITHOUT: development
API specs (full) - platform	Checkout	2026-10-03T19:02:37.9660214Z   BUNDLE_JOBS: 4
API specs (full) - platform	Checkout	2026-10-03T19:02:37.9660680Z   BUNDLE_RETRY: 3
API specs (full) - platform	Checkout	2026-10-03T19:02:37.9661223Z   VPSADMIN_PLUGINS: all
API specs (full) - platform	Checkout	2026-10-03T19:02:37.9661732Z ##[endgroup]
API specs (full) - platform	Checkout	2026-10-03T19:02:38.1001568Z Syncing repository: vpsfreecz/vpsadmin
API specs (full) - platform	Checkout	2026-10-03T19:02:38.1005162Z ##[group]Getting Git version info
API specs (full) - platform	Checkout	2026-10-03T19:02:38.1006437Z Working directory is '/home/runner/work/vpsadmin/vpsadmin'
API specs (full) - platform	Checkout	2026-10-03T19:02:38.1008497Z [command]/usr/bin/git version
API specs (full) - platform	Checkout	2026-10-03T19:02:38.1196318Z git version 2.55.0
API specs (full) - platform	Checkout	2026-10-03T19:02:38.1241938Z ##[endgroup]
API specs (full) - platform	Checkout	2026-10-03T19:02:38.1266073Z Temporarily overriding HOME='/home/runner/work/_temp/f83c743a-73b5-4196-b9db-091fd6d75769' before making global git config changes
API specs (full) - platform	Checkout	2026-10-03T19:02:38.1268238Z Adding repository directory to the temporary git global config as a safe directory
API specs (full) - platform	Checkout	2026-10-03T19:02:38.1274468Z [command]/usr/bin/git config --global --add safe.directory /home/runner/work/vpsadmin/vpsadmin
API specs (full) - platform	Checkout	2026-10-03T19:02:38.1342839Z Deleting the contents of '/home/runner/work/vpsadmin/vpsadmin'
API specs (full) - platform	Checkout	2026-10-03T19:02:38.1348172Z ##[group]Determining repository object format
API specs (full) - platform	Checkout	2026-10-03T19:02:38.1350268Z ##[endgroup]
API specs (full) - platform	Checkout	2026-10-03T19:02:38.1351807Z ##[group]Initializing the repository
API specs (full) - platform	Checkout	2026-10-03T19:02:38.1358338Z [command]/usr/bin/git init /home/runner/work/vpsadmin/vpsadmin
API specs (full) - platform	Checkout	2026-10-03T19:02:38.1530767Z hint: Using 'master' as the name for the initial branch. This default branch name
API specs (full) - platform	Checkout	2026-10-03T19:02:38.1532852Z hint: will change to "main" in Git 3.0. To configure the initial branch name
API specs (full) - platform	Checkout	2026-10-03T19:02:38.1534555Z hint: to use in all of your new repositories, which will suppress this warning,
API specs (full) - platform	Checkout	2026-10-03T19:02:38.1536005Z hint: call:
API specs (full) - platform	Checkout	2026-10-03T19:02:38.1537113Z hint:
API specs (full) - platform	Checkout	2026-10-03T19:02:38.1538080Z hint: 	git config --global init.defaultBranch <name>
API specs (full) - platform	Checkout	2026-10-03T19:02:38.1538976Z hint:
API specs (full) - platform	Checkout	2026-10-03T19:02:38.1540022Z hint: Names commonly chosen instead of 'master' are 'main', 'trunk' and
API specs (full) - platform	Checkout	2026-10-03T19:02:38.1541306Z hint: 'development'. The just-created branch can be renamed via this command:
API specs (full) - platform	Checkout	2026-10-03T19:02:38.1542232Z hint:
API specs (full) - platform	Checkout	2026-10-03T19:02:38.1542736Z hint: 	git branch -m <name>
API specs (full) - platform	Checkout	2026-10-03T19:02:38.1543296Z hint:
API specs (full) - platform	Checkout	2026-10-03T19:02:38.1544004Z hint: Disable this message with "git config set advice.defaultBranchName false"
API specs (full) - platform	Checkout	2026-10-03T19:02:38.1545119Z Initialized empty Git repository in /home/runner/work/vpsadmin/vpsadmin/.git/
API specs (full) - platform	Checkout	2026-10-03T19:02:38.1549997Z [command]/usr/bin/git remote add origin https://github.com/vpsfreecz/vpsadmin
API specs (full) - platform	Checkout	2026-10-03T19:02:38.1620803Z ##[endgroup]
API specs (full) - platform	Checkout	2026-10-03T19:02:38.1621888Z ##[group]Disabling automatic garbage collection
API specs (full) - platform	Checkout	2026-10-03T19:02:38.1627430Z [command]/usr/bin/git config --local gc.auto 0
API specs (full) - platform	Checkout	2026-10-03T19:02:38.1679710Z ##[endgroup]
API specs (full) - platform	Checkout	2026-10-03T19:02:38.1681546Z ##[group]Setting up auth
API specs (full) - platform	Checkout	2026-10-03T19:02:38.1682541Z Removing SSH command configuration
API specs (full) - platform	Checkout	2026-10-03T19:02:38.1690063Z [command]/usr/bin/git config --local --name-only --get-regexp core\.sshCommand
API specs (full) - platform	Checkout	2026-10-03T19:02:38.1743245Z [command]/usr/bin/git submodule foreach --recursive sh -c "git config --local --name-only --get-regexp 'core\.sshCommand' && git config --local --unset-all 'core.sshCommand' || :"
API specs (full) - platform	Checkout	2026-10-03T19:02:38.2181802Z Removing HTTP extra header
API specs (full) - platform	Checkout	2026-10-03T19:02:38.2190379Z [command]/usr/bin/git config --local --name-only --get-regexp http\.https\:\/\/github\.com\/\.extraheader
API specs (full) - platform	Checkout	2026-10-03T19:02:38.2238988Z [command]/usr/bin/git submodule foreach --recursive sh -c "git config --local --name-only --get-regexp 'http\.https\:\/\/github\.com\/\.extraheader' && git config --local --unset-all 'http.https://github.com/.extraheader' || :"
API specs (full) - platform	Checkout	2026-10-03T19:02:38.2523604Z Removing includeIf entries pointing to credentials config files
API specs (full) - platform	Checkout	2026-10-03T19:02:38.2532116Z [command]/usr/bin/git config --local --name-only --get-regexp ^includeIf\.gitdir:
API specs (full) - platform	Checkout	2026-10-03T19:02:38.2582562Z [command]/usr/bin/git submodule foreach --recursive git config --local --show-origin --name-only --get-regexp remote.origin.url
API specs (full) - platform	Checkout	2026-10-03T19:02:38.2893455Z [command]/usr/bin/git config --file /home/runner/work/_temp/git-credentials-9f922b23-a0bc-47ed-93ff-c87fe502af74.config http.https://github.com/.extraheader AUTHORIZATION: basic ***
API specs (full) - platform	Checkout	2026-10-03T19:02:38.2955565Z [command]/usr/bin/git config --local includeIf.gitdir:/home/runner/work/vpsadmin/vpsadmin/.git.path /home/runner/work/_temp/git-credentials-9f922b23-a0bc-47ed-93ff-c87fe502af74.config
API specs (full) - platform	Checkout	2026-10-03T19:02:38.3004214Z [command]/usr/bin/git config --local includeIf.gitdir:/home/runner/work/vpsadmin/vpsadmin/.git/worktrees/*.path /home/runner/work/_temp/git-credentials-9f922b23-a0bc-47ed-93ff-c87fe502af74.config
API specs (full) - platform	Checkout	2026-10-03T19:02:38.3055838Z [command]/usr/bin/git config --local includeIf.gitdir:/github/workspace/.git.path /github/runner_temp/git-credentials-9f922b23-a0bc-47ed-93ff-c87fe502af74.config
API specs (full) - platform	Checkout	2026-10-03T19:02:38.3106699Z [command]/usr/bin/git config --local includeIf.gitdir:/github/workspace/.git/worktrees/*.path /github/runner_temp/git-credentials-9f922b23-a0bc-47ed-93ff-c87fe502af74.config
API specs (full) - platform	Checkout	2026-10-03T19:02:38.3153559Z ##[endgroup]
API specs (full) - platform	Checkout	2026-10-03T19:02:38.3154872Z ##[group]Fetching the repository
API specs (full) - platform	Checkout	2026-10-03T19:02:38.3162403Z [command]/usr/bin/git -c protocol.version=2 fetch --no-tags --prune --no-recurse-submodules --depth=1 origin +af8a97670293f4aa9a57e3196ac263c9c9530644:refs/remotes/origin/2026-10-03-newadmin-exception
API specs (full) - platform	Checkout	2026-10-03T19:02:39.0293400Z From https://github.com/vpsfreecz/vpsadmin
API specs (full) - platform	Checkout	2026-10-03T19:02:39.0296034Z  * [new ref]         af8a97670293f4aa9a57e3196ac263c9c9530644 -> origin/2026-10-03-newadmin-exception
API specs (full) - platform	Checkout	2026-10-03T19:02:39.0304020Z [command]/usr/bin/git branch --list --remote origin/2026-10-03-newadmin-exception
API specs (full) - platform	Checkout	2026-10-03T19:02:39.0345068Z   origin/2026-10-03-newadmin-exception
API specs (full) - platform	Checkout	2026-10-03T19:02:39.0355422Z [command]/usr/bin/git rev-parse refs/remotes/origin/2026-10-03-newadmin-exception
API specs (full) - platform	Checkout	2026-10-03T19:02:39.0391501Z af8a97670293f4aa9a57e3196ac263c9c9530644
API specs (full) - platform	Checkout	2026-10-03T19:02:39.0397188Z ##[endgroup]
API specs (full) - platform	Checkout	2026-10-03T19:02:39.0398502Z ##[group]Determining the checkout info
API specs (full) - platform	Checkout	2026-10-03T19:02:39.0400061Z ##[endgroup]
API specs (full) - platform	Checkout	2026-10-03T19:02:39.0403320Z [command]/usr/bin/git sparse-checkout disable
API specs (full) - platform	Checkout	2026-10-03T19:02:39.0473117Z [command]/usr/bin/git config --local --unset-all extensions.worktreeConfig
API specs (full) - platform	Checkout	2026-10-03T19:02:39.0520710Z ##[group]Checking out the ref
API specs (full) - platform	Checkout	2026-10-03T19:02:39.0525894Z [command]/usr/bin/git checkout --progress --force -B 2026-10-03-newadmin-exception refs/remotes/origin/2026-10-03-newadmin-exception
API specs (full) - platform	Checkout	2026-10-03T19:02:39.2540440Z Switched to a new branch '2026-10-03-newadmin-exception'
API specs (full) - platform	Checkout	2026-10-03T19:02:39.2544904Z branch '2026-10-03-newadmin-exception' set up to track 'origin/2026-10-03-newadmin-exception'.
API specs (full) - platform	Checkout	2026-10-03T19:02:39.2560010Z ##[endgroup]
API specs (full) - platform	Checkout	2026-10-03T19:02:39.2631782Z [command]/usr/bin/git log -1 --format=%H
API specs (full) - platform	Checkout	2026-10-03T19:02:39.2671460Z af8a97670293f4aa9a57e3196ac263c9c9530644
API specs (full) - platform	Select spec files for topic	﻿2026-10-03T19:02:39.2945646Z ##[group]Run set -euo pipefail
API specs (full) - platform	Select spec files for topic	2026-10-03T19:02:39.2946477Z ^[[36;1mset -euo pipefail^[[0m
API specs (full) - platform	Select spec files for topic	2026-10-03T19:02:39.2947354Z ^[[36;1mshopt -s nullglob globstar^[[0m
API specs (full) - platform	Select spec files for topic	2026-10-03T19:02:39.2947949Z ^[[36;1m^[[0m
API specs (full) - platform	Select spec files for topic	2026-10-03T19:02:39.2948405Z ^[[36;1mmkdir -p tmp^[[0m
API specs (full) - platform	Select spec files for topic	2026-10-03T19:02:39.2948928Z ^[[36;1m: > "tmp/rspec-files-$TOPIC.txt"^[[0m
API specs (full) - platform	Select spec files for topic	2026-10-03T19:02:39.2949530Z ^[[36;1m^[[0m
API specs (full) - platform	Select spec files for topic	2026-10-03T19:02:39.2949981Z ^[[36;1mfiles=()^[[0m
API specs (full) - platform	Select spec files for topic	2026-10-03T19:02:39.2950500Z ^[[36;1mwhile IFS= read -r pat; do^[[0m
API specs (full) - platform	Select spec files for topic	2026-10-03T19:02:39.2951081Z ^[[36;1m  [[ -z "$pat" ]] && continue^[[0m
API specs (full) - platform	Select spec files for topic	2026-10-03T19:02:39.2951754Z ^[[36;1m  # unquoted expansion is intentional: we want glob expansion^[[0m
API specs (full) - platform	Select spec files for topic	2026-10-03T19:02:39.2952464Z ^[[36;1m  for f in $pat; do^[[0m
API specs (full) - platform	Select spec files for topic	2026-10-03T19:02:39.2953035Z ^[[36;1m    files+=("$f")^[[0m
API specs (full) - platform	Select spec files for topic	2026-10-03T19:02:39.2953548Z ^[[36;1m  done^[[0m
API specs (full) - platform	Select spec files for topic	2026-10-03T19:02:39.2954023Z ^[[36;1mdone <<< "$PATTERNS"^[[0m
API specs (full) - platform	Select spec files for topic	2026-10-03T19:02:39.2954516Z ^[[36;1m^[[0m
API specs (full) - platform	Select spec files for topic	2026-10-03T19:02:39.2954971Z ^[[36;1mif (( ${#files[@]} == 0 )); then^[[0m
API specs (full) - platform	Select spec files for topic	2026-10-03T19:02:39.2955599Z ^[[36;1m  echo "ERROR: Topic '$TOPIC' matched 0 spec files."^[[0m
API specs (full) - platform	Select spec files for topic	2026-10-03T19:02:39.2956300Z ^[[36;1m  echo "Patterns were:"^[[0m
API specs (full) - platform	Select spec files for topic	2026-10-03T19:02:39.2957033Z ^[[36;1m  echo "$PATTERNS"^[[0m
API specs (full) - platform	Select spec files for topic	2026-10-03T19:02:39.2957591Z ^[[36;1m  exit 2^[[0m
API specs (full) - platform	Select spec files for topic	2026-10-03T19:02:39.2958051Z ^[[36;1mfi^[[0m
API specs (full) - platform	Select spec files for topic	2026-10-03T19:02:39.2958504Z ^[[36;1m^[[0m
API specs (full) - platform	Select spec files for topic	2026-10-03T19:02:39.2959092Z ^[[36;1mprintf '%s\n' "${files[@]}" | sort -u > "tmp/rspec-files-$TOPIC.txt"^[[0m
API specs (full) - platform	Select spec files for topic	2026-10-03T19:02:39.2959729Z ^[[36;1m^[[0m
API specs (full) - platform	Select spec files for topic	2026-10-03T19:02:39.2960162Z ^[[36;1m{^[[0m
API specs (full) - platform	Select spec files for topic	2026-10-03T19:02:39.2960634Z ^[[36;1m  echo "### API spec topic: $TOPIC"^[[0m
API specs (full) - platform	Select spec files for topic	2026-10-03T19:02:39.2961196Z ^[[36;1m  echo ""^[[0m
API specs (full) - platform	Select spec files for topic	2026-10-03T19:02:39.2961811Z ^[[36;1m  echo "Matched **$(wc -l < "tmp/rspec-files-$TOPIC.txt")** spec files:"^[[0m
API specs (full) - platform	Select spec files for topic	2026-10-03T19:02:39.2962487Z ^[[36;1m  echo ""^[[0m
API specs (full) - platform	Select spec files for topic	2026-10-03T19:02:39.2962963Z ^[[36;1m  echo '```'^[[0m
API specs (full) - platform	Select spec files for topic	2026-10-03T19:02:39.2963471Z ^[[36;1m  cat "tmp/rspec-files-$TOPIC.txt"^[[0m
API specs (full) - platform	Select spec files for topic	2026-10-03T19:02:39.2964019Z ^[[36;1m  echo '```'^[[0m
API specs (full) - platform	Select spec files for topic	2026-10-03T19:02:39.2964503Z ^[[36;1m} >> "$GITHUB_STEP_SUMMARY"^[[0m
API specs (full) - platform	Select spec files for topic	2026-10-03T19:02:39.3744129Z shell: /usr/bin/bash -e {0}
API specs (full) - platform	Select spec files for topic	2026-10-03T19:02:39.3744835Z env:
API specs (full) - platform	Select spec files for topic	2026-10-03T19:02:39.3842007Z   RACK_ENV: test
API specs (full) - platform	Select spec files for topic	2026-10-03T19:02:39.3843123Z   BUNDLE_WITHOUT: development
API specs (full) - platform	Select spec files for topic	2026-10-03T19:02:39.3843910Z   BUNDLE_JOBS: 4
API specs (full) - platform	Select spec files for topic	2026-10-03T19:02:39.3844589Z   BUNDLE_RETRY: 3
API specs (full) - platform	Select spec files for topic	2026-10-03T19:02:39.3846128Z   VPSADMIN_PLUGINS: all
API specs (full) - platform	Select spec files for topic	2026-10-03T19:02:39.3846727Z   TOPIC: platform
API specs (full) - platform	Select spec files for topic	2026-10-03T19:02:39.3852714Z   PATTERNS: spec/lib/**/*_spec.rb
API specs (full) - platform	Select spec files for topic	spec/api/resources/action_state_spec.rb
API specs (full) - platform	Select spec files for topic	spec/api/resources/api_server_spec.rb
API specs (full) - platform	Select spec files for topic	spec/api/resources/cluster*_spec.rb
API specs (full) - platform	Select spec files for topic	spec/api/resources/component_spec.rb
API specs (full) - platform	Select spec files for topic	spec/api/resources/debug_spec.rb
API specs (full) - platform	Select spec files for topic	spec/api/resources/default_object_cluster_resource_spec.rb
API specs (full) - platform	Select spec files for topic	spec/api/resources/environment_read_spec.rb
API specs (full) - platform	Select spec files for topic	spec/api/resources/environment_write_spec.rb
API specs (full) - platform	Select spec files for topic	spec/api/resources/incident_report_spec.rb
API specs (full) - platform	Select spec files for topic	spec/api/resources/language_spec.rb
API specs (full) - platform	Select spec files for topic	spec/api/resources/lifecycle_bypass_spec.rb
API specs (full) - platform	Select spec files for topic	spec/api/resources/location_read_spec.rb
API specs (full) - platform	Select spec files for topic	spec/api/resources/location_write_spec.rb
API specs (full) - platform	Select spec files for topic	spec/api/resources/metrics_access_token_spec.rb
API specs (full) - platform	Select spec files for topic	spec/api/resources/migration_plan_spec.rb
API specs (full) - platform	Select spec files for topic	spec/api/resources/node_*_spec.rb
API specs (full) - platform	Select spec files for topic	spec/api/resources/object_history_spec.rb
API specs (full) - platform	Select spec files for topic	spec/api/resources/oom_report*_spec.rb
API specs (full) - platform	Select spec files for topic	spec/api/resources/os_*_spec.rb
API specs (full) - platform	Select spec files for topic	spec/api/resources/security_advisory*_spec.rb
API specs (full) - platform	Select spec files for topic	spec/api/resources/system_config_spec.rb
API specs (full) - platform	Select spec files for topic	spec/api/resources/transaction*_spec.rb
API specs (full) - platform	Select spec files for topic	
API specs (full) - platform	Select spec files for topic	2026-10-03T19:02:39.3859857Z ##[endgroup]
API specs (full) - platform	Upload spec file list (for topic coverage checks)	﻿2026-10-03T19:02:39.4302098Z ##[group]Run actions/upload-artifact@v7
API specs (full) - platform	Upload spec file list (for topic coverage checks)	2026-10-03T19:02:39.4302752Z with:
API specs (full) - platform	Upload spec file list (for topic coverage checks)	2026-10-03T19:02:39.4303229Z   name: rspec-files-platform
API specs (full) - platform	Upload spec file list (for topic coverage checks)	2026-10-03T19:02:39.4303784Z   path: api/tmp/rspec-files-platform.txt
API specs (full) - platform	Upload spec file list (for topic coverage checks)	2026-10-03T19:02:39.4304350Z   if-no-files-found: error
API specs (full) - platform	Upload spec file list (for topic coverage checks)	2026-10-03T19:02:39.4304872Z   retention-days: 7
API specs (full) - platform	Upload spec file list (for topic coverage checks)	2026-10-03T19:02:39.4305348Z   compression-level: 6
API specs (full) - platform	Upload spec file list (for topic coverage checks)	2026-10-03T19:02:39.4305837Z   overwrite: false
API specs (full) - platform	Upload spec file list (for topic coverage checks)	2026-10-03T19:02:39.4306304Z   include-hidden-files: false
API specs (full) - platform	Upload spec file list (for topic coverage checks)	2026-10-03T19:02:39.4306800Z   archive: true
API specs (full) - platform	Upload spec file list (for topic coverage checks)	2026-10-03T19:02:39.4307457Z env:
API specs (full) - platform	Upload spec file list (for topic coverage checks)	2026-10-03T19:02:39.4307902Z   RACK_ENV: test
API specs (full) - platform	Upload spec file list (for topic coverage checks)	2026-10-03T19:02:39.4308382Z   BUNDLE_WITHOUT: development
API specs (full) - platform	Upload spec file list (for topic coverage checks)	2026-10-03T19:02:39.4308882Z   BUNDLE_JOBS: 4
API specs (full) - platform	Upload spec file list (for topic coverage checks)	2026-10-03T19:02:39.4309338Z   BUNDLE_RETRY: 3
API specs (full) - platform	Upload spec file list (for topic coverage checks)	2026-10-03T19:02:39.4309810Z   VPSADMIN_PLUGINS: all
API specs (full) - platform	Upload spec file list (for topic coverage checks)	2026-10-03T19:02:39.4310411Z ##[endgroup]
API specs (full) - platform	Upload spec file list (for topic coverage checks)	2026-10-03T19:02:39.5985746Z With the provided path, there will be 1 file uploaded
API specs (full) - platform	Upload spec file list (for topic coverage checks)	2026-10-03T19:02:39.5989267Z Artifact name is valid!
API specs (full) - platform	Upload spec file list (for topic coverage checks)	2026-10-03T19:02:39.5990801Z Root directory input is valid!
API specs (full) - platform	Upload spec file list (for topic coverage checks)	2026-10-03T19:02:39.7899377Z Uploading artifact: rspec-files-platform.zip
API specs (full) - platform	Upload spec file list (for topic coverage checks)	2026-10-03T19:02:39.7945312Z Beginning upload of artifact content to blob storage
API specs (full) - platform	Upload spec file list (for topic coverage checks)	2026-10-03T19:02:39.8556346Z Uploaded bytes 662
API specs (full) - platform	Upload spec file list (for topic coverage checks)	2026-10-03T19:02:39.8676371Z Finished uploading artifact content to blob storage!
API specs (full) - platform	Upload spec file list (for topic coverage checks)	2026-10-03T19:02:39.8678120Z SHA256 digest of uploaded artifact is 6b65f2426ea2b3b42c50a42b2b04ed406ea91b0193242113376a25f2799c2512
API specs (full) - platform	Upload spec file list (for topic coverage checks)	2026-10-03T19:02:39.8679469Z Finalizing artifact upload
API specs (full) - platform	Upload spec file list (for topic coverage checks)	2026-10-03T19:02:40.0857828Z Artifact rspec-files-platform successfully finalized. Artifact ID 11282930444
API specs (full) - platform	Upload spec file list (for topic coverage checks)	2026-10-03T19:02:40.0859368Z Artifact rspec-files-platform has been successfully uploaded! Final size is 662 bytes. Artifact ID is 11282930444
API specs (full) - platform	Upload spec file list (for topic coverage checks)	2026-10-03T19:02:40.0863233Z Artifact download URL: https://github.com/vpsfreecz/vpsadmin/actions/runs/37146401912/artifacts/11282930444
API specs (full) - platform	Install system dependencies (MariaDB server + headers)	﻿2026-10-03T19:02:40.1018425Z ##[group]Run sudo apt-get update
API specs (full) - platform	Install system dependencies (MariaDB server + headers)	2026-10-03T19:02:40.1018924Z ^[[36;1msudo apt-get update^[[0m
API specs (full) - platform	Install system dependencies (MariaDB server + headers)	2026-10-03T19:02:40.1019310Z ^[[36;1msudo apt-get install -y \^[[0m
API specs (full) - platform	Install system dependencies (MariaDB server + headers)	2026-10-03T19:02:40.1019717Z ^[[36;1m  libmariadb-dev \^[[0m
API specs (full) - platform	Install system dependencies (MariaDB server + headers)	2026-10-03T19:02:40.1020085Z ^[[36;1m  libmariadb-dev-compat \^[[0m
API specs (full) - platform	Install system dependencies (MariaDB server + headers)	2026-10-03T19:02:40.1020452Z ^[[36;1m  mariadb-client \^[[0m
API specs (full) - platform	Install system dependencies (MariaDB server + headers)	2026-10-03T19:02:40.1020850Z ^[[36;1m  mariadb-server^[[0m
API specs (full) - platform	Install system dependencies (MariaDB server + headers)	2026-10-03T19:02:40.1101260Z shell: /usr/bin/bash -e {0}
API specs (full) - platform	Install system dependencies (MariaDB server + headers)	2026-10-03T19:02:40.1101638Z env:
API specs (full) - platform	Install system dependencies (MariaDB server + headers)	2026-10-03T19:02:40.1101923Z   RACK_ENV: test
API specs (full) - platform	Install system dependencies (MariaDB server + headers)	2026-10-03T19:02:40.1102229Z   BUNDLE_WITHOUT: development
API specs (full) - platform	Install system dependencies (MariaDB server + headers)	2026-10-03T19:02:40.1102562Z   BUNDLE_JOBS: 4
API specs (full) - platform	Install system dependencies (MariaDB server + headers)	2026-10-03T19:02:40.1102854Z   BUNDLE_RETRY: 3
API specs (full) - platform	Install system dependencies (MariaDB server + headers)	2026-10-03T19:02:40.1103160Z   VPSADMIN_PLUGINS: all
API specs (full) - platform	Install system dependencies (MariaDB server + headers)	2026-10-03T19:02:40.1103475Z ##[endgroup]
API specs (full) - platform	Install system dependencies (MariaDB server + headers)	2026-10-03T19:02:40.2050029Z Get:1 file:/etc/apt/apt-mirrors.txt Mirrorlist [144 B]
API specs (full) - platform	Install system dependencies (MariaDB server + headers)	2026-10-03T19:02:40.2519259Z Hit:2 http://azure.archive.ubuntu.com/ubuntu noble InRelease
API specs (full) - platform	Install system dependencies (MariaDB server + headers)	2026-10-03T19:02:40.2538306Z Get:3 http://azure.archive.ubuntu.com/ubuntu noble-updates InRelease [126 kB]
API specs (full) - platform	Install system dependencies (MariaDB server + headers)	2026-10-03T19:02:40.2606653Z Get:4 http://azure.archive.ubuntu.com/ubuntu noble-backports InRelease [126 kB]
API specs (full) - platform	Install system dependencies (MariaDB server + headers)	2026-10-03T19:02:40.2631451Z Get:5 http://azure.archive.ubuntu.com/ubuntu noble-security InRelease [126 kB]
API specs (full) - platform	Install system dependencies (MariaDB server + headers)	2026-10-03T19:02:40.4108913Z Get:6 http://azure.archive.ubuntu.com/ubuntu noble-updates/main amd64 Packages [1364 kB]
API specs (full) - platform	Install system dependencies (MariaDB server + headers)	2026-10-03T19:02:40.4278004Z Get:7 http://azure.archive.ubuntu.com/ubuntu noble-updates/main Translation-en [304 kB]
API specs (full) - platform	Install system dependencies (MariaDB server + headers)	2026-10-03T19:02:40.4299189Z Get:8 http://azure.archive.ubuntu.com/ubuntu noble-updates/main amd64 Components [181 kB]
API specs (full) - platform	Install system dependencies (MariaDB server + headers)	2026-10-03T19:02:40.4317824Z Get:9 http://azure.archive.ubuntu.com/ubuntu noble-updates/universe amd64 Packages [1699 kB]
API specs (full) - platform	Install system dependencies (MariaDB server + headers)	2026-10-03T19:02:40.4428341Z Get:10 http://azure.archive.ubuntu.com/ubuntu noble-updates/universe Translation-en [341 kB]
API specs (full) - platform	Install system dependencies (MariaDB server + headers)	2026-10-03T19:02:40.4452046Z Get:11 http://azure.archive.ubuntu.com/ubuntu noble-updates/universe amd64 Components [388 kB]
API specs (full) - platform	Install system dependencies (MariaDB server + headers)	2026-10-03T19:02:40.4478629Z Get:12 http://azure.archive.ubuntu.com/ubuntu noble-updates/restricted amd64 Packages [1720 kB]
API specs (full) - platform	Install system dependencies (MariaDB server + headers)	2026-10-03T19:02:40.4605807Z Get:13 http://azure.archive.ubuntu.com/ubuntu noble-updates/restricted Translation-en [394 kB]
API specs (full) - platform	Install system dependencies (MariaDB server + headers)	2026-10-03T19:02:40.4660464Z Get:14 http://azure.archive.ubuntu.com/ubuntu noble-updates/multiverse amd64 Components [940 B]
API specs (full) - platform	Install system dependencies (MariaDB server + headers)	2026-10-03T19:02:40.4908511Z Get:15 http://azure.archive.ubuntu.com/ubuntu noble-backports/main amd64 Components [5736 B]
API specs (full) - platform	Install system dependencies (MariaDB server + headers)	2026-10-03T19:02:40.4940392Z Get:17 https://packages.microsoft.com/ubuntu/24.04/prod noble InRelease [3600 B]
API specs (full) - platform	Install system dependencies (MariaDB server + headers)	2026-10-03T19:02:40.5373197Z Get:16 http://azure.archive.ubuntu.com/ubuntu noble-backports/universe amd64 Components [12.6 kB]
API specs (full) - platform	Install system dependencies (MariaDB server + headers)	2026-10-03T19:02:40.5618154Z Get:18 http://azure.archive.ubuntu.com/ubuntu noble-security/main amd64 Packages [1069 kB]
API specs (full) - platform	Install system dependencies (MariaDB server + headers)	2026-10-03T19:02:40.5690844Z Get:19 http://azure.archive.ubuntu.com/ubuntu noble-security/main Translation-en [221 kB]
API specs (full) - platform	Install system dependencies (MariaDB server + headers)	2026-10-03T19:02:40.5711464Z Get:20 http://azure.archive.ubuntu.com/ubuntu noble-security/main amd64 Components [46.5 kB]
API specs (full) - platform	Install system dependencies (MariaDB server + headers)	2026-10-03T19:02:40.5725720Z Get:21 http://azure.archive.ubuntu.com/ubuntu noble-security/universe amd64 Packages [1216 kB]
API specs (full) - platform	Install system dependencies (MariaDB server + headers)	2026-10-03T19:02:40.5807271Z Get:22 http://azure.archive.ubuntu.com/ubuntu noble-security/universe Translation-en [244 kB]
API specs (full) - platform	Install system dependencies (MariaDB server + headers)	2026-10-03T19:02:40.5829851Z Get:23 http://azure.archive.ubuntu.com/ubuntu noble-security/universe amd64 Components [76.3 kB]
API specs (full) - platform	Install system dependencies (MariaDB server + headers)	2026-10-03T19:02:40.5845680Z Get:24 http://azure.archive.ubuntu.com/ubuntu noble-security/restricted amd64 Packages [1566 kB]
API specs (full) - platform	Install system dependencies (MariaDB server + headers)	2026-10-03T19:02:40.5955599Z Get:25 http://azure.archive.ubuntu.com/ubuntu noble-security/restricted Translation-en [361 kB]
API specs (full) - platform	Install system dependencies (MariaDB server + headers)	2026-10-03T19:02:40.6257029Z Get:26 https://packages.microsoft.com/ubuntu/24.04/prod noble/main armhf Packages [12.6 kB]
API specs (full) - platform	Install system dependencies (MariaDB server + headers)	2026-10-03T19:02:40.6288043Z Get:27 https://packages.microsoft.com/ubuntu/24.04/prod noble/main arm64 Packages [458 kB]
API specs (full) - platform	Install system dependencies (MariaDB server + headers)	2026-10-03T19:02:40.6361494Z Get:28 https://packages.microsoft.com/ubuntu/24.04/prod noble/main amd64 Packages [511 kB]
API specs (full) - platform	Install system dependencies (MariaDB server + headers)	2026-10-03T19:02:52.0958171Z Fetched 12.6 MB in 2s (7921 kB/s)
API specs (full) - platform	Install system dependencies (MariaDB server + headers)	2026-10-03T19:02:53.1365540Z Reading package lists...
API specs (full) - platform	Install system dependencies (MariaDB server + headers)	2026-10-03T19:02:53.1750583Z Reading package lists...
API specs (full) - platform	Install system dependencies (MariaDB server + headers)	2026-10-03T19:02:53.4960377Z Building dependency tree...
API specs (full) - platform	Install system dependencies (MariaDB server + headers)	2026-10-03T19:02:53.4969736Z Reading state information...
API specs (full) - platform	Install system dependencies (MariaDB server + headers)	2026-10-03T19:02:53.7585407Z The following additional packages will be installed:
API specs (full) - platform	Install system dependencies (MariaDB server + headers)	2026-10-03T19:02:53.7590068Z   galera-4 libconfig-inifiles-perl libdbd-mysql-perl libdbi-perl libmariadb3
API specs (full) - platform	Install system dependencies (MariaDB server + headers)	2026-10-03T19:02:53.7591119Z   liburing2 mariadb-client-core mariadb-common mariadb-plugin-provider-bzip2
API specs (full) - platform	Install system dependencies (MariaDB server + headers)	2026-10-03T19:02:53.7592137Z   mariadb-plugin-provider-lz4 mariadb-plugin-provider-lzma
API specs (full) - platform	Install system dependencies (MariaDB server + headers)	2026-10-03T19:02:53.7592891Z   mariadb-plugin-provider-lzo mariadb-plugin-provider-snappy
API specs (full) - platform	Install system dependencies (MariaDB server + headers)	2026-10-03T19:02:53.7594106Z   mariadb-server-core pv socat
API specs (full) - platform	Install system dependencies (MariaDB server + headers)	2026-10-03T19:02:53.7602702Z Suggested packages:
API specs (full) - platform	Install system dependencies (MariaDB server + headers)	2026-10-03T19:02:53.7603361Z   libmldbm-perl libnet-daemon-perl libsql-statement-perl mailx mariadb-test
API specs (full) - platform	Install system dependencies (MariaDB server + headers)	2026-10-03T19:02:53.7603896Z   doc-base
API specs (full) - platform	Install system dependencies (MariaDB server + headers)	2026-10-03T19:02:53.7943758Z The following packages will be REMOVED:
API specs (full) - platform	Install system dependencies (MariaDB server + headers)	2026-10-03T19:02:53.7954478Z   libmysqlclient-dev mysql-client mysql-client-8.0 mysql-client-core-8.0
API specs (full) - platform	Install system dependencies (MariaDB server + headers)	2026-10-03T19:02:53.7963129Z   mysql-server mysql-server-8.0 mysql-server-core-8.0
API specs (full) - platform	Install system dependencies (MariaDB server + headers)	2026-10-03T19:02:53.7966606Z The following NEW packages will be installed:
API specs (full) - platform	Install system dependencies (MariaDB server + headers)	2026-10-03T19:02:53.7973814Z   galera-4 libconfig-inifiles-perl libdbd-mysql-perl libdbi-perl
API specs (full) - platform	Install system dependencies (MariaDB server + headers)	2026-10-03T19:02:53.7982385Z   libmariadb-dev libmariadb-dev-compat libmariadb3 liburing2 mariadb-client
API specs (full) - platform	Install system dependencies (MariaDB server + headers)	2026-10-03T19:02:53.7982989Z   mariadb-client-core mariadb-common mariadb-plugin-provider-bzip2
API specs (full) - platform	Install system dependencies (MariaDB server + headers)	2026-10-03T19:02:53.7983499Z   mariadb-plugin-provider-lz4 mariadb-plugin-provider-lzma
API specs (full) - platform	Install system dependencies (MariaDB server + headers)	2026-10-03T19:02:53.7984296Z   mariadb-plugin-provider-lzo mariadb-plugin-provider-snappy mariadb-server
API specs (full) - platform	Install system dependencies (MariaDB server + headers)	2026-10-03T19:02:53.7990448Z   mariadb-server-core pv socat
API specs (full) - platform	Install system dependencies (MariaDB server + headers)	2026-10-03T19:02:53.8267700Z 0 upgraded, 20 newly installed, 7 to remove and 25 not upgraded.
API specs (full) - platform	Install system dependencies (MariaDB server + headers)	2026-10-03T19:02:53.8268235Z Need to get 18.0 MB of archives.
API specs (full) - platform	Install system dependencies (MariaDB server + headers)	2026-10-03T19:02:53.8268672Z After this operation, 458 kB disk space will be freed.
API specs (full) - platform	Install system dependencies (MariaDB server + headers)	2026-10-03T19:02:53.8269136Z Get:1 file:/etc/apt/apt-mirrors.txt Mirrorlist [144 B]
API specs (full) - platform	Install system dependencies (MariaDB server + headers)	2026-10-03T19:02:53.8623858Z Get:2 http://azure.archive.ubuntu.com/ubuntu noble/universe amd64 galera-4 amd64 26.4.16-2build4 [736 kB]
API specs (full) - platform	Install system dependencies (MariaDB server + headers)	2026-10-03T19:02:53.8822732Z Get:3 http://azure.archive.ubuntu.com/ubuntu noble-updates/universe amd64 mariadb-common all 1:10.11.14-0ubuntu0.24.04.1 [28.6 kB]
API specs (full) - platform	Install system dependencies (MariaDB server + headers)	2026-10-03T19:02:53.8983734Z Get:4 http://azure.archive.ubuntu.com/ubuntu noble-updates/main amd64 libdbi-perl amd64 1.643-4ubuntu0.3 [721 kB]
API specs (full) - platform	Install system dependencies (MariaDB server + headers)	2026-10-03T19:02:53.9184884Z Get:5 http://azure.archive.ubuntu.com/ubuntu noble-updates/main amd64 libconfig-inifiles-perl all 3.000003-2ubuntu0.1 [38.5 kB]
API specs (full) - platform	Install system dependencies (MariaDB server + headers)	2026-10-03T19:02:53.9328338Z Get:6 http://azure.archive.ubuntu.com/ubuntu noble-updates/universe amd64 libmariadb3 amd64 1:10.11.14-0ubuntu0.24.04.1 [196 kB]
API specs (full) - platform	Install system dependencies (MariaDB server + headers)	2026-10-03T19:02:53.9481553Z Get:7 http://azure.archive.ubuntu.com/ubuntu noble-updates/universe amd64 mariadb-client-core amd64 1:10.11.14-0ubuntu0.24.04.1 [1039 kB]
API specs (full) - platform	Install system dependencies (MariaDB server + headers)	2026-10-03T19:02:53.9701155Z Get:8 http://azure.archive.ubuntu.com/ubuntu noble-updates/universe amd64 mariadb-client amd64 1:10.11.14-0ubuntu0.24.04.1 [2502 kB]
API specs (full) - platform	Install system dependencies (MariaDB server + headers)	2026-10-03T19:02:54.0001027Z Get:9 http://azure.archive.ubuntu.com/ubuntu noble/main amd64 liburing2 amd64 2.5-1build1 [21.1 kB]
API specs (full) - platform	Install system dependencies (MariaDB server + headers)	2026-10-03T19:02:54.0143180Z Get:10 http://azure.archive.ubuntu.com/ubuntu noble-updates/universe amd64 mariadb-server-core amd64 1:10.11.14-0ubuntu0.24.04.1 [8406 kB]
API specs (full) - platform	Install system dependencies (MariaDB server + headers)	2026-10-03T19:02:54.0884609Z Get:11 http://azure.archive.ubuntu.com/ubuntu noble-updates/main amd64 socat amd64 1.8.0.0-4ubuntu0.1 [374 kB]
API specs (full) - platform	Install system dependencies (MariaDB server + headers)	2026-10-03T19:02:54.1048212Z Get:12 http://azure.archive.ubuntu.com/ubuntu noble-updates/universe amd64 mariadb-server amd64 1:10.11.14-0ubuntu0.24.04.1 [3463 kB]
API specs (full) - platform	Install system dependencies (MariaDB server + headers)	2026-10-03T19:02:54.1477789Z Get:13 http://azure.archive.ubuntu.com/ubuntu noble/universe amd64 libdbd-mysql-perl amd64 4.052-1ubuntu3 [85.5 kB]
API specs (full) - platform	Install system dependencies (MariaDB server + headers)	2026-10-03T19:02:54.1623576Z Get:14 http://azure.archive.ubuntu.com/ubuntu noble-updates/universe amd64 libmariadb-dev amd64 1:10.11.14-0ubuntu0.24.04.1 [274 kB]
API specs (full) - platform	Install system dependencies (MariaDB server + headers)	2026-10-03T19:02:54.1783549Z Get:15 http://azure.archive.ubuntu.com/ubuntu noble-updates/universe amd64 mariadb-plugin-provider-bzip2 amd64 1:10.11.14-0ubuntu0.24.04.1 [13.9 kB]
API specs (full) - platform	Install system dependencies (MariaDB server + headers)	2026-10-03T19:02:54.1923683Z Get:16 http://azure.archive.ubuntu.com/ubuntu noble-updates/universe amd64 mariadb-plugin-provider-lz4 amd64 1:10.11.14-0ubuntu0.24.04.1 [13.8 kB]
API specs (full) - platform	Install system dependencies (MariaDB server + headers)	2026-10-03T19:02:54.2064318Z Get:17 http://azure.archive.ubuntu.com/ubuntu noble-updates/universe amd64 mariadb-plugin-provider-lzma amd64 1:10.11.14-0ubuntu0.24.04.1 [13.8 kB]
API specs (full) - platform	Install system dependencies (MariaDB server + headers)	2026-10-03T19:02:54.2204941Z Get:18 http://azure.archive.ubuntu.com/ubuntu noble-updates/universe amd64 mariadb-plugin-provider-lzo amd64 1:10.11.14-0ubuntu0.24.04.1 [13.8 kB]
API specs (full) - platform	Install system dependencies (MariaDB server + headers)	2026-10-03T19:02:54.2784641Z Get:19 http://azure.archive.ubuntu.com/ubuntu noble-updates/universe amd64 mariadb-plugin-provider-snappy amd64 1:10.11.14-0ubuntu0.24.04.1 [13.8 kB]
API specs (full) - platform	Install system dependencies (MariaDB server + headers)	2026-10-03T19:02:54.2938409Z Get:20 http://azure.archive.ubuntu.com/ubuntu noble/main amd64 pv amd64 1.8.5-2build1 [73.9 kB]
API specs (full) - platform	Install system dependencies (MariaDB server + headers)	2026-10-03T19:02:54.3101893Z Get:21 http://azure.archive.ubuntu.com/ubuntu noble-updates/universe amd64 libmariadb-dev-compat amd64 1:10.11.14-0ubuntu0.24.04.1 [12.0 kB]
API specs (full) - platform	Install system dependencies (MariaDB server + headers)	2026-10-03T19:02:54.7262886Z Preconfiguring packages ...
API specs (full) - platform	Install system dependencies (MariaDB server + headers)	2026-10-03T19:02:54.8903850Z Fetched 18.0 MB in 0s (36.3 MB/s)
API specs (full) - platform	Install system dependencies (MariaDB server + headers)	2026-10-03T19:02:55.0409580Z (Reading database ... 
API specs (full) - platform	Install system dependencies (MariaDB server + headers)	2026-10-03T19:02:55.0410266Z (Reading database ... 5%
API specs (full) - platform	Install system dependencies (MariaDB server + headers)	2026-10-03T19:02:55.0410673Z (Reading database ... 10%
API specs (full) - platform	Install system dependencies (MariaDB server + headers)	2026-10-03T19:02:55.0411050Z (Reading database ... 15%
API specs (full) - platform	Install system dependencies (MariaDB server + headers)	2026-10-03T19:02:55.0411424Z (Reading database ... 20%
API specs (full) - platform	Install system dependencies (MariaDB server + headers)	2026-10-03T19:02:55.0411783Z (Reading database ... 25%
API specs (full) - platform	Install system dependencies (MariaDB server + headers)	2026-10-03T19:02:55.0412144Z (Reading database ... 30%
API specs (full) - platform	Install system dependencies (MariaDB server + headers)	2026-10-03T19:02:55.0412501Z (Reading database ... 35%
API specs (full) - platform	Install system dependencies (MariaDB server + headers)	2026-10-03T19:02:55.0412890Z (Reading database ... 40%
API specs (full) - platform	Install system dependencies (MariaDB server + headers)	2026-10-03T19:02:55.0413238Z (Reading database ... 45%
API specs (full) - platform	Install system dependencies (MariaDB server + headers)	2026-10-03T19:02:55.0413500Z (Reading database ... 50%
API specs (full) - platform	Install system dependencies (MariaDB server + headers)	2026-10-03T19:02:55.0469810Z (Reading database ... 55%
API specs (full) - platform	Install system dependencies (MariaDB server + headers)	2026-10-03T19:02:55.3367835Z (Reading database ... 60%
API specs (full) - platform	Install system dependencies (MariaDB server + headers)	2026-10-03T19:02:55.5474944Z (Reading database ... 65%
API specs (full) - platform	Install system dependencies (MariaDB server + headers)	2026-10-03T19:02:55.8512366Z (Reading database ... 70%
API specs (full) - platform	Install system dependencies (MariaDB server + headers)	2026-10-03T19:02:56.0743427Z (Reading database ... 75%
API specs (full) - platform	Install system dependencies (MariaDB server + headers)	2026-10-03T19:02:56.7241717Z (Reading database ... 80%
API specs (full) - platform	Install system dependencies (MariaDB server + headers)	2026-10-03T19:02:56.8850053Z (Reading database ... 85%
API specs (full) - platform	Install system dependencies (MariaDB server + headers)	2026-10-03T19:02:57.0970600Z (Reading database ... 90%
API specs (full) - platform	Install system dependencies (MariaDB server + headers)	2026-10-03T19:02:57.6020063Z (Reading database ... 95%
API specs (full) - platform	Install system dependencies (MariaDB server + headers)	2026-10-03T19:02:57.6020656Z (Reading database ... 100%
API specs (full) - platform	Install system dependencies (MariaDB server + headers)	2026-10-03T19:02:57.6021253Z (Reading database ... 202294 files and directories currently installed.)
API specs (full) - platform	Install system dependencies (MariaDB server + headers)	2026-10-03T19:02:57.6075658Z Removing libmysqlclient-dev (8.0.46-0ubuntu0.24.04.4) ...
API specs (full) - platform	Install system dependencies (MariaDB server + headers)	2026-10-03T19:02:57.6529174Z Removing mysql-client (8.0.46-0ubuntu0.24.04.4) ...
API specs (full) - platform	Install system dependencies (MariaDB server + headers)	2026-10-03T19:02:57.6772272Z Removing mysql-server (8.0.46-0ubuntu0.24.04.4) ...
API specs (full) - platform	Install system dependencies (MariaDB server + headers)	2026-10-03T19:02:57.6983280Z Removing mysql-server-8.0 (8.0.46-0ubuntu0.24.04.4) ...
API specs (full) - platform	Install system dependencies (MariaDB server + headers)	2026-10-03T19:02:58.7574280Z update-alternatives: using /etc/mysql/my.cnf.fallback to provide /etc/mysql/my.cnf (my.cnf) in auto mode
API specs (full) - platform	Install system dependencies (MariaDB server + headers)	2026-10-03T19:02:58.8105814Z Removing mysql-client-8.0 (8.0.46-0ubuntu0.24.04.4) ...
API specs (full) - platform	Install system dependencies (MariaDB server + headers)	2026-10-03T19:02:58.8661942Z Removing mysql-client-core-8.0 (8.0.46-0ubuntu0.24.04.4) ...
API specs (full) - platform	Install system dependencies (MariaDB server + headers)	2026-10-03T19:02:58.8921282Z Removing mysql-server-core-8.0 (8.0.46-0ubuntu0.24.04.4) ...
API specs (full) - platform	Install system dependencies (MariaDB server + headers)	2026-10-03T19:02:59.4641277Z Selecting previously unselected package galera-4.
API specs (full) - platform	Install system dependencies (MariaDB server + headers)	2026-10-03T19:02:59.4715879Z (Reading database ... 
API specs (full) - platform	Install system dependencies (MariaDB server + headers)	2026-10-03T19:02:59.4716772Z (Reading database ... 5%
API specs (full) - platform	Install system dependencies (MariaDB server + headers)	2026-10-03T19:02:59.4717690Z (Reading database ... 10%
API specs (full) - platform	Install system dependencies (MariaDB server + headers)	2026-10-03T19:02:59.4718303Z (Reading database ... 15%
API specs (full) - platform	Install system dependencies (MariaDB server + headers)	2026-10-03T19:02:59.4718783Z (Reading database ... 20%
API specs (full) - platform	Install system dependencies (MariaDB server + headers)	2026-10-03T19:02:59.4719157Z (Reading database ... 25%
API specs (full) - platform	Install system dependencies (MariaDB server + headers)	2026-10-03T19:02:59.4719508Z (Reading database ... 30%
API specs (full) - platform	Install system dependencies (MariaDB server + headers)	2026-10-03T19:02:59.4719908Z (Reading database ... 35%
API specs (full) - platform	Install system dependencies (MariaDB server + headers)	2026-10-03T19:02:59.4720253Z (Reading database ... 40%
API specs (full) - platform	Install system dependencies (MariaDB server + headers)	2026-10-03T19:02:59.4720619Z (Reading database ... 45%
API specs (full) - platform	Install system dependencies (MariaDB server + headers)	2026-10-03T19:02:59.4720981Z (Reading database ... 50%
API specs (full) - platform	Install system dependencies (MariaDB server + headers)	2026-10-03T19:02:59.4736389Z (Reading database ... 55%
API specs (full) - platform	Install system dependencies (MariaDB server + headers)	2026-10-03T19:02:59.4877422Z (Reading database ... 60%
API specs (full) - platform	Install system dependencies (MariaDB server + headers)	2026-10-03T19:02:59.4915330Z (Reading database ... 65%
API specs (full) - platform	Install system dependencies (MariaDB server + headers)	2026-10-03T19:02:59.4946798Z (Reading database ... 70%
API specs (full) - platform	Install system dependencies (MariaDB server + headers)	2026-10-03T19:02:59.4994406Z (Reading database ... 75%
API specs (full) - platform	Install system dependencies (MariaDB server + headers)	2026-10-03T19:02:59.5045947Z (Reading database ... 80%
API specs (full) - platform	Install system dependencies (MariaDB server + headers)	2026-10-03T19:02:59.5084682Z (Reading database ... 85%
API specs (full) - platform	Install system dependencies (MariaDB server + headers)	2026-10-03T19:02:59.5290588Z (Reading database ... 90%
API specs (full) - platform	Install system dependencies (MariaDB server + headers)	2026-10-03T19:02:59.5649975Z (Reading database ... 95%
API specs (full) - platform	Install system dependencies (MariaDB server + headers)	2026-10-03T19:02:59.5650418Z (Reading database ... 100%
API specs (full) - platform	Install system dependencies (MariaDB server + headers)	2026-10-03T19:02:59.5650832Z (Reading database ... 202054 files and directories currently installed.)
API specs (full) - platform	Install system dependencies (MariaDB server + headers)	2026-10-03T19:02:59.5706349Z Preparing to unpack .../0-galera-4_26.4.16-2build4_amd64.deb ...
API specs (full) - platform	Install system dependencies (MariaDB server + headers)	2026-10-03T19:02:59.8357470Z info: The home dir /nonexistent you specified can't be accessed: No such file or directory
API specs (full) - platform	Install system dependencies (MariaDB server + headers)	2026-10-03T19:02:59.8358198Z 
API specs (full) - platform	Install system dependencies (MariaDB server + headers)	2026-10-03T19:02:59.8402543Z info: Selecting UID from range 100 to 999 ...
API specs (full) - platform	Install system dependencies (MariaDB server + headers)	2026-10-03T19:02:59.8402866Z 
API specs (full) - platform	Install system dependencies (MariaDB server + headers)	2026-10-03T19:02:59.8433488Z info: Adding system user `_galera' (UID 113) ...
API specs (full) - platform	Install system dependencies (MariaDB server + headers)	2026-10-03T19:02:59.8458584Z info: Adding new user `_galera' (UID 113) with group `nogroup' ...
API specs (full) - platform	Install system dependencies (MariaDB server + headers)	2026-10-03T19:02:59.8646746Z info: Not creating `/nonexistent'.
API specs (full) - platform	Install system dependencies (MariaDB server + headers)	2026-10-03T19:02:59.8701956Z Unpacking galera-4 (26.4.16-2build4) ...
API specs (full) - platform	Install system dependencies (MariaDB server + headers)	2026-10-03T19:03:00.1624514Z Selecting previously unselected package mariadb-common.
API specs (full) - platform	Install system dependencies (MariaDB server + headers)	2026-10-03T19:03:00.1780154Z Preparing to unpack .../1-mariadb-common_1%3a10.11.14-0ubuntu0.24.04.1_all.deb ...
API specs (full) - platform	Install system dependencies (MariaDB server + headers)	2026-10-03T19:03:00.1990015Z Unpacking mariadb-common (1:10.11.14-0ubuntu0.24.04.1) ...
API specs (full) - platform	Install system dependencies (MariaDB server + headers)	2026-10-03T19:03:00.2584114Z Selecting previously unselected package libdbi-perl:amd64.
API specs (full) - platform	Install system dependencies (MariaDB server + headers)	2026-10-03T19:03:00.2742261Z Preparing to unpack .../2-libdbi-perl_1.643-4ubuntu0.3_amd64.deb ...
API specs (full) - platform	Install system dependencies (MariaDB server + headers)	2026-10-03T19:03:00.2751567Z Unpacking libdbi-perl:amd64 (1.643-4ubuntu0.3) ...
API specs (full) - platform	Install system dependencies (MariaDB server + headers)	2026-10-03T19:03:00.3347868Z Selecting previously unselected package libconfig-inifiles-perl.
API specs (full) - platform	Install system dependencies (MariaDB server + headers)	2026-10-03T19:03:00.3501116Z Preparing to unpack .../3-libconfig-inifiles-perl_3.000003-2ubuntu0.1_all.deb ...
API specs (full) - platform	Install system dependencies (MariaDB server + headers)	2026-10-03T19:03:00.3541813Z Unpacking libconfig-inifiles-perl (3.000003-2ubuntu0.1) ...
API specs (full) - platform	Install system dependencies (MariaDB server + headers)	2026-10-03T19:03:00.4367211Z Selecting previously unselected package libmariadb3:amd64.
API specs (full) - platform	Install system dependencies (MariaDB server + headers)	2026-10-03T19:03:00.4515746Z Preparing to unpack .../4-libmariadb3_1%3a10.11.14-0ubuntu0.24.04.1_amd64.deb ...
API specs (full) - platform	Install system dependencies (MariaDB server + headers)	2026-10-03T19:03:00.4536650Z Unpacking libmariadb3:amd64 (1:10.11.14-0ubuntu0.24.04.1) ...
API specs (full) - platform	Install system dependencies (MariaDB server + headers)	2026-10-03T19:03:00.4806043Z Selecting previously unselected package mariadb-client-core.
API specs (full) - platform	Install system dependencies (MariaDB server + headers)	2026-10-03T19:03:00.4959101Z Preparing to unpack .../5-mariadb-client-core_1%3a10.11.14-0ubuntu0.24.04.1_amd64.deb ...
API specs (full) - platform	Install system dependencies (MariaDB server + headers)	2026-10-03T19:03:00.4968748Z Unpacking mariadb-client-core (1:10.11.14-0ubuntu0.24.04.1) ...
API specs (full) - platform	Install system dependencies (MariaDB server + headers)	2026-10-03T19:03:00.6108859Z Selecting previously unselected package mariadb-client.
API specs (full) - platform	Install system dependencies (MariaDB server + headers)	2026-10-03T19:03:00.6262089Z Preparing to unpack .../6-mariadb-client_1%3a10.11.14-0ubuntu0.24.04.1_amd64.deb ...
API specs (full) - platform	Install system dependencies (MariaDB server + headers)	2026-10-03T19:03:00.6560102Z Unpacking mariadb-client (1:10.11.14-0ubuntu0.24.04.1) ...
API specs (full) - platform	Install system dependencies (MariaDB server + headers)	2026-10-03T19:03:01.0715941Z Selecting previously unselected package liburing2:amd64.
API specs (full) - platform	Install system dependencies (MariaDB server + headers)	2026-10-03T19:03:01.0870720Z Preparing to unpack .../7-liburing2_2.5-1build1_amd64.deb ...
API specs (full) - platform	Install system dependencies (MariaDB server + headers)	2026-10-03T19:03:01.0878911Z Unpacking liburing2:amd64 (2.5-1build1) ...
API specs (full) - platform	Install system dependencies (MariaDB server + headers)	2026-10-03T19:03:01.1127132Z Selecting previously unselected package mariadb-server-core.
API specs (full) - platform	Install system dependencies (MariaDB server + headers)	2026-10-03T19:03:01.1280496Z Preparing to unpack .../8-mariadb-server-core_1%3a10.11.14-0ubuntu0.24.04.1_amd64.deb ...
API specs (full) - platform	Install system dependencies (MariaDB server + headers)	2026-10-03T19:03:01.1465886Z Unpacking mariadb-server-core (1:10.11.14-0ubuntu0.24.04.1) ...
API specs (full) - platform	Install system dependencies (MariaDB server + headers)	2026-10-03T19:03:01.5060954Z Selecting previously unselected package socat.
API specs (full) - platform	Install system dependencies (MariaDB server + headers)	2026-10-03T19:03:01.5212426Z Preparing to unpack .../9-socat_1.8.0.0-4ubuntu0.1_amd64.deb ...
API specs (full) - platform	Install system dependencies (MariaDB server + headers)	2026-10-03T19:03:01.5221514Z Unpacking socat (1.8.0.0-4ubuntu0.1) ...
API specs (full) - platform	Install system dependencies (MariaDB server + headers)	2026-10-03T19:03:01.5948066Z Setting up mariadb-common (1:10.11.14-0ubuntu0.24.04.1) ...
API specs (full) - platform	Install system dependencies (MariaDB server + headers)	2026-10-03T19:03:01.6040390Z update-alternatives: using /etc/mysql/mariadb.cnf to provide /etc/mysql/my.cnf (my.cnf) in auto mode
API specs (full) - platform	Install system dependencies (MariaDB server + headers)	2026-10-03T19:03:01.8676630Z Selecting previously unselected package mariadb-server.
API specs (full) - platform	Install system dependencies (MariaDB server + headers)	2026-10-03T19:03:01.8751605Z (Reading database ... 
API specs (full) - platform	Install system dependencies (MariaDB server + headers)	2026-10-03T19:03:01.8752343Z (Reading database ... 5%
API specs (full) - platform	Install system dependencies (MariaDB server + headers)	2026-10-03T19:03:01.8752788Z (Reading database ... 10%
API specs (full) - platform	Install system dependencies (MariaDB server + headers)	2026-10-03T19:03:01.8753179Z (Reading database ... 15%
API specs (full) - platform	Install system dependencies (MariaDB server + headers)	2026-10-03T19:03:01.8753463Z (Reading database ... 20%
API specs (full) - platform	Install system dependencies (MariaDB server + headers)	2026-10-03T19:03:01.8753741Z (Reading database ... 25%
API specs (full) - platform	Install system dependencies (MariaDB server + headers)	2026-10-03T19:03:01.8754009Z (Reading database ... 30%
API specs (full) - platform	Install system dependencies (MariaDB server + headers)	2026-10-03T19:03:01.8754295Z (Reading database ... 35%
API specs (full) - platform	Install system dependencies (MariaDB server + headers)	2026-10-03T19:03:01.8755093Z (Reading database ... 40%
API specs (full) - platform	Install system dependencies (MariaDB server + headers)	2026-10-03T19:03:01.8755364Z (Reading database ... 45%
API specs (full) - platform	Install system dependencies (MariaDB server + headers)	2026-10-03T19:03:01.8755630Z (Reading database ... 50%
API specs (full) - platform	Install system dependencies (MariaDB server + headers)	2026-10-03T19:03:01.8755906Z (Reading database ... 55%
API specs (full) - platform	Install system dependencies (MariaDB server + headers)	2026-10-03T19:03:01.8906220Z (Reading database ... 60%
API specs (full) - platform	Install system dependencies (MariaDB server + headers)	2026-10-03T19:03:01.8941139Z (Reading database ... 65%
API specs (full) - platform	Install system dependencies (MariaDB server + headers)	2026-10-03T19:03:01.8977375Z (Reading database ... 70%
API specs (full) - platform	Install system dependencies (MariaDB server + headers)	2026-10-03T19:03:01.9017371Z (Reading database ... 75%
API specs (full) - platform	Install system dependencies (MariaDB server + headers)	2026-10-03T19:03:01.9081681Z (Reading database ... 80%
API specs (full) - platform	Install system dependencies (MariaDB server + headers)	2026-10-03T19:03:01.9122758Z (Reading database ... 85%
API specs (full) - platform	Install system dependencies (MariaDB server + headers)	2026-10-03T19:03:01.9344925Z (Reading database ... 90%
API specs (full) - platform	Install system dependencies (MariaDB server + headers)	2026-10-03T19:03:01.9750404Z (Reading database ... 95%
API specs (full) - platform	Install system dependencies (MariaDB server + headers)	2026-10-03T19:03:01.9750978Z (Reading database ... 100%
API specs (full) - platform	Install system dependencies (MariaDB server + headers)	2026-10-03T19:03:01.9751546Z (Reading database ... 202514 files and directories currently installed.)
API specs (full) - platform	Install system dependencies (MariaDB server + headers)	2026-10-03T19:03:01.9811259Z Preparing to unpack .../0-mariadb-server_1%3a10.11.14-0ubuntu0.24.04.1_amd64.deb ...
API specs (full) - platform	Install system dependencies (MariaDB server + headers)	2026-10-03T19:03:02.0804703Z /var/lib/mysql: found previous version 8.0
API specs (full) - platform	Install system dependencies (MariaDB server + headers)	2026-10-03T19:03:02.0891393Z The contents of /var/lib/mysql/ indicates a
API specs (full) - platform	Install system dependencies (MariaDB server + headers)	2026-10-03T19:03:02.0892261Z version that cannot automatically be upgraded. Therefore the
API specs (full) - platform	Install system dependencies (MariaDB server + headers)	2026-10-03T19:03:02.0892799Z previous data directory will be renamed to /var/lib/mysql-8.0 and
API specs (full) - platform	Install system dependencies (MariaDB server + headers)	2026-10-03T19:03:02.0893312Z a new data directory will be initialized at /var/lib/mysql.
API specs (full) - platform	Install system dependencies (MariaDB server + headers)	2026-10-03T19:03:02.0893852Z Please manually export/import your data (e.g. with mysqldump) if needed.
API specs (full) - platform	Install system dependencies (MariaDB server + headers)	2026-10-03T19:03:02.2973532Z Unpacking mariadb-server (1:10.11.14-0ubuntu0.24.04.1) ...
API specs (full) - platform	Install system dependencies (MariaDB server + headers)	2026-10-03T19:03:02.6561763Z Selecting previously unselected package libdbd-mysql-perl:amd64.
API specs (full) - platform	Install system dependencies (MariaDB server + headers)	2026-10-03T19:03:02.6710434Z Preparing to unpack .../1-libdbd-mysql-perl_4.052-1ubuntu3_amd64.deb ...
API specs (full) - platform	Install system dependencies (MariaDB server + headers)	2026-10-03T19:03:02.6719013Z Unpacking libdbd-mysql-perl:amd64 (4.052-1ubuntu3) ...
API specs (full) - platform	Install system dependencies (MariaDB server + headers)	2026-10-03T19:03:02.6969181Z Selecting previously unselected package libmariadb-dev.
API specs (full) - platform	Install system dependencies (MariaDB server + headers)	2026-10-03T19:03:02.7118128Z Preparing to unpack .../2-libmariadb-dev_1%3a10.11.14-0ubuntu0.24.04.1_amd64.deb ...
API specs (full) - platform	Install system dependencies (MariaDB server + headers)	2026-10-03T19:03:02.7125604Z Unpacking libmariadb-dev (1:10.11.14-0ubuntu0.24.04.1) ...
API specs (full) - platform	Install system dependencies (MariaDB server + headers)	2026-10-03T19:03:02.8095583Z Selecting previously unselected package mariadb-plugin-provider-bzip2.
API specs (full) - platform	Install system dependencies (MariaDB server + headers)	2026-10-03T19:03:02.8248353Z Preparing to unpack .../3-mariadb-plugin-provider-bzip2_1%3a10.11.14-0ubuntu0.24.04.1_amd64.deb ...
API specs (full) - platform	Install system dependencies (MariaDB server + headers)	2026-10-03T19:03:02.8257458Z Unpacking mariadb-plugin-provider-bzip2 (1:10.11.14-0ubuntu0.24.04.1) ...
API specs (full) - platform	Install system dependencies (MariaDB server + headers)	2026-10-03T19:03:02.8489300Z Selecting previously unselected package mariadb-plugin-provider-lz4.
API specs (full) - platform	Install system dependencies (MariaDB server + headers)	2026-10-03T19:03:02.8639959Z Preparing to unpack .../4-mariadb-plugin-provider-lz4_1%3a10.11.14-0ubuntu0.24.04.1_amd64.deb ...
API specs (full) - platform	Install system dependencies (MariaDB server + headers)	2026-10-03T19:03:02.8647511Z Unpacking mariadb-plugin-provider-lz4 (1:10.11.14-0ubuntu0.24.04.1) ...
API specs (full) - platform	Install system dependencies (MariaDB server + headers)	2026-10-03T19:03:03.1180013Z Selecting previously unselected package mariadb-plugin-provider-lzma.
API specs (full) - platform	Install system dependencies (MariaDB server + headers)	2026-10-03T19:03:03.1331462Z Preparing to unpack .../5-mariadb-plugin-provider-lzma_1%3a10.11.14-0ubuntu0.24.04.1_amd64.deb ...
API specs (full) - platform	Install system dependencies (MariaDB server + headers)	2026-10-03T19:03:03.1338292Z Unpacking mariadb-plugin-provider-lzma (1:10.11.14-0ubuntu0.24.04.1) ...
API specs (full) - platform	Install system dependencies (MariaDB server + headers)	2026-10-03T19:03:03.1990663Z Selecting previously unselected package mariadb-plugin-provider-lzo.
API specs (full) - platform	Install system dependencies (MariaDB server + headers)	2026-10-03T19:03:03.2140285Z Preparing to unpack .../6-mariadb-plugin-provider-lzo_1%3a10.11.14-0ubuntu0.24.04.1_amd64.deb ...
API specs (full) - platform	Install system dependencies (MariaDB server + headers)	2026-10-03T19:03:03.2147723Z Unpacking mariadb-plugin-provider-lzo (1:10.11.14-0ubuntu0.24.04.1) ...
API specs (full) - platform	Install system dependencies (MariaDB server + headers)	2026-10-03T19:03:03.3506405Z Selecting previously unselected package mariadb-plugin-provider-snappy.
API specs (full) - platform	Install system dependencies (MariaDB server + headers)	2026-10-03T19:03:03.3658598Z Preparing to unpack .../7-mariadb-plugin-provider-snappy_1%3a10.11.14-0ubuntu0.24.04.1_amd64.deb ...
API specs (full) - platform	Install system dependencies (MariaDB server + headers)	2026-10-03T19:03:03.3665755Z Unpacking mariadb-plugin-provider-snappy (1:10.11.14-0ubuntu0.24.04.1) ...
API specs (full) - platform	Install system dependencies (MariaDB server + headers)	2026-10-03T19:03:03.4318153Z Selecting previously unselected package pv.
API specs (full) - platform	Install system dependencies (MariaDB server + headers)	2026-10-03T19:03:03.4470346Z Preparing to unpack .../8-pv_1.8.5-2build1_amd64.deb ...
API specs (full) - platform	Install system dependencies (MariaDB server + headers)	2026-10-03T19:03:03.4478452Z Unpacking pv (1.8.5-2build1) ...
API specs (full) - platform	Install system dependencies (MariaDB server + headers)	2026-10-03T19:03:03.4723929Z Selecting previously unselected package libmariadb-dev-compat.
API specs (full) - platform	Install system dependencies (MariaDB server + headers)	2026-10-03T19:03:03.4876656Z Preparing to unpack .../9-libmariadb-dev-compat_1%3a10.11.14-0ubuntu0.24.04.1_amd64.deb ...
API specs (full) - platform	Install system dependencies (MariaDB server + headers)	2026-10-03T19:03:03.4885182Z Unpacking libmariadb-dev-compat (1:10.11.14-0ubuntu0.24.04.1) ...
API specs (full) - platform	Install system dependencies (MariaDB server + headers)	2026-10-03T19:03:03.5751326Z Setting up libconfig-inifiles-perl (3.000003-2ubuntu0.1) ...
API specs (full) - platform	Install system dependencies (MariaDB server + headers)	2026-10-03T19:03:03.5774476Z Setting up galera-4 (26.4.16-2build4) ...
API specs (full) - platform	Install system dependencies (MariaDB server + headers)	2026-10-03T19:03:03.5795058Z Setting up socat (1.8.0.0-4ubuntu0.1) ...
API specs (full) - platform	Install system dependencies (MariaDB server + headers)	2026-10-03T19:03:03.5817192Z Setting up libmariadb3:amd64 (1:10.11.14-0ubuntu0.24.04.1) ...
API specs (full) - platform	Install system dependencies (MariaDB server + headers)	2026-10-03T19:03:03.5843534Z Setting up libmariadb-dev (1:10.11.14-0ubuntu0.24.04.1) ...
API specs (full) - platform	Install system dependencies (MariaDB server + headers)	2026-10-03T19:03:03.5863498Z Setting up pv (1.8.5-2build1) ...
API specs (full) - platform	Install system dependencies (MariaDB server + headers)	2026-10-03T19:03:03.5882589Z Setting up liburing2:amd64 (2.5-1build1) ...
API specs (full) - platform	Install system dependencies (MariaDB server + headers)	2026-10-03T19:03:03.5900080Z Setting up libdbi-perl:amd64 (1.643-4ubuntu0.3) ...
API specs (full) - platform	Install system dependencies (MariaDB server + headers)	2026-10-03T19:03:03.5920977Z Setting up libmariadb-dev-compat (1:10.11.14-0ubuntu0.24.04.1) ...
API specs (full) - platform	Install system dependencies (MariaDB server + headers)	2026-10-03T19:03:03.5942053Z Setting up mariadb-client-core (1:10.11.14-0ubuntu0.24.04.1) ...
API specs (full) - platform	Install system dependencies (MariaDB server + headers)	2026-10-03T19:03:03.5959498Z Setting up libdbd-mysql-perl:amd64 (4.052-1ubuntu3) ...
API specs (full) - platform	Install system dependencies (MariaDB server + headers)	2026-10-03T19:03:03.5983679Z Setting up mariadb-server-core (1:10.11.14-0ubuntu0.24.04.1) ...
API specs (full) - platform	Install system dependencies (MariaDB server + headers)	2026-10-03T19:03:03.6400288Z Setting up mariadb-client (1:10.11.14-0ubuntu0.24.04.1) ...
API specs (full) - platform	Install system dependencies (MariaDB server + headers)	2026-10-03T19:03:03.6454582Z Setting up mariadb-server (1:10.11.14-0ubuntu0.24.04.1) ...
API specs (full) - platform	Install system dependencies (MariaDB server + headers)	2026-10-03T19:03:03.6505310Z Installing new version of config file /etc/mysql/debian-start ...
API specs (full) - platform	Install system dependencies (MariaDB server + headers)	2026-10-03T19:03:05.1577787Z renamed '/etc/logrotate.d/mysql-server' -> '/etc/logrotate.d/mysql-server.dpkg-bak'
API specs (full) - platform	Install system dependencies (MariaDB server + headers)	2026-10-03T19:03:05.7495167Z Created symlink /etc/systemd/system/multi-user.target.wants/mariadb.service → /usr/lib/systemd/system/mariadb.service.
API specs (full) - platform	Install system dependencies (MariaDB server + headers)	2026-10-03T19:03:05.7496230Z 
API specs (full) - platform	Install system dependencies (MariaDB server + headers)	2026-10-03T19:03:06.3288351Z Setting up mariadb-plugin-provider-bzip2 (1:10.11.14-0ubuntu0.24.04.1) ...
API specs (full) - platform	Install system dependencies (MariaDB server + headers)	2026-10-03T19:03:06.3649944Z Setting up mariadb-plugin-provider-lzma (1:10.11.14-0ubuntu0.24.04.1) ...
API specs (full) - platform	Install system dependencies (MariaDB server + headers)	2026-10-03T19:03:06.3676642Z Setting up mariadb-plugin-provider-lzo (1:10.11.14-0ubuntu0.24.04.1) ...
API specs (full) - platform	Install system dependencies (MariaDB server + headers)	2026-10-03T19:03:06.3707340Z Setting up mariadb-plugin-provider-lz4 (1:10.11.14-0ubuntu0.24.04.1) ...
API specs (full) - platform	Install system dependencies (MariaDB server + headers)	2026-10-03T19:03:06.3743632Z Setting up mariadb-plugin-provider-snappy (1:10.11.14-0ubuntu0.24.04.1) ...
API specs (full) - platform	Install system dependencies (MariaDB server + headers)	2026-10-03T19:03:06.3839650Z Processing triggers for man-db (2.12.0-4build2) ...
API specs (full) - platform	Install system dependencies (MariaDB server + headers)	2026-10-03T19:03:06.3868372Z Not building database; man-db/auto-update is not 'true'.
API specs (full) - platform	Install system dependencies (MariaDB server + headers)	2026-10-03T19:03:06.3888040Z Processing triggers for libc-bin (2.39-0ubuntu8.9) ...
API specs (full) - platform	Install system dependencies (MariaDB server + headers)	2026-10-03T19:03:06.8117203Z Processing triggers for mariadb-server (1:10.11.14-0ubuntu0.24.04.1) ...
API specs (full) - platform	Install system dependencies (MariaDB server + headers)	2026-10-03T19:03:08.0697410Z 
API specs (full) - platform	Install system dependencies (MariaDB server + headers)	2026-10-03T19:03:08.0698956Z Running kernel seems to be up-to-date.
API specs (full) - platform	Install system dependencies (MariaDB server + headers)	2026-10-03T19:03:08.0699460Z 
API specs (full) - platform	Install system dependencies (MariaDB server + headers)	2026-10-03T19:03:08.0699669Z No services need to be restarted.
API specs (full) - platform	Install system dependencies (MariaDB server + headers)	2026-10-03T19:03:08.0700005Z 
API specs (full) - platform	Install system dependencies (MariaDB server + headers)	2026-10-03T19:03:08.0700186Z No containers need to be restarted.
API specs (full) - platform	Install system dependencies (MariaDB server + headers)	2026-10-03T19:03:08.0700519Z 
API specs (full) - platform	Install system dependencies (MariaDB server + headers)	2026-10-03T19:03:08.0700733Z No user sessions are running outdated binaries.
API specs (full) - platform	Install system dependencies (MariaDB server + headers)	2026-10-03T19:03:08.0701125Z 
API specs (full) - platform	Install system dependencies (MariaDB server + headers)	2026-10-03T19:03:08.0701482Z No VM guests are running outdated hypervisor (qemu) binaries on this host.
API specs (full) - platform	Read Ruby series	﻿2026-10-03T19:03:09.6917139Z ##[group]Run set -euo pipefail
API specs (full) - platform	Read Ruby series	2026-10-03T19:03:09.6917572Z ^[[36;1mset -euo pipefail^[[0m
API specs (full) - platform	Read Ruby series	2026-10-03T19:03:09.6918012Z ^[[36;1m# ruby/setup-ruby resolves exact 3.4.0 to a preview build on^[[0m
API specs (full) - platform	Read Ruby series	2026-10-03T19:03:09.6918571Z ^[[36;1m# GitHub-hosted runners, so use the latest stable 3.4.x instead.^[[0m
API specs (full) - platform	Read Ruby series	2026-10-03T19:03:09.6919124Z ^[[36;1mecho "version=$(cut -d. -f1,2 .ruby-version)" >> "$GITHUB_OUTPUT"^[[0m
API specs (full) - platform	Read Ruby series	2026-10-03T19:03:09.7006249Z shell: /usr/bin/bash -e {0}
API specs (full) - platform	Read Ruby series	2026-10-03T19:03:09.7006633Z env:
API specs (full) - platform	Read Ruby series	2026-10-03T19:03:09.7007070Z   RACK_ENV: test
API specs (full) - platform	Read Ruby series	2026-10-03T19:03:09.7007351Z   BUNDLE_WITHOUT: development
API specs (full) - platform	Read Ruby series	2026-10-03T19:03:09.7007660Z   BUNDLE_JOBS: 4
API specs (full) - platform	Read Ruby series	2026-10-03T19:03:09.7007912Z   BUNDLE_RETRY: 3
API specs (full) - platform	Read Ruby series	2026-10-03T19:03:09.7008198Z   VPSADMIN_PLUGINS: all
API specs (full) - platform	Read Ruby series	2026-10-03T19:03:09.7008486Z ##[endgroup]
API specs (full) - platform	Set up Ruby (Bundler cache)	﻿2026-10-03T19:03:09.7265595Z ##[group]Run ruby/setup-ruby@v1
API specs (full) - platform	Set up Ruby (Bundler cache)	2026-10-03T19:03:09.7265929Z with:
API specs (full) - platform	Set up Ruby (Bundler cache)	2026-10-03T19:03:09.7266166Z   ruby-version: 3.4
API specs (full) - platform	Set up Ruby (Bundler cache)	2026-10-03T19:03:09.7266420Z   bundler-cache: true
API specs (full) - platform	Set up Ruby (Bundler cache)	2026-10-03T19:03:09.7266694Z   working-directory: api
API specs (full) - platform	Set up Ruby (Bundler cache)	2026-10-03T19:03:09.7269823Z   token: ***
API specs (full) - platform	Set up Ruby (Bundler cache)	2026-10-03T19:03:09.7270065Z env:
API specs (full) - platform	Set up Ruby (Bundler cache)	2026-10-03T19:03:09.7270297Z   RACK_ENV: test
API specs (full) - platform	Set up Ruby (Bundler cache)	2026-10-03T19:03:09.7270560Z   BUNDLE_WITHOUT: development
API specs (full) - platform	Set up Ruby (Bundler cache)	2026-10-03T19:03:09.7270843Z   BUNDLE_JOBS: 4
API specs (full) - platform	Set up Ruby (Bundler cache)	2026-10-03T19:03:09.7271077Z   BUNDLE_RETRY: 3
API specs (full) - platform	Set up Ruby (Bundler cache)	2026-10-03T19:03:09.7271326Z   VPSADMIN_PLUGINS: all
API specs (full) - platform	Set up Ruby (Bundler cache)	2026-10-03T19:03:09.7271596Z ##[endgroup]
API specs (full) - platform	Set up Ruby (Bundler cache)	2026-10-03T19:03:09.9253528Z ##[group]Modifying PATH
API specs (full) - platform	Set up Ruby (Bundler cache)	2026-10-03T19:03:09.9254727Z Entries added to PATH to use selected Ruby:
API specs (full) - platform	Set up Ruby (Bundler cache)	2026-10-03T19:03:09.9256574Z   /opt/hostedtoolcache/Ruby/3.4.11/x64/bin
API specs (full) - platform	Set up Ruby (Bundler cache)	2026-10-03T19:03:09.9268163Z ##[endgroup]
API specs (full) - platform	Set up Ruby (Bundler cache)	2026-10-03T19:03:09.9269412Z ##[group]Print Ruby version
API specs (full) - platform	Set up Ruby (Bundler cache)	2026-10-03T19:03:09.9357818Z [command]/opt/hostedtoolcache/Ruby/3.4.11/x64/bin/ruby --version
API specs (full) - platform	Set up Ruby (Bundler cache)	2026-10-03T19:03:10.4107915Z ruby 3.4.11 (2026-09-23 revision 592f1ffdb3) +PRISM [x86_64-linux]
API specs (full) - platform	Set up Ruby (Bundler cache)	2026-10-03T19:03:10.4141529Z Took   0.49 seconds
API specs (full) - platform	Set up Ruby (Bundler cache)	2026-10-03T19:03:10.4142559Z ##[endgroup]
API specs (full) - platform	Set up Ruby (Bundler cache)	2026-10-03T19:03:10.4143814Z ##[group]Installing Bundler
API specs (full) - platform	Set up Ruby (Bundler cache)	2026-10-03T19:03:10.4149239Z Using Bundler shipped with ruby-3.4.11
API specs (full) - platform	Set up Ruby (Bundler cache)	2026-10-03T19:03:10.4160130Z Took   0.00 seconds
API specs (full) - platform	Set up Ruby (Bundler cache)	2026-10-03T19:03:10.4161047Z ##[endgroup]
API specs (full) - platform	Set up Ruby (Bundler cache)	2026-10-03T19:03:10.4161390Z > bundle install
API specs (full) - platform	Set up Ruby (Bundler cache)	2026-10-03T19:03:10.4162102Z Setting BUNDLER_VERSION=2 for "bundle config|lock" commands below to ensure Bundler 2 is used
API specs (full) - platform	Set up Ruby (Bundler cache)	2026-10-03T19:03:10.4178261Z [command]/opt/hostedtoolcache/Ruby/3.4.11/x64/bin/bundle config set --local path /home/runner/work/vpsadmin/vpsadmin/api/vendor/bundle
API specs (full) - platform	Set up Ruby (Bundler cache)	2026-10-03T19:03:12.3266430Z [command]/opt/hostedtoolcache/Ruby/3.4.11/x64/bin/bundle lock
API specs (full) - platform	Set up Ruby (Bundler cache)	2026-10-03T19:03:14.1539764Z Writing lockfile to /home/runner/work/vpsadmin/vpsadmin/api/Gemfile.lock
API specs (full) - platform	Set up Ruby (Bundler cache)	2026-10-03T19:03:15.7332217Z Fetching gem metadata from https://rubygems.org/..........
API specs (full) - platform	Set up Ruby (Bundler cache)	2026-10-03T19:03:15.9270395Z Resolving dependencies...
API specs (full) - platform	Set up Ruby (Bundler cache)	2026-10-03T19:03:16.6751177Z ##[group]Print lockfile
API specs (full) - platform	Set up Ruby (Bundler cache)	2026-10-03T19:03:16.6769609Z [command]/usr/bin/cat Gemfile.lock
API specs (full) - platform	Set up Ruby (Bundler cache)	2026-10-03T19:03:16.6803963Z GEM
API specs (full) - platform	Set up Ruby (Bundler cache)	2026-10-03T19:03:16.6804468Z   remote: https://rubygems.org/
API specs (full) - platform	Set up Ruby (Bundler cache)	2026-10-03T19:03:16.6804899Z   specs:
API specs (full) - platform	Set up Ruby (Bundler cache)	2026-10-03T19:03:16.6805376Z     activemodel (8.1.4)
API specs (full) - platform	Set up Ruby (Bundler cache)	2026-10-03T19:03:16.6805864Z       activesupport (= 8.1.4)
API specs (full) - platform	Set up Ruby (Bundler cache)	2026-10-03T19:03:16.6806320Z     activerecord (8.1.4)
API specs (full) - platform	Set up Ruby (Bundler cache)	2026-10-03T19:03:16.6806634Z       activemodel (= 8.1.4)
API specs (full) - platform	Set up Ruby (Bundler cache)	2026-10-03T19:03:16.6807200Z       activesupport (= 8.1.4)
API specs (full) - platform	Set up Ruby (Bundler cache)	2026-10-03T19:03:16.6807691Z       timeout (>= 0.4.0)
API specs (full) - platform	Set up Ruby (Bundler cache)	2026-10-03T19:03:16.6808107Z     activesupport (8.1.4)
API specs (full) - platform	Set up Ruby (Bundler cache)	2026-10-03T19:03:16.6808487Z       base64
API specs (full) - platform	Set up Ruby (Bundler cache)	2026-10-03T19:03:16.6808907Z       bigdecimal
API specs (full) - platform	Set up Ruby (Bundler cache)	2026-10-03T19:03:16.6809290Z       concurrent-ruby (~> 1.0, >= 1.3.1)
API specs (full) - platform	Set up Ruby (Bundler cache)	2026-10-03T19:03:16.6809628Z       connection_pool (>= 2.2.5)
API specs (full) - platform	Set up Ruby (Bundler cache)	2026-10-03T19:03:16.6809923Z       drb
API specs (full) - platform	Set up Ruby (Bundler cache)	2026-10-03T19:03:16.6810231Z       i18n (>= 1.6, < 2)
API specs (full) - platform	Set up Ruby (Bundler cache)	2026-10-03T19:03:16.6810601Z       json
API specs (full) - platform	Set up Ruby (Bundler cache)	2026-10-03T19:03:16.6810927Z       logger (>= 1.4.2)
API specs (full) - platform	Set up Ruby (Bundler cache)	2026-10-03T19:03:16.6811286Z       minitest (>= 5.1)
API specs (full) - platform	Set up Ruby (Bundler cache)	2026-10-03T19:03:16.6811548Z       securerandom (>= 0.3)
API specs (full) - platform	Set up Ruby (Bundler cache)	2026-10-03T19:03:16.6811816Z       tzinfo (~> 2.0, >= 2.0.5)
API specs (full) - platform	Set up Ruby (Bundler cache)	2026-10-03T19:03:16.6812088Z       uri (>= 0.13.1)
API specs (full) - platform	Set up Ruby (Bundler cache)	2026-10-03T19:03:16.6812359Z     aes_key_wrap (1.1.0)
API specs (full) - platform	Set up Ruby (Bundler cache)	2026-10-03T19:03:16.6812700Z     amq-protocol (2.9.0)
API specs (full) - platform	Set up Ruby (Bundler cache)	2026-10-03T19:03:16.6812995Z     ancestry (4.3.3)
API specs (full) - platform	Set up Ruby (Bundler cache)	2026-10-03T19:03:16.6813274Z       activerecord (>= 5.2.6)
API specs (full) - platform	Set up Ruby (Bundler cache)	2026-10-03T19:03:16.6813572Z     android_key_attestation (0.3.0)
API specs (full) - platform	Set up Ruby (Bundler cache)	2026-10-03T19:03:16.6813874Z     ast (2.4.3)
API specs (full) - platform	Set up Ruby (Bundler cache)	2026-10-03T19:03:16.6814110Z     attr_required (1.0.2)
API specs (full) - platform	Set up Ruby (Bundler cache)	2026-10-03T19:03:16.6814395Z     base64 (0.3.0)
API specs (full) - platform	Set up Ruby (Bundler cache)	2026-10-03T19:03:16.6814638Z     bcrypt (3.1.22)
API specs (full) - platform	Set up Ruby (Bundler cache)	2026-10-03T19:03:16.6814872Z     bigdecimal (4.1.3)
API specs (full) - platform	Set up Ruby (Bundler cache)	2026-10-03T19:03:16.6815112Z     bindata (2.5.1)
API specs (full) - platform	Set up Ruby (Bundler cache)	2026-10-03T19:03:16.6815337Z     bunny (2.24.0)
API specs (full) - platform	Set up Ruby (Bundler cache)	2026-10-03T19:03:16.6815577Z       amq-protocol (~> 2.3)
API specs (full) - platform	Set up Ruby (Bundler cache)	2026-10-03T19:03:16.6815846Z       sorted_set (~> 1, >= 1.0.2)
API specs (full) - platform	Set up Ruby (Bundler cache)	2026-10-03T19:03:16.6816642Z     cbor (0.5.10.3)
API specs (full) - platform	Set up Ruby (Bundler cache)	2026-10-03T19:03:16.6817069Z     coderay (1.1.3)
API specs (full) - platform	Set up Ruby (Bundler cache)	2026-10-03T19:03:16.6817342Z     concurrent-ruby (1.3.8)
API specs (full) - platform	Set up Ruby (Bundler cache)	2026-10-03T19:03:16.6817621Z     connection_pool (3.0.2)
API specs (full) - platform	Set up Ruby (Bundler cache)	2026-10-03T19:03:16.6817882Z     cose (1.3.1)
API specs (full) - platform	Set up Ruby (Bundler cache)	2026-10-03T19:03:16.6818122Z       cbor (~> 0.5.9)
API specs (full) - platform	Set up Ruby (Bundler cache)	2026-10-03T19:03:16.6818443Z       openssl-signature_algorithm (~> 1.0)
API specs (full) - platform	Set up Ruby (Bundler cache)	2026-10-03T19:03:16.6818777Z     csv (3.3.6)
API specs (full) - platform	Set up Ruby (Bundler cache)	2026-10-03T19:03:16.6818994Z     date (3.5.1)
API specs (full) - platform	Set up Ruby (Bundler cache)	2026-10-03T19:03:16.6819210Z     diff-lcs (1.6.2)
API specs (full) - platform	Set up Ruby (Bundler cache)	2026-10-03T19:03:16.6819445Z     dnsruby (1.74.0)
API specs (full) - platform	Set up Ruby (Bundler cache)	2026-10-03T19:03:16.6819678Z       base64 (>= 0.2)
API specs (full) - platform	Set up Ruby (Bundler cache)	2026-10-03T19:03:16.6819909Z       logger (~> 1.6)
API specs (full) - platform	Set up Ruby (Bundler cache)	2026-10-03T19:03:16.6820159Z       simpleidn (~> 0.2.1)
API specs (full) - platform	Set up Ruby (Bundler cache)	2026-10-03T19:03:16.6820675Z     domain_name (0.6.20260921)
API specs (full) - platform	Set up Ruby (Bundler cache)	2026-10-03T19:03:16.6820983Z     drb (2.2.3)
API specs (full) - platform	Set up Ruby (Bundler cache)	2026-10-03T19:03:16.6821219Z     faraday (2.14.4)
API specs (full) - platform	Set up Ruby (Bundler cache)	2026-10-03T19:03:16.6821479Z       faraday-net_http (>= 2.0, < 3.5)
API specs (full) - platform	Set up Ruby (Bundler cache)	2026-10-03T19:03:16.6821775Z       json
API specs (full) - platform	Set up Ruby (Bundler cache)	2026-10-03T19:03:16.6821984Z       logger
API specs (full) - platform	Set up Ruby (Bundler cache)	2026-10-03T19:03:16.6822241Z     faraday-follow_redirects (0.5.0)
API specs (full) - platform	Set up Ruby (Bundler cache)	2026-10-03T19:03:16.6822562Z       faraday (>= 1, < 3)
API specs (full) - platform	Set up Ruby (Bundler cache)	2026-10-03T19:03:16.6822823Z     faraday-net_http (3.4.4)
API specs (full) - platform	Set up Ruby (Bundler cache)	2026-10-03T19:03:16.6823095Z       net-http (~> 0.5)
API specs (full) - platform	Set up Ruby (Bundler cache)	2026-10-03T19:03:16.6823342Z     fio_api (0.0.11)
API specs (full) - platform	Set up Ruby (Bundler cache)	2026-10-03T19:03:16.6823580Z       httparty (>= 0.16.2)
API specs (full) - platform	Set up Ruby (Bundler cache)	2026-10-03T19:03:16.6823831Z     haveapi (0.29.8)
API specs (full) - platform	Set up Ruby (Bundler cache)	2026-10-03T19:03:16.6824096Z       activesupport (>= 7.1)
API specs (full) - platform	Set up Ruby (Bundler cache)	2026-10-03T19:03:16.6824363Z       haveapi-client (~> 0.29.8)
API specs (full) - platform	Set up Ruby (Bundler cache)	2026-10-03T19:03:16.6824640Z       i18n (>= 1.6, < 2)
API specs (full) - platform	Set up Ruby (Bundler cache)	2026-10-03T19:03:16.6824877Z       json
API specs (full) - platform	Set up Ruby (Bundler cache)	2026-10-03T19:03:16.6825080Z       mail
API specs (full) - platform	Set up Ruby (Bundler cache)	2026-10-03T19:03:16.6825280Z       nesty (~> 1.0)
API specs (full) - platform	Set up Ruby (Bundler cache)	2026-10-03T19:03:16.6825543Z       rack-oauth2 (~> 2.2.0)
API specs (full) - platform	Set up Ruby (Bundler cache)	2026-10-03T19:03:16.6825805Z       rake
API specs (full) - platform	Set up Ruby (Bundler cache)	2026-10-03T19:03:16.6826014Z       redcarpet (~> 3.6)
API specs (full) - platform	Set up Ruby (Bundler cache)	2026-10-03T19:03:16.6826256Z       require_all (~> 2.0.0)
API specs (full) - platform	Set up Ruby (Bundler cache)	2026-10-03T19:03:16.6826507Z       sinatra (~> 4.0)
API specs (full) - platform	Set up Ruby (Bundler cache)	2026-10-03T19:03:16.6826767Z       sinatra-contrib (~> 4.0)
API specs (full) - platform	Set up Ruby (Bundler cache)	2026-10-03T19:03:16.6827472Z       tilt (~> 2.4)
API specs (full) - platform	Set up Ruby (Bundler cache)	2026-10-03T19:03:16.6827742Z     haveapi-client (0.29.8)
API specs (full) - platform	Set up Ruby (Bundler cache)	2026-10-03T19:03:16.6828035Z       activesupport (>= 7.0)
API specs (full) - platform	Set up Ruby (Bundler cache)	2026-10-03T19:03:16.6828301Z       highline (~> 3.1)
API specs (full) - platform	Set up Ruby (Bundler cache)	2026-10-03T19:03:16.6828539Z       json
API specs (full) - platform	Set up Ruby (Bundler cache)	2026-10-03T19:03:16.6828766Z       require_all (~> 2.0.0)
API specs (full) - platform	Set up Ruby (Bundler cache)	2026-10-03T19:03:16.6829029Z       rest-client (~> 2.1.0)
API specs (full) - platform	Set up Ruby (Bundler cache)	2026-10-03T19:03:16.6829299Z       ruby-progressbar (~> 1.13.0)
API specs (full) - platform	Set up Ruby (Bundler cache)	2026-10-03T19:03:16.6829577Z     highline (3.1.2)
API specs (full) - platform	Set up Ruby (Bundler cache)	2026-10-03T19:03:16.6829802Z       reline
API specs (full) - platform	Set up Ruby (Bundler cache)	2026-10-03T19:03:16.6830066Z     http-accept (1.7.0)
API specs (full) - platform	Set up Ruby (Bundler cache)	2026-10-03T19:03:16.6830310Z     http-cookie (1.1.6)
API specs (full) - platform	Set up Ruby (Bundler cache)	2026-10-03T19:03:16.6830553Z       domain_name (~> 0.5)
API specs (full) - platform	Set up Ruby (Bundler cache)	2026-10-03T19:03:16.6830815Z     httparty (0.24.3)
API specs (full) - platform	Set up Ruby (Bundler cache)	2026-10-03T19:03:16.6831048Z       csv
API specs (full) - platform	Set up Ruby (Bundler cache)	2026-10-03T19:03:16.6831270Z       mini_mime (>= 1.0.0)
API specs (full) - platform	Set up Ruby (Bundler cache)	2026-10-03T19:03:16.6831534Z       multi_xml (>= 0.5.2)
API specs (full) - platform	Set up Ruby (Bundler cache)	2026-10-03T19:03:16.6831786Z     i18n (1.15.2)
API specs (full) - platform	Set up Ruby (Bundler cache)	2026-10-03T19:03:16.6832020Z       concurrent-ruby (~> 1.0)
API specs (full) - platform	Set up Ruby (Bundler cache)	2026-10-03T19:03:16.6832291Z     io-console (0.9.4)
API specs (full) - platform	Set up Ruby (Bundler cache)	2026-10-03T19:03:16.6832534Z     ipaddress (0.8.3)
API specs (full) - platform	Set up Ruby (Bundler cache)	2026-10-03T19:03:16.6832774Z     json (2.21.2)
API specs (full) - platform	Set up Ruby (Bundler cache)	2026-10-03T19:03:16.6833011Z     json-jwt (1.17.2)
API specs (full) - platform	Set up Ruby (Bundler cache)	2026-10-03T19:03:16.6833273Z       activesupport (>= 4.2)
API specs (full) - platform	Set up Ruby (Bundler cache)	2026-10-03T19:03:16.6833540Z       aes_key_wrap
API specs (full) - platform	Set up Ruby (Bundler cache)	2026-10-03T19:03:16.6833783Z       base64
API specs (full) - platform	Set up Ruby (Bundler cache)	2026-10-03T19:03:16.6834020Z       bindata
API specs (full) - platform	Set up Ruby (Bundler cache)	2026-10-03T19:03:16.6834388Z       faraday (~> 2.0)
API specs (full) - platform	Set up Ruby (Bundler cache)	2026-10-03T19:03:16.6834784Z       faraday-follow_redirects
API specs (full) - platform	Set up Ruby (Bundler cache)	2026-10-03T19:03:16.6835185Z     jwt (3.3.0)
API specs (full) - platform	Set up Ruby (Bundler cache)	2026-10-03T19:03:16.6835541Z       base64
API specs (full) - platform	Set up Ruby (Bundler cache)	2026-10-03T19:03:16.6835803Z     language_server-protocol (3.17.0.6)
API specs (full) - platform	Set up Ruby (Bundler cache)	2026-10-03T19:03:16.6836147Z     lint_roller (1.1.0)
API specs (full) - platform	Set up Ruby (Bundler cache)	2026-10-03T19:03:16.6836420Z     logger (1.7.0)
API specs (full) - platform	Set up Ruby (Bundler cache)	2026-10-03T19:03:16.6836650Z     mail (2.9.1)
API specs (full) - platform	Set up Ruby (Bundler cache)	2026-10-03T19:03:16.6837127Z       logger
API specs (full) - platform	Set up Ruby (Bundler cache)	2026-10-03T19:03:16.6837440Z       mini_mime (>= 0.1.1)
API specs (full) - platform	Set up Ruby (Bundler cache)	2026-10-03T19:03:16.6837748Z       net-imap
API specs (full) - platform	Set up Ruby (Bundler cache)	2026-10-03T19:03:16.6837986Z       net-pop
API specs (full) - platform	Set up Ruby (Bundler cache)	2026-10-03T19:03:16.6838226Z       net-smtp
API specs (full) - platform	Set up Ruby (Bundler cache)	2026-10-03T19:03:16.6838564Z     method_source (1.1.0)
API specs (full) - platform	Set up Ruby (Bundler cache)	2026-10-03T19:03:16.6839309Z     mime-types (3.7.0)
API specs (full) - platform	Set up Ruby (Bundler cache)	2026-10-03T19:03:16.6839643Z       logger
API specs (full) - platform	Set up Ruby (Bundler cache)	2026-10-03T19:03:16.6839909Z       mime-types-data (~> 3.2025, >= 3.2025.0507)
API specs (full) - platform	Set up Ruby (Bundler cache)	2026-10-03T19:03:16.6840259Z     mime-types-data (3.2026.0929)
API specs (full) - platform	Set up Ruby (Bundler cache)	2026-10-03T19:03:16.6840541Z     mini_mime (1.1.5)
API specs (full) - platform	Set up Ruby (Bundler cache)	2026-10-03T19:03:16.6840813Z     minitest (6.0.6)
API specs (full) - platform	Set up Ruby (Bundler cache)	2026-10-03T19:03:16.6841065Z       drb (~> 2.0)
API specs (full) - platform	Set up Ruby (Bundler cache)	2026-10-03T19:03:16.6841318Z       prism (~> 1.5)
API specs (full) - platform	Set up Ruby (Bundler cache)	2026-10-03T19:03:16.6841569Z     multi_json (1.21.2)
API specs (full) - platform	Set up Ruby (Bundler cache)	2026-10-03T19:03:16.6841841Z     multi_xml (0.9.1)
API specs (full) - platform	Set up Ruby (Bundler cache)	2026-10-03T19:03:16.6842125Z       bigdecimal (>= 3.1, < 5)
API specs (full) - platform	Set up Ruby (Bundler cache)	2026-10-03T19:03:16.6842428Z     mustermann (3.1.1)
API specs (full) - platform	Set up Ruby (Bundler cache)	2026-10-03T19:03:16.6843137Z     mysql2 (0.5.7)
API specs (full) - platform	Set up Ruby (Bundler cache)	2026-10-03T19:03:16.6843368Z       bigdecimal
API specs (full) - platform	Set up Ruby (Bundler cache)	2026-10-03T19:03:16.6843593Z     nesty (1.0.2)
API specs (full) - platform	Set up Ruby (Bundler cache)	2026-10-03T19:03:16.6843875Z     net-http (0.9.1)
API specs (full) - platform	Set up Ruby (Bundler cache)	2026-10-03T19:03:16.6844110Z       uri (>= 0.11.1)
API specs (full) - platform	Set up Ruby (Bundler cache)	2026-10-03T19:03:16.6844458Z     net-imap (0.6.7)
API specs (full) - platform	Set up Ruby (Bundler cache)	2026-10-03T19:03:16.6844812Z       date
API specs (full) - platform	Set up Ruby (Bundler cache)	2026-10-03T19:03:16.6845040Z       net-protocol
API specs (full) - platform	Set up Ruby (Bundler cache)	2026-10-03T19:03:16.6845278Z     net-pop (0.1.2)
API specs (full) - platform	Set up Ruby (Bundler cache)	2026-10-03T19:03:16.6845511Z       net-protocol
API specs (full) - platform	Set up Ruby (Bundler cache)	2026-10-03T19:03:16.6845757Z     net-protocol (0.4.0)
API specs (full) - platform	Set up Ruby (Bundler cache)	2026-10-03T19:03:16.6846060Z       timeout
API specs (full) - platform	Set up Ruby (Bundler cache)	2026-10-03T19:03:16.6846394Z     net-smtp (0.5.2)
API specs (full) - platform	Set up Ruby (Bundler cache)	2026-10-03T19:03:16.6846753Z       net-protocol
API specs (full) - platform	Set up Ruby (Bundler cache)	2026-10-03T19:03:16.6847553Z     netrc (0.11.0)
API specs (full) - platform	Set up Ruby (Bundler cache)	2026-10-03T19:03:16.6847795Z     nio4r (2.7.5)
API specs (full) - platform	Set up Ruby (Bundler cache)	2026-10-03T19:03:16.6848024Z     openssl (4.0.2)
API specs (full) - platform	Set up Ruby (Bundler cache)	2026-10-03T19:03:16.6848280Z     openssl-signature_algorithm (1.3.0)
API specs (full) - platform	Set up Ruby (Bundler cache)	2026-10-03T19:03:16.6848588Z       openssl (> 2.0)
API specs (full) - platform	Set up Ruby (Bundler cache)	2026-10-03T19:03:16.6848849Z     paper_trail (17.0.0)
API specs (full) - platform	Set up Ruby (Bundler cache)	2026-10-03T19:03:16.6849111Z       activerecord (>= 7.1)
API specs (full) - platform	Set up Ruby (Bundler cache)	2026-10-03T19:03:16.6849395Z       request_store (~> 1.4)
API specs (full) - platform	Set up Ruby (Bundler cache)	2026-10-03T19:03:16.6849660Z     parallel (2.3.0)
API specs (full) - platform	Set up Ruby (Bundler cache)	2026-10-03T19:03:16.6849905Z     parser (3.3.12.0)
API specs (full) - platform	Set up Ruby (Bundler cache)	2026-10-03T19:03:16.6850134Z       ast (~> 2.4.1)
API specs (full) - platform	Set up Ruby (Bundler cache)	2026-10-03T19:03:16.6850381Z       racc
API specs (full) - platform	Set up Ruby (Bundler cache)	2026-10-03T19:03:16.6850599Z     prism (1.9.0)
API specs (full) - platform	Set up Ruby (Bundler cache)	2026-10-03T19:03:16.6850837Z     prometheus-client (4.2.5)
API specs (full) - platform	Set up Ruby (Bundler cache)	2026-10-03T19:03:16.6851136Z       base64
API specs (full) - platform	Set up Ruby (Bundler cache)	2026-10-03T19:03:16.6851352Z     pry (0.16.0)
API specs (full) - platform	Set up Ruby (Bundler cache)	2026-10-03T19:03:16.6851598Z       coderay (~> 1.1)
API specs (full) - platform	Set up Ruby (Bundler cache)	2026-10-03T19:03:16.6851844Z       method_source (~> 1.0)
API specs (full) - platform	Set up Ruby (Bundler cache)	2026-10-03T19:03:16.6852114Z       reline (>= 0.6.0)
API specs (full) - platform	Set up Ruby (Bundler cache)	2026-10-03T19:03:16.6852507Z     puma (8.0.2)
API specs (full) - platform	Set up Ruby (Bundler cache)	2026-10-03T19:03:16.6852790Z       nio4r (~> 2.0)
API specs (full) - platform	Set up Ruby (Bundler cache)	2026-10-03T19:03:16.6853030Z     racc (1.8.1)
API specs (full) - platform	Set up Ruby (Bundler cache)	2026-10-03T19:03:16.6853329Z     rack (3.2.7)
API specs (full) - platform	Set up Ruby (Bundler cache)	2026-10-03T19:03:16.6853706Z     rack-oauth2 (2.2.1)
API specs (full) - platform	Set up Ruby (Bundler cache)	2026-10-03T19:03:16.6854079Z       activesupport
API specs (full) - platform	Set up Ruby (Bundler cache)	2026-10-03T19:03:16.6854348Z       attr_required
API specs (full) - platform	Set up Ruby (Bundler cache)	2026-10-03T19:03:16.6854591Z       faraday (~> 2.0)
API specs (full) - platform	Set up Ruby (Bundler cache)	2026-10-03T19:03:16.6854894Z       faraday-follow_redirects
API specs (full) - platform	Set up Ruby (Bundler cache)	2026-10-03T19:03:16.6855183Z       json-jwt (>= 1.11.0)
API specs (full) - platform	Set up Ruby (Bundler cache)	2026-10-03T19:03:16.6855453Z       rack (>= 2.1.0)
API specs (full) - platform	Set up Ruby (Bundler cache)	2026-10-03T19:03:16.6855698Z     rack-protection (4.2.1)
API specs (full) - platform	Set up Ruby (Bundler cache)	2026-10-03T19:03:16.6855997Z       base64 (>= 0.1.0)
API specs (full) - platform	Set up Ruby (Bundler cache)	2026-10-03T19:03:16.6856241Z       logger (>= 1.6.0)
API specs (full) - platform	Set up Ruby (Bundler cache)	2026-10-03T19:03:16.6856477Z       rack (>= 3.0.0, < 4)
API specs (full) - platform	Set up Ruby (Bundler cache)	2026-10-03T19:03:16.6856733Z     rack-session (2.1.2)
API specs (full) - platform	Set up Ruby (Bundler cache)	2026-10-03T19:03:16.6858472Z       base64 (>= 0.1.0)
API specs (full) - platform	Set up Ruby (Bundler cache)	2026-10-03T19:03:16.6858869Z       rack (>= 3.0.0)
API specs (full) - platform	Set up Ruby (Bundler cache)	2026-10-03T19:03:16.6859267Z     rack-test (2.2.0)
API specs (full) - platform	Set up Ruby (Bundler cache)	2026-10-03T19:03:16.6859611Z       rack (>= 1.3)
API specs (full) - platform	Set up Ruby (Bundler cache)	2026-10-03T19:03:16.6859938Z     rackup (2.3.1)
API specs (full) - platform	Set up Ruby (Bundler cache)	2026-10-03T19:03:16.6860272Z       rack (>= 3)
API specs (full) - platform	Set up Ruby (Bundler cache)	2026-10-03T19:03:16.6860642Z     rainbow (3.1.1)
API specs (full) - platform	Set up Ruby (Bundler cache)	2026-10-03T19:03:16.6860970Z     rake (13.4.2)
API specs (full) - platform	Set up Ruby (Bundler cache)	2026-10-03T19:03:16.6861295Z     rbtree (0.4.7)
API specs (full) - platform	Set up Ruby (Bundler cache)	2026-10-03T19:03:16.6861628Z     redcarpet (3.6.1)
API specs (full) - platform	Set up Ruby (Bundler cache)	2026-10-03T19:03:16.6862036Z     regexp_parser (2.13.1)
API specs (full) - platform	Set up Ruby (Bundler cache)	2026-10-03T19:03:16.6862416Z     reline (0.7.0)
API specs (full) - platform	Set up Ruby (Bundler cache)	2026-10-03T19:03:16.6862782Z       io-console (~> 0.5)
API specs (full) - platform	Set up Ruby (Bundler cache)	2026-10-03T19:03:16.6863161Z     request_store (1.7.0)
API specs (full) - platform	Set up Ruby (Bundler cache)	2026-10-03T19:03:16.6863533Z       rack (>= 1.4)
API specs (full) - platform	Set up Ruby (Bundler cache)	2026-10-03T19:03:16.6863876Z     require_all (2.0.0)
API specs (full) - platform	Set up Ruby (Bundler cache)	2026-10-03T19:03:16.6864224Z     rest-client (2.1.0)
API specs (full) - platform	Set up Ruby (Bundler cache)	2026-10-03T19:03:16.6864583Z       http-accept (>= 1.7.0, < 2.0)
API specs (full) - platform	Set up Ruby (Bundler cache)	2026-10-03T19:03:16.6865691Z       http-cookie (>= 1.0.2, < 2.0)
API specs (full) - platform	Set up Ruby (Bundler cache)	2026-10-03T19:03:16.6866147Z       mime-types (>= 1.16, < 4.0)
API specs (full) - platform	Set up Ruby (Bundler cache)	2026-10-03T19:03:16.6866452Z       netrc (~> 0.8)
API specs (full) - platform	Set up Ruby (Bundler cache)	2026-10-03T19:03:16.6866689Z     rotp (6.3.0)
API specs (full) - platform	Set up Ruby (Bundler cache)	2026-10-03T19:03:16.6867116Z     rspec (3.13.2)
API specs (full) - platform	Set up Ruby (Bundler cache)	2026-10-03T19:03:16.6867450Z       rspec-core (~> 3.13.0)
API specs (full) - platform	Set up Ruby (Bundler cache)	2026-10-03T19:03:16.6867754Z       rspec-expectations (~> 3.13.0)
API specs (full) - platform	Set up Ruby (Bundler cache)	2026-10-03T19:03:16.6868053Z       rspec-mocks (~> 3.13.0)
API specs (full) - platform	Set up Ruby (Bundler cache)	2026-10-03T19:03:16.6868323Z     rspec-core (3.13.6)
API specs (full) - platform	Set up Ruby (Bundler cache)	2026-10-03T19:03:16.6868581Z       rspec-support (~> 3.13.0)
API specs (full) - platform	Set up Ruby (Bundler cache)	2026-10-03T19:03:16.6868902Z     rspec-expectations (3.13.5)
API specs (full) - platform	Set up Ruby (Bundler cache)	2026-10-03T19:03:16.6869175Z       diff-lcs (>= 1.2.0, < 2.0)
API specs (full) - platform	Set up Ruby (Bundler cache)	2026-10-03T19:03:16.6869634Z       rspec-support (~> 3.13.0)
API specs (full) - platform	Set up Ruby (Bundler cache)	2026-10-03T19:03:16.6869907Z     rspec-mocks (3.13.8)
API specs (full) - platform	Set up Ruby (Bundler cache)	2026-10-03T19:03:16.6870175Z       diff-lcs (>= 1.2.0, < 2.0)
API specs (full) - platform	Set up Ruby (Bundler cache)	2026-10-03T19:03:16.6870444Z       rspec-support (~> 3.13.0)
API specs (full) - platform	Set up Ruby (Bundler cache)	2026-10-03T19:03:16.6870732Z     rspec-support (3.13.7)
API specs (full) - platform	Set up Ruby (Bundler cache)	2026-10-03T19:03:16.6870993Z     rubocop (1.91.0)
API specs (full) - platform	Set up Ruby (Bundler cache)	2026-10-03T19:03:16.6871244Z       json (>= 2.3)
API specs (full) - platform	Set up Ruby (Bundler cache)	2026-10-03T19:03:16.6871509Z       language_server-protocol (~> 3.17.0.2)
API specs (full) - platform	Set up Ruby (Bundler cache)	2026-10-03T19:03:16.6871829Z       lint_roller (~> 1.1.0)
API specs (full) - platform	Set up Ruby (Bundler cache)	2026-10-03T19:03:16.6872097Z       parallel (>= 1.10)
API specs (full) - platform	Set up Ruby (Bundler cache)	2026-10-03T19:03:16.6872352Z       parser (>= 3.3.0.2)
API specs (full) - platform	Set up Ruby (Bundler cache)	2026-10-03T19:03:16.6872635Z       rainbow (>= 2.2.2, < 4.0)
API specs (full) - platform	Set up Ruby (Bundler cache)	2026-10-03T19:03:16.6872930Z       regexp_parser (>= 2.9.3, < 3.0)
API specs (full) - platform	Set up Ruby (Bundler cache)	2026-10-03T19:03:16.6873262Z       rubocop-ast (>= 1.49.0, < 2.0)
API specs (full) - platform	Set up Ruby (Bundler cache)	2026-10-03T19:03:16.6873568Z       ruby-progressbar (~> 1.7)
API specs (full) - platform	Set up Ruby (Bundler cache)	2026-10-03T19:03:16.6873894Z       unicode-display_width (>= 2.4.0, < 4.0)
API specs (full) - platform	Set up Ruby (Bundler cache)	2026-10-03T19:03:16.6874222Z     rubocop-ast (1.50.0)
API specs (full) - platform	Set up Ruby (Bundler cache)	2026-10-03T19:03:16.6874495Z       parser (>= 3.3.7.2)
API specs (full) - platform	Set up Ruby (Bundler cache)	2026-10-03T19:03:16.6874762Z       prism (~> 1.7)
API specs (full) - platform	Set up Ruby (Bundler cache)	2026-10-03T19:03:16.6875071Z     rubocop-rake (0.7.1)
API specs (full) - platform	Set up Ruby (Bundler cache)	2026-10-03T19:03:16.6875418Z       lint_roller (~> 1.1)
API specs (full) - platform	Set up Ruby (Bundler cache)	2026-10-03T19:03:16.6875809Z       rubocop (>= 1.72.1)
API specs (full) - platform	Set up Ruby (Bundler cache)	2026-10-03T19:03:16.6876183Z     rubocop-rspec (3.10.2)
API specs (full) - platform	Set up Ruby (Bundler cache)	2026-10-03T19:03:16.6876460Z       lint_roller (~> 1.1)
API specs (full) - platform	Set up Ruby (Bundler cache)	2026-10-03T19:03:16.6876738Z       regexp_parser (>= 2.0)
API specs (full) - platform	Set up Ruby (Bundler cache)	2026-10-03T19:03:16.6877910Z       rubocop (~> 1.86, >= 1.86.2)
API specs (full) - platform	Set up Ruby (Bundler cache)	2026-10-03T19:03:16.6878217Z     ruby-progressbar (1.13.0)
API specs (full) - platform	Set up Ruby (Bundler cache)	2026-10-03T19:03:16.6878486Z     rubyzip (3.2.2)
API specs (full) - platform	Set up Ruby (Bundler cache)	2026-10-03T19:03:16.6878747Z     safety_net_attestation (0.5.0)
API specs (full) - platform	Set up Ruby (Bundler cache)	2026-10-03T19:03:16.6879043Z       jwt (>= 2.0, < 4.0)
API specs (full) - platform	Set up Ruby (Bundler cache)	2026-10-03T19:03:16.6879296Z     securerandom (0.4.1)
API specs (full) - platform	Set up Ruby (Bundler cache)	2026-10-03T19:03:16.6879552Z     simpleidn (0.2.3)
API specs (full) - platform	Set up Ruby (Bundler cache)	2026-10-03T19:03:16.6879825Z     sinatra (4.2.1)
API specs (full) - platform	Set up Ruby (Bundler cache)	2026-10-03T19:03:16.6880093Z       logger (>= 1.6.0)
API specs (full) - platform	Set up Ruby (Bundler cache)	2026-10-03T19:03:16.6880403Z       mustermann (~> 3.0)
API specs (full) - platform	Set up Ruby (Bundler cache)	2026-10-03T19:03:16.6880808Z       rack (>= 3.0.0, < 4)
API specs (full) - platform	Set up Ruby (Bundler cache)	2026-10-03T19:03:16.6881097Z       rack-protection (= 4.2.1)
API specs (full) - platform	Set up Ruby (Bundler cache)	2026-10-03T19:03:16.6881531Z       rack-session (>= 2.0.0, < 3)
API specs (full) - platform	Set up Ruby (Bundler cache)	2026-10-03T19:03:16.6881936Z       tilt (~> 2.0)
API specs (full) - platform	Set up Ruby (Bundler cache)	2026-10-03T19:03:16.6882251Z     sinatra-activerecord (2.0.28)
API specs (full) - platform	Set up Ruby (Bundler cache)	2026-10-03T19:03:16.6882575Z       activerecord (>= 4.1)
API specs (full) - platform	Set up Ruby (Bundler cache)	2026-10-03T19:03:16.6883017Z       sinatra (>= 1.0)
API specs (full) - platform	Set up Ruby (Bundler cache)	2026-10-03T19:03:16.6883329Z     sinatra-contrib (4.2.1)
API specs (full) - platform	Set up Ruby (Bundler cache)	2026-10-03T19:03:16.6883610Z       multi_json (>= 0.0.2)
API specs (full) - platform	Set up Ruby (Bundler cache)	2026-10-03T19:03:16.6883904Z       mustermann (~> 3.0)
API specs (full) - platform	Set up Ruby (Bundler cache)	2026-10-03T19:03:16.6884196Z       rack-protection (= 4.2.1)
API specs (full) - platform	Set up Ruby (Bundler cache)	2026-10-03T19:03:16.6884493Z       sinatra (= 4.2.1)
API specs (full) - platform	Set up Ruby (Bundler cache)	2026-10-03T19:03:16.6884754Z       tilt (~> 2.0)
API specs (full) - platform	Set up Ruby (Bundler cache)	2026-10-03T19:03:16.6885144Z     sorted_set (1.1.0)
API specs (full) - platform	Set up Ruby (Bundler cache)	2026-10-03T19:03:16.6885428Z       rbtree
API specs (full) - platform	Set up Ruby (Bundler cache)	2026-10-03T19:03:16.6885754Z     tilt (2.9.0)
API specs (full) - platform	Set up Ruby (Bundler cache)	2026-10-03T19:03:16.6886098Z     timeout (0.6.1)
API specs (full) - platform	Set up Ruby (Bundler cache)	2026-10-03T19:03:16.6886366Z     tpm-key_attestation (0.14.2)
API specs (full) - platform	Set up Ruby (Bundler cache)	2026-10-03T19:03:16.6886658Z       bindata (~> 2.4)
API specs (full) - platform	Set up Ruby (Bundler cache)	2026-10-03T19:03:16.6887120Z       openssl (> 2.0)
API specs (full) - platform	Set up Ruby (Bundler cache)	2026-10-03T19:03:16.6887412Z       openssl-signature_algorithm (~> 1.0)
API specs (full) - platform	Set up Ruby (Bundler cache)	2026-10-03T19:03:16.6887751Z     tzinfo (2.0.6)
API specs (full) - platform	Set up Ruby (Bundler cache)	2026-10-03T19:03:16.6888011Z       concurrent-ruby (~> 1.0)
API specs (full) - platform	Set up Ruby (Bundler cache)	2026-10-03T19:03:16.6888330Z     unicode-display_width (3.3.0)
API specs (full) - platform	Set up Ruby (Bundler cache)	2026-10-03T19:03:16.6888723Z       unicode-emoji (~> 4.3)
API specs (full) - platform	Set up Ruby (Bundler cache)	2026-10-03T19:03:16.6889281Z     unicode-emoji (4.3.0)
API specs (full) - platform	Set up Ruby (Bundler cache)	2026-10-03T19:03:16.6889587Z     uri (1.1.1)
API specs (full) - platform	Set up Ruby (Bundler cache)	2026-10-03T19:03:16.6889944Z     user_agent_parser (2.21.0)
API specs (full) - platform	Set up Ruby (Bundler cache)	2026-10-03T19:03:16.6890240Z     webauthn (3.4.3)
API specs (full) - platform	Set up Ruby (Bundler cache)	2026-10-03T19:03:16.6890520Z       android_key_attestation (~> 0.3.0)
API specs (full) - platform	Set up Ruby (Bundler cache)	2026-10-03T19:03:16.6890954Z       bindata (~> 2.4)
API specs (full) - platform	Set up Ruby (Bundler cache)	2026-10-03T19:03:16.6891190Z       cbor (~> 0.5.9)
API specs (full) - platform	Set up Ruby (Bundler cache)	2026-10-03T19:03:16.6891458Z       cose (~> 1.1)
API specs (full) - platform	Set up Ruby (Bundler cache)	2026-10-03T19:03:16.6891683Z       openssl (>= 2.2)
API specs (full) - platform	Set up Ruby (Bundler cache)	2026-10-03T19:03:16.6891935Z       safety_net_attestation (~> 0.5.0)
API specs (full) - platform	Set up Ruby (Bundler cache)	2026-10-03T19:03:16.6892262Z       tpm-key_attestation (~> 0.14.0)
API specs (full) - platform	Set up Ruby (Bundler cache)	2026-10-03T19:03:16.6892615Z     webrick (1.9.2)
API specs (full) - platform	Set up Ruby (Bundler cache)	2026-10-03T19:03:16.6892959Z     yard (0.9.45)
API specs (full) - platform	Set up Ruby (Bundler cache)	2026-10-03T19:03:16.6893238Z 
API specs (full) - platform	Set up Ruby (Bundler cache)	2026-10-03T19:03:16.6893367Z PLATFORMS
API specs (full) - platform	Set up Ruby (Bundler cache)	2026-10-03T19:03:16.6893692Z   ruby
API specs (full) - platform	Set up Ruby (Bundler cache)	2026-10-03T19:03:16.6893960Z   x86_64-linux
API specs (full) - platform	Set up Ruby (Bundler cache)	2026-10-03T19:03:16.6894101Z 
API specs (full) - platform	Set up Ruby (Bundler cache)	2026-10-03T19:03:16.6894221Z DEPENDENCIES
API specs (full) - platform	Set up Ruby (Bundler cache)	2026-10-03T19:03:16.6894569Z   activerecord (~> 8.1.1)
API specs (full) - platform	Set up Ruby (Bundler cache)	2026-10-03T19:03:16.6894901Z   ancestry (~> 4.3.3)
API specs (full) - platform	Set up Ruby (Bundler cache)	2026-10-03T19:03:16.6895142Z   base64
API specs (full) - platform	Set up Ruby (Bundler cache)	2026-10-03T19:03:16.6895377Z   bcrypt (~> 3.1.20)
API specs (full) - platform	Set up Ruby (Bundler cache)	2026-10-03T19:03:16.6895711Z   bunny (~> 2.24.0)
API specs (full) - platform	Set up Ruby (Bundler cache)	2026-10-03T19:03:16.6896113Z   dnsruby (~> 1.73)
API specs (full) - platform	Set up Ruby (Bundler cache)	2026-10-03T19:03:16.6896497Z   fio_api!
API specs (full) - platform	Set up Ruby (Bundler cache)	2026-10-03T19:03:16.6896980Z   haveapi (~> 0.29.6)
API specs (full) - platform	Set up Ruby (Bundler cache)	2026-10-03T19:03:16.6897235Z   ipaddress (~> 0.8.3)
API specs (full) - platform	Set up Ruby (Bundler cache)	2026-10-03T19:03:16.6897494Z   json (< 3)
API specs (full) - platform	Set up Ruby (Bundler cache)	2026-10-03T19:03:16.6897731Z   mysql2 (~> 0.5.6)
API specs (full) - platform	Set up Ruby (Bundler cache)	2026-10-03T19:03:16.6897969Z   paper_trail (~> 17.0.0)
API specs (full) - platform	Set up Ruby (Bundler cache)	2026-10-03T19:03:16.6898288Z   prometheus-client (~> 4.2.3)
API specs (full) - platform	Set up Ruby (Bundler cache)	2026-10-03T19:03:16.6898578Z   pry
API specs (full) - platform	Set up Ruby (Bundler cache)	2026-10-03T19:03:16.6898807Z   puma
API specs (full) - platform	Set up Ruby (Bundler cache)	2026-10-03T19:03:16.6899036Z   rack-test
API specs (full) - platform	Set up Ruby (Bundler cache)	2026-10-03T19:03:16.6899283Z   rackup
API specs (full) - platform	Set up Ruby (Bundler cache)	2026-10-03T19:03:16.6899557Z   rake
API specs (full) - platform	Set up Ruby (Bundler cache)	2026-10-03T19:03:16.6899837Z   require_all (~> 2.0.0)
API specs (full) - platform	Set up Ruby (Bundler cache)	2026-10-03T19:03:16.6900160Z   rotp (~> 6.3.0)
API specs (full) - platform	Set up Ruby (Bundler cache)	2026-10-03T19:03:16.6900420Z   rspec
API specs (full) - platform	Set up Ruby (Bundler cache)	2026-10-03T19:03:16.6900646Z   rubocop
API specs (full) - platform	Set up Ruby (Bundler cache)	2026-10-03T19:03:16.6900910Z   rubocop-rake
API specs (full) - platform	Set up Ruby (Bundler cache)	2026-10-03T19:03:16.6901196Z   rubocop-rspec
API specs (full) - platform	Set up Ruby (Bundler cache)	2026-10-03T19:03:16.6901455Z   rubyzip (~> 3.2.2)
API specs (full) - platform	Set up Ruby (Bundler cache)	2026-10-03T19:03:16.6901740Z   sinatra-activerecord (~> 2.0.27)
API specs (full) - platform	Set up Ruby (Bundler cache)	2026-10-03T19:03:16.6902073Z   user_agent_parser (~> 2.20)
API specs (full) - platform	Set up Ruby (Bundler cache)	2026-10-03T19:03:16.6902359Z   webauthn (~> 3.4)
API specs (full) - platform	Set up Ruby (Bundler cache)	2026-10-03T19:03:16.6902601Z   webrick
API specs (full) - platform	Set up Ruby (Bundler cache)	2026-10-03T19:03:16.6902823Z   yard
API specs (full) - platform	Set up Ruby (Bundler cache)	2026-10-03T19:03:16.6902955Z 
API specs (full) - platform	Set up Ruby (Bundler cache)	2026-10-03T19:03:16.6903062Z BUNDLED WITH
API specs (full) - platform	Set up Ruby (Bundler cache)	2026-10-03T19:03:16.6903275Z    2.6.9
API specs (full) - platform	Set up Ruby (Bundler cache)	2026-10-03T19:03:16.6903880Z ##[endgroup]
API specs (full) - platform	Set up Ruby (Bundler cache)	2026-10-03T19:03:16.6904920Z Cache key: setup-ruby-bundler-cache-v6-ubuntu-24.04-x64-ruby-3.4.11-wd-/home/runner/work/vpsadmin/vpsadmin/api-with--without-development-only--Gemfile.lock-5463f1eb084cee89c16fca27d27e47d155da7375c27a4b82bfaacbda41644db2
API specs (full) - platform	Set up Ruby (Bundler cache)	2026-10-03T19:03:16.7920175Z Cache hit for: setup-ruby-bundler-cache-v6-ubuntu-24.04-x64-ruby-3.4.11-wd-/home/runner/work/vpsadmin/vpsadmin/api-with--without-development-only--Gemfile.lock-5463f1eb084cee89c16fca27d27e47d155da7375c27a4b82bfaacbda41644db2
API specs (full) - platform	Set up Ruby (Bundler cache)	2026-10-03T19:03:17.1129525Z Received 27670788 of 27670788 (100.0%), 106.0 MBs/sec
API specs (full) - platform	Set up Ruby (Bundler cache)	2026-10-03T19:03:17.1130294Z Cache Size: ~26 MB (27670788 B)
API specs (full) - platform	Set up Ruby (Bundler cache)	2026-10-03T19:03:17.1160822Z [command]/usr/bin/tar -xf /home/runner/work/_temp/97842af1-d908-46cb-ad01-d1eb9371fb9e/cache.tzst -P -C /home/runner/work/vpsadmin/vpsadmin --use-compress-program unzstd
API specs (full) - platform	Set up Ruby (Bundler cache)	2026-10-03T19:03:17.4834539Z Cache restored successfully
API specs (full) - platform	Set up Ruby (Bundler cache)	2026-10-03T19:03:17.4859124Z Found cache for key: setup-ruby-bundler-cache-v6-ubuntu-24.04-x64-ruby-3.4.11-wd-/home/runner/work/vpsadmin/vpsadmin/api-with--without-development-only--Gemfile.lock-5463f1eb084cee89c16fca27d27e47d155da7375c27a4b82bfaacbda41644db2
API specs (full) - platform	Set up Ruby (Bundler cache)	2026-10-03T19:03:17.4872803Z [command]/opt/hostedtoolcache/Ruby/3.4.11/x64/bin/bundle install --jobs 4
API specs (full) - platform	Set up Ruby (Bundler cache)	2026-10-03T19:03:17.8652661Z Bundle complete! 30 Gemfile dependencies, 98 gems now installed.
API specs (full) - platform	Set up Ruby (Bundler cache)	2026-10-03T19:03:17.8653766Z Gems in the group 'development' were not installed.
API specs (full) - platform	Set up Ruby (Bundler cache)	2026-10-03T19:03:17.8654510Z Bundled gems are installed into `./vendor/bundle`
API specs (full) - platform	Set up Ruby (Bundler cache)	2026-10-03T19:03:17.8815749Z Took   7.47 seconds
API specs (full) - platform	Run RSpec (topic)	﻿2026-10-03T19:03:17.8988537Z ##[group]Run set -euo pipefail
API specs (full) - platform	Run RSpec (topic)	2026-10-03T19:03:17.8989069Z ^[[36;1mset -euo pipefail^[[0m
API specs (full) - platform	Run RSpec (topic)	2026-10-03T19:03:17.8989722Z ^[[36;1mxargs -a "tmp/rspec-files-platform.txt" bundle exec rspec^[[0m
API specs (full) - platform	Run RSpec (topic)	2026-10-03T19:03:17.9073108Z shell: /usr/bin/bash -e {0}
API specs (full) - platform	Run RSpec (topic)	2026-10-03T19:03:17.9087935Z env:
API specs (full) - platform	Run RSpec (topic)	2026-10-03T19:03:17.9088281Z   RACK_ENV: test
API specs (full) - platform	Run RSpec (topic)	2026-10-03T19:03:17.9088648Z   BUNDLE_WITHOUT: development
API specs (full) - platform	Run RSpec (topic)	2026-10-03T19:03:17.9089110Z   BUNDLE_JOBS: 4
API specs (full) - platform	Run RSpec (topic)	2026-10-03T19:03:17.9089456Z   BUNDLE_RETRY: 3
API specs (full) - platform	Run RSpec (topic)	2026-10-03T19:03:17.9089731Z   VPSADMIN_PLUGINS: all
API specs (full) - platform	Run RSpec (topic)	2026-10-03T19:03:17.9090014Z ##[endgroup]
API specs (full) - platform	Run RSpec (topic)	2026-10-03T19:03:20.1717624Z Started local MariaDB test database at ***127.0.0.1:46497/vpsadmin_test?encoding=utf8mb3&collation=utf8mb3_unicode_ci
API specs (full) - platform	Run RSpec (topic)	2026-10-03T19:03:20.9262080Z -- create_table("auth_tokens", {id: {type: :integer, unsigned: true}, charset: "utf8mb3", collation: "utf8mb3_czech_ci", force: :cascade})
API specs (full) - platform	Run RSpec (topic)	2026-10-03T19:03:20.9263304Z    -> 0.0540s
API specs (full) - platform	Run RSpec (topic)	2026-10-03T19:03:20.9263899Z -- create_table("branches", {id: {type: :integer, unsigned: true}, charset: "utf8mb3", collation: "utf8mb3_czech_ci", force: :cascade})
API specs (full) - platform	Run RSpec (topic)	2026-10-03T19:03:20.9264914Z    -> 0.0032s
API specs (full) - platform	Run RSpec (topic)	2026-10-03T19:03:20.9265572Z -- create_table("cluster_resource_package_items", {id: {type: :integer, unsigned: true}, charset: "utf8mb3", collation: "utf8mb3_czech_ci", force: :cascade})
API specs (full) - platform	Run RSpec (topic)	2026-10-03T19:03:20.9266523Z    -> 0.0041s
API specs (full) - platform	Run RSpec (topic)	2026-10-03T19:03:20.9267670Z -- create_table("cluster_resource_packages", {id: {type: :integer, unsigned: true}, charset: "utf8mb3", collation: "utf8mb3_czech_ci", force: :cascade})
API specs (full) - platform	Run RSpec (topic)	2026-10-03T19:03:20.9268749Z    -> 0.0036s
API specs (full) - platform	Run RSpec (topic)	2026-10-03T19:03:20.9269417Z -- create_table("cluster_resource_uses", {id: {type: :integer, unsigned: true}, charset: "utf8mb3", collation: "utf8mb3_czech_ci", force: :cascade})
API specs (full) - platform	Run RSpec (topic)	2026-10-03T19:03:20.9270356Z    -> 0.0041s
API specs (full) - platform	Run RSpec (topic)	2026-10-03T19:03:20.9271097Z -- create_table("cluster_resources", {id: {type: :integer, unsigned: true}, charset: "utf8mb3", collation: "utf8mb3_czech_ci", force: :cascade})
API specs (full) - platform	Run RSpec (topic)	2026-10-03T19:03:20.9271805Z    -> 0.0030s
API specs (full) - platform	Run RSpec (topic)	2026-10-03T19:03:20.9272440Z -- create_table("components", {charset: "utf8mb3", collation: "utf8mb3_czech_ci", force: :cascade})
API specs (full) - platform	Run RSpec (topic)	2026-10-03T19:03:20.9272948Z    -> 0.0028s
API specs (full) - platform	Run RSpec (topic)	2026-10-03T19:03:20.9273551Z -- create_table("dataset_actions", {id: {type: :integer, unsigned: true}, charset: "utf8mb3", collation: "utf8mb3_czech_ci", force: :cascade})
API specs (full) - platform	Run RSpec (topic)	2026-10-03T19:03:20.9274170Z    -> 0.0027s
API specs (full) - platform	Run RSpec (topic)	2026-10-03T19:03:20.9274649Z -- create_table("dataset_expansion_events", {charset: "utf8mb3", collation: "utf8mb3_czech_ci", force: :cascade})
API specs (full) - platform	Run RSpec (topic)	2026-10-03T19:03:20.9275487Z    -> 0.0034s
API specs (full) - platform	Run RSpec (topic)	2026-10-03T19:03:20.9276135Z -- create_table("dataset_expansion_histories", {charset: "utf8mb3", collation: "utf8mb3_czech_ci", force: :cascade})
API specs (full) - platform	Run RSpec (topic)	2026-10-03T19:03:20.9277123Z    -> 0.0038s
API specs (full) - platform	Run RSpec (topic)	2026-10-03T19:03:20.9277832Z -- create_table("dataset_expansions", {charset: "utf8mb3", collation: "utf8mb3_czech_ci", force: :cascade})
API specs (full) - platform	Run RSpec (topic)	2026-10-03T19:03:20.9278617Z    -> 0.0042s
API specs (full) - platform	Run RSpec (topic)	2026-10-03T19:03:20.9279204Z -- create_table("dataset_in_pool_plans", {id: {type: :integer, unsigned: true}, charset: "utf8mb3", collation: "utf8mb3_czech_ci", force: :cascade})
API specs (full) - platform	Run RSpec (topic)	2026-10-03T19:03:20.9279840Z    -> 0.0035s
API specs (full) - platform	Run RSpec (topic)	2026-10-03T19:03:20.9280629Z -- create_table("dataset_in_pools", {id: {type: :integer, unsigned: true}, charset: "utf8mb3", collation: "utf8mb3_czech_ci", force: :cascade})
API specs (full) - platform	Run RSpec (topic)	2026-10-03T19:03:20.9281238Z    -> 0.0039s
API specs (full) - platform	Run RSpec (topic)	2026-10-03T19:03:20.9281763Z -- create_table("dataset_plans", {id: {type: :integer, unsigned: true}, charset: "utf8mb3", collation: "utf8mb3_czech_ci", force: :cascade})
API specs (full) - platform	Run RSpec (topic)	2026-10-03T19:03:20.9282731Z    -> 0.0028s
API specs (full) - platform	Run RSpec (topic)	2026-10-03T19:03:20.9283637Z -- create_table("dataset_properties", {id: {type: :integer, unsigned: true}, charset: "utf8mb3", collation: "utf8mb3_czech_ci", force: :cascade})
API specs (full) - platform	Run RSpec (topic)	2026-10-03T19:03:20.9284535Z    -> 0.0049s
API specs (full) - platform	Run RSpec (topic)	2026-10-03T19:03:20.9285444Z -- create_table("dataset_property_histories", {id: {type: :integer, unsigned: true}, charset: "utf8mb3", collation: "utf8mb3_czech_ci", force: :cascade})
API specs (full) - platform	Run RSpec (topic)	2026-10-03T19:03:20.9286392Z    -> 0.0027s
API specs (full) - platform	Run RSpec (topic)	2026-10-03T19:03:20.9287177Z -- create_table("dataset_trees", {id: {type: :integer, unsigned: true}, charset: "utf8mb3", collation: "utf8mb3_czech_ci", force: :cascade})
API specs (full) - platform	Run RSpec (topic)	2026-10-03T19:03:20.9288607Z    -> 0.0034s
API specs (full) - platform	Run RSpec (topic)	2026-10-03T19:03:20.9289503Z -- create_table("datasets", {id: {type: :integer, unsigned: true}, charset: "utf8mb3", collation: "utf8mb3_czech_ci", force: :cascade})
API specs (full) - platform	Run RSpec (topic)	2026-10-03T19:03:20.9290340Z    -> 0.0042s
API specs (full) - platform	Run RSpec (topic)	2026-10-03T19:03:20.9290931Z -- create_table("default_lifetime_values", {id: {type: :integer, unsigned: true}, charset: "utf8mb3", collation: "utf8mb3_czech_ci", force: :cascade})
API specs (full) - platform	Run RSpec (topic)	2026-10-03T19:03:20.9291697Z    -> 0.0032s
API specs (full) - platform	Run RSpec (topic)	2026-10-03T19:03:20.9292515Z -- create_table("default_object_cluster_resources", {id: {type: :integer, unsigned: true}, charset: "utf8mb3", collation: "utf8mb3_czech_ci", force: :cascade})
API specs (full) - platform	Run RSpec (topic)	2026-10-03T19:03:20.9293708Z    -> 0.0040s
API specs (full) - platform	Run RSpec (topic)	2026-10-03T19:03:20.9294570Z -- create_table("default_user_cluster_resource_packages", {id: {type: :integer, unsigned: true}, charset: "utf8mb3", collation: "utf8mb3_czech_ci", force: :cascade})
API specs (full) - platform	Run RSpec (topic)	2026-10-03T19:03:20.9295599Z    -> 0.0028s
API specs (full) - platform	Run RSpec (topic)	2026-10-03T19:03:20.9296048Z -- create_table("dns_record_logs", {charset: "utf8mb3", collation: "utf8mb3_czech_ci", force: :cascade})
API specs (full) - platform	Run RSpec (topic)	2026-10-03T19:03:20.9296544Z    -> 0.0039s
API specs (full) - platform	Run RSpec (topic)	2026-10-03T19:03:20.9297209Z -- create_table("dns_records", {charset: "utf8mb3", collation: "utf8mb3_czech_ci", force: :cascade})
API specs (full) - platform	Run RSpec (topic)	2026-10-03T19:03:20.9297697Z    -> 0.0038s
API specs (full) - platform	Run RSpec (topic)	2026-10-03T19:03:20.9298254Z -- create_table("dns_resolvers", {id: {type: :integer, unsigned: true}, charset: "utf8mb3", collation: "utf8mb3_czech_ci", force: :cascade})
API specs (full) - platform	Run RSpec (topic)	2026-10-03T19:03:20.9298850Z    -> 0.0030s
API specs (full) - platform	Run RSpec (topic)	2026-10-03T19:03:20.9299562Z -- create_table("dns_server_zone_transfer_logs", {charset: "utf8mb3", collation: "utf8mb3_czech_ci", force: :cascade})
API specs (full) - platform	Run RSpec (topic)	2026-10-03T19:03:20.9300340Z    -> 0.0039s
API specs (full) - platform	Run RSpec (topic)	2026-10-03T19:03:20.9300959Z -- create_table("dns_server_zones", {charset: "utf8mb3", collation: "utf8mb3_czech_ci", force: :cascade})
API specs (full) - platform	Run RSpec (topic)	2026-10-03T19:03:20.9301479Z    -> 0.0042s
API specs (full) - platform	Run RSpec (topic)	2026-10-03T19:03:20.9302064Z -- create_table("dns_servers", {charset: "utf8mb3", collation: "utf8mb3_czech_ci", force: :cascade})
API specs (full) - platform	Run RSpec (topic)	2026-10-03T19:03:20.9302677Z    -> 0.0030s
API specs (full) - platform	Run RSpec (topic)	2026-10-03T19:03:20.9303349Z -- create_table("dns_tsig_keys", {charset: "utf8mb3", collation: "utf8mb3_czech_ci", force: :cascade})
API specs (full) - platform	Run RSpec (topic)	2026-10-03T19:03:20.9304116Z    -> 0.0035s
API specs (full) - platform	Run RSpec (topic)	2026-10-03T19:03:20.9304699Z -- create_table("dns_zone_transfers", {charset: "utf8mb3", collation: "utf8mb3_czech_ci", force: :cascade})
API specs (full) - platform	Run RSpec (topic)	2026-10-03T19:03:20.9305324Z    -> 0.0050s
API specs (full) - platform	Run RSpec (topic)	2026-10-03T19:03:20.9305838Z -- create_table("dns_zones", {charset: "utf8mb3", collation: "utf8mb3_czech_ci", force: :cascade})
API specs (full) - platform	Run RSpec (topic)	2026-10-03T19:03:20.9306498Z    -> 0.0050s
API specs (full) - platform	Run RSpec (topic)	2026-10-03T19:03:20.9307151Z -- create_table("dnssec_records", {charset: "utf8mb3", collation: "utf8mb3_czech_ci", force: :cascade})
API specs (full) - platform	Run RSpec (topic)	2026-10-03T19:03:20.9307924Z    -> 0.0029s
API specs (full) - platform	Run RSpec (topic)	2026-10-03T19:03:20.9308522Z -- create_table("environment_dataset_plans", {id: {type: :integer, unsigned: true}, charset: "utf8mb3", collation: "utf8mb3_czech_ci", force: :cascade})
API specs (full) - platform	Run RSpec (topic)	2026-10-03T19:03:20.9309174Z    -> 0.0024s
API specs (full) - platform	Run RSpec (topic)	2026-10-03T19:03:20.9309756Z -- create_table("environment_user_configs", {id: {type: :integer, unsigned: true}, charset: "utf8mb3", collation: "utf8mb3_czech_ci", force: :cascade})
API specs (full) - platform	Run RSpec (topic)	2026-10-03T19:03:20.9310807Z    -> 0.0038s
API specs (full) - platform	Run RSpec (topic)	2026-10-03T19:03:20.9311460Z -- create_table("environments", {id: {type: :integer, unsigned: true}, charset: "utf8mb3", collation: "utf8mb3_czech_ci", force: :cascade})
API specs (full) - platform	Run RSpec (topic)	2026-10-03T19:03:20.9312243Z    -> 0.0029s
API specs (full) - platform	Run RSpec (topic)	2026-10-03T19:03:20.9313076Z -- create_table("export_hosts", {id: {type: :integer, unsigned: true}, charset: "utf8mb3", collation: "utf8mb3_czech_ci", force: :cascade})
API specs (full) - platform	Run RSpec (topic)	2026-10-03T19:03:20.9313840Z    -> 0.0031s
API specs (full) - platform	Run RSpec (topic)	2026-10-03T19:03:20.9314279Z -- create_table("export_mounts", {charset: "utf8mb3", collation: "utf8mb3_czech_ci", force: :cascade})
API specs (full) - platform	Run RSpec (topic)	2026-10-03T19:03:20.9314798Z    -> 0.0038s
API specs (full) - platform	Run RSpec (topic)	2026-10-03T19:03:20.9315502Z -- create_table("exports", {id: {type: :integer, unsigned: true}, charset: "utf8mb3", collation: "utf8mb3_czech_ci", force: :cascade})
API specs (full) - platform	Run RSpec (topic)	2026-10-03T19:03:20.9317787Z    -> 0.0343s
API specs (full) - platform	Run RSpec (topic)	2026-10-03T19:03:20.9318410Z -- create_table("group_snapshots", {id: {type: :integer, unsigned: true}, charset: "utf8mb3", collation: "utf8mb3_czech_ci", force: :cascade})
API specs (full) - platform	Run RSpec (topic)	2026-10-03T19:03:20.9319371Z    -> 0.0029s
API specs (full) - platform	Run RSpec (topic)	2026-10-03T19:03:20.9320195Z -- create_table("host_ip_addresses", {id: {type: :integer, unsigned: true}, charset: "utf8mb3", collation: "utf8mb3_czech_ci", force: :cascade})
API specs (full) - platform	Run RSpec (topic)	2026-10-03T19:03:20.9320799Z    -> 0.0042s
API specs (full) - platform	Run RSpec (topic)	2026-10-03T19:03:20.9321412Z -- create_table("incident_reports", {charset: "utf8mb3", collation: "utf8mb3_czech_ci", force: :cascade})
API specs (full) - platform	Run RSpec (topic)	2026-10-03T19:03:20.9321970Z    -> 0.0051s
API specs (full) - platform	Run RSpec (topic)	2026-10-03T19:03:20.9322429Z -- create_table("ip_address_assignments", {charset: "utf8mb3", collation: "utf8mb3_czech_ci", force: :cascade})
API specs (full) - platform	Run RSpec (topic)	2026-10-03T19:03:20.9323509Z    -> 0.0057s
API specs (full) - platform	Run RSpec (topic)	2026-10-03T19:03:20.9324349Z -- create_table("ip_addresses", {id: {type: :integer, unsigned: true}, charset: "utf8mb3", collation: "utf8mb3_czech_ci", force: :cascade})
API specs (full) - platform	Run RSpec (topic)	2026-10-03T19:03:20.9325135Z    -> 0.0043s
API specs (full) - platform	Run RSpec (topic)	2026-10-03T19:03:20.9325665Z -- create_table("ip_release_attempt_addresses", {charset: "utf8mb3", collation: "utf8mb3_unicode_ci", force: :cascade})
API specs (full) - platform	Run RSpec (topic)	2026-10-03T19:03:20.9326396Z    -> 0.0038s
API specs (full) - platform	Run RSpec (topic)	2026-10-03T19:03:20.9327340Z -- create_table("ip_release_attempts", {charset: "utf8mb3", collation: "utf8mb3_unicode_ci", force: :cascade})
API specs (full) - platform	Run RSpec (topic)	2026-10-03T19:03:20.9328214Z    -> 0.0030s
API specs (full) - platform	Run RSpec (topic)	2026-10-03T19:03:20.9328867Z -- create_table("ip_release_campaigns", {charset: "utf8mb3", collation: "utf8mb3_unicode_ci", force: :cascade})
API specs (full) - platform	Run RSpec (topic)	2026-10-03T19:03:20.9329594Z    -> 0.0026s
API specs (full) - platform	Run RSpec (topic)	2026-10-03T19:03:20.9330155Z -- create_table("ip_release_request_addresses", {charset: "utf8mb3", collation: "utf8mb3_unicode_ci", force: :cascade})
API specs (full) - platform	Run RSpec (topic)	2026-10-03T19:03:20.9330929Z    -> 0.0042s
API specs (full) - platform	Run RSpec (topic)	2026-10-03T19:03:20.9331656Z -- create_table("ip_release_request_notices", {charset: "utf8mb3", collation: "utf8mb3_unicode_ci", force: :cascade})
API specs (full) - platform	Run RSpec (topic)	2026-10-03T19:03:20.9332243Z    -> 0.0184s
API specs (full) - platform	Run RSpec (topic)	2026-10-03T19:03:20.9332753Z -- create_table("ip_release_requests", {charset: "utf8mb3", collation: "utf8mb3_unicode_ci", force: :cascade})
API specs (full) - platform	Run RSpec (topic)	2026-10-03T19:03:20.9333302Z    -> 0.0032s
API specs (full) - platform	Run RSpec (topic)	2026-10-03T19:03:20.9333900Z -- create_table("ip_traffic_monthly_summaries", {id: {type: :integer, unsigned: true}, charset: "utf8mb3", collation: "utf8mb3_czech_ci", force: :cascade})
API specs (full) - platform	Run RSpec (topic)	2026-10-03T19:03:20.9334753Z    -> 0.0050s
API specs (full) - platform	Run RSpec (topic)	2026-10-03T19:03:20.9335475Z -- create_table("languages", {id: {type: :integer, unsigned: true}, charset: "utf8mb3", collation: "utf8mb3_czech_ci", force: :cascade})
API specs (full) - platform	Run RSpec (topic)	2026-10-03T19:03:20.9336237Z    -> 0.0031s
API specs (full) - platform	Run RSpec (topic)	2026-10-03T19:03:20.9337141Z -- create_table("location_networks", {id: {type: :integer, unsigned: true}, charset: "utf8mb3", collation: "utf8mb3_czech_ci", force: :cascade})
API specs (full) - platform	Run RSpec (topic)	2026-10-03T19:03:20.9337948Z    -> 0.0035s
API specs (full) - platform	Run RSpec (topic)	2026-10-03T19:03:20.9338769Z -- create_table("locations", {id: {type: :integer, unsigned: true}, charset: "utf8mb3", collation: "utf8mb3_czech_ci", force: :cascade})
API specs (full) - platform	Run RSpec (topic)	2026-10-03T19:03:20.9339645Z    -> 0.0025s
API specs (full) - platform	Run RSpec (topic)	2026-10-03T19:03:20.9340165Z -- create_table("mail_logs", {id: {type: :integer, unsigned: true}, charset: "utf8mb3", collation: "utf8mb3_czech_ci", force: :cascade})
API specs (full) - platform	Run RSpec (topic)	2026-10-03T19:03:20.9340781Z    -> 0.0037s
API specs (full) - platform	Run RSpec (topic)	2026-10-03T19:03:20.9341357Z -- create_table("mail_recipients", {id: {type: :integer, unsigned: true}, charset: "utf8mb3", collation: "utf8mb3_czech_ci", force: :cascade})
API specs (full) - platform	Run RSpec (topic)	2026-10-03T19:03:20.9341970Z    -> 0.0025s
API specs (full) - platform	Run RSpec (topic)	2026-10-03T19:03:20.9342548Z -- create_table("mail_template_recipients", {id: {type: :integer, unsigned: true}, charset: "utf8mb3", collation: "utf8mb3_czech_ci", force: :cascade})
API specs (full) - platform	Run RSpec (topic)	2026-10-03T19:03:20.9343184Z    -> 0.0027s
API specs (full) - platform	Run RSpec (topic)	2026-10-03T19:03:20.9343788Z -- create_table("mail_template_translations", {id: {type: :integer, unsigned: true}, charset: "utf8mb3", collation: "utf8mb3_czech_ci", force: :cascade})
API specs (full) - platform	Run RSpec (topic)	2026-10-03T19:03:20.9344432Z    -> 0.0032s
API specs (full) - platform	Run RSpec (topic)	2026-10-03T19:03:21.2159828Z -- create_table("mail_templates", {id: {type: :integer, unsigned: true}, charset: "utf8mb3", collation: "utf8mb3_czech_ci", force: :cascade})
API specs (full) - platform	Run RSpec (topic)	2026-10-03T19:03:21.2161122Z    -> 0.0036s
API specs (full) - platform	Run RSpec (topic)	2026-10-03T19:03:21.2161880Z -- create_table("mailbox_handlers", {charset: "utf8mb3", collation: "utf8mb3_czech_ci", force: :cascade})
API specs (full) - platform	Run RSpec (topic)	2026-10-03T19:03:21.2162513Z    -> 0.0036s
API specs (full) - platform	Run RSpec (topic)	2026-10-03T19:03:21.2163030Z -- create_table("mailboxes", {charset: "utf8mb3", collation: "utf8mb3_czech_ci", force: :cascade})
API specs (full) - platform	Run RSpec (topic)	2026-10-03T19:03:21.2163692Z    -> 0.0034s
API specs (full) - platform	Run RSpec (topic)	2026-10-03T19:03:21.2164469Z -- create_table("maintenance_locks", {id: {type: :integer, unsigned: true}, charset: "utf8mb3", collation: "utf8mb3_czech_ci", force: :cascade})
API specs (full) - platform	Run RSpec (topic)	2026-10-03T19:03:21.2165445Z    -> 0.0031s
API specs (full) - platform	Run RSpec (topic)	2026-10-03T19:03:21.2166141Z -- create_table("metrics_access_tokens", {charset: "utf8mb3", collation: "utf8mb3_czech_ci", force: :cascade})
API specs (full) - platform	Run RSpec (topic)	2026-10-03T19:03:21.2167363Z    -> 0.0094s
API specs (full) - platform	Run RSpec (topic)	2026-10-03T19:03:21.2168055Z -- create_table("migration_plans", {id: {type: :integer, unsigned: true}, charset: "utf8mb3", collation: "utf8mb3_czech_ci", force: :cascade})
API specs (full) - platform	Run RSpec (topic)	2026-10-03T19:03:21.2168720Z    -> 0.0024s
API specs (full) - platform	Run RSpec (topic)	2026-10-03T19:03:21.2169431Z -- create_table("mirrors", {id: {type: :integer, unsigned: true}, charset: "utf8mb3", collation: "utf8mb3_czech_ci", force: :cascade})
API specs (full) - platform	Run RSpec (topic)	2026-10-03T19:03:21.2170152Z    -> 0.0032s
API specs (full) - platform	Run RSpec (topic)	2026-10-03T19:03:21.2170686Z -- create_table("mounts", {id: {type: :integer, unsigned: true}, charset: "utf8mb3", collation: "utf8mb3_czech_ci", force: :cascade})
API specs (full) - platform	Run RSpec (topic)	2026-10-03T19:03:21.2171449Z    -> 0.0035s
API specs (full) - platform	Run RSpec (topic)	2026-10-03T19:03:21.2172420Z -- create_table("network_interface_daily_accountings", {primary_key: ["network_interface_id", "user_id", "year", "month", "day"], charset: "utf8mb3", collation: "utf8mb3_czech_ci", force: :cascade})
API specs (full) - platform	Run RSpec (topic)	2026-10-03T19:03:21.2173445Z    -> 0.0045s
API specs (full) - platform	Run RSpec (topic)	2026-10-03T19:03:21.2174499Z -- create_table("network_interface_monitors", {primary_key: "network_interface_id", id: :bigint, default: nil, charset: "utf8mb3", collation: "utf8mb3_czech_ci", force: :cascade})
API specs (full) - platform	Run RSpec (topic)	2026-10-03T19:03:21.2175310Z    -> 0.0032s
API specs (full) - platform	Run RSpec (topic)	2026-10-03T19:03:21.2176113Z -- create_table("network_interface_monthly_accountings", {primary_key: ["network_interface_id", "user_id", "year", "month"], charset: "utf8mb3", collation: "utf8mb3_czech_ci", force: :cascade})
API specs (full) - platform	Run RSpec (topic)	2026-10-03T19:03:21.2177381Z    -> 0.0049s
API specs (full) - platform	Run RSpec (topic)	2026-10-03T19:03:21.2178131Z -- create_table("network_interface_yearly_accountings", {primary_key: ["network_interface_id", "user_id", "year"], charset: "utf8mb3", collation: "utf8mb3_czech_ci", force: :cascade})
API specs (full) - platform	Run RSpec (topic)	2026-10-03T19:03:21.2179325Z    -> 0.0039s
API specs (full) - platform	Run RSpec (topic)	2026-10-03T19:03:21.2180083Z -- create_table("network_interfaces", {id: {type: :integer, unsigned: true}, charset: "utf8mb3", collation: "utf8mb3_czech_ci", force: :cascade})
API specs (full) - platform	Run RSpec (topic)	2026-10-03T19:03:21.2181107Z    -> 0.0042s
API specs (full) - platform	Run RSpec (topic)	2026-10-03T19:03:21.2181908Z -- create_table("networks", {id: {type: :integer, unsigned: true}, charset: "utf8mb3", collation: "utf8mb3_czech_ci", force: :cascade})
API specs (full) - platform	Run RSpec (topic)	2026-10-03T19:03:21.2182873Z    -> 0.0032s
API specs (full) - platform	Run RSpec (topic)	2026-10-03T19:03:21.2183591Z -- create_table("node_current_statuses", {id: {type: :integer, unsigned: true}, charset: "utf8mb3", collation: "utf8mb3_czech_ci", force: :cascade})
API specs (full) - platform	Run RSpec (topic)	2026-10-03T19:03:21.2184435Z    -> 0.0048s
API specs (full) - platform	Run RSpec (topic)	2026-10-03T19:03:21.2184887Z -- create_table("node_ebpf_program_links", {charset: "utf8mb3", collation: "utf8mb3_bin", force: :cascade})
API specs (full) - platform	Run RSpec (topic)	2026-10-03T19:03:21.2185388Z    -> 0.0041s
API specs (full) - platform	Run RSpec (topic)	2026-10-03T19:03:21.2186078Z -- create_table("node_ebpf_program_objects", {charset: "utf8mb3", collation: "utf8mb3_bin", force: :cascade})
API specs (full) - platform	Run RSpec (topic)	2026-10-03T19:03:21.2186701Z    -> 0.0046s
API specs (full) - platform	Run RSpec (topic)	2026-10-03T19:03:21.2187359Z -- create_table("node_ebpf_programs", {charset: "utf8mb3", collation: "utf8mb3_bin", force: :cascade})
API specs (full) - platform	Run RSpec (topic)	2026-10-03T19:03:21.2188073Z    -> 0.0034s
API specs (full) - platform	Run RSpec (topic)	2026-10-03T19:03:21.2188550Z -- create_table("node_kernel_configuration_options", {charset: "utf8mb3", collation: "utf8mb3_bin", force: :cascade})
API specs (full) - platform	Run RSpec (topic)	2026-10-03T19:03:21.2189095Z    -> 0.0030s
API specs (full) - platform	Run RSpec (topic)	2026-10-03T19:03:21.2189538Z -- create_table("node_kernel_configurations", {charset: "utf8mb3", collation: "utf8mb3_bin", force: :cascade})
API specs (full) - platform	Run RSpec (topic)	2026-10-03T19:03:21.2190039Z    -> 0.0031s
API specs (full) - platform	Run RSpec (topic)	2026-10-03T19:03:21.2190646Z -- create_table("node_kernel_events", {charset: "utf8mb3", collation: "utf8mb3_czech_ci", force: :cascade})
API specs (full) - platform	Run RSpec (topic)	2026-10-03T19:03:21.2191545Z    -> 0.0049s
API specs (full) - platform	Run RSpec (topic)	2026-10-03T19:03:21.2192247Z -- create_table("node_kernel_evidence_checkpoints", {charset: "utf8mb3", collation: "utf8mb3_unicode_ci", force: :cascade})
API specs (full) - platform	Run RSpec (topic)	2026-10-03T19:03:21.2192966Z    -> 0.0028s
API specs (full) - platform	Run RSpec (topic)	2026-10-03T19:03:21.2193408Z -- create_table("node_kernel_evidence_errors", {charset: "utf8mb3", collation: "utf8mb3_bin", force: :cascade})
API specs (full) - platform	Run RSpec (topic)	2026-10-03T19:03:21.2194222Z    -> 0.0033s
API specs (full) - platform	Run RSpec (topic)	2026-10-03T19:03:21.2194876Z -- create_table("node_kernel_evidences", {charset: "utf8mb3", collation: "utf8mb3_bin", force: :cascade})
API specs (full) - platform	Run RSpec (topic)	2026-10-03T19:03:21.2195628Z    -> 0.0040s
API specs (full) - platform	Run RSpec (topic)	2026-10-03T19:03:21.2196153Z -- create_table("node_kernel_history_gaps", {charset: "utf8mb3", collation: "utf8mb3_czech_ci", force: :cascade})
API specs (full) - platform	Run RSpec (topic)	2026-10-03T19:03:21.2197259Z    -> 0.0038s
API specs (full) - platform	Run RSpec (topic)	2026-10-03T19:03:21.2197762Z -- create_table("node_kernel_history_states", {charset: "utf8mb3", collation: "utf8mb3_czech_ci", force: :cascade})
API specs (full) - platform	Run RSpec (topic)	2026-10-03T19:03:21.2198561Z    -> 0.0111s
API specs (full) - platform	Run RSpec (topic)	2026-10-03T19:03:21.2199037Z -- create_table("node_kernel_livepatch_patches", {charset: "utf8mb3", collation: "utf8mb3_bin", force: :cascade})
API specs (full) - platform	Run RSpec (topic)	2026-10-03T19:03:21.2199544Z    -> 0.0034s
API specs (full) - platform	Run RSpec (topic)	2026-10-03T19:03:21.2199966Z -- create_table("node_kernel_livepatches", {charset: "utf8mb3", collation: "utf8mb3_bin", force: :cascade})
API specs (full) - platform	Run RSpec (topic)	2026-10-03T19:03:21.2200635Z    -> 0.0035s
API specs (full) - platform	Run RSpec (topic)	2026-10-03T19:03:21.2201266Z -- create_table("node_kernel_modules", {charset: "utf8mb3", collation: "utf8mb3_bin", force: :cascade})
API specs (full) - platform	Run RSpec (topic)	2026-10-03T19:03:21.2201833Z    -> 0.0039s
API specs (full) - platform	Run RSpec (topic)	2026-10-03T19:03:21.2202392Z -- create_table("node_kernel_parameters", {charset: "utf8mb3", collation: "utf8mb3_bin", force: :cascade})
API specs (full) - platform	Run RSpec (topic)	2026-10-03T19:03:21.2203072Z    -> 0.0031s
API specs (full) - platform	Run RSpec (topic)	2026-10-03T19:03:21.2203773Z -- create_table("node_software_changes", {charset: "utf8mb3", collation: "utf8mb3_bin", force: :cascade})
API specs (full) - platform	Run RSpec (topic)	2026-10-03T19:03:21.2204301Z    -> 0.0091s
API specs (full) - platform	Run RSpec (topic)	2026-10-03T19:03:21.2204744Z -- create_table("node_software_versions", {charset: "utf8mb3", collation: "utf8mb3_bin", force: :cascade})
API specs (full) - platform	Run RSpec (topic)	2026-10-03T19:03:21.2205312Z    -> 0.0040s
API specs (full) - platform	Run RSpec (topic)	2026-10-03T19:03:21.2206030Z -- create_table("node_statuses", {id: {type: :integer, unsigned: true}, charset: "utf8mb3", collation: "utf8mb3_czech_ci", force: :cascade})
API specs (full) - platform	Run RSpec (topic)	2026-10-03T19:03:21.2206644Z    -> 0.0036s
API specs (full) - platform	Run RSpec (topic)	2026-10-03T19:03:21.2207208Z -- create_table("node_sysctl_changes", {charset: "utf8mb3", collation: "utf8mb3_bin", force: :cascade})
API specs (full) - platform	Run RSpec (topic)	2026-10-03T19:03:21.2207971Z    -> 0.0034s
API specs (full) - platform	Run RSpec (topic)	2026-10-03T19:03:21.2208579Z -- create_table("node_sysctls", {charset: "utf8mb3", collation: "utf8mb3_bin", force: :cascade})
API specs (full) - platform	Run RSpec (topic)	2026-10-03T19:03:21.2209049Z    -> 0.0042s
API specs (full) - platform	Run RSpec (topic)	2026-10-03T19:03:21.2209765Z -- create_table("node_system_history_states", {charset: "utf8mb3", collation: "utf8mb3_czech_ci", force: :cascade})
API specs (full) - platform	Run RSpec (topic)	2026-10-03T19:03:21.2210613Z    -> 0.0027s
API specs (full) - platform	Run RSpec (topic)	2026-10-03T19:03:21.2211294Z -- create_table("node_system_states", {charset: "utf8mb3", collation: "utf8mb3_czech_ci", force: :cascade})
API specs (full) - platform	Run RSpec (topic)	2026-10-03T19:03:21.2212037Z    -> 0.0036s
API specs (full) - platform	Run RSpec (topic)	2026-10-03T19:03:21.2212490Z -- create_table("node_transfer_connections", {charset: "utf8mb3", collation: "utf8mb3_czech_ci", force: :cascade})
API specs (full) - platform	Run RSpec (topic)	2026-10-03T19:03:21.2213019Z    -> 0.0035s
API specs (full) - platform	Run RSpec (topic)	2026-10-03T19:03:21.2213813Z -- create_table("nodes", {id: {type: :integer, unsigned: true}, charset: "utf8mb3", collation: "utf8mb3_czech_ci", force: :cascade})
API specs (full) - platform	Run RSpec (topic)	2026-10-03T19:03:21.2214417Z    -> 0.0039s
API specs (full) - platform	Run RSpec (topic)	2026-10-03T19:03:21.2214994Z -- create_table("oauth2_authorizations", {charset: "utf8mb3", collation: "utf8mb3_czech_ci", force: :cascade})
API specs (full) - platform	Run RSpec (topic)	2026-10-03T19:03:21.2215802Z    -> 0.0048s
API specs (full) - platform	Run RSpec (topic)	2026-10-03T19:03:21.2216512Z -- create_table("oauth2_clients", {charset: "utf8mb3", collation: "utf8mb3_czech_ci", force: :cascade})
API specs (full) - platform	Run RSpec (topic)	2026-10-03T19:03:21.2217491Z    -> 0.0034s
API specs (full) - platform	Run RSpec (topic)	2026-10-03T19:03:21.2218358Z -- create_table("object_histories", {id: {type: :integer, unsigned: true}, charset: "utf8mb3", collation: "utf8mb3_czech_ci", force: :cascade})
API specs (full) - platform	Run RSpec (topic)	2026-10-03T19:03:21.2218974Z    -> 0.0175s
API specs (full) - platform	Run RSpec (topic)	2026-10-03T19:03:21.2219705Z -- create_table("object_states", {id: {type: :integer, unsigned: true}, charset: "utf8mb3", collation: "utf8mb3_czech_ci", force: :cascade})
API specs (full) - platform	Run RSpec (topic)	2026-10-03T19:03:21.2221413Z    -> 0.0031s
API specs (full) - platform	Run RSpec (topic)	2026-10-03T19:03:21.2221978Z -- create_table("oom_preventions", {charset: "utf8mb3", collation: "utf8mb3_czech_ci", force: :cascade})
API specs (full) - platform	Run RSpec (topic)	2026-10-03T19:03:21.2222693Z    -> 0.0343s
API specs (full) - platform	Run RSpec (topic)	2026-10-03T19:03:21.2223193Z -- create_table("oom_report_counters", {charset: "utf8mb3", collation: "utf8mb3_czech_ci", force: :cascade})
API specs (full) - platform	Run RSpec (topic)	2026-10-03T19:03:21.2223707Z    -> 0.0040s
API specs (full) - platform	Run RSpec (topic)	2026-10-03T19:03:21.2224131Z -- create_table("oom_report_rules", {charset: "utf8mb3", collation: "utf8mb3_czech_ci", force: :cascade})
API specs (full) - platform	Run RSpec (topic)	2026-10-03T19:03:21.2224605Z    -> 0.0028s
API specs (full) - platform	Run RSpec (topic)	2026-10-03T19:03:21.2225139Z -- create_table("oom_report_stats", {id: {type: :integer, unsigned: true}, charset: "utf8mb3", collation: "utf8mb3_czech_ci", force: :cascade})
API specs (full) - platform	Run RSpec (topic)	2026-10-03T19:03:21.2226503Z    -> 0.0025s
API specs (full) - platform	Run RSpec (topic)	2026-10-03T19:03:21.2227288Z -- create_table("oom_report_tasks", {id: {type: :integer, unsigned: true}, charset: "utf8mb3", collation: "utf8mb3_czech_ci", force: :cascade})
API specs (full) - platform	Run RSpec (topic)	2026-10-03T19:03:21.2227906Z    -> 0.0040s
API specs (full) - platform	Run RSpec (topic)	2026-10-03T19:03:21.2228454Z -- create_table("oom_report_usages", {id: {type: :integer, unsigned: true}, charset: "utf8mb3", collation: "utf8mb3_czech_ci", force: :cascade})
API specs (full) - platform	Run RSpec (topic)	2026-10-03T19:03:21.2229069Z    -> 0.0029s
API specs (full) - platform	Run RSpec (topic)	2026-10-03T19:03:21.2229589Z -- create_table("oom_reports", {id: {type: :integer, unsigned: true}, charset: "utf8mb3", collation: "utf8mb3_czech_ci", force: :cascade})
API specs (full) - platform	Run RSpec (topic)	2026-10-03T19:03:21.2230174Z    -> 0.0039s
API specs (full) - platform	Run RSpec (topic)	2026-10-03T19:03:21.2230604Z -- create_table("os_families", {charset: "utf8mb3", collation: "utf8mb3_czech_ci", force: :cascade})
API specs (full) - platform	Run RSpec (topic)	2026-10-03T19:03:21.2231062Z    -> 0.0119s
API specs (full) - platform	Run RSpec (topic)	2026-10-03T19:03:21.2231572Z -- create_table("os_templates", {id: {type: :integer, unsigned: true}, charset: "utf8mb3", collation: "utf8mb3_czech_ci", force: :cascade})
API specs (full) - platform	Run RSpec (topic)	2026-10-03T19:03:21.2232143Z    -> 0.0042s
API specs (full) - platform	Run RSpec (topic)	2026-10-03T19:03:21.2232582Z -- create_table("password_change_logs", {charset: "utf8mb3", collation: "utf8mb3_czech_ci", force: :cascade})
API specs (full) - platform	Run RSpec (topic)	2026-10-03T19:03:21.2233200Z    -> 0.0039s
API specs (full) - platform	Run RSpec (topic)	2026-10-03T19:03:21.2233744Z -- create_table("password_event_counters", {charset: "utf8mb3", collation: "utf8mb3_czech_ci", force: :cascade})
API specs (full) - platform	Run RSpec (topic)	2026-10-03T19:03:21.2234444Z    -> 0.0034s
API specs (full) - platform	Run RSpec (topic)	2026-10-03T19:03:21.2235110Z -- create_table("password_recoveries", {charset: "utf8mb3", collation: "utf8mb3_czech_ci", force: :cascade})
API specs (full) - platform	Run RSpec (topic)	2026-10-03T19:03:21.2235913Z    -> 0.0045s
API specs (full) - platform	Run RSpec (topic)	2026-10-03T19:03:21.2236649Z -- create_table("password_recovery_requests", {charset: "utf8mb3", collation: "utf8mb3_czech_ci", force: :cascade})
API specs (full) - platform	Run RSpec (topic)	2026-10-03T19:03:21.2237586Z    -> 0.0043s
API specs (full) - platform	Run RSpec (topic)	2026-10-03T19:03:21.2238177Z -- create_table("password_recovery_submissions", {charset: "utf8mb3", collation: "utf8mb3_czech_ci", force: :cascade})
API specs (full) - platform	Run RSpec (topic)	2026-10-03T19:03:21.2238874Z    -> 0.0039s
API specs (full) - platform	Run RSpec (topic)	2026-10-03T19:03:21.2239591Z -- create_table("pools", {id: {type: :integer, unsigned: true}, charset: "utf8mb3", collation: "utf8mb3_czech_ci", force: :cascade})
API specs (full) - platform	Run RSpec (topic)	2026-10-03T19:03:21.2240178Z    -> 0.0035s
API specs (full) - platform	Run RSpec (topic)	2026-10-03T19:03:21.2240716Z -- create_table("port_reservations", {id: {type: :integer, unsigned: true}, charset: "utf8mb3", collation: "utf8mb3_czech_ci", force: :cascade})
API specs (full) - platform	Run RSpec (topic)	2026-10-03T19:03:21.2241350Z    -> 0.0041s
API specs (full) - platform	Run RSpec (topic)	2026-10-03T19:03:21.5634833Z -- create_table("repeatable_tasks", {id: {type: :integer, unsigned: true}, charset: "utf8mb3", collation: "utf8mb3_czech_ci", force: :cascade})
API specs (full) - platform	Run RSpec (topic)	2026-10-03T19:03:21.5635670Z    -> 0.0031s
API specs (full) - platform	Run RSpec (topic)	2026-10-03T19:03:21.5636322Z -- create_table("resource_locks", {id: {type: :integer, unsigned: true}, charset: "utf8mb3", collation: "utf8mb3_czech_ci", force: :cascade})
API specs (full) - platform	Run RSpec (topic)	2026-10-03T19:03:21.5637232Z    -> 0.0035s
API specs (full) - platform	Run RSpec (topic)	2026-10-03T19:03:21.5637689Z -- create_table("security_advisories", {charset: "utf8mb3", collation: "utf8mb3_czech_ci", force: :cascade})
API specs (full) - platform	Run RSpec (topic)	2026-10-03T19:03:21.5638281Z    -> 0.0049s
API specs (full) - platform	Run RSpec (topic)	2026-10-03T19:03:21.5638721Z -- create_table("security_advisory_cves", {charset: "utf8mb3", collation: "utf8mb3_czech_ci", force: :cascade})
API specs (full) - platform	Run RSpec (topic)	2026-10-03T19:03:21.5639221Z    -> 0.0029s
API specs (full) - platform	Run RSpec (topic)	2026-10-03T19:03:21.5639743Z -- create_table("security_advisory_node_status_translations", {charset: "utf8mb3", collation: "utf8mb3_czech_ci", force: :cascade})
API specs (full) - platform	Run RSpec (topic)	2026-10-03T19:03:21.5640602Z    -> 0.0034s
API specs (full) - platform	Run RSpec (topic)	2026-10-03T19:03:21.5641179Z -- create_table("security_advisory_node_statuses", {charset: "utf8mb3", collation: "utf8mb3_czech_ci", force: :cascade})
API specs (full) - platform	Run RSpec (topic)	2026-10-03T19:03:21.5641961Z    -> 0.0034s
API specs (full) - platform	Run RSpec (topic)	2026-10-03T19:03:21.5642515Z -- create_table("security_advisory_translations", {charset: "utf8mb3", collation: "utf8mb3_czech_ci", force: :cascade})
API specs (full) - platform	Run RSpec (topic)	2026-10-03T19:03:21.5643199Z    -> 0.0034s
API specs (full) - platform	Run RSpec (topic)	2026-10-03T19:03:21.5643670Z -- create_table("security_advisory_updates", {charset: "utf8mb3", collation: "utf8mb3_czech_ci", force: :cascade})
API specs (full) - platform	Run RSpec (topic)	2026-10-03T19:03:21.5644215Z    -> 0.0039s
API specs (full) - platform	Run RSpec (topic)	2026-10-03T19:03:21.5644912Z -- create_table("security_advisory_users", {charset: "utf8mb3", collation: "utf8mb3_czech_ci", force: :cascade})
API specs (full) - platform	Run RSpec (topic)	2026-10-03T19:03:21.5645439Z    -> 0.0146s
API specs (full) - platform	Run RSpec (topic)	2026-10-03T19:03:21.5645910Z -- create_table("security_advisory_vpses", {charset: "utf8mb3", collation: "utf8mb3_czech_ci", force: :cascade})
API specs (full) - platform	Run RSpec (topic)	2026-10-03T19:03:21.5646431Z    -> 0.0045s
API specs (full) - platform	Run RSpec (topic)	2026-10-03T19:03:21.5647176Z -- create_table("single_sign_ons", {charset: "utf8mb3", collation: "utf8mb3_czech_ci", force: :cascade})
API specs (full) - platform	Run RSpec (topic)	2026-10-03T19:03:21.5647786Z    -> 0.0031s
API specs (full) - platform	Run RSpec (topic)	2026-10-03T19:03:21.5648544Z -- create_table("snapshot_downloads", {id: {type: :integer, unsigned: true}, charset: "utf8mb3", collation: "utf8mb3_czech_ci", force: :cascade})
API specs (full) - platform	Run RSpec (topic)	2026-10-03T19:03:21.5649163Z    -> 0.0238s
API specs (full) - platform	Run RSpec (topic)	2026-10-03T19:03:21.5649717Z -- create_table("snapshot_in_pool_clones", {id: {type: :integer, unsigned: true}, charset: "utf8mb3", collation: "utf8mb3_czech_ci", force: :cascade})
API specs (full) - platform	Run RSpec (topic)	2026-10-03T19:03:21.5650346Z    -> 0.0040s
API specs (full) - platform	Run RSpec (topic)	2026-10-03T19:03:21.5650925Z -- create_table("snapshot_in_pool_in_branches", {id: {type: :integer, unsigned: true}, charset: "utf8mb3", collation: "utf8mb3_czech_ci", force: :cascade})
API specs (full) - platform	Run RSpec (topic)	2026-10-03T19:03:21.5651568Z    -> 0.0030s
API specs (full) - platform	Run RSpec (topic)	2026-10-03T19:03:21.5652218Z -- create_table("snapshot_in_pools", {id: {type: :integer, unsigned: true}, charset: "utf8mb3", collation: "utf8mb3_czech_ci", force: :cascade})
API specs (full) - platform	Run RSpec (topic)	2026-10-03T19:03:21.5652906Z    -> 0.0034s
API specs (full) - platform	Run RSpec (topic)	2026-10-03T19:03:21.5653514Z -- create_table("snapshots", {id: {type: :integer, unsigned: true}, charset: "utf8mb3", collation: "utf8mb3_czech_ci", force: :cascade})
API specs (full) - platform	Run RSpec (topic)	2026-10-03T19:03:21.5654246Z    -> 0.0228s
API specs (full) - platform	Run RSpec (topic)	2026-10-03T19:03:21.5654773Z -- create_table("sysconfig", {id: {type: :integer, unsigned: true}, charset: "utf8mb3", collation: "utf8mb3_czech_ci", force: :cascade})
API specs (full) - platform	Run RSpec (topic)	2026-10-03T19:03:21.5655364Z    -> 0.0040s
API specs (full) - platform	Run RSpec (topic)	2026-10-03T19:03:21.5655853Z -- create_table("tokens", {id: {type: :integer, unsigned: true}, charset: "utf8mb3", collation: "utf8mb3_czech_ci", force: :cascade})
API specs (full) - platform	Run RSpec (topic)	2026-10-03T19:03:21.5656457Z    -> 0.0031s
API specs (full) - platform	Run RSpec (topic)	2026-10-03T19:03:21.5657287Z -- create_table("transaction_chain_concerns", {id: {type: :integer, unsigned: true}, charset: "utf8mb3", collation: "utf8mb3_czech_ci", force: :cascade})
API specs (full) - platform	Run RSpec (topic)	2026-10-03T19:03:21.5657937Z    -> 0.0037s
API specs (full) - platform	Run RSpec (topic)	2026-10-03T19:03:21.5658539Z -- create_table("transaction_chains", {id: {type: :integer, unsigned: true}, charset: "utf8mb3", collation: "utf8mb3_czech_ci", force: :cascade})
API specs (full) - platform	Run RSpec (topic)	2026-10-03T19:03:21.5659256Z    -> 0.0042s
API specs (full) - platform	Run RSpec (topic)	2026-10-03T19:03:21.5660011Z -- create_table("transaction_confirmations", {id: {type: :integer, unsigned: true}, charset: "utf8mb3", collation: "utf8mb3_czech_ci", force: :cascade})
API specs (full) - platform	Run RSpec (topic)	2026-10-03T19:03:21.5660639Z    -> 0.0051s
API specs (full) - platform	Run RSpec (topic)	2026-10-03T19:03:21.5661157Z -- create_table("transactions", {id: {type: :integer, unsigned: true}, charset: "utf8mb3", collation: "utf8mb3_czech_ci", force: :cascade})
API specs (full) - platform	Run RSpec (topic)	2026-10-03T19:03:21.5661719Z    -> 0.0051s
API specs (full) - platform	Run RSpec (topic)	2026-10-03T19:03:21.5662213Z -- create_table("user_agents", {id: {type: :integer, unsigned: true}, charset: "utf8mb3", collation: "utf8mb3_czech_ci", force: :cascade})
API specs (full) - platform	Run RSpec (topic)	2026-10-03T19:03:21.5662785Z    -> 0.0031s
API specs (full) - platform	Run RSpec (topic)	2026-10-03T19:03:21.5663348Z -- create_table("user_cluster_resource_packages", {id: {type: :integer, unsigned: true}, charset: "utf8mb3", collation: "utf8mb3_czech_ci", force: :cascade})
API specs (full) - platform	Run RSpec (topic)	2026-10-03T19:03:21.5663974Z    -> 0.0038s
API specs (full) - platform	Run RSpec (topic)	2026-10-03T19:03:21.5664689Z -- create_table("user_cluster_resources", {id: {type: :integer, unsigned: true}, charset: "utf8mb3", collation: "utf8mb3_czech_ci", force: :cascade})
API specs (full) - platform	Run RSpec (topic)	2026-10-03T19:03:21.5665300Z    -> 0.0036s
API specs (full) - platform	Run RSpec (topic)	2026-10-03T19:03:21.5665734Z -- create_table("user_devices", {charset: "utf8mb3", collation: "utf8mb3_czech_ci", force: :cascade})
API specs (full) - platform	Run RSpec (topic)	2026-10-03T19:03:21.5666211Z    -> 0.0041s
API specs (full) - platform	Run RSpec (topic)	2026-10-03T19:03:21.5666767Z -- create_table("user_failed_logins", {id: {type: :integer, unsigned: true}, charset: "utf8mb3", collation: "utf8mb3_czech_ci", force: :cascade})
API specs (full) - platform	Run RSpec (topic)	2026-10-03T19:03:21.5667674Z    -> 0.0328s
API specs (full) - platform	Run RSpec (topic)	2026-10-03T19:03:21.5668408Z -- create_table("user_mail_role_recipients", {id: {type: :integer, unsigned: true}, charset: "utf8mb3", collation: "utf8mb3_czech_ci", force: :cascade})
API specs (full) - platform	Run RSpec (topic)	2026-10-03T19:03:21.5669205Z    -> 0.0034s
API specs (full) - platform	Run RSpec (topic)	2026-10-03T19:03:21.5669797Z -- create_table("user_mail_template_recipients", {id: {type: :integer, unsigned: true}, charset: "utf8mb3", collation: "utf8mb3_czech_ci", force: :cascade})
API specs (full) - platform	Run RSpec (topic)	2026-10-03T19:03:21.5670461Z    -> 0.0038s
API specs (full) - platform	Run RSpec (topic)	2026-10-03T19:03:21.5671025Z -- create_table("user_namespace_blocks", {id: {type: :integer, unsigned: true}, charset: "utf8mb3", collation: "utf8mb3_czech_ci", force: :cascade})
API specs (full) - platform	Run RSpec (topic)	2026-10-03T19:03:21.5671657Z    -> 0.0046s
API specs (full) - platform	Run RSpec (topic)	2026-10-03T19:03:21.5672230Z -- create_table("user_namespace_map_entries", {id: {type: :integer, unsigned: true}, charset: "utf8mb3", collation: "utf8mb3_czech_ci", force: :cascade})
API specs (full) - platform	Run RSpec (topic)	2026-10-03T19:03:21.5672861Z    -> 0.0028s
API specs (full) - platform	Run RSpec (topic)	2026-10-03T19:03:21.5673423Z -- create_table("user_namespace_maps", {id: {type: :integer, unsigned: true}, charset: "utf8mb3", collation: "utf8mb3_czech_ci", force: :cascade})
API specs (full) - platform	Run RSpec (topic)	2026-10-03T19:03:21.5674034Z    -> 0.0033s
API specs (full) - platform	Run RSpec (topic)	2026-10-03T19:03:21.5674570Z -- create_table("user_namespaces", {id: {type: :integer, unsigned: true}, charset: "utf8mb3", collation: "utf8mb3_czech_ci", force: :cascade})
API specs (full) - platform	Run RSpec (topic)	2026-10-03T19:03:21.5675499Z    -> 0.0036s
API specs (full) - platform	Run RSpec (topic)	2026-10-03T19:03:21.5676343Z -- create_table("user_public_keys", {id: {type: :integer, unsigned: true}, charset: "utf8mb3", collation: "utf8mb3_czech_ci", force: :cascade})
API specs (full) - platform	Run RSpec (topic)	2026-10-03T19:03:21.5677524Z    -> 0.0029s
API specs (full) - platform	Run RSpec (topic)	2026-10-03T19:03:21.5678250Z -- create_table("user_sessions", {id: {type: :integer, unsigned: true}, charset: "utf8mb3", collation: "utf8mb3_czech_ci", force: :cascade})
API specs (full) - platform	Run RSpec (topic)	2026-10-03T19:03:21.5678841Z    -> 0.0046s
API specs (full) - platform	Run RSpec (topic)	2026-10-03T19:03:21.5679373Z -- create_table("user_totp_devices", {id: {type: :integer, unsigned: true}, charset: "utf8mb3", collation: "utf8mb3_czech_ci", force: :cascade})
API specs (full) - platform	Run RSpec (topic)	2026-10-03T19:03:21.5679960Z    -> 0.0037s
API specs (full) - platform	Run RSpec (topic)	2026-10-03T19:03:21.5680454Z -- create_table("users", {id: {type: :integer, unsigned: true}, charset: "utf8mb3", collation: "utf8mb3_czech_ci", force: :cascade})
API specs (full) - platform	Run RSpec (topic)	2026-10-03T19:03:21.5681005Z    -> 0.0046s
API specs (full) - platform	Run RSpec (topic)	2026-10-03T19:03:21.5681393Z -- create_table("uuids", {charset: "utf8mb3", collation: "utf8mb3_czech_ci", force: :cascade})
API specs (full) - platform	Run RSpec (topic)	2026-10-03T19:03:21.5681841Z    -> 0.0046s
API specs (full) - platform	Run RSpec (topic)	2026-10-03T19:03:21.5682339Z -- create_table("versions", {id: {type: :integer, unsigned: true}, charset: "utf8mb3", collation: "utf8mb3_czech_ci", force: :cascade})
API specs (full) - platform	Run RSpec (topic)	2026-10-03T19:03:21.5682909Z    -> 0.0047s
API specs (full) - platform	Run RSpec (topic)	2026-10-03T19:03:21.5683412Z -- create_table("vps_consoles", {id: {type: :integer, unsigned: true}, charset: "utf8mb3", collation: "utf8mb3_czech_ci", force: :cascade})
API specs (full) - platform	Run RSpec (topic)	2026-10-03T19:03:21.5683991Z    -> 0.0028s
API specs (full) - platform	Run RSpec (topic)	2026-10-03T19:03:21.5684642Z -- create_table("vps_current_statuses", {id: {type: :integer, unsigned: true}, charset: "utf8mb3", collation: "utf8mb3_czech_ci", force: :cascade})
API specs (full) - platform	Run RSpec (topic)	2026-10-03T19:03:21.5685487Z    -> 0.0037s
API specs (full) - platform	Run RSpec (topic)	2026-10-03T19:03:21.5686131Z -- create_table("vps_features", {id: {type: :integer, unsigned: true}, charset: "utf8mb3", collation: "utf8mb3_czech_ci", force: :cascade})
API specs (full) - platform	Run RSpec (topic)	2026-10-03T19:03:21.5686815Z    -> 0.0034s
API specs (full) - platform	Run RSpec (topic)	2026-10-03T19:03:21.5687587Z -- create_table("vps_maintenance_windows", {id: {type: :integer, unsigned: true}, charset: "utf8mb3", collation: "utf8mb3_czech_ci", force: :cascade})
API specs (full) - platform	Run RSpec (topic)	2026-10-03T19:03:21.5688220Z    -> 0.0026s
API specs (full) - platform	Run RSpec (topic)	2026-10-03T19:03:21.5688745Z -- create_table("vps_migrations", {id: {type: :integer, unsigned: true}, charset: "utf8mb3", collation: "utf8mb3_czech_ci", force: :cascade})
API specs (full) - platform	Run RSpec (topic)	2026-10-03T19:03:21.5689564Z    -> 0.0029s
API specs (full) - platform	Run RSpec (topic)	2026-10-03T19:03:21.5690183Z -- create_table("vps_os_processes", {primary_key: ["vps_id", "state"], charset: "utf8mb3", collation: "utf8mb3_czech_ci", force: :cascade})
API specs (full) - platform	Run RSpec (topic)	2026-10-03T19:03:21.5690985Z    -> 0.0037s
API specs (full) - platform	Run RSpec (topic)	2026-10-03T19:03:21.5691437Z -- create_table("vps_ssh_host_keys", {charset: "utf8mb3", collation: "utf8mb3_czech_ci", force: :cascade})
API specs (full) - platform	Run RSpec (topic)	2026-10-03T19:03:21.5692138Z    -> 0.0041s
API specs (full) - platform	Run RSpec (topic)	2026-10-03T19:03:21.5692835Z -- create_table("vps_statuses", {id: {type: :integer, unsigned: true}, charset: "utf8mb3", collation: "utf8mb3_czech_ci", force: :cascade})
API specs (full) - platform	Run RSpec (topic)	2026-10-03T19:03:21.5693719Z    -> 0.0282s
API specs (full) - platform	Run RSpec (topic)	2026-10-03T19:03:21.5694129Z -- create_table("vps_user_data", {charset: "utf8mb3", collation: "utf8mb3_czech_ci", force: :cascade})
API specs (full) - platform	Run RSpec (topic)	2026-10-03T19:03:21.5694606Z    -> 0.0033s
API specs (full) - platform	Run RSpec (topic)	2026-10-03T19:03:21.5695101Z -- create_table("vpses", {id: {type: :integer, unsigned: true}, charset: "utf8mb3", collation: "utf8mb3_czech_ci", force: :cascade})
API specs (full) - platform	Run RSpec (topic)	2026-10-03T19:03:21.5695686Z    -> 0.0063s
API specs (full) - platform	Run RSpec (topic)	2026-10-03T19:03:21.5696145Z -- create_table("webauthn_challenges", {charset: "utf8mb3", collation: "utf8mb3_czech_ci", force: :cascade})
API specs (full) - platform	Run RSpec (topic)	2026-10-03T19:03:21.5696672Z    -> 0.0036s
API specs (full) - platform	Run RSpec (topic)	2026-10-03T19:03:21.5697367Z -- create_table("webauthn_credentials", {charset: "utf8mb3", collation: "utf8mb3_czech_ci", force: :cascade})
API specs (full) - platform	Run RSpec (topic)	2026-10-03T19:03:21.5697944Z    -> 0.0039s
API specs (full) - platform	Run RSpec (topic)	2026-10-03T19:03:21.5698512Z -- add_foreign_key("node_current_statuses", "node_kernel_evidences", {on_delete: :nullify})
API specs (full) - platform	Run RSpec (topic)	2026-10-03T19:03:21.5699077Z    -> 0.0061s
API specs (full) - platform	Run RSpec (topic)	2026-10-03T19:03:21.5699566Z -- add_foreign_key("node_ebpf_program_links", "node_ebpf_programs", {on_delete: :cascade})
API specs (full) - platform	Run RSpec (topic)	2026-10-03T19:03:21.5700202Z    -> 0.0050s
API specs (full) - platform	Run RSpec (topic)	2026-10-03T19:03:21.5700612Z -- add_foreign_key("node_ebpf_program_objects", "node_ebpf_programs", {on_delete: :cascade})
API specs (full) - platform	Run RSpec (topic)	2026-10-03T19:03:21.5701096Z    -> 0.0187s
API specs (full) - platform	Run RSpec (topic)	2026-10-03T19:03:21.5701486Z -- add_foreign_key("node_ebpf_programs", "node_kernel_evidences", {on_delete: :cascade})
API specs (full) - platform	Run RSpec (topic)	2026-10-03T19:03:21.5701965Z    -> 0.0046s
API specs (full) - platform	Run RSpec (topic)	2026-10-03T19:03:21.5702437Z -- add_foreign_key("node_kernel_configuration_options", "node_kernel_configurations", {on_delete: :cascade})
API specs (full) - platform	Run RSpec (topic)	2026-10-03T19:03:21.5702964Z    -> 0.0044s
API specs (full) - platform	Run RSpec (topic)	2026-10-03T19:03:21.5703366Z -- add_foreign_key("node_kernel_events", "node_kernel_evidences", {on_delete: :nullify})
API specs (full) - platform	Run RSpec (topic)	2026-10-03T19:03:21.5703812Z    -> 0.0068s
API specs (full) - platform	Run RSpec (topic)	2026-10-03T19:03:21.5704217Z -- add_foreign_key("node_kernel_evidence_checkpoints", "nodes", {on_delete: :cascade})
API specs (full) - platform	Run RSpec (topic)	2026-10-03T19:03:25.6311094Z    -> 0.0048s
API specs (full) - platform	Run RSpec (topic)	2026-10-03T19:03:25.6312119Z -- add_foreign_key("node_kernel_evidence_errors", "node_kernel_evidences", {on_delete: :cascade})
API specs (full) - platform	Run RSpec (topic)	2026-10-03T19:03:25.6312971Z    -> 0.0042s
API specs (full) - platform	Run RSpec (topic)	2026-10-03T19:03:25.6313626Z -- add_foreign_key("node_kernel_history_gaps", "node_kernel_history_states", {on_delete: :cascade})
API specs (full) - platform	Run RSpec (topic)	2026-10-03T19:03:25.6314267Z    -> 0.0048s
API specs (full) - platform	Run RSpec (topic)	2026-10-03T19:03:25.6314885Z -- add_foreign_key("node_kernel_livepatch_patches", "node_kernel_livepatches", {on_delete: :cascade})
API specs (full) - platform	Run RSpec (topic)	2026-10-03T19:03:25.6315425Z    -> 0.0053s
API specs (full) - platform	Run RSpec (topic)	2026-10-03T19:03:25.6315869Z -- add_foreign_key("node_kernel_livepatches", "node_kernel_evidences", {on_delete: :cascade})
API specs (full) - platform	Run RSpec (topic)	2026-10-03T19:03:25.6316352Z    -> 0.0055s
API specs (full) - platform	Run RSpec (topic)	2026-10-03T19:03:25.6316761Z -- add_foreign_key("node_kernel_modules", "node_kernel_evidences", {on_delete: :cascade})
API specs (full) - platform	Run RSpec (topic)	2026-10-03T19:03:25.6317477Z    -> 0.0064s
API specs (full) - platform	Run RSpec (topic)	2026-10-03T19:03:25.6317941Z -- add_foreign_key("node_kernel_parameters", "node_kernel_evidences", {on_delete: :cascade})
API specs (full) - platform	Run RSpec (topic)	2026-10-03T19:03:25.6318456Z    -> 0.0109s
API specs (full) - platform	Run RSpec (topic)	2026-10-03T19:03:25.6318865Z -- add_foreign_key("node_software_changes", "node_kernel_events", {on_delete: :cascade})
API specs (full) - platform	Run RSpec (topic)	2026-10-03T19:03:25.6319460Z    -> 0.0056s
API specs (full) - platform	Run RSpec (topic)	2026-10-03T19:03:25.6320100Z -- add_foreign_key("node_software_versions", "node_kernel_evidences", {on_delete: :cascade})
API specs (full) - platform	Run RSpec (topic)	2026-10-03T19:03:25.6320826Z    -> 0.0048s
API specs (full) - platform	Run RSpec (topic)	2026-10-03T19:03:25.6321419Z -- add_foreign_key("node_sysctl_changes", "node_kernel_events", {on_delete: :cascade})
API specs (full) - platform	Run RSpec (topic)	2026-10-03T19:03:25.6322484Z    -> 0.0044s
API specs (full) - platform	Run RSpec (topic)	2026-10-03T19:03:25.6323038Z -- add_foreign_key("node_sysctls", "node_kernel_evidences", {on_delete: :cascade})
API specs (full) - platform	Run RSpec (topic)	2026-10-03T19:03:25.6323717Z    -> 0.0046s
API specs (full) - platform	Run RSpec (topic)	2026-10-03T19:03:25.6323991Z Run options: exclude {generator: true}
API specs (full) - platform	Run RSpec (topic)	2026-10-03T19:03:25.6324219Z 
API specs (full) - platform	Run RSpec (topic)	2026-10-03T19:03:25.6324353Z Randomized with seed 13546
API specs (full) - platform	Run RSpec (topic)	2026-10-03T19:03:25.6324752Z == 20170408184500 Setup: migrating ============================================
API specs (full) - platform	Run RSpec (topic)	2026-10-03T19:03:25.6325293Z -- create_table(:monitored_events, {options: "ENGINE=InnoDB", id: :integer})
API specs (full) - platform	Run RSpec (topic)	2026-10-03T19:03:25.6325739Z    -> 0.0031s
API specs (full) - platform	Run RSpec (topic)	2026-10-03T19:03:25.6326180Z -- add_index(:monitored_events, :monitor_name, {name: "index_monitored_events_on_monitor_name"})
API specs (full) - platform	Run RSpec (topic)	2026-10-03T19:03:25.6327082Z    -> 0.0032s
API specs (full) - platform	Run RSpec (topic)	2026-10-03T19:03:25.6327475Z -- add_index(:monitored_events, :class_name, {name: "index_monitored_events_on_class_name"})
API specs (full) - platform	Run RSpec (topic)	2026-10-03T19:03:25.6327965Z    -> 0.1319s
API specs (full) - platform	Run RSpec (topic)	2026-10-03T19:03:25.6328409Z -- add_index(:monitored_events, :row_id, {name: "index_monitored_events_on_row_id"})
API specs (full) - platform	Run RSpec (topic)	2026-10-03T19:03:25.6328840Z    -> 0.0037s
API specs (full) - platform	Run RSpec (topic)	2026-10-03T19:03:25.6329188Z -- add_index(:monitored_events, :state, {name: "index_monitored_events_on_state"})
API specs (full) - platform	Run RSpec (topic)	2026-10-03T19:03:25.6329623Z    -> 0.0030s
API specs (full) - platform	Run RSpec (topic)	2026-10-03T19:03:25.6330172Z -- add_index(:monitored_events, :user_id, {name: "index_monitored_events_on_user_id"})
API specs (full) - platform	Run RSpec (topic)	2026-10-03T19:03:25.6330785Z    -> 0.0031s
API specs (full) - platform	Run RSpec (topic)	2026-10-03T19:03:25.6331377Z -- create_table(:monitored_event_states, {options: "ENGINE=InnoDB", id: :integer})
API specs (full) - platform	Run RSpec (topic)	2026-10-03T19:03:25.6331994Z    -> 0.0020s
API specs (full) - platform	Run RSpec (topic)	2026-10-03T19:03:25.6332625Z -- add_index(:monitored_event_states, :monitored_event_id, {name: "index_monitored_event_states_on_monitored_event_id"})
API specs (full) - platform	Run RSpec (topic)	2026-10-03T19:03:25.6333212Z    -> 0.0030s
API specs (full) - platform	Run RSpec (topic)	2026-10-03T19:03:25.6333769Z -- create_table(:monitored_event_logs, {options: "ENGINE=InnoDB", id: :integer})
API specs (full) - platform	Run RSpec (topic)	2026-10-03T19:03:25.6334453Z    -> 0.0017s
API specs (full) - platform	Run RSpec (topic)	2026-10-03T19:03:25.6334949Z -- add_index(:monitored_event_logs, :monitored_event_id, {name: "index_monitored_event_logs_on_monitored_event_id"})
API specs (full) - platform	Run RSpec (topic)	2026-10-03T19:03:25.6335724Z    -> 0.0028s
API specs (full) - platform	Run RSpec (topic)	2026-10-03T19:03:25.6336314Z -- add_index(:monitored_event_logs, :passed, {name: "index_monitored_event_logs_on_passed"})
API specs (full) - platform	Run RSpec (topic)	2026-10-03T19:03:25.6337207Z    -> 0.0033s
API specs (full) - platform	Run RSpec (topic)	2026-10-03T19:03:25.6337779Z == 20170408184500 Setup: migrated (0.1613s) ===================================
API specs (full) - platform	Run RSpec (topic)	2026-10-03T19:03:25.6338289Z 
API specs (full) - platform	Run RSpec (topic)	2026-10-03T19:03:25.6338711Z == 20230123085900 AddMonitoredEventActionState: migrating =====================
API specs (full) - platform	Run RSpec (topic)	2026-10-03T19:03:25.6339592Z -- add_column(:monitored_events, :action_state, :text, {null: true})
API specs (full) - platform	Run RSpec (topic)	2026-10-03T19:03:25.6349644Z    -> 0.0029s
API specs (full) - platform	Run RSpec (topic)	2026-10-03T19:03:25.6350294Z == 20230123085900 AddMonitoredEventActionState: migrated (0.0030s) ============
API specs (full) - platform	Run RSpec (topic)	2026-10-03T19:03:25.6350872Z 
API specs (full) - platform	Run RSpec (topic)	2026-10-03T19:03:25.6356417Z == 20231105124400 AddMonitoredEventAlertCount: migrating ======================
API specs (full) - platform	Run RSpec (topic)	2026-10-03T19:03:25.6357558Z -- add_column(:monitored_events, :alert_count, :integer, {null: false, default: 0})
API specs (full) - platform	Run RSpec (topic)	2026-10-03T19:03:25.6382567Z    -> 0.0026s
API specs (full) - platform	Run RSpec (topic)	2026-10-03T19:03:25.6383228Z == 20231105124400 AddMonitoredEventAlertCount: migrated (0.0026s) =============
API specs (full) - platform	Run RSpec (topic)	2026-10-03T19:03:25.6383785Z 
API specs (full) - platform	Run RSpec (topic)	2026-10-03T19:03:25.6442136Z == 20170122083340 Setup: migrating ============================================
API specs (full) - platform	Run RSpec (topic)	2026-10-03T19:03:25.6443000Z -- create_table(:user_requests, {options: "ENGINE=InnoDB", id: :integer})
API specs (full) - platform	Run RSpec (topic)	2026-10-03T19:03:25.6472259Z    -> 0.0029s
API specs (full) - platform	Run RSpec (topic)	2026-10-03T19:03:25.6472856Z -- add_index(:user_requests, :user_id, {name: "index_user_requests_on_user_id"})
API specs (full) - platform	Run RSpec (topic)	2026-10-03T19:03:25.6501725Z    -> 0.0029s
API specs (full) - platform	Run RSpec (topic)	2026-10-03T19:03:25.6538814Z -- add_index(:user_requests, :type, {name: "index_user_requests_on_type"})
API specs (full) - platform	Run RSpec (topic)	2026-10-03T19:03:25.6539496Z    -> 0.0036s
API specs (full) - platform	Run RSpec (topic)	2026-10-03T19:03:25.6540119Z -- add_index(:user_requests, :state, {name: "index_user_requests_on_state"})
API specs (full) - platform	Run RSpec (topic)	2026-10-03T19:03:25.7102479Z    -> 0.0561s
API specs (full) - platform	Run RSpec (topic)	2026-10-03T19:03:25.7103167Z -- add_index(:user_requests, :admin_id, {name: "index_user_requests_on_admin_id"})
API specs (full) - platform	Run RSpec (topic)	2026-10-03T19:03:25.7159931Z    -> 0.0058s
API specs (full) - platform	Run RSpec (topic)	2026-10-03T19:03:25.7160695Z -- table_exists?(:members_changes)
API specs (full) - platform	Run RSpec (topic)	2026-10-03T19:03:25.7169049Z    -> 0.0009s
API specs (full) - platform	Run RSpec (topic)	2026-10-03T19:03:25.7169618Z == 20170122083340 Setup: migrated (0.0727s) ===================================
API specs (full) - platform	Run RSpec (topic)	2026-10-03T19:03:25.7170112Z 
API specs (full) - platform	Run RSpec (topic)	2026-10-03T19:03:25.7178087Z == 20170908165000 AddAccessToken: migrating ===================================
API specs (full) - platform	Run RSpec (topic)	2026-10-03T19:03:25.7178942Z -- add_column(:user_requests, :access_token, :string, {null: true, limit: 40})
API specs (full) - platform	Run RSpec (topic)	2026-10-03T19:03:25.7204858Z    -> 0.0026s
API specs (full) - platform	Run RSpec (topic)	2026-10-03T19:03:25.7205495Z == 20170908165000 AddAccessToken: migrated (0.0027s) ==========================
API specs (full) - platform	Run RSpec (topic)	2026-10-03T19:03:25.7206025Z 
API specs (full) - platform	Run RSpec (topic)	2026-10-03T19:03:25.7213582Z == 20201126142500 AddIpMailChecks: migrating ==================================
API specs (full) - platform	Run RSpec (topic)	2026-10-03T19:03:25.7214862Z -- add_column(:user_requests, :ip_checked, :boolean, {null: true})
API specs (full) - platform	Run RSpec (topic)	2026-10-03T19:03:25.7242415Z    -> 0.0028s
API specs (full) - platform	Run RSpec (topic)	2026-10-03T19:03:25.7243073Z -- add_column(:user_requests, :ip_request_id, :string, {limit: 50, null: true})
API specs (full) - platform	Run RSpec (topic)	2026-10-03T19:03:25.7267200Z    -> 0.0024s
API specs (full) - platform	Run RSpec (topic)	2026-10-03T19:03:25.7267796Z -- add_column(:user_requests, :ip_success, :boolean, {null: true})
API specs (full) - platform	Run RSpec (topic)	2026-10-03T19:03:25.7292274Z    -> 0.0025s
API specs (full) - platform	Run RSpec (topic)	2026-10-03T19:03:25.7292994Z -- add_column(:user_requests, :ip_message, :string, {limit: 255, null: true})
API specs (full) - platform	Run RSpec (topic)	2026-10-03T19:03:25.7321172Z    -> 0.0028s
API specs (full) - platform	Run RSpec (topic)	2026-10-03T19:03:25.7321718Z -- add_column(:user_requests, :ip_errors, :text, {null: true})
API specs (full) - platform	Run RSpec (topic)	2026-10-03T19:03:25.7347190Z    -> 0.0025s
API specs (full) - platform	Run RSpec (topic)	2026-10-03T19:03:25.7347737Z -- add_column(:user_requests, :ip_proxy, :boolean, {null: true})
API specs (full) - platform	Run RSpec (topic)	2026-10-03T19:03:25.7370768Z    -> 0.0023s
API specs (full) - platform	Run RSpec (topic)	2026-10-03T19:03:25.7371345Z -- add_column(:user_requests, :ip_crawler, :boolean, {null: true})
API specs (full) - platform	Run RSpec (topic)	2026-10-03T19:03:25.7402544Z    -> 0.0031s
API specs (full) - platform	Run RSpec (topic)	2026-10-03T19:03:25.7403157Z -- add_column(:user_requests, :ip_recent_abuse, :boolean, {null: true})
API specs (full) - platform	Run RSpec (topic)	2026-10-03T19:03:25.7428096Z    -> 0.0025s
API specs (full) - platform	Run RSpec (topic)	2026-10-03T19:03:25.7428644Z -- add_column(:user_requests, :ip_vpn, :boolean, {null: true})
API specs (full) - platform	Run RSpec (topic)	2026-10-03T19:03:25.7453528Z    -> 0.0025s
API specs (full) - platform	Run RSpec (topic)	2026-10-03T19:03:25.7454057Z -- add_column(:user_requests, :ip_tor, :boolean, {null: true})
API specs (full) - platform	Run RSpec (topic)	2026-10-03T19:03:25.7479423Z    -> 0.0025s
API specs (full) - platform	Run RSpec (topic)	2026-10-03T19:03:25.7479988Z -- add_column(:user_requests, :ip_fraud_score, :integer, {null: true})
API specs (full) - platform	Run RSpec (topic)	2026-10-03T19:03:25.7508521Z    -> 0.0029s
API specs (full) - platform	Run RSpec (topic)	2026-10-03T19:03:25.7509058Z -- add_column(:user_requests, :mail_checked, :boolean, {null: true})
API specs (full) - platform	Run RSpec (topic)	2026-10-03T19:03:25.7532199Z    -> 0.0023s
API specs (full) - platform	Run RSpec (topic)	2026-10-03T19:03:25.7532851Z -- add_column(:user_requests, :mail_request_id, :string, {limit: 50, null: true})
API specs (full) - platform	Run RSpec (topic)	2026-10-03T19:03:25.7560541Z    -> 0.0028s
API specs (full) - platform	Run RSpec (topic)	2026-10-03T19:03:25.7561156Z -- add_column(:user_requests, :mail_success, :boolean, {null: true})
API specs (full) - platform	Run RSpec (topic)	2026-10-03T19:03:25.7587978Z    -> 0.0027s
API specs (full) - platform	Run RSpec (topic)	2026-10-03T19:03:25.7588600Z -- add_column(:user_requests, :mail_message, :string, {limit: 255, null: true})
API specs (full) - platform	Run RSpec (topic)	2026-10-03T19:03:25.7616789Z    -> 0.0028s
API specs (full) - platform	Run RSpec (topic)	2026-10-03T19:03:25.7644557Z -- add_column(:user_requests, :mail_errors, :text, {null: true})
API specs (full) - platform	Run RSpec (topic)	2026-10-03T19:03:25.7645215Z    -> 0.0027s
API specs (full) - platform	Run RSpec (topic)	2026-10-03T19:03:25.7645670Z -- add_column(:user_requests, :mail_valid, :boolean, {null: true})
API specs (full) - platform	Run RSpec (topic)	2026-10-03T19:03:25.7672147Z    -> 0.0027s
API specs (full) - platform	Run RSpec (topic)	2026-10-03T19:03:25.7672737Z -- add_column(:user_requests, :mail_disposable, :boolean, {null: true})
API specs (full) - platform	Run RSpec (topic)	2026-10-03T19:03:25.7697885Z    -> 0.0025s
API specs (full) - platform	Run RSpec (topic)	2026-10-03T19:03:25.7698434Z -- add_column(:user_requests, :mail_timed_out, :boolean, {null: true})
API specs (full) - platform	Run RSpec (topic)	2026-10-03T19:03:25.7730505Z    -> 0.0032s
API specs (full) - platform	Run RSpec (topic)	2026-10-03T19:03:25.7731200Z -- add_column(:user_requests, :mail_deliverability, :string, {limit: 20, null: true})
API specs (full) - platform	Run RSpec (topic)	2026-10-03T19:03:25.7769662Z    -> 0.0039s
API specs (full) - platform	Run RSpec (topic)	2026-10-03T19:03:25.7770244Z -- add_column(:user_requests, :mail_catch_all, :boolean, {null: true})
API specs (full) - platform	Run RSpec (topic)	2026-10-03T19:03:25.7797577Z    -> 0.0027s
API specs (full) - platform	Run RSpec (topic)	2026-10-03T19:03:25.7798141Z -- add_column(:user_requests, :mail_leaked, :boolean, {null: true})
API specs (full) - platform	Run RSpec (topic)	2026-10-03T19:03:25.7824208Z    -> 0.0026s
API specs (full) - platform	Run RSpec (topic)	2026-10-03T19:03:25.7824818Z -- add_column(:user_requests, :mail_suspect, :boolean, {null: true})
API specs (full) - platform	Run RSpec (topic)	2026-10-03T19:03:25.7850993Z    -> 0.0026s
API specs (full) - platform	Run RSpec (topic)	2026-10-03T19:03:25.7851552Z -- add_column(:user_requests, :mail_smtp_score, :integer, {null: true})
API specs (full) - platform	Run RSpec (topic)	2026-10-03T19:03:25.7878638Z    -> 0.0027s
API specs (full) - platform	Run RSpec (topic)	2026-10-03T19:03:25.7879192Z -- add_column(:user_requests, :mail_overall_score, :integer, {null: true})
API specs (full) - platform	Run RSpec (topic)	2026-10-03T19:03:25.7907837Z    -> 0.0028s
API specs (full) - platform	Run RSpec (topic)	2026-10-03T19:03:25.7908419Z -- add_column(:user_requests, :mail_fraud_score, :integer, {null: true})
API specs (full) - platform	Run RSpec (topic)	2026-10-03T19:03:25.7933894Z    -> 0.0025s
API specs (full) - platform	Run RSpec (topic)	2026-10-03T19:03:25.7934466Z -- add_column(:user_requests, :mail_dns_valid, :boolean, {null: true})
API specs (full) - platform	Run RSpec (topic)	2026-10-03T19:03:25.7959666Z    -> 0.0025s
API specs (full) - platform	Run RSpec (topic)	2026-10-03T19:03:25.7960238Z -- add_column(:user_requests, :mail_honeypot, :boolean, {null: true})
API specs (full) - platform	Run RSpec (topic)	2026-10-03T19:03:25.7984894Z    -> 0.0025s
API specs (full) - platform	Run RSpec (topic)	2026-10-03T19:03:25.7985549Z -- add_column(:user_requests, :mail_spam_trap_score, :string, {limit: 20, null: true})
API specs (full) - platform	Run RSpec (topic)	2026-10-03T19:03:25.8204851Z    -> 0.0219s
API specs (full) - platform	Run RSpec (topic)	2026-10-03T19:03:25.8205497Z -- add_column(:user_requests, :mail_recent_abuse, :boolean, {null: true})
API specs (full) - platform	Run RSpec (topic)	2026-10-03T19:03:25.8235989Z    -> 0.0030s
API specs (full) - platform	Run RSpec (topic)	2026-10-03T19:03:25.8236618Z -- add_column(:user_requests, :mail_frequent_complainer, :boolean, {null: true})
API specs (full) - platform	Run RSpec (topic)	2026-10-03T19:03:25.8432695Z    -> 0.0195s
API specs (full) - platform	Run RSpec (topic)	2026-10-03T19:03:25.8433383Z == 20201126142500 AddIpMailChecks: migrated (0.1219s) =========================
API specs (full) - platform	Run RSpec (topic)	2026-10-03T19:03:25.8433747Z 
API specs (full) - platform	Run RSpec (topic)	2026-10-03T19:03:25.8443343Z == 20260606223100 AddUserRequestsTimeZone: migrating ==========================
API specs (full) - platform	Run RSpec (topic)	2026-10-03T19:03:25.8444188Z -- add_column(:user_requests, :time_zone, :string, {null: true})
API specs (full) - platform	Run RSpec (topic)	2026-10-03T19:03:25.8471248Z    -> 0.0027s
API specs (full) - platform	Run RSpec (topic)	2026-10-03T19:03:25.8471941Z == 20260606223100 AddUserRequestsTimeZone: migrated (0.0028s) =================
API specs (full) - platform	Run RSpec (topic)	2026-10-03T19:03:25.8472501Z 
API specs (full) - platform	Run RSpec (topic)	2026-10-03T19:03:25.8533377Z == 20170121214350 Setup: migrating ============================================
API specs (full) - platform	Run RSpec (topic)	2026-10-03T19:03:25.8534309Z -- create_table(:incoming_payments, {options: "ENGINE=InnoDB", id: :integer})
API specs (full) - platform	Run RSpec (topic)	2026-10-03T19:03:25.8560834Z    -> 0.0027s
API specs (full) - platform	Run RSpec (topic)	2026-10-03T19:03:25.8561704Z -- add_index(:incoming_payments, :transaction_id, {unique: true, name: "index_incoming_payments_on_transaction_id"})
API specs (full) - platform	Run RSpec (topic)	2026-10-03T19:03:25.8593782Z    -> 0.0032s
API specs (full) - platform	Run RSpec (topic)	2026-10-03T19:03:25.8594426Z -- add_index(:incoming_payments, :vs, {name: "index_incoming_payments_on_vs"})
API specs (full) - platform	Run RSpec (topic)	2026-10-03T19:03:25.8622585Z    -> 0.0028s
API specs (full) - platform	Run RSpec (topic)	2026-10-03T19:03:25.8623207Z -- add_index(:incoming_payments, :ks, {name: "index_incoming_payments_on_ks"})
API specs (full) - platform	Run RSpec (topic)	2026-10-03T19:03:25.8649740Z    -> 0.0027s
API specs (full) - platform	Run RSpec (topic)	2026-10-03T19:03:25.8650350Z -- add_index(:incoming_payments, :ss, {name: "index_incoming_payments_on_ss"})
API specs (full) - platform	Run RSpec (topic)	2026-10-03T19:03:25.8678336Z    -> 0.0028s
API specs (full) - platform	Run RSpec (topic)	2026-10-03T19:03:25.8678924Z -- create_table(:user_accounts, {options: "ENGINE=InnoDB", id: :integer})
API specs (full) - platform	Run RSpec (topic)	2026-10-03T19:03:25.8702824Z    -> 0.0024s
API specs (full) - platform	Run RSpec (topic)	2026-10-03T19:03:25.8703469Z -- add_index(:user_accounts, :user_id, {unique: true, name: "index_user_accounts_on_user_id"})
API specs (full) - platform	Run RSpec (topic)	2026-10-03T19:03:25.8728497Z    -> 0.0025s
API specs (full) - platform	Run RSpec (topic)	2026-10-03T19:03:25.8729104Z -- create_table(:user_payments, {options: "ENGINE=InnoDB", id: :integer})
API specs (full) - platform	Run RSpec (topic)	2026-10-03T19:03:25.8747369Z    -> 0.0018s
API specs (full) - platform	Run RSpec (topic)	2026-10-03T19:03:25.8748190Z -- add_index(:user_payments, :incoming_payment_id, {unique: true, name: "index_user_payments_on_incoming_payment_id"})
API specs (full) - platform	Run RSpec (topic)	2026-10-03T19:03:25.8773439Z    -> 0.0025s
API specs (full) - platform	Run RSpec (topic)	2026-10-03T19:03:25.8774066Z -- add_index(:user_payments, :user_id, {name: "index_user_payments_on_user_id"})
API specs (full) - platform	Run RSpec (topic)	2026-10-03T19:03:25.8802462Z    -> 0.0028s
API specs (full) - platform	Run RSpec (topic)	2026-10-03T19:03:25.8803140Z -- add_index(:user_payments, :accounted_by_id, {name: "index_user_payments_on_accounted_by_id"})
API specs (full) - platform	Run RSpec (topic)	2026-10-03T19:03:25.8851307Z    -> 0.0048s
API specs (full) - platform	Run RSpec (topic)	2026-10-03T19:03:25.8857149Z == 20170121214350 Setup: migrated (0.0323s) ===================================
API specs (full) - platform	Run RSpec (topic)	2026-10-03T19:03:25.8857654Z 
API specs (full) - platform	Run RSpec (topic)	2026-10-03T19:03:25.8870305Z == 20260706212000 LocalizePaymentInstructionsSysconfig: migrating =============
API specs (full) - platform	Run RSpec (topic)	2026-10-03T19:03:25.8891223Z == 20260706212000 LocalizePaymentInstructionsSysconfig: migrated (0.0021s) ====
API specs (full) - platform	Run RSpec (topic)	2026-10-03T19:03:25.8891823Z 
API specs (full) - platform	Run RSpec (topic)	2026-10-03T19:03:25.8896977Z == 20260905180000 AddUserPaymentsCreatedAtIndex: migrating ====================
API specs (full) - platform	Run RSpec (topic)	2026-10-03T19:03:25.8897728Z -- add_index(:user_payments, :created_at)
API specs (full) - platform	Run RSpec (topic)	2026-10-03T19:03:25.8927945Z    -> 0.0030s
API specs (full) - platform	Run RSpec (topic)	2026-10-03T19:03:25.8928587Z == 20260905180000 AddUserPaymentsCreatedAtIndex: migrated (0.0031s) ===========
API specs (full) - platform	Run RSpec (topic)	2026-10-03T19:03:25.8929067Z 
API specs (full) - platform	Run RSpec (topic)	2026-10-03T19:03:25.8984590Z == 20170201093720 Setup: migrating ============================================
API specs (full) - platform	Run RSpec (topic)	2026-10-03T19:03:25.8985548Z -- create_table(:help_boxes, {options: "ENGINE=InnoDB", id: :integer})
API specs (full) - platform	Run RSpec (topic)	2026-10-03T19:03:25.9009562Z    -> 0.0024s
API specs (full) - platform	Run RSpec (topic)	2026-10-03T19:03:25.9010138Z -- add_index(:help_boxes, :page, {name: "index_help_boxes_on_page"})
API specs (full) - platform	Run RSpec (topic)	2026-10-03T19:03:25.9036718Z    -> 0.0027s
API specs (full) - platform	Run RSpec (topic)	2026-10-03T19:03:25.9037522Z -- add_index(:help_boxes, :action, {name: "index_help_boxes_on_action"})
API specs (full) - platform	Run RSpec (topic)	2026-10-03T19:03:25.9063564Z    -> 0.0026s
API specs (full) - platform	Run RSpec (topic)	2026-10-03T19:03:25.9064222Z -- add_index(:help_boxes, [:page, :action], {name: "index_help_boxes_on_page_and_action"})
API specs (full) - platform	Run RSpec (topic)	2026-10-03T19:03:25.9095132Z    -> 0.0031s
API specs (full) - platform	Run RSpec (topic)	2026-10-03T19:03:25.9095722Z == 20170201093720 Setup: migrated (0.0111s) ===================================
API specs (full) - platform	Run RSpec (topic)	2026-10-03T19:03:25.9096258Z 
API specs (full) - platform	Run RSpec (topic)	2026-10-03T19:03:25.9103706Z == 20260607190000 AddWebuiUserSettings: migrating =============================
API specs (full) - platform	Run RSpec (topic)	2026-10-03T19:03:25.9104493Z -- create_table(:webui_user_settings)
API specs (full) - platform	Run RSpec (topic)	2026-10-03T19:03:25.9123638Z    -> 0.0020s
API specs (full) - platform	Run RSpec (topic)	2026-10-03T19:03:25.9124471Z -- add_index(:webui_user_settings, [:user_id, :namespace, :key], {unique: true, name: "index_webui_user_settings_unique_key"})
API specs (full) - platform	Run RSpec (topic)	2026-10-03T19:03:25.9150993Z    -> 0.0027s
API specs (full) - platform	Run RSpec (topic)	2026-10-03T19:03:25.9151789Z -- add_index(:webui_user_settings, [:user_id, :namespace], {name: "index_webui_user_settings_on_user_namespace"})
API specs (full) - platform	Run RSpec (topic)	2026-10-03T19:03:25.9179762Z    -> 0.0028s
API specs (full) - platform	Run RSpec (topic)	2026-10-03T19:03:25.9180535Z == 20260607190000 AddWebuiUserSettings: migrated (0.0076s) ====================
API specs (full) - platform	Run RSpec (topic)	2026-10-03T19:03:25.9181191Z 
API specs (full) - platform	Run RSpec (topic)	2026-10-03T19:03:25.9191273Z == 20260706211000 LocalizeWebuiSysconfig: migrating ===========================
API specs (full) - platform	Run RSpec (topic)	2026-10-03T19:03:25.9264517Z == 20260706211000 LocalizeWebuiSysconfig: migrated (0.0059s) ==================
API specs (full) - platform	Run RSpec (topic)	2026-10-03T19:03:25.9265130Z 
API specs (full) - platform	Run RSpec (topic)	2026-10-03T19:03:25.9307718Z == 20170201082030 Setup: migrating ============================================
API specs (full) - platform	Run RSpec (topic)	2026-10-03T19:03:25.9308607Z -- create_table(:news_logs, {options: "ENGINE=InnoDB", id: :integer})
API specs (full) - platform	Run RSpec (topic)	2026-10-03T19:03:25.9331893Z    -> 0.0024s
API specs (full) - platform	Run RSpec (topic)	2026-10-03T19:03:25.9332448Z == 20170201082030 Setup: migrated (0.0025s) ===================================
API specs (full) - platform	Run RSpec (topic)	2026-10-03T19:03:25.9332935Z 
API specs (full) - platform	Run RSpec (topic)	2026-10-03T19:03:25.9347386Z == 20260706210000 LocalizeNewsLogMessages: migrating ==========================
API specs (full) - platform	Run RSpec (topic)	2026-10-03T19:03:25.9348137Z -- create_table(:news_log_translations)
API specs (full) - platform	Run RSpec (topic)	2026-10-03T19:03:25.9369320Z    -> 0.0021s
API specs (full) - platform	Run RSpec (topic)	2026-10-03T19:03:25.9369735Z -- add_index(:news_log_translations, :news_log_id)
API specs (full) - platform	Run RSpec (topic)	2026-10-03T19:03:25.9402452Z    -> 0.0033s
API specs (full) - platform	Run RSpec (topic)	2026-10-03T19:03:25.9402881Z -- add_index(:news_log_translations, :language_id)
API specs (full) - platform	Run RSpec (topic)	2026-10-03T19:03:25.9428527Z    -> 0.0026s
API specs (full) - platform	Run RSpec (topic)	2026-10-03T19:03:25.9429318Z -- add_index(:news_log_translations, [:news_log_id, :language_id], {unique: true, name: "news_log_translation_unique"})
API specs (full) - platform	Run RSpec (topic)	2026-10-03T19:03:25.9464806Z    -> 0.0036s
API specs (full) - platform	Run RSpec (topic)	2026-10-03T19:03:25.9522107Z == 20260706210000 LocalizeNewsLogMessages: migrated (0.0174s) =================
API specs (full) - platform	Run RSpec (topic)	2026-10-03T19:03:25.9522716Z 
API specs (full) - platform	Run RSpec (topic)	2026-10-03T19:03:25.9586203Z == 20170223191015 Setup: migrating ============================================
API specs (full) - platform	Run RSpec (topic)	2026-10-03T19:03:25.9587188Z -- create_table(:outages, {options: "ENGINE=InnoDB", id: :integer})
API specs (full) - platform	Run RSpec (topic)	2026-10-03T19:03:25.9613410Z    -> 0.0027s
API specs (full) - platform	Run RSpec (topic)	2026-10-03T19:03:25.9613938Z -- add_index(:outages, :state, {name: "index_outages_on_state"})
API specs (full) - platform	Run RSpec (topic)	2026-10-03T19:03:25.9643734Z    -> 0.0030s
API specs (full) - platform	Run RSpec (topic)	2026-10-03T19:03:25.9644307Z -- add_index(:outages, :outage_type, {name: "index_outages_on_outage_type"})
API specs (full) - platform	Run RSpec (topic)	2026-10-03T19:03:25.9672401Z    -> 0.0028s
API specs (full) - platform	Run RSpec (topic)	2026-10-03T19:03:25.9672933Z -- add_index(:outages, :planned, {name: "index_outages_on_planned"})
API specs (full) - platform	Run RSpec (topic)	2026-10-03T19:03:25.9703377Z    -> 0.0030s
API specs (full) - platform	Run RSpec (topic)	2026-10-03T19:03:25.9703950Z -- create_table(:outage_entities, {options: "ENGINE=InnoDB", id: :integer})
API specs (full) - platform	Run RSpec (topic)	2026-10-03T19:03:25.9725632Z    -> 0.0022s
API specs (full) - platform	Run RSpec (topic)	2026-10-03T19:03:25.9726233Z -- add_index(:outage_entities, :outage_id, {name: "index_outage_entities_on_outage_id"})
API specs (full) - platform	Run RSpec (topic)	2026-10-03T19:03:25.9754732Z    -> 0.0028s
API specs (full) - platform	Run RSpec (topic)	2026-10-03T19:03:25.9755296Z -- add_index(:outage_entities, :name, {name: "index_outage_entities_on_name"})
API specs (full) - platform	Run RSpec (topic)	2026-10-03T19:03:25.9787498Z    -> 0.0032s
API specs (full) - platform	Run RSpec (topic)	2026-10-03T19:03:25.9788099Z -- add_index(:outage_entities, :row_id, {name: "index_outage_entities_on_row_id"})
API specs (full) - platform	Run RSpec (topic)	2026-10-03T19:03:25.9815510Z    -> 0.0027s
API specs (full) - platform	Run RSpec (topic)	2026-10-03T19:03:25.9816397Z -- add_index(:outage_entities, [:outage_id, :name, :row_id], {unique: true, name: "index_outage_entities_on_outage_id_and_name_and_row_id"})
API specs (full) - platform	Run RSpec (topic)	2026-10-03T19:03:25.9871729Z    -> 0.0055s
API specs (full) - platform	Run RSpec (topic)	2026-10-03T19:03:25.9872262Z -- create_table(:outage_handlers, {options: "ENGINE=InnoDB", id: :integer})
API specs (full) - platform	Run RSpec (topic)	2026-10-03T19:03:25.9892108Z    -> 0.0020s
API specs (full) - platform	Run RSpec (topic)	2026-10-03T19:03:25.9893032Z -- add_index(:outage_handlers, :outage_id, {name: "index_outage_handlers_on_outage_id"})
API specs (full) - platform	Run RSpec (topic)	2026-10-03T19:03:25.9963568Z    -> 0.0070s
API specs (full) - platform	Run RSpec (topic)	2026-10-03T19:03:25.9964327Z -- add_index(:outage_handlers, :user_id, {name: "index_outage_handlers_on_user_id"})
API specs (full) - platform	Run RSpec (topic)	2026-10-03T19:03:26.0003490Z    -> 0.0039s
API specs (full) - platform	Run RSpec (topic)	2026-10-03T19:03:26.0004363Z -- add_index(:outage_handlers, [:outage_id, :user_id], {unique: true, name: "index_outage_handlers_on_outage_id_and_user_id"})
API specs (full) - platform	Run RSpec (topic)	2026-10-03T19:03:26.0033495Z    -> 0.0029s
API specs (full) - platform	Run RSpec (topic)	2026-10-03T19:03:26.0034116Z -- create_table(:outage_updates, {options: "ENGINE=InnoDB", id: :integer})
API specs (full) - platform	Run RSpec (topic)	2026-10-03T19:03:26.0057019Z    -> 0.0023s
API specs (full) - platform	Run RSpec (topic)	2026-10-03T19:03:26.0057702Z -- add_index(:outage_updates, :outage_id, {name: "index_outage_updates_on_outage_id"})
API specs (full) - platform	Run RSpec (topic)	2026-10-03T19:03:26.0093822Z    -> 0.0036s
API specs (full) - platform	Run RSpec (topic)	2026-10-03T19:03:26.0094542Z -- add_index(:outage_updates, :reported_by_id, {name: "index_outage_updates_on_reported_by_id"})
API specs (full) - platform	Run RSpec (topic)	2026-10-03T19:03:26.0123670Z    -> 0.0029s
API specs (full) - platform	Run RSpec (topic)	2026-10-03T19:03:26.0124291Z -- add_index(:outage_updates, :state, {name: "index_outage_updates_on_state"})
API specs (full) - platform	Run RSpec (topic)	2026-10-03T19:03:26.0155013Z    -> 0.0031s
API specs (full) - platform	Run RSpec (topic)	2026-10-03T19:03:26.0155686Z -- add_index(:outage_updates, :outage_type, {name: "index_outage_updates_on_outage_type"})
API specs (full) - platform	Run RSpec (topic)	2026-10-03T19:03:26.0189886Z    -> 0.0034s
API specs (full) - platform	Run RSpec (topic)	2026-10-03T19:03:26.0190529Z -- create_table(:outage_translations, {options: "ENGINE=InnoDB", id: :integer})
API specs (full) - platform	Run RSpec (topic)	2026-10-03T19:03:26.0210726Z    -> 0.0020s
API specs (full) - platform	Run RSpec (topic)	2026-10-03T19:03:26.0211431Z -- add_index(:outage_translations, :outage_id, {name: "index_outage_translations_on_outage_id"})
API specs (full) - platform	Run RSpec (topic)	2026-10-03T19:03:26.0239174Z    -> 0.0028s
API specs (full) - platform	Run RSpec (topic)	2026-10-03T19:03:26.0239846Z -- add_index(:outage_translations, :outage_update_id, {name: "index_outage_translations_on_outage_update_id"})
API specs (full) - platform	Run RSpec (topic)	2026-10-03T19:03:26.0419412Z    -> 0.0179s
API specs (full) - platform	Run RSpec (topic)	2026-10-03T19:03:26.0420258Z -- add_index(:outage_translations, :language_id, {name: "index_outage_translations_on_language_id"})
API specs (full) - platform	Run RSpec (topic)	2026-10-03T19:03:26.0466771Z    -> 0.0047s
API specs (full) - platform	Run RSpec (topic)	2026-10-03T19:03:26.0467978Z -- add_index(:outage_translations, [:outage_id, :language_id], {unique: true, name: "index_outage_translations_on_outage_id_and_language_id"})
API specs (full) - platform	Run RSpec (topic)	2026-10-03T19:03:26.0499417Z    -> 0.0032s
API specs (full) - platform	Run RSpec (topic)	2026-10-03T19:03:26.0500463Z -- add_index(:outage_translations, [:outage_update_id, :language_id], {unique: true, name: "index_outage_translations_on_outage_update_id_and_language_id"})
API specs (full) - platform	Run RSpec (topic)	2026-10-03T19:03:26.0527960Z    -> 0.0028s
API specs (full) - platform	Run RSpec (topic)	2026-10-03T19:03:26.0528519Z -- create_table(:outage_vpses, {options: "ENGINE=InnoDB", id: :integer})
API specs (full) - platform	Run RSpec (topic)	2026-10-03T19:03:26.0558727Z    -> 0.0030s
API specs (full) - platform	Run RSpec (topic)	2026-10-03T19:03:26.0559529Z -- add_index(:outage_vpses, [:outage_id, :vps_id], {unique: true, name: "index_outage_vpses_on_outage_id_and_vps_id"})
API specs (full) - platform	Run RSpec (topic)	2026-10-03T19:03:26.0605617Z    -> 0.0046s
API specs (full) - platform	Run RSpec (topic)	2026-10-03T19:03:26.0606254Z -- add_index(:outage_vpses, :outage_id, {name: "index_outage_vpses_on_outage_id"})
API specs (full) - platform	Run RSpec (topic)	2026-10-03T19:03:26.0636528Z    -> 0.0030s
API specs (full) - platform	Run RSpec (topic)	2026-10-03T19:03:26.0637286Z -- add_index(:outage_vpses, :vps_id, {name: "index_outage_vpses_on_vps_id"})
API specs (full) - platform	Run RSpec (topic)	2026-10-03T19:03:26.0668206Z    -> 0.0031s
API specs (full) - platform	Run RSpec (topic)	2026-10-03T19:03:26.0669037Z -- add_index(:outage_vpses, :user_id, {name: "index_outage_vpses_on_user_id"})
API specs (full) - platform	Run RSpec (topic)	2026-10-03T19:03:26.0701612Z    -> 0.0033s
API specs (full) - platform	Run RSpec (topic)	2026-10-03T19:03:26.0702141Z -- add_index(:outage_vpses, :environment_id, {name: "index_outage_vpses_on_environment_id"})
API specs (full) - platform	Run RSpec (topic)	2026-10-03T19:03:26.0730441Z    -> 0.0028s
API specs (full) - platform	Run RSpec (topic)	2026-10-03T19:03:26.0730925Z -- add_index(:outage_vpses, :location_id, {name: "index_outage_vpses_on_location_id"})
API specs (full) - platform	Run RSpec (topic)	2026-10-03T19:03:26.0759070Z    -> 0.0028s
API specs (full) - platform	Run RSpec (topic)	2026-10-03T19:03:26.0759522Z -- add_index(:outage_vpses, :node_id, {name: "index_outage_vpses_on_node_id"})
API specs (full) - platform	Run RSpec (topic)	2026-10-03T19:03:26.0792797Z    -> 0.0033s
API specs (full) - platform	Run RSpec (topic)	2026-10-03T19:03:26.0793219Z -- create_table(:outage_vps_mounts, {options: "ENGINE=InnoDB", id: :integer})
API specs (full) - platform	Run RSpec (topic)	2026-10-03T19:03:26.0811970Z    -> 0.0019s
API specs (full) - platform	Run RSpec (topic)	2026-10-03T19:03:26.0812636Z -- add_index(:outage_vps_mounts, [:outage_vps_id, :mount_id], {unique: true, name: "index_outage_vps_mounts_on_outage_vps_id_and_mount_id"})
API specs (full) - platform	Run RSpec (topic)	2026-10-03T19:03:26.0840241Z    -> 0.0028s
API specs (full) - platform	Run RSpec (topic)	2026-10-03T19:03:26.0840739Z -- add_index(:outage_vps_mounts, :outage_vps_id, {name: "index_outage_vps_mounts_on_outage_vps_id"})
API specs (full) - platform	Run RSpec (topic)	2026-10-03T19:03:26.0870178Z    -> 0.0029s
API specs (full) - platform	Run RSpec (topic)	2026-10-03T19:03:26.0870668Z -- add_index(:outage_vps_mounts, :mount_id, {name: "index_outage_vps_mounts_on_mount_id"})
API specs (full) - platform	Run RSpec (topic)	2026-10-03T19:03:26.0902593Z    -> 0.0032s
API specs (full) - platform	Run RSpec (topic)	2026-10-03T19:03:26.0903090Z == 20170223191015 Setup: migrated (0.1317s) ===================================
API specs (full) - platform	Run RSpec (topic)	2026-10-03T19:03:26.0903433Z 
API specs (full) - platform	Run RSpec (topic)	2026-10-03T19:03:26.0920914Z == 20201129113300 AddOutageExports: migrating =================================
API specs (full) - platform	Run RSpec (topic)	2026-10-03T19:03:26.0921614Z -- create_table(:outage_users, {options: "ENGINE=InnoDB", id: :integer})
API specs (full) - platform	Run RSpec (topic)	2026-10-03T19:03:26.0940618Z    -> 0.0019s
API specs (full) - platform	Run RSpec (topic)	2026-10-03T19:03:26.0941210Z -- add_index(:outage_users, [:outage_id, :user_id], {unique: true, name: "index_outage_users_on_outage_id_and_user_id"})
API specs (full) - platform	Run RSpec (topic)	2026-10-03T19:03:26.0971708Z    -> 0.0031s
API specs (full) - platform	Run RSpec (topic)	2026-10-03T19:03:26.0972153Z -- add_index(:outage_users, :outage_id, {name: "index_outage_users_on_outage_id"})
API specs (full) - platform	Run RSpec (topic)	2026-10-03T19:03:26.1006034Z    -> 0.0034s
API specs (full) - platform	Run RSpec (topic)	2026-10-03T19:03:26.1006470Z -- add_index(:outage_users, :user_id, {name: "index_outage_users_on_user_id"})
API specs (full) - platform	Run RSpec (topic)	2026-10-03T19:03:26.1038525Z    -> 0.0032s
API specs (full) - platform	Run RSpec (topic)	2026-10-03T19:03:26.1051546Z -- create_table(:outage_exports, {options: "ENGINE=InnoDB", id: :integer})
API specs (full) - platform	Run RSpec (topic)	2026-10-03T19:03:26.1073014Z    -> 0.0022s
API specs (full) - platform	Run RSpec (topic)	2026-10-03T19:03:26.1073667Z -- add_index(:outage_exports, [:outage_id, :export_id], {unique: true, name: "index_outage_exports_on_outage_id_and_export_id"})
API specs (full) - platform	Run RSpec (topic)	2026-10-03T19:03:26.1105010Z    -> 0.0031s
API specs (full) - platform	Run RSpec (topic)	2026-10-03T19:03:26.1105530Z -- add_index(:outage_exports, :outage_id, {name: "index_outage_exports_on_outage_id"})
API specs (full) - platform	Run RSpec (topic)	2026-10-03T19:03:26.1136097Z    -> 0.0031s
API specs (full) - platform	Run RSpec (topic)	2026-10-03T19:03:26.1136603Z -- add_index(:outage_exports, :export_id, {name: "index_outage_exports_on_export_id"})
API specs (full) - platform	Run RSpec (topic)	2026-10-03T19:03:26.1169673Z    -> 0.0033s
API specs (full) - platform	Run RSpec (topic)	2026-10-03T19:03:26.1170799Z -- add_index(:outage_exports, :user_id, {name: "index_outage_exports_on_user_id"})
API specs (full) - platform	Run RSpec (topic)	2026-10-03T19:03:26.1204951Z    -> 0.0035s
API specs (full) - platform	Run RSpec (topic)	2026-10-03T19:03:26.1205489Z -- add_index(:outage_exports, :environment_id, {name: "index_outage_exports_on_environment_id"})
API specs (full) - platform	Run RSpec (topic)	2026-10-03T19:03:26.1238472Z    -> 0.0033s
API specs (full) - platform	Run RSpec (topic)	2026-10-03T19:03:26.1238968Z -- add_index(:outage_exports, :location_id, {name: "index_outage_exports_on_location_id"})
API specs (full) - platform	Run RSpec (topic)	2026-10-03T19:03:26.1272778Z    -> 0.0034s
API specs (full) - platform	Run RSpec (topic)	2026-10-03T19:03:26.1273313Z -- add_index(:outage_exports, :node_id, {name: "index_outage_exports_on_node_id"})
API specs (full) - platform	Run RSpec (topic)	2026-10-03T19:03:26.1309688Z    -> 0.0036s
API specs (full) - platform	Run RSpec (topic)	2026-10-03T19:03:26.1310164Z == 20201129113300 AddOutageExports: migrated (0.0389s) ========================
API specs (full) - platform	Run RSpec (topic)	2026-10-03T19:03:26.1310528Z 
API specs (full) - platform	Run RSpec (topic)	2026-10-03T19:03:26.1320272Z == 20240123092400 RemoveVpsOutageMounts: migrating ============================
API specs (full) - platform	Run RSpec (topic)	2026-10-03T19:03:26.1320968Z -- remove_index(:outage_vps_mounts, [:outage_vps_id, :mount_id], {unique: true})
API specs (full) - platform	Run RSpec (topic)	2026-10-03T19:03:26.1350591Z    -> 0.0030s
API specs (full) - platform	Run RSpec (topic)	2026-10-03T19:03:26.1350916Z -- drop_table(:outage_vps_mounts)
API specs (full) - platform	Run RSpec (topic)	2026-10-03T19:03:26.1367281Z    -> 0.0016s
API specs (full) - platform	Run RSpec (topic)	2026-10-03T19:03:26.1367733Z == 20240123092400 RemoveVpsOutageMounts: migrated (0.0047s) ===================
API specs (full) - platform	Run RSpec (topic)	2026-10-03T19:03:26.1368135Z 
API specs (full) - platform	Run RSpec (topic)	2026-10-03T19:03:26.1378732Z == 20240124093200 AddImpactType: migrating ====================================
API specs (full) - platform	Run RSpec (topic)	2026-10-03T19:03:26.1379564Z -- add_column(:outages, :impact_type, :integer, {null: false, default: 0})
API specs (full) - platform	Run RSpec (topic)	2026-10-03T19:03:26.1405671Z    -> 0.0027s
API specs (full) - platform	Run RSpec (topic)	2026-10-03T19:03:26.1406113Z -- add_index(:outages, :impact_type)
API specs (full) - platform	Run RSpec (topic)	2026-10-03T19:03:26.1434257Z    -> 0.0028s
API specs (full) - platform	Run RSpec (topic)	2026-10-03T19:03:26.1445224Z -- remove_index(:outages, :planned)
API specs (full) - platform	Run RSpec (topic)	2026-10-03T19:03:26.1472834Z    -> 0.0027s
API specs (full) - platform	Run RSpec (topic)	2026-10-03T19:03:26.1473332Z -- remove_column(:outages, :planned, :boolean, {null: false, default: false})
API specs (full) - platform	Run RSpec (topic)	2026-10-03T19:03:26.1505200Z    -> 0.0032s
API specs (full) - platform	Run RSpec (topic)	2026-10-03T19:03:26.1505737Z -- remove_index(:outage_updates, :outage_type)
API specs (full) - platform	Run RSpec (topic)	2026-10-03T19:03:26.1817830Z    -> 0.0311s
API specs (full) - platform	Run RSpec (topic)	2026-10-03T19:03:26.1818456Z -- rename_column(:outage_updates, :outage_type, :impact_type)
API specs (full) - platform	Run RSpec (topic)	2026-10-03T19:03:26.1850090Z    -> 0.0033s
API specs (full) - platform	Run RSpec (topic)	2026-10-03T19:03:26.1850515Z -- add_index(:outage_updates, :impact_type)
API specs (full) - platform	Run RSpec (topic)	2026-10-03T19:03:26.1887313Z    -> 0.0037s
API specs (full) - platform	Run RSpec (topic)	2026-10-03T19:03:26.1887897Z == 20240124093200 AddImpactType: migrated (0.0509s) ===========================
API specs (full) - platform	Run RSpec (topic)	2026-10-03T19:03:26.1888242Z 
API specs (full) - platform	Run RSpec (topic)	2026-10-03T19:03:26.1896579Z == 20240124185400 AddAutoResolve: migrating ===================================
API specs (full) - platform	Run RSpec (topic)	2026-10-03T19:03:26.1897674Z -- add_column(:outages, :auto_resolve, :boolean, {null: false, default: true})
API specs (full) - platform	Run RSpec (topic)	2026-10-03T19:03:26.1925140Z    -> 0.0028s
API specs (full) - platform	Run RSpec (topic)	2026-10-03T19:03:26.1925655Z == 20240124185400 AddAutoResolve: migrated (0.0029s) ==========================
API specs (full) - platform	Run RSpec (topic)	2026-10-03T19:03:26.1926120Z 
API specs (full) - platform	Run RSpec (topic)	2026-10-03T19:03:26.1931714Z == 20260601121000 AddOutageSecurityAdvisories: migrating ======================
API specs (full) - platform	Run RSpec (topic)	2026-10-03T19:03:26.1932314Z -- create_table(:outage_security_advisories)
API specs (full) - platform	Run RSpec (topic)	2026-10-03T19:03:26.1950762Z    -> 0.0019s
API specs (full) - platform	Run RSpec (topic)	2026-10-03T19:03:26.1951700Z -- add_index(:outage_security_advisories, [:outage_id, :security_advisory_id], {unique: true, name: "index_osa_on_outage_advisory"})
API specs (full) - platform	Run RSpec (topic)	2026-10-03T19:03:26.1985413Z    -> 0.0034s
API specs (full) - platform	Run RSpec (topic)	2026-10-03T19:03:26.1985929Z -- add_index(:outage_security_advisories, :security_advisory_id)
API specs (full) - platform	Run RSpec (topic)	2026-10-03T19:03:26.2028694Z    -> 0.0043s
API specs (full) - platform	Run RSpec (topic)	2026-10-03T19:03:26.2029332Z == 20260601121000 AddOutageSecurityAdvisories: migrated (0.0097s) =============
API specs (full) - platform	Run RSpec (topic)	2026-10-03T19:03:26.2029775Z 
API specs (full) - platform	Run RSpec (topic)	2026-10-03T19:03:29.0823363Z 
API specs (full) - platform	Run RSpec (topic)	2026-10-03T19:03:29.0830904Z VpsAdmin::API::Authentication::OAuth2Config
API specs (full) - platform	Run RSpec (topic)	2026-10-03T19:03:30.0627575Z   shows a completed recovery through the current default after its client is deleted
API specs (full) - platform	Run RSpec (topic)	2026-10-03T19:03:30.6309567Z   keeps the support link while password recovery is disabled
API specs (full) - platform	Run RSpec (topic)	2026-10-03T19:03:31.2089743Z   clears an invalid completed recovery without showing an alert
API specs (full) - platform	Run RSpec (topic)	2026-10-03T19:03:31.7966381Z   does not copy an oversized login into the password recovery URL
API specs (full) - platform	Run RSpec (topic)	2026-10-03T19:03:32.4023884Z   does not repeat a completed recovery alert already shown before authorization
API specs (full) - platform	Run RSpec (topic)	2026-10-03T19:03:33.0005954Z   refreshes tokens by replacing the access token and refresh token
API specs (full) - platform	Run RSpec (topic)	2026-10-03T19:03:33.5668059Z   uses ui_locales for the authorize page language
API specs (full) - platform	Run RSpec (topic)	2026-10-03T19:03:34.1340806Z   rejects revoke handling without an authenticated OAuth2 client
API specs (full) - platform	Run RSpec (topic)	2026-10-03T19:03:34.7147680Z   does not authorize from SSO when password reset is pending
API specs (full) - platform	Run RSpec (topic)	2026-10-03T19:03:35.2798966Z   rejects an authorization code revoked after lookup
API specs (full) - platform	Run RSpec (topic)	2026-10-03T19:03:35.8658599Z   completes fulfilled WebAuthn MFA and creates an authorization code
API specs (full) - platform	Run RSpec (topic)	2026-10-03T19:03:36.4378444Z   does not convert fulfilled WebAuthn MFA after a destructive state is requested
API specs (full) - platform	Run RSpec (topic)	2026-10-03T19:03:36.9997741Z   renders the authorize page for a valid client
API specs (full) - platform	Run RSpec (topic)	2026-10-03T19:03:37.5859555Z   rolls back OAuth code exchange when the password change cannot be attached
API specs (full) - platform	Run RSpec (topic)	2026-10-03T19:03:38.1733315Z   completes TOTP authentication and creates an authorization code
API specs (full) - platform	Run RSpec (topic)	2026-10-03T19:03:39.0116508Z   does not consume a completed recovery for another OAuth client
API specs (full) - platform	Run RSpec (topic)	2026-10-03T19:03:39.5748078Z   links to password recovery with OAuth client and locale context when enabled
API specs (full) - platform	Run RSpec (topic)	2026-10-03T19:03:39.8605352Z   falls back to a readable auth error when a symbolic error has no translation
API specs (full) - platform	Run RSpec (topic)	2026-10-03T19:03:40.4319965Z   rejects authorization-code exchange after destructive lifecycle state is requested
API specs (full) - platform	Run RSpec (topic)	2026-10-03T19:03:41.0343602Z   creates OAuth2 token sessions without a user agent header
API specs (full) - platform	Run RSpec (topic)	2026-10-03T19:03:41.5993943Z   renders keyed auth errors in the requested authorize page language
API specs (full) - platform	Run RSpec (topic)	2026-10-03T19:03:42.1866292Z   rechecks login eligibility before TOTP completion creates an authorization
API specs (full) - platform	Run RSpec (topic)	2026-10-03T19:03:42.8195083Z   authenticates refreshed access after expired access and SSO cleanup without recreating SSO
API specs (full) - platform	Run RSpec (topic)	2026-10-03T19:03:43.6951604Z   rechecks OAuth2 enablement before reset completion creates an authorization
API specs (full) - platform	Run RSpec (topic)	2026-10-03T19:03:44.2733730Z   records new-device authorization metadata from X-Real-IP
API specs (full) - platform	Run RSpec (topic)	2026-10-03T19:03:44.8578022Z   records known-device authorization metadata from X-Real-IP
API specs (full) - platform	Run RSpec (topic)	2026-10-03T19:03:45.4362634Z   creates authorization cookies and SSO metadata
API specs (full) - platform	Run RSpec (topic)	2026-10-03T19:03:46.5901172Z   does not skip MFA on a remembered device when password reset is pending
API specs (full) - platform	Run RSpec (topic)	2026-10-03T19:03:47.1680767Z   rejects authorization from an SSO closed after lookup
API specs (full) - platform	Run RSpec (topic)	2026-10-03T19:03:47.7547381Z   does not find authorization codes for locked or forced-reset users
API specs (full) - platform	Run RSpec (topic)	2026-10-03T19:03:48.3374160Z   converts fulfilled WebAuthn MFA to a required password reset
API specs (full) - platform	Run RSpec (topic)	2026-10-03T19:03:49.2326624Z   uses the shared password minimum in OAuth reset validation, forms and errors
API specs (full) - platform	Run RSpec (topic)	2026-10-03T19:03:50.1383472Z   attaches a required password change only when its OAuth code is exchanged
API specs (full) - platform	Run RSpec (topic)	2026-10-03T19:03:50.7084391Z   rejects authorization after destructive lifecycle state is requested
API specs (full) - platform	Run RSpec (topic)	2026-10-03T19:03:51.2991566Z   does not find refresh tokens for locked or forced-reset users
API specs (full) - platform	Run RSpec (topic)	2026-10-03T19:03:52.1539908Z   rejects authorization created after its password generation changes
API specs (full) - platform	Run RSpec (topic)	2026-10-03T19:03:53.2968257Z   renders passkey MFA without automatically starting WebAuthn
API specs (full) - platform	Run RSpec (topic)	2026-10-03T19:03:53.8721633Z   rejects a refresh token revoked after lookup
API specs (full) - platform	Run RSpec (topic)	2026-10-03T19:03:55.0056215Z   re-renders the authorize page with an auth token when credentials require MFA
API specs (full) - platform	Run RSpec (topic)	2026-10-03T19:03:55.5886479Z   re-renders the reset-password branch when passwords do not match
API specs (full) - platform	Run RSpec (topic)	2026-10-03T19:03:56.1678462Z   shows the alert when the completion-shown marker does not match
API specs (full) - platform	Run RSpec (topic)	2026-10-03T19:03:56.7498227Z   clears an expired completed recovery without showing an alert
API specs (full) - platform	Run RSpec (topic)	2026-10-03T19:03:57.3268214Z   does not find expired authorization codes
API specs (full) - platform	Run RSpec (topic)	2026-10-03T19:03:58.1843764Z   revokes access tokens only for the authenticated OAuth2 client
API specs (full) - platform	Run RSpec (topic)	2026-10-03T19:03:59.0432763Z   revokes refresh tokens only for the authenticated OAuth2 client
API specs (full) - platform	Run RSpec (topic)	2026-10-03T19:03:59.6255609Z   shows a completed recovery on the credentials form instead of using SSO
API specs (full) - platform	Run RSpec (topic)	2026-10-03T19:04:00.1960702Z   localizes the completed recovery alert using the authorization request
API specs (full) - platform	Run RSpec (topic)	2026-10-03T19:04:00.4953230Z   finds users by access token only when OAuth2 auth is enabled
API specs (full) - platform	Run RSpec (topic)	2026-10-03T19:04:01.3567262Z   does not show a deleted-client completion through a non-default client
API specs (full) - platform	Run RSpec (topic)	2026-10-03T19:04:01.9398219Z   rejects token refresh after destructive lifecycle state is requested
API specs (full) - platform	Run RSpec (topic)	2026-10-03T19:04:03.0911455Z   completes TOTP authentication with a recovery code and disables the device
API specs (full) - platform	Run RSpec (topic)	2026-10-03T19:04:03.6791549Z   creates a user session, destroys the auth code, and returns access and refresh tokens
API specs (full) - platform	Run RSpec (topic)	2026-10-03T19:04:04.2552856Z   localizes the labelled reset-password branch in Czech
API specs (full) - platform	Run RSpec (topic)	2026-10-03T19:04:04.2553475Z 
API specs (full) - platform	Run RSpec (topic)	2026-10-03T19:04:04.2553750Z VpsAdmin::API::Authentication::Basic
API specs (full) - platform	Run RSpec (topic)	2026-10-03T19:04:05.1116529Z   returns the user and creates a closed basic session on success
API specs (full) - platform	Run RSpec (topic)	2026-10-03T19:04:05.9568383Z   raises when basic auth is disabled
API specs (full) - platform	Run RSpec (topic)	2026-10-03T19:04:06.5678457Z   records client metadata when upgrading a password hash before creating the session
API specs (full) - platform	Run RSpec (topic)	2026-10-03T19:04:07.4211409Z   raises when password reset is required
API specs (full) - platform	Run RSpec (topic)	2026-10-03T19:04:08.8496279Z   creates basic sessions without a user agent header
API specs (full) - platform	Run RSpec (topic)	2026-10-03T19:04:09.7083849Z   raises when password auth requires MFA
API specs (full) - platform	Run RSpec (topic)	2026-10-03T19:04:10.8497325Z   rejects the request when the password changes after verification
API specs (full) - platform	Run RSpec (topic)	2026-10-03T19:04:11.4327538Z   returns nil for an invalid password and records a failed login
API specs (full) - platform	Run RSpec (topic)	2026-10-03T19:04:11.4328138Z 
API specs (full) - platform	Run RSpec (topic)	2026-10-03T19:04:11.4328324Z monitoring plugin monitor
API specs (full) - platform	Run RSpec (topic)	2026-10-03T19:04:11.4369116Z   selects responsible users from explicit proc, real object, and raw object
API specs (full) - platform	Run RSpec (topic)	2026-10-03T19:04:11.4376121Z   calls configured actions and errors on unknown actions
API specs (full) - platform	Run RSpec (topic)	2026-10-03T19:04:11.4399175Z  #2 did not pass 'spec_monitor_check': value '42'
API specs (full) - platform	Run RSpec (topic)	2026-10-03T19:04:11.4405388Z   checks query results and reports against the resolved object
API specs (full) - platform	Run RSpec (topic)	2026-10-03T19:04:11.4405955Z 
API specs (full) - platform	Run RSpec (topic)	2026-10-03T19:04:11.4406201Z VpsAdmin::API::Resources::Location
API specs (full) - platform	Run RSpec (topic)	2026-10-03T19:04:11.4407707Z   Index
API specs (full) - platform	Run RSpec (topic)	2026-10-03T19:04:14.3683511Z     allows support to list locations with limited output
API specs (full) - platform	Run RSpec (topic)	2026-10-03T19:04:18.6977394Z     filters by environment
API specs (full) - platform	Run RSpec (topic)	2026-10-03T19:04:22.5098930Z     supports limit pagination
API specs (full) - platform	Run RSpec (topic)	2026-10-03T19:04:22.5107137Z     rejects unauthenticated access (core) (PENDING: skipped because plugins are enabled: requests)
API specs (full) - platform	Run RSpec (topic)	2026-10-03T19:04:26.3112384Z     supports from_id pagination
API specs (full) - platform	Run RSpec (topic)	2026-10-03T19:04:30.0243527Z     filters by has_hypervisor
API specs (full) - platform	Run RSpec (topic)	2026-10-03T19:04:33.7888719Z     returns total_count meta when requested
API specs (full) - platform	Run RSpec (topic)	2026-10-03T19:04:36.3225727Z     allows users to list locations with limited output
API specs (full) - platform	Run RSpec (topic)	2026-10-03T19:04:39.1283099Z     allows unauthenticated access (requests plugin)
API specs (full) - platform	Run RSpec (topic)	2026-10-03T19:04:42.8787480Z     allows admins to list locations with full output
API specs (full) - platform	Run RSpec (topic)	2026-10-03T19:04:42.8787981Z   Show
API specs (full) - platform	Run RSpec (topic)	2026-10-03T19:04:46.6140849Z     allows admins to show locations with full output
API specs (full) - platform	Run RSpec (topic)	2026-10-03T19:04:49.1978579Z     allows support to show locations with limited output
API specs (full) - platform	Run RSpec (topic)	2026-10-03T19:04:52.0522579Z     allows unauthenticated access (requests plugin)
API specs (full) - platform	Run RSpec (topic)	2026-10-03T19:04:54.6253301Z     allows users to show locations with limited output
API specs (full) - platform	Run RSpec (topic)	2026-10-03T19:04:54.6259335Z     rejects unauthenticated access (core) (PENDING: skipped because plugins are enabled: requests)
API specs (full) - platform	Run RSpec (topic)	2026-10-03T19:04:58.6720380Z     returns 404 for unknown location
API specs (full) - platform	Run RSpec (topic)	2026-10-03T19:04:58.6721001Z 
API specs (full) - platform	Run RSpec (topic)	2026-10-03T19:04:58.6721271Z VpsAdmin::API::Resources::Cluster
API specs (full) - platform	Run RSpec (topic)	2026-10-03T19:04:58.6723369Z   Show
API specs (full) - platform	Run RSpec (topic)	2026-10-03T19:05:01.2705576Z     allows normal user
API specs (full) - platform	Run RSpec (topic)	2026-10-03T19:05:03.8800484Z     reports active lock
API specs (full) - platform	Run RSpec (topic)	2026-10-03T19:05:06.6235861Z     reports no maintenance lock by default
API specs (full) - platform	Run RSpec (topic)	2026-10-03T19:05:09.4504358Z     rejects unauthenticated access
API specs (full) - platform	Run RSpec (topic)	2026-10-03T19:05:09.4505495Z   PublicStats
API specs (full) - platform	Run RSpec (topic)	2026-10-03T19:05:12.0122115Z     works for authenticated users as well
API specs (full) - platform	Run RSpec (topic)	2026-10-03T19:05:14.8393615Z     returns correct ipv4_left
API specs (full) - platform	Run RSpec (topic)	2026-10-03T19:05:17.4081873Z     allows unauthenticated access
API specs (full) - platform	Run RSpec (topic)	2026-10-03T19:05:17.4082483Z   Search
API specs (full) - platform	Run RSpec (topic)	2026-10-03T19:05:21.1346035Z     returns user results for numeric id search
API specs (full) - platform	Run RSpec (topic)	2026-10-03T19:05:24.8637577Z     trims whitespace
API specs (full) - platform	Run RSpec (topic)	2026-10-03T19:05:28.5885822Z     returns DNS zone results for canonical name search
API specs (full) - platform	Run RSpec (topic)	2026-10-03T19:05:32.3035231Z     returns user results for login search
API specs (full) - platform	Run RSpec (topic)	2026-10-03T19:05:36.0625650Z     returns validation error for missing value
API specs (full) - platform	Run RSpec (topic)	2026-10-03T19:05:38.6464253Z     forbids support users
API specs (full) - platform	Run RSpec (topic)	2026-10-03T19:05:42.6354058Z     returns DNS zone results when the trailing dot is omitted
API specs (full) - platform	Run RSpec (topic)	2026-10-03T19:05:45.1773957Z     forbids non-admin users
API specs (full) - platform	Run RSpec (topic)	2026-10-03T19:05:47.9396239Z     rejects unauthenticated access
API specs (full) - platform	Run RSpec (topic)	2026-10-03T19:05:51.6812314Z     does not return DNS zones pending deletion
API specs (full) - platform	Run RSpec (topic)	2026-10-03T19:05:55.4380283Z     returns DNS zone results for partial name search
API specs (full) - platform	Run RSpec (topic)	2026-10-03T19:05:55.4383168Z   API description
API specs (full) - platform	Run RSpec (topic)	2026-10-03T19:05:59.2109707Z     includes cluster endpoints
API specs (full) - platform	Run RSpec (topic)	2026-10-03T19:05:59.2110410Z   SetMaintenance
API specs (full) - platform	Run RSpec (topic)	2026-10-03T19:06:01.8065611Z     forbids support users
API specs (full) - platform	Run RSpec (topic)	2026-10-03T19:06:09.4339922Z     rejects locking an already locked cluster
API specs (full) - platform	Run RSpec (topic)	2026-10-03T19:06:11.7341573Z     rejects unauthenticated access
API specs (full) - platform	Run RSpec (topic)	2026-10-03T19:06:14.4799507Z     forbids non-admin users
API specs (full) - platform	Run RSpec (topic)	2026-10-03T19:06:24.4730289Z     allows admin to unlock maintenance
API specs (full) - platform	Run RSpec (topic)	2026-10-03T19:06:30.9355683Z     allows admin to lock cluster maintenance
API specs (full) - platform	Run RSpec (topic)	2026-10-03T19:06:34.6299924Z     returns validation error when lock is missing
API specs (full) - platform	Run RSpec (topic)	2026-10-03T19:06:34.6301985Z   GenerateMigrationKeys
API specs (full) - platform	Run RSpec (topic)	2026-10-03T19:06:37.1627776Z     rejects unauthenticated access
API specs (full) - platform	Run RSpec (topic)	2026-10-03T19:06:39.8624991Z     forbids non-admin users
API specs (full) - platform	Run RSpec (topic)	2026-10-03T19:06:42.4105760Z     forbids support users
API specs (full) - platform	Run RSpec (topic)	2026-10-03T19:06:50.2637360Z     allows admin to create a transaction chain
API specs (full) - platform	Run RSpec (topic)	2026-10-03T19:06:50.2638525Z   FullStats
API specs (full) - platform	Run RSpec (topic)	2026-10-03T19:06:54.0361822Z     allows admin and returns the full stats hash
API specs (full) - platform	Run RSpec (topic)	2026-10-03T19:06:56.6761690Z     rejects unauthenticated access
API specs (full) - platform	Run RSpec (topic)	2026-10-03T19:06:59.3920207Z     forbids support users
API specs (full) - platform	Run RSpec (topic)	2026-10-03T19:07:02.0013436Z     forbids non-admin users
API specs (full) - platform	Run RSpec (topic)	2026-10-03T19:07:02.0013973Z 
API specs (full) - platform	Run RSpec (topic)	2026-10-03T19:07:02.0014267Z VpsAdmin::API::Authentication::TokenConfig
API specs (full) - platform	Run RSpec (topic)	2026-10-03T19:07:02.6013026Z   uses the shared password minimum in token reset validation and errors
API specs (full) - platform	Run RSpec (topic)	2026-10-03T19:07:03.4554395Z   returns a reset-password continuation instead of a session
API specs (full) - platform	Run RSpec (topic)	2026-10-03T19:07:04.6026391Z   rejects TOTP issuance after a concurrent password change
API specs (full) - platform	Run RSpec (topic)	2026-10-03T19:07:04.9043921Z   finds a user only for a valid open token session with token auth enabled
API specs (full) - platform	Run RSpec (topic)	2026-10-03T19:07:06.0498842Z   rejects password-only issuance after a concurrent password change
API specs (full) - platform	Run RSpec (topic)	2026-10-03T19:07:06.9553688Z   rejects reset-token issuance after another password change
API specs (full) - platform	Run RSpec (topic)	2026-10-03T19:07:07.8848835Z   preserves long token scopes through multi-factor authentication
API specs (full) - platform	Run RSpec (topic)	2026-10-03T19:07:08.2062048Z   revokes token sessions through the provider action handler
API specs (full) - platform	Run RSpec (topic)	2026-10-03T19:07:08.5131301Z   renews renewable tokens through the provider action handler
API specs (full) - platform	Run RSpec (topic)	2026-10-03T19:07:09.9734701Z   does not report a stale recovery code as used
API specs (full) - platform	Run RSpec (topic)	2026-10-03T19:07:11.4222139Z   creates token sessions without a user agent header
API specs (full) - platform	Run RSpec (topic)	2026-10-03T19:07:12.0256025Z   can complete the reset-password continuation and create a token session
API specs (full) - platform	Run RSpec (topic)	2026-10-03T19:07:12.0256677Z 
API specs (full) - platform	Run RSpec (topic)	2026-10-03T19:07:12.0257240Z VpsAdmin::API::Resources::Language
API specs (full) - platform	Run RSpec (topic)	2026-10-03T19:07:12.0257709Z   Index
API specs (full) - platform	Run RSpec (topic)	2026-10-03T19:07:15.5576718Z     allows admins to list languages
API specs (full) - platform	Run RSpec (topic)	2026-10-03T19:07:18.1940047Z     supports limit pagination
API specs (full) - platform	Run RSpec (topic)	2026-10-03T19:07:20.7563651Z     supports from_id pagination
API specs (full) - platform	Run RSpec (topic)	2026-10-03T19:07:23.4052889Z     allows users to list languages
API specs (full) - platform	Run RSpec (topic)	2026-10-03T19:07:23.4059183Z     rejects unauthenticated access (core) (PENDING: skipped because plugins are enabled: requests)
API specs (full) - platform	Run RSpec (topic)	2026-10-03T19:07:25.9191794Z     allows unauthenticated access (requests plugin)
API specs (full) - platform	Run RSpec (topic)	2026-10-03T19:07:28.5472168Z     returns total_count meta when requested
API specs (full) - platform	Run RSpec (topic)	2026-10-03T19:07:28.5472880Z   Show
API specs (full) - platform	Run RSpec (topic)	2026-10-03T19:07:32.2678015Z     allows admins to show a language
API specs (full) - platform	Run RSpec (topic)	2026-10-03T19:07:34.6756138Z     rejects unauthenticated access
API specs (full) - platform	Run RSpec (topic)	2026-10-03T19:07:37.3324198Z     returns 404 for unknown language
API specs (full) - platform	Run RSpec (topic)	2026-10-03T19:07:39.8926785Z     shows a language for users
API specs (full) - platform	Run RSpec (topic)	2026-10-03T19:07:39.8927466Z 
API specs (full) - platform	Run RSpec (topic)	2026-10-03T19:07:39.8927740Z VpsAdmin::API::Plugins::Requests::IPQS
API specs (full) - platform	Run RSpec (topic)	2026-10-03T19:07:39.8941943Z   raises a useful error when IP JSON cannot be parsed
API specs (full) - platform	Run RSpec (topic)	2026-10-03T19:07:39.8947716Z   raises a useful error when mail JSON cannot be parsed
API specs (full) - platform	Run RSpec (topic)	2026-10-03T19:07:39.8953757Z   checks mail addresses with the expected URL and parses the response
API specs (full) - platform	Run RSpec (topic)	2026-10-03T19:07:39.8959325Z   checks IP addresses with the expected URL and parses the response
API specs (full) - platform	Run RSpec (topic)	2026-10-03T19:07:39.8963244Z   exposes response success and keyed values
API specs (full) - platform	Run RSpec (topic)	2026-10-03T19:07:39.8964175Z 
API specs (full) - platform	Run RSpec (topic)	2026-10-03T19:07:39.8964379Z VpsAdmin::API::Resources::MigrationPlan
API specs (full) - platform	Run RSpec (topic)	2026-10-03T19:07:39.8965590Z   MigrationPlan
API specs (full) - platform	Run RSpec (topic)	2026-10-03T19:07:39.8967892Z     Delete
API specs (full) - platform	Run RSpec (topic)	2026-10-03T19:07:43.4792162Z       rejects delete on non-staged plan
API specs (full) - platform	Run RSpec (topic)	2026-10-03T19:07:46.1881022Z       forbids non-admin access
API specs (full) - platform	Run RSpec (topic)	2026-10-03T19:07:49.7783983Z       returns 404 for missing plan
API specs (full) - platform	Run RSpec (topic)	2026-10-03T19:07:53.4977246Z       deletes a staged plan
API specs (full) - platform	Run RSpec (topic)	2026-10-03T19:07:55.9151184Z       rejects unauthenticated access
API specs (full) - platform	Run RSpec (topic)	2026-10-03T19:07:59.5727594Z     Cancel
API specs (full) - platform	Run RSpec (topic)	2026-10-03T19:07:59.5728154Z       returns 404 for missing plan
API specs (full) - platform	Run RSpec (topic)	2026-10-03T19:08:03.2186808Z       rejects cancel on non-running plan
API specs (full) - platform	Run RSpec (topic)	2026-10-03T19:08:05.9550316Z       forbids non-admin access
API specs (full) - platform	Run RSpec (topic)	2026-10-03T19:08:09.8006296Z       cancels a running plan and queued migrations
API specs (full) - platform	Run RSpec (topic)	2026-10-03T19:08:12.2252582Z       rejects unauthenticated access
API specs (full) - platform	Run RSpec (topic)	2026-10-03T19:08:12.2253220Z     Index
API specs (full) - platform	Run RSpec (topic)	2026-10-03T19:08:15.9049327Z       filters by state
API specs (full) - platform	Run RSpec (topic)	2026-10-03T19:08:19.4968836Z       supports limit pagination
API specs (full) - platform	Run RSpec (topic)	2026-10-03T19:08:23.0809716Z       filters by user
API specs (full) - platform	Run RSpec (topic)	2026-10-03T19:08:25.4855761Z       rejects unauthenticated access
API specs (full) - platform	Run RSpec (topic)	2026-10-03T19:08:29.0688342Z       lists plans for admins
API specs (full) - platform	Run RSpec (topic)	2026-10-03T19:08:31.5830264Z       forbids non-admin access
API specs (full) - platform	Run RSpec (topic)	2026-10-03T19:08:35.4295381Z       returns total_count meta when requested
API specs (full) - platform	Run RSpec (topic)	2026-10-03T19:08:35.4296012Z     Start
API specs (full) - platform	Run RSpec (topic)	2026-10-03T19:08:37.9725720Z       forbids non-admin access
API specs (full) - platform	Run RSpec (topic)	2026-10-03T19:08:40.6568215Z       rejects unauthenticated access
API specs (full) - platform	Run RSpec (topic)	2026-10-03T19:08:44.1975436Z       rejects start on non-staged plan
API specs (full) - platform	Run RSpec (topic)	2026-10-03T19:08:47.8027856Z       returns 404 for missing plan
API specs (full) - platform	Run RSpec (topic)	2026-10-03T19:08:51.4825997Z       starts a staged plan and advances migrations
API specs (full) - platform	Run RSpec (topic)	2026-10-03T19:08:51.4826612Z     Show
API specs (full) - platform	Run RSpec (topic)	2026-10-03T19:08:55.0744241Z       returns 404 for unknown plan
API specs (full) - platform	Run RSpec (topic)	2026-10-03T19:08:57.4958377Z       rejects unauthenticated access
API specs (full) - platform	Run RSpec (topic)	2026-10-03T19:09:01.1264257Z       shows plan details for admins
API specs (full) - platform	Run RSpec (topic)	2026-10-03T19:09:03.6604116Z       forbids non-admin access
API specs (full) - platform	Run RSpec (topic)	2026-10-03T19:09:03.6604744Z     Create
API specs (full) - platform	Run RSpec (topic)	2026-10-03T19:09:07.2835739Z       creates a plan with defaults
API specs (full) - platform	Run RSpec (topic)	2026-10-03T19:09:09.8742738Z       rejects unauthenticated access
API specs (full) - platform	Run RSpec (topic)	2026-10-03T19:09:13.5042472Z       creates a plan with overrides
API specs (full) - platform	Run RSpec (topic)	2026-10-03T19:09:17.1465086Z       returns validation errors for invalid concurrency
API specs (full) - platform	Run RSpec (topic)	2026-10-03T19:09:19.7108750Z       forbids non-admin access
API specs (full) - platform	Run RSpec (topic)	2026-10-03T19:09:19.7109472Z   VpsMigration (nested)
API specs (full) - platform	Run RSpec (topic)	2026-10-03T19:09:19.7110416Z     Show
API specs (full) - platform	Run RSpec (topic)	2026-10-03T19:09:22.2857598Z       rejects unauthenticated access
API specs (full) - platform	Run RSpec (topic)	2026-10-03T19:09:26.1186284Z       returns 404 for wrong plan id
API specs (full) - platform	Run RSpec (topic)	2026-10-03T19:09:28.7630250Z       forbids non-admin access
API specs (full) - platform	Run RSpec (topic)	2026-10-03T19:09:32.5144565Z       shows migration details for admins
API specs (full) - platform	Run RSpec (topic)	2026-10-03T19:09:36.3341297Z       returns 404 for missing migration
API specs (full) - platform	Run RSpec (topic)	2026-10-03T19:09:36.3353079Z     Create
API specs (full) - platform	Run RSpec (topic)	2026-10-03T19:09:38.8702688Z       forbids non-admin access
API specs (full) - platform	Run RSpec (topic)	2026-10-03T19:09:42.5482278Z       returns validation errors for missing vps
API specs (full) - platform	Run RSpec (topic)	2026-10-03T19:09:46.3225885Z       creates a migration under a staged plan
API specs (full) - platform	Run RSpec (topic)	2026-10-03T19:09:50.0309067Z       rejects create when plan is not staged
API specs (full) - platform	Run RSpec (topic)	2026-10-03T19:09:52.4860095Z       rejects unauthenticated access
API specs (full) - platform	Run RSpec (topic)	2026-10-03T19:09:56.1571789Z       returns 404 for missing plan
API specs (full) - platform	Run RSpec (topic)	2026-10-03T19:09:59.7872781Z       returns validation errors for missing dst_node
API specs (full) - platform	Run RSpec (topic)	2026-10-03T19:09:59.7873284Z     Index
API specs (full) - platform	Run RSpec (topic)	2026-10-03T19:10:03.4069940Z       filters by dst_node
API specs (full) - platform	Run RSpec (topic)	2026-10-03T19:10:06.8509417Z       lists only migrations for the plan
API specs (full) - platform	Run RSpec (topic)	2026-10-03T19:10:09.5632292Z       forbids non-admin access
API specs (full) - platform	Run RSpec (topic)	2026-10-03T19:10:12.1282781Z       rejects unauthenticated access
API specs (full) - platform	Run RSpec (topic)	2026-10-03T19:10:15.8885707Z       filters by src_node
API specs (full) - platform	Run RSpec (topic)	2026-10-03T19:10:19.5134745Z       filters by state
API specs (full) - platform	Run RSpec (topic)	2026-10-03T19:10:19.5135502Z 
API specs (full) - platform	Run RSpec (topic)	2026-10-03T19:10:19.5135845Z VpsAdmin::API::Resources::ClusterResourcePackage
API specs (full) - platform	Run RSpec (topic)	2026-10-03T19:10:19.5138478Z   Update
API specs (full) - platform	Run RSpec (topic)	2026-10-03T19:10:21.8614977Z     rejects unauthenticated access
API specs (full) - platform	Run RSpec (topic)	2026-10-03T19:10:24.5798442Z     forbids normal users
API specs (full) - platform	Run RSpec (topic)	2026-10-03T19:10:28.3712824Z     returns validation errors for invalid label
API specs (full) - platform	Run RSpec (topic)	2026-10-03T19:10:30.9245973Z     forbids support users
API specs (full) - platform	Run RSpec (topic)	2026-10-03T19:10:34.5731785Z     allows admin to update and returns the object
API specs (full) - platform	Run RSpec (topic)	2026-10-03T19:10:34.5732436Z   Delete
API specs (full) - platform	Run RSpec (topic)	2026-10-03T19:10:37.2680522Z     forbids support users
API specs (full) - platform	Run RSpec (topic)	2026-10-03T19:10:39.7996593Z     rejects unauthenticated access
API specs (full) - platform	Run RSpec (topic)	2026-10-03T19:10:42.4882695Z     forbids normal users
API specs (full) - platform	Run RSpec (topic)	2026-10-03T19:10:46.1605107Z     allows admin to delete a package and its items
API specs (full) - platform	Run RSpec (topic)	2026-10-03T19:10:46.1605879Z   Item Show
API specs (full) - platform	Run RSpec (topic)	2026-10-03T19:10:49.9437746Z     shows an item for admin users
API specs (full) - platform	Run RSpec (topic)	2026-10-03T19:10:53.4393921Z     returns 404 for unknown item
API specs (full) - platform	Run RSpec (topic)	2026-10-03T19:10:56.0005045Z     rejects unauthenticated access
API specs (full) - platform	Run RSpec (topic)	2026-10-03T19:10:58.5752943Z     forbids normal users
API specs (full) - platform	Run RSpec (topic)	2026-10-03T19:11:01.1056263Z     forbids support users
API specs (full) - platform	Run RSpec (topic)	2026-10-03T19:11:01.1057104Z   Item Delete
API specs (full) - platform	Run RSpec (topic)	2026-10-03T19:11:03.7557612Z     forbids support users
API specs (full) - platform	Run RSpec (topic)	2026-10-03T19:11:06.2952559Z     forbids normal users
API specs (full) - platform	Run RSpec (topic)	2026-10-03T19:11:10.0005410Z     allows admin to delete an item
API specs (full) - platform	Run RSpec (topic)	2026-10-03T19:11:12.3393875Z     rejects unauthenticated access
API specs (full) - platform	Run RSpec (topic)	2026-10-03T19:11:12.3394547Z   Item Create
API specs (full) - platform	Run RSpec (topic)	2026-10-03T19:11:15.0246570Z     forbids normal users
API specs (full) - platform	Run RSpec (topic)	2026-10-03T19:11:18.6326370Z     allows admin to create an item
API specs (full) - platform	Run RSpec (topic)	2026-10-03T19:11:21.2274544Z     rejects unauthenticated access
API specs (full) - platform	Run RSpec (topic)	2026-10-03T19:11:23.7098854Z     forbids support users
API specs (full) - platform	Run RSpec (topic)	2026-10-03T19:11:27.3241477Z     returns validation errors for missing value
API specs (full) - platform	Run RSpec (topic)	2026-10-03T19:11:27.3242181Z   Create
API specs (full) - platform	Run RSpec (topic)	2026-10-03T19:11:29.9704226Z     forbids support users
API specs (full) - platform	Run RSpec (topic)	2026-10-03T19:11:33.5837160Z     returns validation errors for invalid label
API specs (full) - platform	Run RSpec (topic)	2026-10-03T19:11:36.2506048Z     forbids normal users
API specs (full) - platform	Run RSpec (topic)	2026-10-03T19:11:38.7530546Z     rejects unauthenticated access
API specs (full) - platform	Run RSpec (topic)	2026-10-03T19:11:42.3969542Z     allows admin to create a package
API specs (full) - platform	Run RSpec (topic)	2026-10-03T19:11:42.3970156Z   Index
API specs (full) - platform	Run RSpec (topic)	2026-10-03T19:11:46.1445071Z     returns total_count meta when requested
API specs (full) - platform	Run RSpec (topic)	2026-10-03T19:11:49.6288730Z     filters by user when nil
API specs (full) - platform	Run RSpec (topic)	2026-10-03T19:11:52.2740053Z     forbids support users
API specs (full) - platform	Run RSpec (topic)	2026-10-03T19:11:54.8359670Z     forbids normal users
API specs (full) - platform	Run RSpec (topic)	2026-10-03T19:11:58.5657991Z     supports from_id pagination
API specs (full) - platform	Run RSpec (topic)	2026-10-03T19:12:02.0083295Z     supports limit pagination
API specs (full) - platform	Run RSpec (topic)	2026-10-03T19:12:05.7356751Z     allows admin to list packages
API specs (full) - platform	Run RSpec (topic)	2026-10-03T19:12:08.0463790Z     rejects unauthenticated access
API specs (full) - platform	Run RSpec (topic)	2026-10-03T19:12:08.0464233Z   Show
API specs (full) - platform	Run RSpec (topic)	2026-10-03T19:12:11.7280865Z     returns 404 for unknown package
API specs (full) - platform	Run RSpec (topic)	2026-10-03T19:12:14.0697130Z     rejects unauthenticated access
API specs (full) - platform	Run RSpec (topic)	2026-10-03T19:12:17.7695731Z     shows a package for admin users
API specs (full) - platform	Run RSpec (topic)	2026-10-03T19:12:20.3248144Z     forbids support users
API specs (full) - platform	Run RSpec (topic)	2026-10-03T19:12:22.8708074Z     forbids normal users
API specs (full) - platform	Run RSpec (topic)	2026-10-03T19:12:22.8708725Z   Item Update
API specs (full) - platform	Run RSpec (topic)	2026-10-03T19:12:25.5708822Z     forbids normal users
API specs (full) - platform	Run RSpec (topic)	2026-10-03T19:12:29.2416116Z     returns validation errors for missing value
API specs (full) - platform	Run RSpec (topic)	2026-10-03T19:12:31.8083653Z     rejects unauthenticated access
API specs (full) - platform	Run RSpec (topic)	2026-10-03T19:12:35.3814682Z     allows admin to update an item value
API specs (full) - platform	Run RSpec (topic)	2026-10-03T19:12:38.0895110Z     forbids support users
API specs (full) - platform	Run RSpec (topic)	2026-10-03T19:12:38.0895667Z   Item Index
API specs (full) - platform	Run RSpec (topic)	2026-10-03T19:12:40.7713298Z     rejects unauthenticated access
API specs (full) - platform	Run RSpec (topic)	2026-10-03T19:12:43.3036595Z     forbids support users
API specs (full) - platform	Run RSpec (topic)	2026-10-03T19:12:45.8220049Z     forbids normal users
API specs (full) - platform	Run RSpec (topic)	2026-10-03T19:12:49.5794687Z     lists items for admin users
API specs (full) - platform	Run RSpec (topic)	2026-10-03T19:12:49.5795135Z 
API specs (full) - platform	Run RSpec (topic)	2026-10-03T19:12:49.5795402Z VpsAdmin::API::Authentication::WebauthnRegister
API specs (full) - platform	Run RSpec (topic)	2026-10-03T19:12:49.5904194Z   returns an HTML body with token header, redirect URI, and logo URL
API specs (full) - platform	Run RSpec (topic)	2026-10-03T19:12:49.5904783Z 
API specs (full) - platform	Run RSpec (topic)	2026-10-03T19:12:49.5904954Z payments Fio backend
API specs (full) - platform	Run RSpec (topic)	2026-10-03T19:12:49.6627391Z   warns and skips duplicate transaction IDs
API specs (full) - platform	Run RSpec (topic)	2026-10-03T19:12:49.6653234Z   ignores outgoing payments
API specs (full) - platform	Run RSpec (topic)	2026-10-03T19:12:49.6713726Z   persists positive incoming payments and splits source details
API specs (full) - platform	Run RSpec (topic)	2026-10-03T19:12:49.6714351Z 
API specs (full) - platform	Run RSpec (topic)	2026-10-03T19:12:49.6714648Z VpsAdmin::API::KernelEvidence::ConfigurationWriter
API specs (full) - platform	Run RSpec (topic)	2026-10-03T19:12:49.6857743Z   deduplicates identical content and rejects digest collisions
API specs (full) - platform	Run RSpec (topic)	2026-10-03T19:12:49.6898352Z   uses the last value when an option is assigned more than once
API specs (full) - platform	Run RSpec (topic)	2026-10-03T19:12:49.6937777Z   stores enabled, module, assigned and disabled Linux configuration options
API specs (full) - platform	Run RSpec (topic)	2026-10-03T19:12:49.6938385Z 
API specs (full) - platform	Run RSpec (topic)	2026-10-03T19:12:49.6938573Z VpsAdmin::API::Resources::Component
API specs (full) - platform	Run RSpec (topic)	2026-10-03T19:12:49.6938992Z   Show
API specs (full) - platform	Run RSpec (topic)	2026-10-03T19:12:52.0881980Z     allows unauthenticated access
API specs (full) - platform	Run RSpec (topic)	2026-10-03T19:12:54.7342267Z     allows authenticated access
API specs (full) - platform	Run RSpec (topic)	2026-10-03T19:12:57.3384929Z     returns 404 for unknown component
API specs (full) - platform	Run RSpec (topic)	2026-10-03T19:12:57.3385534Z   Index
API specs (full) - platform	Run RSpec (topic)	2026-10-03T19:12:59.8189942Z     supports from_id pagination
API specs (full) - platform	Run RSpec (topic)	2026-10-03T19:13:02.4703599Z     allows authenticated access
API specs (full) - platform	Run RSpec (topic)	2026-10-03T19:13:05.0271990Z     allows unauthenticated access
API specs (full) - platform	Run RSpec (topic)	2026-10-03T19:13:07.4440724Z     returns total_count meta when requested
API specs (full) - platform	Run RSpec (topic)	2026-10-03T19:13:09.8828830Z     supports limit pagination
API specs (full) - platform	Run RSpec (topic)	2026-10-03T19:13:09.8837775Z 
API specs (full) - platform	Run RSpec (topic)	2026-10-03T19:13:09.8838140Z VpsAdmin::API::Resources::IncidentReport
API specs (full) - platform	Run RSpec (topic)	2026-10-03T19:13:09.8838517Z   Index
API specs (full) - platform	Run RSpec (topic)	2026-10-03T19:13:13.5348530Z     returns total_count meta when requested
API specs (full) - platform	Run RSpec (topic)	2026-10-03T19:13:16.2001570Z     restricts normal users to their incidents with limited output
API specs (full) - platform	Run RSpec (topic)	2026-10-03T19:13:18.7316718Z     restricts support users to their incidents
API specs (full) - platform	Run RSpec (topic)	2026-10-03T19:13:22.4941456Z     allows admins to see all incidents with user and mailbox fields
API specs (full) - platform	Run RSpec (topic)	2026-10-03T19:13:25.1238444Z     orders by detected_at DESC
API specs (full) - platform	Run RSpec (topic)	2026-10-03T19:13:34.0524717Z     filters by ip_addr without leaking other users
API specs (full) - platform	Run RSpec (topic)	2026-10-03T19:13:36.5642535Z     rejects unauthenticated access
API specs (full) - platform	Run RSpec (topic)	2026-10-03T19:13:40.2133605Z     filters by codename
API specs (full) - platform	Run RSpec (topic)	2026-10-03T19:13:43.9136503Z     filters by mailbox when nil
API specs (full) - platform	Run RSpec (topic)	2026-10-03T19:13:43.9137496Z   Create
API specs (full) - platform	Run RSpec (topic)	2026-10-03T19:13:50.1734631Z     rejects unauthenticated access
API specs (full) - platform	Run RSpec (topic)	2026-10-03T19:13:57.9369536Z     returns validation errors for invalid vps_action
API specs (full) - platform	Run RSpec (topic)	2026-10-03T19:14:05.6507833Z     returns validation errors for missing text
API specs (full) - platform	Run RSpec (topic)	2026-10-03T19:14:13.0316315Z     returns validation errors for missing subject
API specs (full) - platform	Run RSpec (topic)	2026-10-03T19:14:20.6936032Z     allows admins to create with minimal payload
API specs (full) - platform	Run RSpec (topic)	2026-10-03T19:14:27.6803752Z     forbids normal users
API specs (full) - platform	Run RSpec (topic)	2026-10-03T19:14:35.4044860Z     returns validation errors for missing vps
API specs (full) - platform	Run RSpec (topic)	2026-10-03T19:14:35.4045525Z   API description
API specs (full) - platform	Run RSpec (topic)	2026-10-03T19:14:39.1629855Z     includes incident_report scopes
API specs (full) - platform	Run RSpec (topic)	2026-10-03T19:14:39.1630456Z   Show
API specs (full) - platform	Run RSpec (topic)	2026-10-03T19:14:41.8019353Z     rejects unauthenticated access
API specs (full) - platform	Run RSpec (topic)	2026-10-03T19:14:44.5248991Z     allows users to show their incident with limited output
API specs (full) - platform	Run RSpec (topic)	2026-10-03T19:14:48.2076410Z     returns 404 for unknown incidents
API specs (full) - platform	Run RSpec (topic)	2026-10-03T19:14:51.9132551Z     allows admins to show any incident with user and mailbox fields
API specs (full) - platform	Run RSpec (topic)	2026-10-03T19:14:54.5497666Z     forbids users from showing other incidents
API specs (full) - platform	Run RSpec (topic)	2026-10-03T19:14:54.5498254Z 
API specs (full) - platform	Run RSpec (topic)	2026-10-03T19:14:54.5498516Z VpsAdmin::API::Resources::Node::Status
API specs (full) - platform	Run RSpec (topic)	2026-10-03T19:14:54.5498990Z   Show
API specs (full) - platform	Run RSpec (topic)	2026-10-03T19:14:57.3156490Z     rejects unauthenticated access
API specs (full) - platform	Run RSpec (topic)	2026-10-03T19:15:00.9822784Z     returns 404 for unknown node id
API specs (full) - platform	Run RSpec (topic)	2026-10-03T19:15:04.6173183Z     allows admin to show a status
API specs (full) - platform	Run RSpec (topic)	2026-10-03T19:15:08.3136646Z     returns 404 for unknown status id
API specs (full) - platform	Run RSpec (topic)	2026-10-03T19:15:12.0101548Z     scopes status to node
API specs (full) - platform	Run RSpec (topic)	2026-10-03T19:15:14.6493340Z     forbids normal users
API specs (full) - platform	Run RSpec (topic)	2026-10-03T19:15:17.2123802Z     forbids support users
API specs (full) - platform	Run RSpec (topic)	2026-10-03T19:15:17.2124435Z   API description
API specs (full) - platform	Run RSpec (topic)	2026-10-03T19:15:21.1723533Z     includes node.status scopes
API specs (full) - platform	Run RSpec (topic)	2026-10-03T19:15:21.1724260Z   Index
API specs (full) - platform	Run RSpec (topic)	2026-10-03T19:15:25.0639687Z     orders statuses by created_at desc
API specs (full) - platform	Run RSpec (topic)	2026-10-03T19:15:28.8880265Z     allows admin to list statuses for the node
API specs (full) - platform	Run RSpec (topic)	2026-10-03T19:15:31.5373947Z     forbids support users
API specs (full) - platform	Run RSpec (topic)	2026-10-03T19:15:35.4111828Z     filters by to datetime
API specs (full) - platform	Run RSpec (topic)	2026-10-03T19:15:39.1262115Z     filters by from datetime
API specs (full) - platform	Run RSpec (topic)	2026-10-03T19:15:41.6892763Z     rejects unauthenticated access
API specs (full) - platform	Run RSpec (topic)	2026-10-03T19:15:45.4411372Z     supports pagination limit
API specs (full) - platform	Run RSpec (topic)	2026-10-03T19:15:48.1121585Z     forbids normal users
API specs (full) - platform	Run RSpec (topic)	2026-10-03T19:15:52.0589230Z     filters by from and to datetime
API specs (full) - platform	Run RSpec (topic)	2026-10-03T19:15:55.8169536Z     supports pagination from_id
API specs (full) - platform	Run RSpec (topic)	2026-10-03T19:15:59.5280729Z     returns validation errors for invalid datetime
API specs (full) - platform	Run RSpec (topic)	2026-10-03T19:16:03.2543609Z     returns meta count
API specs (full) - platform	Run RSpec (topic)	2026-10-03T19:16:03.2555184Z 
API specs (full) - platform	Run RSpec (topic)	2026-10-03T19:16:03.2555567Z VpsAdmin::API::Resources::OomReportRule
API specs (full) - platform	Run RSpec (topic)	2026-10-03T19:16:03.2557920Z   Create
API specs (full) - platform	Run RSpec (topic)	2026-10-03T19:16:05.9954795Z     prevents user from creating for other vps
API specs (full) - platform	Run RSpec (topic)	2026-10-03T19:16:08.6430864Z     returns validation errors for missing vps
API specs (full) - platform	Run RSpec (topic)	2026-10-03T19:16:11.3246243Z     rejects unauthenticated access
API specs (full) - platform	Run RSpec (topic)	2026-10-03T19:16:13.9425775Z     rejects invalid action choice
API specs (full) - platform	Run RSpec (topic)	2026-10-03T19:16:16.4766010Z     allows user to create for own vps
API specs (full) - platform	Run RSpec (topic)	2026-10-03T19:16:19.2130097Z     returns validation errors for missing action
API specs (full) - platform	Run RSpec (topic)	2026-10-03T19:16:21.7952093Z     returns validation errors for missing cgroup_pattern
API specs (full) - platform	Run RSpec (topic)	2026-10-03T19:16:24.5399950Z     rejects too long cgroup_pattern
API specs (full) - platform	Run RSpec (topic)	2026-10-03T19:16:28.3854029Z     allows admin to create for other vps
API specs (full) - platform	Run RSpec (topic)	2026-10-03T19:16:31.0105577Z     rejects create when rule limit is exceeded
API specs (full) - platform	Run RSpec (topic)	2026-10-03T19:16:31.0106182Z   Index
API specs (full) - platform	Run RSpec (topic)	2026-10-03T19:16:33.7126093Z     rejects unauthenticated access
API specs (full) - platform	Run RSpec (topic)	2026-10-03T19:16:36.3044890Z     returns only rules for the current user in ascending order
API specs (full) - platform	Run RSpec (topic)	2026-10-03T19:16:41.5811209Z     filters by vps and respects restrictions
API specs (full) - platform	Run RSpec (topic)	2026-10-03T19:16:45.4318217Z     allows admin to see all rules
API specs (full) - platform	Run RSpec (topic)	2026-10-03T19:16:45.4320918Z   Update
API specs (full) - platform	Run RSpec (topic)	2026-10-03T19:16:48.0319520Z     rejects invalid action choice
API specs (full) - platform	Run RSpec (topic)	2026-10-03T19:16:50.7405751Z     rejects unauthenticated access
API specs (full) - platform	Run RSpec (topic)	2026-10-03T19:16:53.3831893Z     allows user to update own rule
API specs (full) - platform	Run RSpec (topic)	2026-10-03T19:16:55.9324468Z     does not let users reassign owned rules to another VPS
API specs (full) - platform	Run RSpec (topic)	2026-10-03T19:16:58.6717876Z     returns 404 when updating other user rule
API specs (full) - platform	Run RSpec (topic)	2026-10-03T19:17:02.4528147Z     allows admin to update other user rule
API specs (full) - platform	Run RSpec (topic)	2026-10-03T19:17:02.4528807Z   Delete
API specs (full) - platform	Run RSpec (topic)	2026-10-03T19:17:04.9337242Z     rejects unauthenticated access
API specs (full) - platform	Run RSpec (topic)	2026-10-03T19:17:08.5657404Z     allows admin to delete other user rule
API specs (full) - platform	Run RSpec (topic)	2026-10-03T19:17:11.1520977Z     allows user to delete own rule
API specs (full) - platform	Run RSpec (topic)	2026-10-03T19:17:14.8867238Z     returns 404 for missing id
API specs (full) - platform	Run RSpec (topic)	2026-10-03T19:17:17.6135379Z     returns 404 when deleting other user rule
API specs (full) - platform	Run RSpec (topic)	2026-10-03T19:17:17.6136012Z   Show
API specs (full) - platform	Run RSpec (topic)	2026-10-03T19:17:21.4055132Z     allows admin to view other user rule
API specs (full) - platform	Run RSpec (topic)	2026-10-03T19:17:24.1317459Z     returns 404 for other user rule
API specs (full) - platform	Run RSpec (topic)	2026-10-03T19:17:26.7637284Z     shows user-owned rule
API specs (full) - platform	Run RSpec (topic)	2026-10-03T19:17:30.5949771Z     returns 404 for missing id
API specs (full) - platform	Run RSpec (topic)	2026-10-03T19:17:33.1965619Z     rejects unauthenticated access
API specs (full) - platform	Run RSpec (topic)	2026-10-03T19:17:33.1966370Z   API description
API specs (full) - platform	Run RSpec (topic)	2026-10-03T19:17:44.8907641Z     documents oom_report_rule inputs
API specs (full) - platform	Run RSpec (topic)	2026-10-03T19:17:48.8467885Z     includes oom_report_rule endpoints
API specs (full) - platform	Run RSpec (topic)	2026-10-03T19:17:48.8468286Z 
API specs (full) - platform	Run RSpec (topic)	2026-10-03T19:17:48.8468463Z VpsAdmin::API::Resources::OomReport
API specs (full) - platform	Run RSpec (topic)	2026-10-03T19:17:48.8470431Z   Stat Show
API specs (full) - platform	Run RSpec (topic)	2026-10-03T19:17:51.5996010Z     rejects unauthenticated access
API specs (full) - platform	Run RSpec (topic)	2026-10-03T19:17:55.3444924Z     returns status false for mismatched parent id
API specs (full) - platform	Run RSpec (topic)	2026-10-03T19:17:59.0435179Z     allows admins to show other user stat
API specs (full) - platform	Run RSpec (topic)	2026-10-03T19:18:01.8197382Z     allows users to show their stat
API specs (full) - platform	Run RSpec (topic)	2026-10-03T19:18:04.4158456Z     prevents users from showing other user stat
API specs (full) - platform	Run RSpec (topic)	2026-10-03T19:18:08.2539199Z     returns status false for unknown stat id
API specs (full) - platform	Run RSpec (topic)	2026-10-03T19:18:08.2539841Z   Show
API specs (full) - platform	Run RSpec (topic)	2026-10-03T19:18:10.8644785Z     allows users to show their processed report
API specs (full) - platform	Run RSpec (topic)	2026-10-03T19:18:14.6632378Z     does not show unprocessed reports
API specs (full) - platform	Run RSpec (topic)	2026-10-03T19:18:18.2075749Z     allows admins to show any report
API specs (full) - platform	Run RSpec (topic)	2026-10-03T19:18:20.9420300Z     rejects unauthenticated access
API specs (full) - platform	Run RSpec (topic)	2026-10-03T19:18:23.5724855Z     prevents users from showing other user reports
API specs (full) - platform	Run RSpec (topic)	2026-10-03T19:18:27.4091700Z     returns status false for unknown reports
API specs (full) - platform	Run RSpec (topic)	2026-10-03T19:18:27.4092457Z   Stat Index
API specs (full) - platform	Run RSpec (topic)	2026-10-03T19:18:30.2008945Z     returns empty list for other user reports
API specs (full) - platform	Run RSpec (topic)	2026-10-03T19:18:34.0715174Z     supports stat meta count
API specs (full) - platform	Run RSpec (topic)	2026-10-03T19:18:37.6690340Z     supports stat limit pagination
API specs (full) - platform	Run RSpec (topic)	2026-10-03T19:18:40.3824671Z     lists stats for the user report
API specs (full) - platform	Run RSpec (topic)	2026-10-03T19:18:44.1654750Z     allows admins to list stats for other users
API specs (full) - platform	Run RSpec (topic)	2026-10-03T19:18:46.7591094Z     rejects unauthenticated access
API specs (full) - platform	Run RSpec (topic)	2026-10-03T19:18:46.7591798Z   Usage Show
API specs (full) - platform	Run RSpec (topic)	2026-10-03T19:18:49.5474544Z     prevents users from showing other user usage
API specs (full) - platform	Run RSpec (topic)	2026-10-03T19:18:52.2618260Z     rejects unauthenticated access
API specs (full) - platform	Run RSpec (topic)	2026-10-03T19:18:55.9766674Z     returns status false for mismatched parent id
API specs (full) - platform	Run RSpec (topic)	2026-10-03T19:18:58.7655230Z     allows users to show their usage
API specs (full) - platform	Run RSpec (topic)	2026-10-03T19:19:02.5356778Z     allows admins to show other user usage
API specs (full) - platform	Run RSpec (topic)	2026-10-03T19:19:06.2415097Z     returns status false for unknown usage id
API specs (full) - platform	Run RSpec (topic)	2026-10-03T19:19:06.2415827Z   Index
API specs (full) - platform	Run RSpec (topic)	2026-10-03T19:19:10.0430355Z     filters by location for admins
API specs (full) - platform	Run RSpec (topic)	2026-10-03T19:19:13.8034885Z     filters by oom_report_rule
API specs (full) - platform	Run RSpec (topic)	2026-10-03T19:19:17.5521645Z     shows all processed reports for admins
API specs (full) - platform	Run RSpec (topic)	2026-10-03T19:19:22.8191028Z     ignores non-admin user filter
API specs (full) - platform	Run RSpec (topic)	2026-10-03T19:19:26.6190056Z     filters by node for admins
API specs (full) - platform	Run RSpec (topic)	2026-10-03T19:19:30.1188139Z     filters by environment for admins
API specs (full) - platform	Run RSpec (topic)	2026-10-03T19:19:33.8092424Z     filters by cgroup
API specs (full) - platform	Run RSpec (topic)	2026-10-03T19:19:36.5435804Z     shows only processed reports for the support user
API specs (full) - platform	Run RSpec (topic)	2026-10-03T19:19:40.3861815Z     supports meta count
API specs (full) - platform	Run RSpec (topic)	2026-10-03T19:19:43.9525022Z     filters by since and until
API specs (full) - platform	Run RSpec (topic)	2026-10-03T19:19:46.6467438Z     rejects unauthenticated access
API specs (full) - platform	Run RSpec (topic)	2026-10-03T19:19:49.2368369Z     shows only processed reports for the user
API specs (full) - platform	Run RSpec (topic)	2026-10-03T19:19:55.6120252Z     filters by vps
API specs (full) - platform	Run RSpec (topic)	2026-10-03T19:19:59.4075603Z     allows admin to filter by user
API specs (full) - platform	Run RSpec (topic)	2026-10-03T19:20:06.7517706Z     supports limit and from_id pagination
API specs (full) - platform	Run RSpec (topic)	2026-10-03T19:20:09.4985867Z     orders reports by created_at desc
API specs (full) - platform	Run RSpec (topic)	2026-10-03T19:20:09.4986596Z   Task Show
API specs (full) - platform	Run RSpec (topic)	2026-10-03T19:20:12.0734264Z     allows users to show their task
API specs (full) - platform	Run RSpec (topic)	2026-10-03T19:20:15.8509207Z     allows admins to show other user task
API specs (full) - platform	Run RSpec (topic)	2026-10-03T19:20:18.4411706Z     prevents users from showing other user task
API specs (full) - platform	Run RSpec (topic)	2026-10-03T19:20:22.1767489Z     returns status false for mismatched parent id
API specs (full) - platform	Run RSpec (topic)	2026-10-03T19:20:24.8307505Z     rejects unauthenticated access
API specs (full) - platform	Run RSpec (topic)	2026-10-03T19:20:28.5084268Z     returns status false for unknown task id
API specs (full) - platform	Run RSpec (topic)	2026-10-03T19:20:28.5084876Z   Usage Index
API specs (full) - platform	Run RSpec (topic)	2026-10-03T19:20:32.1992086Z     allows admins to list usages for other users
API specs (full) - platform	Run RSpec (topic)	2026-10-03T19:20:35.8978772Z     supports usage meta count
API specs (full) - platform	Run RSpec (topic)	2026-10-03T19:20:39.6434953Z     supports usage limit pagination
API specs (full) - platform	Run RSpec (topic)	2026-10-03T19:20:42.4130862Z     returns empty list for other user reports
API specs (full) - platform	Run RSpec (topic)	2026-10-03T19:20:45.0188852Z     lists usages for the user report
API specs (full) - platform	Run RSpec (topic)	2026-10-03T19:20:47.6936404Z     rejects unauthenticated access
API specs (full) - platform	Run RSpec (topic)	2026-10-03T19:20:47.6937120Z   Task Index
API specs (full) - platform	Run RSpec (topic)	2026-10-03T19:20:50.3089164Z     returns empty list for other user reports
API specs (full) - platform	Run RSpec (topic)	2026-10-03T19:20:54.0458294Z     supports task limit pagination
API specs (full) - platform	Run RSpec (topic)	2026-10-03T19:20:57.7984100Z     allows admins to list tasks for other users
API specs (full) - platform	Run RSpec (topic)	2026-10-03T19:21:00.4247553Z     rejects unauthenticated access
API specs (full) - platform	Run RSpec (topic)	2026-10-03T19:21:03.2082279Z     lists tasks for the user report
API specs (full) - platform	Run RSpec (topic)	2026-10-03T19:21:07.0288715Z     supports task meta count
API specs (full) - platform	Run RSpec (topic)	2026-10-03T19:21:07.0289203Z 
API specs (full) - platform	Run RSpec (topic)	2026-10-03T19:21:07.0289500Z VpsAdmin::API::Resources::Environment write actions
API specs (full) - platform	Run RSpec (topic)	2026-10-03T19:21:07.0303637Z   SetMaintenance
API specs (full) - platform	Run RSpec (topic)	2026-10-03T19:21:10.6127893Z     allows admin to unlock maintenance
API specs (full) - platform	Run RSpec (topic)	2026-10-03T19:21:13.1629003Z     rejects unauthenticated access
API specs (full) - platform	Run RSpec (topic)	2026-10-03T19:21:16.8802763Z     allows admin to lock maintenance
API specs (full) - platform	Run RSpec (topic)	2026-10-03T19:21:20.4510036Z     returns validation errors for missing lock
API specs (full) - platform	Run RSpec (topic)	2026-10-03T19:21:27.7788539Z     rejects locking an already locked environment
API specs (full) - platform	Run RSpec (topic)	2026-10-03T19:21:30.3981698Z     forbids support users
API specs (full) - platform	Run RSpec (topic)	2026-10-03T19:21:32.9261438Z     forbids normal users
API specs (full) - platform	Run RSpec (topic)	2026-10-03T19:21:32.9261964Z   API description
API specs (full) - platform	Run RSpec (topic)	2026-10-03T19:21:36.6841153Z     includes environment write endpoints
API specs (full) - platform	Run RSpec (topic)	2026-10-03T19:21:36.6841943Z   Update
API specs (full) - platform	Run RSpec (topic)	2026-10-03T19:21:39.1885693Z     forbids support users
API specs (full) - platform	Run RSpec (topic)	2026-10-03T19:21:42.7811675Z     returns validation errors for invalid domain
API specs (full) - platform	Run RSpec (topic)	2026-10-03T19:21:46.3925858Z     allows admin to update and returns the object
API specs (full) - platform	Run RSpec (topic)	2026-10-03T19:21:49.0873178Z     forbids normal users
API specs (full) - platform	Run RSpec (topic)	2026-10-03T19:21:51.7288344Z     rejects unauthenticated access
API specs (full) - platform	Run RSpec (topic)	2026-10-03T19:21:55.2065893Z     returns validation errors for invalid label
API specs (full) - platform	Run RSpec (topic)	2026-10-03T19:21:55.2066657Z   Create
API specs (full) - platform	Run RSpec (topic)	2026-10-03T19:21:58.8913194Z     allows admin to create with minimal payload
API specs (full) - platform	Run RSpec (topic)	2026-10-03T19:22:02.6565169Z     returns validation errors for invalid domain
API specs (full) - platform	Run RSpec (topic)	2026-10-03T19:22:06.2780904Z     returns validation errors for missing domain
API specs (full) - platform	Run RSpec (topic)	2026-10-03T19:22:08.8153371Z     rejects unauthenticated access
API specs (full) - platform	Run RSpec (topic)	2026-10-03T19:22:12.5918757Z     returns validation errors for missing label
API specs (full) - platform	Run RSpec (topic)	2026-10-03T19:22:15.2037308Z     forbids normal users
API specs (full) - platform	Run RSpec (topic)	2026-10-03T19:22:17.7224956Z     forbids support users
API specs (full) - platform	Run RSpec (topic)	2026-10-03T19:22:17.7225399Z 
API specs (full) - platform	Run RSpec (topic)	2026-10-03T19:22:17.7225679Z VpsAdmin::API::Resources::ClusterResource
API specs (full) - platform	Run RSpec (topic)	2026-10-03T19:22:17.7227361Z   Update
API specs (full) - platform	Run RSpec (topic)	2026-10-03T19:22:20.4115925Z     forbids normal users
API specs (full) - platform	Run RSpec (topic)	2026-10-03T19:22:22.9270119Z     rejects unauthenticated access
API specs (full) - platform	Run RSpec (topic)	2026-10-03T19:22:26.5305569Z     returns validation errors for invalid label
API specs (full) - platform	Run RSpec (topic)	2026-10-03T19:22:30.1800526Z     allows admin to update and returns the object
API specs (full) - platform	Run RSpec (topic)	2026-10-03T19:22:30.1801263Z   Create
API specs (full) - platform	Run RSpec (topic)	2026-10-03T19:22:32.5144213Z     rejects unauthenticated access
API specs (full) - platform	Run RSpec (topic)	2026-10-03T19:22:35.1697722Z     forbids normal users
API specs (full) - platform	Run RSpec (topic)	2026-10-03T19:22:38.8602010Z     returns validation errors for duplicate name
API specs (full) - platform	Run RSpec (topic)	2026-10-03T19:22:42.3606167Z     returns validation errors for missing name
API specs (full) - platform	Run RSpec (topic)	2026-10-03T19:22:45.9425096Z     allows admin to create a numeric resource with default resource_type
API specs (full) - platform	Run RSpec (topic)	2026-10-03T19:22:45.9425893Z   Index
API specs (full) - platform	Run RSpec (topic)	2026-10-03T19:22:48.5997599Z     allows authenticated users to list resources
API specs (full) - platform	Run RSpec (topic)	2026-10-03T19:22:51.1747461Z     supports limit pagination
API specs (full) - platform	Run RSpec (topic)	2026-10-03T19:22:53.8055267Z     supports from_id pagination
API specs (full) - platform	Run RSpec (topic)	2026-10-03T19:22:56.2772286Z     returns total_count meta when requested
API specs (full) - platform	Run RSpec (topic)	2026-10-03T19:22:58.6966806Z     rejects unauthenticated access
API specs (full) - platform	Run RSpec (topic)	2026-10-03T19:22:58.6967624Z   Show
API specs (full) - platform	Run RSpec (topic)	2026-10-03T19:23:01.3466541Z     returns 404 for unknown resource
API specs (full) - platform	Run RSpec (topic)	2026-10-03T19:23:03.8468281Z     shows a resource for authenticated users
API specs (full) - platform	Run RSpec (topic)	2026-10-03T19:23:06.3395586Z     rejects unauthenticated access
API specs (full) - platform	Run RSpec (topic)	2026-10-03T19:23:06.3396091Z 
API specs (full) - platform	Run RSpec (topic)	2026-10-03T19:23:06.3396374Z VpsAdmin::API::Resources::NodeKernelEvidence
API specs (full) - platform	Run RSpec (topic)	2026-10-03T19:23:16.3001894Z   paginates large event histories in the database without omissions
API specs (full) - platform	Run RSpec (topic)	2026-10-03T19:23:19.9976692Z   filters relational kernel options by node and exact option name
API specs (full) - platform	Run RSpec (topic)	2026-10-03T19:23:27.3897870Z   does not change the evidence revision for unrelated status samples
API specs (full) - platform	Run RSpec (topic)	2026-10-03T19:23:31.0096698Z   lists exact private history with a baseline event for time filters
API specs (full) - platform	Run RSpec (topic)	2026-10-03T19:23:33.7088122Z   forbids normal users
API specs (full) - platform	Run RSpec (topic)	2026-10-03T19:23:52.1697804Z   returns software identities, grouped deployments and per-name sysctl history
API specs (full) - platform	Run RSpec (topic)	2026-10-03T19:23:59.7224811Z   publishes only typed top-level evidence resources
API specs (full) - platform	Run RSpec (topic)	2026-10-03T19:24:03.3286248Z   lists current evidence for all host nodes with a typed Node association
API specs (full) - platform	Run RSpec (topic)	2026-10-03T19:24:07.1863091Z   selects a filtered pre-window baseline independently for every Node
API specs (full) - platform	Run RSpec (topic)	2026-10-03T19:24:54.0091664Z   keeps recovery checkpoints outside public evidence and component resources
API specs (full) - platform	Run RSpec (topic)	2026-10-03T19:25:15.6613069Z   returns independently filterable runtime component rows
API specs (full) - platform	Run RSpec (topic)	2026-10-03T19:25:22.9589977Z   filters kernel events by livepatch lifecycle action
API specs (full) - platform	Run RSpec (topic)	2026-10-03T19:25:33.8550941Z   returns reported collection errors and stored reconstruction coverage facts
API specs (full) - platform	Run RSpec (topic)	2026-10-03T19:25:51.7938081Z   shows every evidence resource used as an association target
API specs (full) - platform	Run RSpec (topic)	2026-10-03T19:26:55.7219213Z   excludes service-only nodes from all evidence resources
API specs (full) - platform	Run RSpec (topic)	2026-10-03T19:26:56.6013534Z   resolves typed associations with only the required read scopes
API specs (full) - platform	Run RSpec (topic)	2026-10-03T19:26:56.6014210Z 
API specs (full) - platform	Run RSpec (topic)	2026-10-03T19:26:56.6014469Z VpsAdmin::API::NotificationTemplates
API specs (full) - platform	Run RSpec (topic)	2026-10-03T19:26:56.6115733Z   rejects values that cannot be persisted
API specs (full) - platform	Run RSpec (topic)	2026-10-03T19:26:56.6154133Z   normalizes language codes and rejects case-insensitive collisions
API specs (full) - platform	Run RSpec (topic)	2026-10-03T19:26:56.6173979Z   reports invalid ERB paths
API specs (full) - platform	Run RSpec (topic)	2026-10-03T19:26:56.6195415Z   parses metadata without executing Ruby
API specs (full) - platform	Run RSpec (topic)	2026-10-03T19:26:56.6212996Z   accepts a package with a templates subdirectory
API specs (full) - platform	Run RSpec (topic)	2026-10-03T19:26:56.6227092Z   uses a metadata subject when no subject file exists
API specs (full) - platform	Run RSpec (topic)	2026-10-03T19:26:56.6245001Z   rejects variants without a text or HTML body
API specs (full) - platform	Run RSpec (topic)	2026-10-03T19:26:56.6258695Z   reads template files as UTF-8 regardless of the process locale
API specs (full) - platform	Run RSpec (topic)	2026-10-03T19:26:56.6277606Z   loads metadata and email variants
API specs (full) - platform	Run RSpec (topic)	2026-10-03T19:26:56.6288193Z   rejects legacy body paths
API specs (full) - platform	Run RSpec (topic)	2026-10-03T19:26:56.6300911Z   rejects invalid metadata values
API specs (full) - platform	Run RSpec (topic)	2026-10-03T19:26:56.6311831Z   rejects unknown protocols
API specs (full) - platform	Run RSpec (topic)	2026-10-03T19:26:56.6334854Z   allows relative symlinks within the template tree
API specs (full) - platform	Run RSpec (topic)	2026-10-03T19:26:56.6349090Z   rejects symlinks outside the template tree
API specs (full) - platform	Run RSpec (topic)	2026-10-03T19:26:56.6349582Z 
API specs (full) - platform	Run RSpec (topic)	2026-10-03T19:26:56.6349849Z VpsAdmin::API::Resources::TransactionChain
API specs (full) - platform	Run RSpec (topic)	2026-10-03T19:26:56.6350841Z   read actions
API specs (full) - platform	Run RSpec (topic)	2026-10-03T19:26:56.6351601Z     Show
API specs (full) - platform	Run RSpec (topic)	2026-10-03T19:26:59.0900047Z       localizes chain and concern labels
API specs (full) - platform	Run RSpec (topic)	2026-10-03T19:27:01.5488834Z       allows normal users to show their chain
API specs (full) - platform	Run RSpec (topic)	2026-10-03T19:27:03.9528716Z       rejects unauthenticated access
API specs (full) - platform	Run RSpec (topic)	2026-10-03T19:27:07.3681194Z       returns 404 for unknown chain
API specs (full) - platform	Run RSpec (topic)	2026-10-03T19:27:10.8943449Z       allows admin to show any chain
API specs (full) - platform	Run RSpec (topic)	2026-10-03T19:27:13.4928490Z       hides other users chains from normal users
API specs (full) - platform	Run RSpec (topic)	2026-10-03T19:27:15.9248190Z       hides other users chains from support users
API specs (full) - platform	Run RSpec (topic)	2026-10-03T19:27:18.5110263Z       renders chains whose user session has no user-agent row
API specs (full) - platform	Run RSpec (topic)	2026-10-03T19:27:18.5110998Z     Index
API specs (full) - platform	Run RSpec (topic)	2026-10-03T19:27:22.0840725Z       filters by user for admins
API specs (full) - platform	Run RSpec (topic)	2026-10-03T19:27:25.6172955Z       allows admin to list all chains
API specs (full) - platform	Run RSpec (topic)	2026-10-03T19:27:28.2454605Z       returns only own chains for normal users
API specs (full) - platform	Run RSpec (topic)	2026-10-03T19:27:31.8333614Z       returns total_count meta when requested
API specs (full) - platform	Run RSpec (topic)	2026-10-03T19:27:35.2791721Z       supports limit pagination
API specs (full) - platform	Run RSpec (topic)	2026-10-03T19:27:38.7304335Z       filters by state
API specs (full) - platform	Run RSpec (topic)	2026-10-03T19:27:41.0528954Z       rejects unauthenticated access
API specs (full) - platform	Run RSpec (topic)	2026-10-03T19:27:44.5224286Z       filters by row_id
API specs (full) - platform	Run RSpec (topic)	2026-10-03T19:27:47.9665235Z       supports from_id pagination
API specs (full) - platform	Run RSpec (topic)	2026-10-03T19:27:50.5360409Z       returns only own chains for support users
API specs (full) - platform	Run RSpec (topic)	2026-10-03T19:27:54.1058915Z       filters by class_name
API specs (full) - platform	Run RSpec (topic)	2026-10-03T19:27:54.1059501Z 
API specs (full) - platform	Run RSpec (topic)	2026-10-03T19:27:54.1059997Z VpsAdmin::API::Resources::Transaction
API specs (full) - platform	Run RSpec (topic)	2026-10-03T19:27:54.1063618Z   read actions
API specs (full) - platform	Run RSpec (topic)	2026-10-03T19:27:54.1064635Z     Index
API specs (full) - platform	Run RSpec (topic)	2026-10-03T19:27:57.6008180Z       returns total_count meta when requested
API specs (full) - platform	Run RSpec (topic)	2026-10-03T19:28:01.1173611Z       filters by done
API specs (full) - platform	Run RSpec (topic)	2026-10-03T19:28:03.6908271Z       returns only own transactions for normal users
API specs (full) - platform	Run RSpec (topic)	2026-10-03T19:28:07.2704971Z       supports limit pagination
API specs (full) - platform	Run RSpec (topic)	2026-10-03T19:28:09.9356066Z       returns only own transactions for support users
API specs (full) - platform	Run RSpec (topic)	2026-10-03T19:28:13.5430648Z       allows admin to list all transactions
API specs (full) - platform	Run RSpec (topic)	2026-10-03T19:28:15.9326781Z       rejects unauthenticated access
API specs (full) - platform	Run RSpec (topic)	2026-10-03T19:28:19.4113345Z       filters by success
API specs (full) - platform	Run RSpec (topic)	2026-10-03T19:28:22.8892045Z       supports from_id pagination
API specs (full) - platform	Run RSpec (topic)	2026-10-03T19:28:26.3535556Z       filters by transaction_chain
API specs (full) - platform	Run RSpec (topic)	2026-10-03T19:28:26.3536256Z     Show
API specs (full) - platform	Run RSpec (topic)	2026-10-03T19:28:28.9606700Z       allows normal users to show their transaction
API specs (full) - platform	Run RSpec (topic)	2026-10-03T19:28:31.3819655Z       rejects unauthenticated access
API specs (full) - platform	Run RSpec (topic)	2026-10-03T19:28:33.9822372Z       hides other users transactions from normal users
API specs (full) - platform	Run RSpec (topic)	2026-10-03T19:28:37.5446440Z       allows admin to show any transaction
API specs (full) - platform	Run RSpec (topic)	2026-10-03T19:28:40.1068353Z       hides other users transactions from support users
API specs (full) - platform	Run RSpec (topic)	2026-10-03T19:28:43.6228212Z       returns 404 for unknown transaction
API specs (full) - platform	Run RSpec (topic)	2026-10-03T19:28:47.1103068Z       localizes labels
API specs (full) - platform	Run RSpec (topic)	2026-10-03T19:28:47.1107992Z 
API specs (full) - platform	Run RSpec (topic)	2026-10-03T19:28:47.1108264Z VpsAdmin::Scheduler::Server
API specs (full) - platform	Run RSpec (topic)	2026-10-03T19:28:47.1127125Z   exposes scheduler, worker and daemon collaborators
API specs (full) - platform	Run RSpec (topic)	2026-10-03T19:28:47.1163632Z   builds a client for accepted sockets
API specs (full) - platform	Run RSpec (topic)	2026-10-03T19:28:47.1164088Z   VpsAdmin::Scheduler::Server::Client
API specs (full) - platform	Run RSpec (topic)	2026-10-03T19:28:47.1226131Z     returns exported tasks
API specs (full) - platform	Run RSpec (topic)	2026-10-03T19:28:47.1258316Z     returns task count for status
API specs (full) - platform	Run RSpec (topic)	2026-10-03T19:28:47.1308934Z     ignores connection resets during communication
API specs (full) - platform	Run RSpec (topic)	2026-10-03T19:28:47.1364035Z     enqueues a task for manual execution
API specs (full) - platform	Run RSpec (topic)	2026-10-03T19:28:47.1392355Z     returns syntax errors for invalid JSON
API specs (full) - platform	Run RSpec (topic)	2026-10-03T19:28:47.1420525Z     returns an error for invalid request shape
API specs (full) - platform	Run RSpec (topic)	2026-10-03T19:28:47.1471944Z     returns an error when a manual task is missing
API specs (full) - platform	Run RSpec (topic)	2026-10-03T19:28:47.1498223Z     returns an error for unknown commands
API specs (full) - platform	Run RSpec (topic)	2026-10-03T19:28:47.1535841Z     requests daemon updates
API specs (full) - platform	Run RSpec (topic)	2026-10-03T19:28:47.1603520Z     ignores EPIPE while sending a response
API specs (full) - platform	Run RSpec (topic)	2026-10-03T19:28:47.1604382Z 
API specs (full) - platform	Run RSpec (topic)	2026-10-03T19:28:47.1604885Z VpsAdmin::Scheduler::Daemon
API specs (full) - platform	Run RSpec (topic)	2026-10-03T19:28:47.2020262Z   loads repeatable tasks in id order and maps cron fields
API specs (full) - platform	Run RSpec (topic)	2026-10-03T19:28:47.2791174Z   pushes update notifications to the internal queue
API specs (full) - platform	Run RSpec (topic)	2026-10-03T19:28:47.2811330Z   starts collaborators and blocks on queue pop in the run loop
API specs (full) - platform	Run RSpec (topic)	2026-10-03T19:28:47.2812362Z 
API specs (full) - platform	Run RSpec (topic)	2026-10-03T19:28:47.2812804Z VpsAdmin::API::Resources::Node::KernelHistory
API specs (full) - platform	Run RSpec (topic)	2026-10-03T19:28:49.7029268Z   allows logged-in users to read sanitized history
API specs (full) - platform	Run RSpec (topic)	2026-10-03T19:28:52.1033586Z   rejects unauthenticated requests
API specs (full) - platform	Run RSpec (topic)	2026-10-03T19:28:55.6500675Z   publishes the kernel history action in the API description
API specs (full) - platform	Run RSpec (topic)	2026-10-03T19:28:58.1108265Z   returns newest events first with a stable id tie-breaker
API specs (full) - platform	Run RSpec (topic)	2026-10-03T19:29:00.7048581Z   does not expose kernel history for service-only nodes
API specs (full) - platform	Run RSpec (topic)	2026-10-03T19:29:03.1562274Z   does not expose inactive node history
API specs (full) - platform	Run RSpec (topic)	2026-10-03T19:29:03.1562765Z 
API specs (full) - platform	Run RSpec (topic)	2026-10-03T19:29:03.1562989Z VpsAdmin::API::Resources::Debug
API specs (full) - platform	Run RSpec (topic)	2026-10-03T19:29:03.1563829Z   Hash top
API specs (full) - platform	Run RSpec (topic)	2026-10-03T19:29:06.6568316Z     lists the largest hashes for admin
API specs (full) - platform	Run RSpec (topic)	2026-10-03T19:29:10.2239143Z     rejects non-numeric limit
API specs (full) - platform	Run RSpec (topic)	2026-10-03T19:29:12.8429966Z     forbids normal users
API specs (full) - platform	Run RSpec (topic)	2026-10-03T19:29:15.2759962Z     forbids support users
API specs (full) - platform	Run RSpec (topic)	2026-10-03T19:29:17.6719988Z     rejects unauthenticated access
API specs (full) - platform	Run RSpec (topic)	2026-10-03T19:29:17.6720633Z   API description
API specs (full) - platform	Run RSpec (topic)	2026-10-03T19:29:21.2925156Z     includes debug endpoints
API specs (full) - platform	Run RSpec (topic)	2026-10-03T19:29:21.2925766Z   List object counts
API specs (full) - platform	Run RSpec (topic)	2026-10-03T19:29:23.7260938Z     forbids normal users
API specs (full) - platform	Run RSpec (topic)	2026-10-03T19:29:26.0619812Z     rejects unauthenticated access
API specs (full) - platform	Run RSpec (topic)	2026-10-03T19:29:28.6527530Z     forbids support users
API specs (full) - platform	Run RSpec (topic)	2026-10-03T19:29:32.1966197Z     shows object counts for admin
API specs (full) - platform	Run RSpec (topic)	2026-10-03T19:29:32.1966784Z   Array top
API specs (full) - platform	Run RSpec (topic)	2026-10-03T19:29:35.6318919Z     lists the largest arrays for admin
API specs (full) - platform	Run RSpec (topic)	2026-10-03T19:29:39.0808486Z     rejects non-numeric limit
API specs (full) - platform	Run RSpec (topic)	2026-10-03T19:29:41.6388421Z     forbids normal users
API specs (full) - platform	Run RSpec (topic)	2026-10-03T19:29:44.0602437Z     forbids support users
API specs (full) - platform	Run RSpec (topic)	2026-10-03T19:29:46.4277324Z     rejects unauthenticated access
API specs (full) - platform	Run RSpec (topic)	2026-10-03T19:29:46.4278417Z 
API specs (full) - platform	Run RSpec (topic)	2026-10-03T19:29:46.4278658Z VpsAdmin::API::Resources::Environment
API specs (full) - platform	Run RSpec (topic)	2026-10-03T19:29:46.4280196Z   Show
API specs (full) - platform	Run RSpec (topic)	2026-10-03T19:29:48.7882340Z     rejects unauthenticated access
API specs (full) - platform	Run RSpec (topic)	2026-10-03T19:29:52.3195102Z     returns 404 for unknown environment
API specs (full) - platform	Run RSpec (topic)	2026-10-03T19:29:54.9542992Z     allows support to show environments with limited output
API specs (full) - platform	Run RSpec (topic)	2026-10-03T19:29:58.5252660Z     allows admins to show environments with full output
API specs (full) - platform	Run RSpec (topic)	2026-10-03T19:30:01.0731660Z     allows users to show environments with limited output
API specs (full) - platform	Run RSpec (topic)	2026-10-03T19:30:01.0732158Z   Index
API specs (full) - platform	Run RSpec (topic)	2026-10-03T19:30:04.5880906Z     returns total_count meta when requested
API specs (full) - platform	Run RSpec (topic)	2026-10-03T19:30:08.0787614Z     filters by has_hypervisor
API specs (full) - platform	Run RSpec (topic)	2026-10-03T19:30:11.5703512Z     allows admins to list environments with full output
API specs (full) - platform	Run RSpec (topic)	2026-10-03T19:30:14.1419469Z     allows support to list environments with limited output
API specs (full) - platform	Run RSpec (topic)	2026-10-03T19:30:16.5960862Z     allows users to list environments with limited output
API specs (full) - platform	Run RSpec (topic)	2026-10-03T19:30:20.1075064Z     filters by has_storage
API specs (full) - platform	Run RSpec (topic)	2026-10-03T19:30:23.5813952Z     supports limit pagination
API specs (full) - platform	Run RSpec (topic)	2026-10-03T19:30:25.9385953Z     rejects unauthenticated access
API specs (full) - platform	Run RSpec (topic)	2026-10-03T19:30:29.3976308Z     supports from_id pagination
API specs (full) - platform	Run RSpec (topic)	2026-10-03T19:30:29.3977067Z 
API specs (full) - platform	Run RSpec (topic)	2026-10-03T19:30:29.3977364Z VpsAdmin::API::PasswordRecoveryWorker
API specs (full) - platform	Run RSpec (topic)	2026-10-03T19:30:29.4702449Z   continues after a submission disappears during failed processing
API specs (full) - platform	Run RSpec (topic)	2026-10-03T19:30:29.4790007Z   reports an empty queue without doing work
API specs (full) - platform	Run RSpec (topic)	2026-10-03T19:30:29.5304478Z   retries failures and finishes a submission after the attempt limit
API specs (full) - platform	Run RSpec (topic)	2026-10-03T19:30:29.5537629Z   processes and finishes a queued submission outside the HTTP request
API specs (full) - platform	Run RSpec (topic)	2026-10-03T19:30:29.5886615Z   continues after a submission disappears during successful processing
API specs (full) - platform	Run RSpec (topic)	2026-10-03T19:30:29.5940438Z   waits five seconds by default when the queue is empty
API specs (full) - platform	Run RSpec (topic)	2026-10-03T19:30:29.6015251Z   waits without querying the queue before its schema exists
API specs (full) - platform	Run RSpec (topic)	2026-10-03T19:30:29.6063213Z   waits with an error backoff after processing failures
API specs (full) - platform	Run RSpec (topic)	2026-10-03T19:30:29.6148580Z   detects its schema after an earlier absent-schema poll
API specs (full) - platform	Run RSpec (topic)	2026-10-03T19:30:29.6739728Z   finishes queued work after the feature is disabled
API specs (full) - platform	Run RSpec (topic)	2026-10-03T19:30:29.6740284Z 
API specs (full) - platform	Run RSpec (topic)	2026-10-03T19:30:29.6740547Z VpsAdmin::API::Resources::ObjectHistory
API specs (full) - platform	Run RSpec (topic)	2026-10-03T19:30:29.6741125Z   API description
API specs (full) - platform	Run RSpec (topic)	2026-10-03T19:30:33.1222626Z     includes object_history scopes
API specs (full) - platform	Run RSpec (topic)	2026-10-03T19:30:33.1223089Z   Index
API specs (full) - platform	Run RSpec (topic)	2026-10-03T19:30:36.6680883Z     orders by created_at and id ascending
API specs (full) - platform	Run RSpec (topic)	2026-10-03T19:30:40.0345054Z     filters by object type
API specs (full) - platform	Run RSpec (topic)	2026-10-03T19:30:43.3342288Z     allows admins to filter by user
API specs (full) - platform	Run RSpec (topic)	2026-10-03T19:30:45.8709807Z     allows normal users to list only their events
API specs (full) - platform	Run RSpec (topic)	2026-10-03T19:30:49.0540299Z     filters by object id
API specs (full) - platform	Run RSpec (topic)	2026-10-03T19:30:52.5445084Z     allows admins to list all events
API specs (full) - platform	Run RSpec (topic)	2026-10-03T19:30:54.9858846Z     allows support users to list only their events
API specs (full) - platform	Run RSpec (topic)	2026-10-03T19:30:57.3668117Z     rejects unauthenticated access
API specs (full) - platform	Run RSpec (topic)	2026-10-03T19:30:59.7739613Z     filters by user_session
API specs (full) - platform	Run RSpec (topic)	2026-10-03T19:31:02.2200621Z     ignores user filter for non-admin users
API specs (full) - platform	Run RSpec (topic)	2026-10-03T19:31:12.4562022Z     supports pagination and meta count for admins
API specs (full) - platform	Run RSpec (topic)	2026-10-03T19:31:15.7985390Z     filters by event_type
API specs (full) - platform	Run RSpec (topic)	2026-10-03T19:31:15.7986000Z   Show
API specs (full) - platform	Run RSpec (topic)	2026-10-03T19:31:18.0922781Z     rejects unauthenticated access
API specs (full) - platform	Run RSpec (topic)	2026-10-03T19:31:20.5468477Z     allows users to show their event
API specs (full) - platform	Run RSpec (topic)	2026-10-03T19:31:24.1176412Z     allows admins to show any event
API specs (full) - platform	Run RSpec (topic)	2026-10-03T19:31:26.5569201Z     returns 404 for other users events
API specs (full) - platform	Run RSpec (topic)	2026-10-03T19:31:30.1209435Z     returns 404 for unknown event id
API specs (full) - platform	Run RSpec (topic)	2026-10-03T19:31:30.1209938Z 
API specs (full) - platform	Run RSpec (topic)	2026-10-03T19:31:30.1213397Z VpsAdmin::Scheduler::Worker
API specs (full) - platform	Run RSpec (topic)	2026-10-03T19:31:30.1235705Z   executes the resolved row
API specs (full) - platform	Run RSpec (topic)	2026-10-03T19:31:30.1245871Z   warns and does not raise when the row is missing
API specs (full) - platform	Run RSpec (topic)	2026-10-03T19:31:30.1255968Z   looks up the task by class name and primary key
API specs (full) - platform	Run RSpec (topic)	2026-10-03T19:31:30.1268095Z   rescues task exceptions and warns
API specs (full) - platform	Run RSpec (topic)	2026-10-03T19:31:30.1268672Z 
API specs (full) - platform	Run RSpec (topic)	2026-10-03T19:31:30.1268991Z payments plugin metrics
API specs (full) - platform	Run RSpec (topic)	2026-10-03T19:31:30.1469078Z   exports monthly payment and paid-until for the current token user
API specs (full) - platform	Run RSpec (topic)	2026-10-03T19:31:30.1469523Z 
API specs (full) - platform	Run RSpec (topic)	2026-10-03T19:31:30.1469708Z VpsAdmin::Scheduler::CronScheduler
API specs (full) - platform	Run RSpec (topic)	2026-10-03T19:31:30.1480619Z   adds and returns tasks by id
API specs (full) - platform	Run RSpec (topic)	2026-10-03T19:31:30.1485945Z   replaces the task set atomically
API specs (full) - platform	Run RSpec (topic)	2026-10-03T19:31:30.1497376Z   queues only matching tasks during a run tick
API specs (full) - platform	Run RSpec (topic)	2026-10-03T19:31:30.1504000Z   sleeps until the next minute boundary
API specs (full) - platform	Run RSpec (topic)	2026-10-03T19:31:30.1504438Z 
API specs (full) - platform	Run RSpec (topic)	2026-10-03T19:31:30.1504792Z VpsAdmin::API::Resources::NodeTransferConnection
API specs (full) - platform	Run RSpec (topic)	2026-10-03T19:31:30.1506597Z   Create
API specs (full) - platform	Run RSpec (topic)	2026-10-03T19:31:33.5371923Z     normalizes reversed node order on create
API specs (full) - platform	Run RSpec (topic)	2026-10-03T19:31:36.9986775Z     rejects same-node pairs
API specs (full) - platform	Run RSpec (topic)	2026-10-03T19:31:40.3824842Z     rejects duplicate pairs even when reversed
API specs (full) - platform	Run RSpec (topic)	2026-10-03T19:31:43.8658157Z     rejects CIDR input
API specs (full) - platform	Run RSpec (topic)	2026-10-03T19:31:47.1995556Z     allows admin to create a node transfer connection
API specs (full) - platform	Run RSpec (topic)	2026-10-03T19:31:49.5057176Z     rejects unauthenticated access
API specs (full) - platform	Run RSpec (topic)	2026-10-03T19:31:51.9460260Z     forbids normal users
API specs (full) - platform	Run RSpec (topic)	2026-10-03T19:31:55.4602545Z     defaults enabled to true when omitted
API specs (full) - platform	Run RSpec (topic)	2026-10-03T19:31:57.8983799Z     forbids support users
API specs (full) - platform	Run RSpec (topic)	2026-10-03T19:32:01.4423861Z     rejects invalid IP input
API specs (full) - platform	Run RSpec (topic)	2026-10-03T19:32:01.4424440Z   Delete
API specs (full) - platform	Run RSpec (topic)	2026-10-03T19:32:04.8086138Z     allows admin to delete a connection
API specs (full) - platform	Run RSpec (topic)	2026-10-03T19:32:04.8086629Z   Index and Show
API specs (full) - platform	Run RSpec (topic)	2026-10-03T19:32:08.2321798Z     shows a single connection
API specs (full) - platform	Run RSpec (topic)	2026-10-03T19:32:11.6104016Z     allows admin to list connections
API specs (full) - platform	Run RSpec (topic)	2026-10-03T19:32:18.4218903Z     filters by node regardless of canonical ordering
API specs (full) - platform	Run RSpec (topic)	2026-10-03T19:32:21.9259220Z     filters by enabled
API specs (full) - platform	Run RSpec (topic)	2026-10-03T19:32:21.9259777Z   Update
API specs (full) - platform	Run RSpec (topic)	2026-10-03T19:32:25.3238626Z     allows admin to update endpoint addresses
API specs (full) - platform	Run RSpec (topic)	2026-10-03T19:32:28.7902178Z     rejects invalid IP updates
API specs (full) - platform	Run RSpec (topic)	2026-10-03T19:32:32.1748473Z     allows admin to toggle enabled
API specs (full) - platform	Run RSpec (topic)	2026-10-03T19:32:32.1749129Z   API description
API specs (full) - platform	Run RSpec (topic)	2026-10-03T19:32:35.6545066Z     does not expose node pair changes in update input
API specs (full) - platform	Run RSpec (topic)	2026-10-03T19:32:39.1024945Z     includes node_transfer_connection endpoints
API specs (full) - platform	Run RSpec (topic)	2026-10-03T19:32:39.1025517Z 
API specs (full) - platform	Run RSpec (topic)	2026-10-03T19:32:39.1025837Z VpsAdmin::API::Resources::Location write actions
API specs (full) - platform	Run RSpec (topic)	2026-10-03T19:32:39.1026754Z   Update
API specs (full) - platform	Run RSpec (topic)	2026-10-03T19:32:42.6230636Z     returns validation errors for invalid domain
API specs (full) - platform	Run RSpec (topic)	2026-10-03T19:32:45.0779806Z     forbids normal users
API specs (full) - platform	Run RSpec (topic)	2026-10-03T19:32:47.4663780Z     rejects unauthenticated access
API specs (full) - platform	Run RSpec (topic)	2026-10-03T19:32:50.7940255Z     allows admin to update and returns the object
API specs (full) - platform	Run RSpec (topic)	2026-10-03T19:32:54.2740032Z     returns validation errors for invalid has_ipv6
API specs (full) - platform	Run RSpec (topic)	2026-10-03T19:32:56.7013689Z     forbids support users
API specs (full) - platform	Run RSpec (topic)	2026-10-03T19:32:56.7014297Z   Create
API specs (full) - platform	Run RSpec (topic)	2026-10-03T19:32:59.1503110Z     forbids support users
API specs (full) - platform	Run RSpec (topic)	2026-10-03T19:33:01.7478190Z     forbids normal users
API specs (full) - platform	Run RSpec (topic)	2026-10-03T19:33:05.0063472Z     returns validation errors for missing has_ipv6
API specs (full) - platform	Run RSpec (topic)	2026-10-03T19:33:08.5413497Z     returns validation errors for missing label
API specs (full) - platform	Run RSpec (topic)	2026-10-03T19:33:11.8480427Z     returns validation errors for missing environment
API specs (full) - platform	Run RSpec (topic)	2026-10-03T19:33:15.2664645Z     allows admin to create with minimal payload
API specs (full) - platform	Run RSpec (topic)	2026-10-03T19:33:17.4763906Z     rejects unauthenticated access
API specs (full) - platform	Run RSpec (topic)	2026-10-03T19:33:20.9310590Z     returns validation errors for missing domain
API specs (full) - platform	Run RSpec (topic)	2026-10-03T19:33:20.9311097Z   SetMaintenance
API specs (full) - platform	Run RSpec (topic)	2026-10-03T19:33:23.3786681Z     forbids support users
API specs (full) - platform	Run RSpec (topic)	2026-10-03T19:33:26.9321347Z     allows admin to unlock maintenance
API specs (full) - platform	Run RSpec (topic)	2026-10-03T19:33:33.7294466Z     rejects locking an already locked location
API specs (full) - platform	Run RSpec (topic)	2026-10-03T19:33:35.9214081Z     rejects unauthenticated access
API specs (full) - platform	Run RSpec (topic)	2026-10-03T19:33:39.4308307Z     allows admin to lock maintenance
API specs (full) - platform	Run RSpec (topic)	2026-10-03T19:33:42.7990257Z     returns validation errors for missing lock
API specs (full) - platform	Run RSpec (topic)	2026-10-03T19:33:45.4043502Z     forbids normal users
API specs (full) - platform	Run RSpec (topic)	2026-10-03T19:33:45.4044064Z   API description
API specs (full) - platform	Run RSpec (topic)	2026-10-03T19:33:48.6914258Z     includes location write endpoints
API specs (full) - platform	Run RSpec (topic)	2026-10-03T19:33:48.6914993Z 
API specs (full) - platform	Run RSpec (topic)	2026-10-03T19:33:48.6915326Z VpsAdmin::Supervisor::Console::Rpc
API specs (full) - platform	Run RSpec (topic)	2026-10-03T19:33:48.6917102Z   VpsAdmin::Supervisor::Console::Rpc::Handler
API specs (full) - platform	Run RSpec (topic)	2026-10-03T19:33:48.6955556Z     returns the configured API URL
API specs (full) - platform	Run RSpec (topic)	2026-10-03T19:33:48.7060279Z     returns nil for a missing console session
API specs (full) - platform	Run RSpec (topic)	2026-10-03T19:33:48.7209350Z     returns nil for an expired console session
API specs (full) - platform	Run RSpec (topic)	2026-10-03T19:33:48.7331761Z     returns the VPS node domain for a valid console session
API specs (full) - platform	Run RSpec (topic)	2026-10-03T19:33:48.7452885Z     extends a valid console session expiration
API specs (full) - platform	Run RSpec (topic)	2026-10-03T19:33:48.7453715Z   VpsAdmin::Supervisor::Console::Rpc::Request
API specs (full) - platform	Run RSpec (topic)	2026-10-03T19:33:48.7528638Z     replies with an error for invalid JSON and reraises
API specs (full) - platform	Run RSpec (topic)	2026-10-03T19:33:48.7540285Z     replies with an error for handler exceptions and reraises
API specs (full) - platform	Run RSpec (topic)	2026-10-03T19:33:48.7546739Z     replies with an error for unknown commands
API specs (full) - platform	Run RSpec (topic)	2026-10-03T19:33:48.7553954Z     passes args and symbolizes kwargs
API specs (full) - platform	Run RSpec (topic)	2026-10-03T19:33:48.7566286Z     rejects inherited Ruby dispatch methods
API specs (full) - platform	Run RSpec (topic)	2026-10-03T19:33:48.7573952Z     replies with successful handler responses
API specs (full) - platform	Run RSpec (topic)	2026-10-03T19:33:48.7574598Z 
API specs (full) - platform	Run RSpec (topic)	2026-10-03T19:33:48.7574799Z VpsAdmin::API::Resources::SystemConfig
API specs (full) - platform	Run RSpec (topic)	2026-10-03T19:33:48.7576002Z   Index
API specs (full) - platform	Run RSpec (topic)	2026-10-03T19:33:51.3173813Z     shows support config for support
API specs (full) - platform	Run RSpec (topic)	2026-10-03T19:33:53.7302062Z     shows user config for normal users
API specs (full) - platform	Run RSpec (topic)	2026-10-03T19:33:55.9601124Z     shows only public config for unauthenticated users
API specs (full) - platform	Run RSpec (topic)	2026-10-03T19:33:58.2863175Z     filters by category
API specs (full) - platform	Run RSpec (topic)	2026-10-03T19:34:01.5986070Z     shows admin config for admin
API specs (full) - platform	Run RSpec (topic)	2026-10-03T19:34:01.5986657Z   Show
API specs (full) - platform	Run RSpec (topic)	2026-10-03T19:34:04.0228877Z     returns localized_value for localized hash settings
API specs (full) - platform	Run RSpec (topic)	2026-10-03T19:34:06.2212960Z     rejects unauthenticated access to user-only config
API specs (full) - platform	Run RSpec (topic)	2026-10-03T19:34:08.8401924Z     allows users to access user-only config
API specs (full) - platform	Run RSpec (topic)	2026-10-03T19:34:10.9811521Z     returns 404 for unknown config
API specs (full) - platform	Run RSpec (topic)	2026-10-03T19:34:13.4452670Z     rejects users from accessing support-only config
API specs (full) - platform	Run RSpec (topic)	2026-10-03T19:34:15.7909967Z     allows unauthenticated access to public config
API specs (full) - platform	Run RSpec (topic)	2026-10-03T19:34:19.0954204Z     allows admin to access admin-only config
API specs (full) - platform	Run RSpec (topic)	2026-10-03T19:34:21.7217414Z     rejects support from accessing admin-only config
API specs (full) - platform	Run RSpec (topic)	2026-10-03T19:34:24.1416297Z     allows support to access support-only config
API specs (full) - platform	Run RSpec (topic)	2026-10-03T19:34:26.3506275Z     does not localize ordinary hash settings
API specs (full) - platform	Run RSpec (topic)	2026-10-03T19:34:29.7949480Z     does not allow admin access to hidden config
API specs (full) - platform	Run RSpec (topic)	2026-10-03T19:34:29.7950124Z   Update
API specs (full) - platform	Run RSpec (topic)	2026-10-03T19:34:31.9467189Z     rejects unauthenticated updates
API specs (full) - platform	Run RSpec (topic)	2026-10-03T19:34:35.4634426Z     allows admin to update string values
API specs (full) - platform	Run RSpec (topic)	2026-10-03T19:34:38.7649265Z     allows admin to update array values with YAML
API specs (full) - platform	Run RSpec (topic)	2026-10-03T19:34:41.3862511Z     rejects user updates
API specs (full) - platform	Run RSpec (topic)	2026-10-03T19:34:44.6823742Z     returns 404 for unknown config
API specs (full) - platform	Run RSpec (topic)	2026-10-03T19:34:47.1154623Z     rejects support updates
API specs (full) - platform	Run RSpec (topic)	2026-10-03T19:34:47.1155080Z 
API specs (full) - platform	Run RSpec (topic)	2026-10-03T19:34:47.1155329Z VpsAdmin::API::IncidentReports
API specs (full) - platform	Run RSpec (topic)	2026-10-03T19:34:47.1156308Z   VpsAdmin::API::IncidentReports::Handler
API specs (full) - platform	Run RSpec (topic)	2026-10-03T19:34:47.3000140Z Incident #69 user=3 vps=354 ip=192.0.2.20/32
API specs (full) - platform	Run RSpec (topic)	2026-10-03T19:34:47.3322887Z     fires Send for active incidents in execute mode
API specs (full) - platform	Run RSpec (topic)	2026-10-03T19:34:47.3370846Z     returns the processed boolean in dry-run mode without firing chains
API specs (full) - platform	Run RSpec (topic)	2026-10-03T19:34:47.4678361Z Incident #70 user=3 vps=355 ip=192.0.2.20/32
API specs (full) - platform	Run RSpec (topic)	2026-10-03T19:34:47.4742667Z     fires Reply when there are no active incidents but a reply is available
API specs (full) - platform	Run RSpec (topic)	2026-10-03T19:34:47.4743556Z   VpsAdmin::API::IncidentReports::Parser
API specs (full) - platform	Run RSpec (topic)	2026-10-03T19:34:47.6106310Z     finds an address from a larger encompassing network
API specs (full) - platform	Run RSpec (topic)	2026-10-03T19:34:47.7550520Z     finds an exact address assignment
API specs (full) - platform	Run RSpec (topic)	2026-10-03T19:34:48.0396644Z     picks the current time-bounded assignment
API specs (full) - platform	Run RSpec (topic)	2026-10-03T19:34:48.0444172Z     returns nil when no address matches
API specs (full) - platform	Run RSpec (topic)	2026-10-03T19:34:48.0444767Z 
API specs (full) - platform	Run RSpec (topic)	2026-10-03T19:34:48.0445121Z VpsAdmin::API::Resources::ActionState
API specs (full) - platform	Run RSpec (topic)	2026-10-03T19:34:48.0446716Z   Show
API specs (full) - platform	Run RSpec (topic)	2026-10-03T19:34:50.6540574Z     shows a chain owned by the current user
API specs (full) - platform	Run RSpec (topic)	2026-10-03T19:34:53.0793462Z     marks done chains as finished with success
API specs (full) - platform	Run RSpec (topic)	2026-10-03T19:34:55.5008825Z     marks failed chains as finished with failure
API specs (full) - platform	Run RSpec (topic)	2026-10-03T19:34:57.9263413Z     treats unauthenticated requests as not found
API specs (full) - platform	Run RSpec (topic)	2026-10-03T19:35:00.3776462Z     hides other user chains
API specs (full) - platform	Run RSpec (topic)	2026-10-03T19:35:02.8270409Z     returns not found for unknown ids
API specs (full) - platform	Run RSpec (topic)	2026-10-03T19:35:02.8270859Z   Poll
API specs (full) - platform	Run RSpec (topic)	2026-10-03T19:35:05.4485561Z     returns not found for unknown ids
API specs (full) - platform	Run RSpec (topic)	2026-10-03T19:35:07.8638971Z     hides other user chains
API specs (full) - platform	Run RSpec (topic)	2026-10-03T19:35:10.2999842Z     returns immediately with timeout 0
API specs (full) - platform	Run RSpec (topic)	2026-10-03T19:35:12.7414493Z     returns immediately when update_in criteria mismatch
API specs (full) - platform	Run RSpec (topic)	2026-10-03T19:35:15.0509974Z     treats unauthenticated requests as not found
API specs (full) - platform	Run RSpec (topic)	2026-10-03T19:35:15.0510652Z   Index
API specs (full) - platform	Run RSpec (topic)	2026-10-03T19:35:17.4766615Z     supports from_id pagination
API specs (full) - platform	Run RSpec (topic)	2026-10-03T19:35:19.9254699Z     validates order choices
API specs (full) - platform	Run RSpec (topic)	2026-10-03T19:35:24.9116117Z     orders by newest by default and oldest when requested
API specs (full) - platform	Run RSpec (topic)	2026-10-03T19:35:27.3428178Z     lists only queued and rollbacking chains for the current user
API specs (full) - platform	Run RSpec (topic)	2026-10-03T19:35:29.7957563Z     supports limit pagination
API specs (full) - platform	Run RSpec (topic)	2026-10-03T19:35:32.1480160Z     returns empty list for unauthenticated requests
API specs (full) - platform	Run RSpec (topic)	2026-10-03T19:35:32.1482289Z   Cancel
API specs (full) - platform	Run RSpec (topic)	2026-10-03T19:35:34.5980370Z     returns not found for unknown ids
API specs (full) - platform	Run RSpec (topic)	2026-10-03T19:35:37.0415665Z     hides other user chains
API specs (full) - platform	Run RSpec (topic)	2026-10-03T19:35:39.3686434Z     treats unauthenticated requests as not found
API specs (full) - platform	Run RSpec (topic)	2026-10-03T19:35:41.7846531Z     returns not implemented for authenticated users
API specs (full) - platform	Run RSpec (topic)	2026-10-03T19:35:41.7847246Z 
API specs (full) - platform	Run RSpec (topic)	2026-10-03T19:35:41.7847473Z VpsAdmin::API::Resources::Node
API specs (full) - platform	Run RSpec (topic)	2026-10-03T19:35:41.7848780Z   Show
API specs (full) - platform	Run RSpec (topic)	2026-10-03T19:35:45.2695430Z     shows unknown capacity before a hosting Node reports
API specs (full) - platform	Run RSpec (topic)	2026-10-03T19:35:50.1021214Z     hides inactive nodes from users and support
API specs (full) - platform	Run RSpec (topic)	2026-10-03T19:35:53.5890106Z     does not expose a kernel for service nodes
API specs (full) - platform	Run RSpec (topic)	2026-10-03T19:35:56.9259346Z     shows observed capacity instead of the legacy rollback cache
API specs (full) - platform	Run RSpec (topic)	2026-10-03T19:35:59.5623590Z     allows support to show nodes with limited output
API specs (full) - platform	Run RSpec (topic)	2026-10-03T19:36:01.7918401Z     rejects unauthenticated access
API specs (full) - platform	Run RSpec (topic)	2026-10-03T19:36:05.2740780Z     allows admins to show nodes with full output
API specs (full) - platform	Run RSpec (topic)	2026-10-03T19:36:08.5821052Z     returns 404 for unknown node
API specs (full) - platform	Run RSpec (topic)	2026-10-03T19:36:12.0276777Z     allows admins to show inactive nodes
API specs (full) - platform	Run RSpec (topic)	2026-10-03T19:36:14.4111540Z     allows users to show nodes with limited output
API specs (full) - platform	Run RSpec (topic)	2026-10-03T19:36:14.4112246Z   Index
API specs (full) - platform	Run RSpec (topic)	2026-10-03T19:36:17.9305288Z     supports limit pagination
API specs (full) - platform	Run RSpec (topic)	2026-10-03T19:36:21.2441268Z     returns total_count meta when requested
API specs (full) - platform	Run RSpec (topic)	2026-10-03T19:36:23.8613253Z     allows users to list nodes with limited output
API specs (full) - platform	Run RSpec (topic)	2026-10-03T19:36:27.1913620Z     filters by environment
API specs (full) - platform	Run RSpec (topic)	2026-10-03T19:36:30.6243352Z     filters by location
API specs (full) - platform	Run RSpec (topic)	2026-10-03T19:36:33.9364461Z     allows admins to list nodes with full output
API specs (full) - platform	Run RSpec (topic)	2026-10-03T19:36:37.3744396Z     filters by state
API specs (full) - platform	Run RSpec (topic)	2026-10-03T19:36:39.5602575Z     rejects unauthenticated access
API specs (full) - platform	Run RSpec (topic)	2026-10-03T19:36:42.9685897Z     supports from_id pagination
API specs (full) - platform	Run RSpec (topic)	2026-10-03T19:36:45.3805774Z     allows support to list nodes with limited output
API specs (full) - platform	Run RSpec (topic)	2026-10-03T19:36:45.3807118Z   PublicStatus
API specs (full) - platform	Run RSpec (topic)	2026-10-03T19:36:47.7655308Z     allows unauthenticated access with ids hidden
API specs (full) - platform	Run RSpec (topic)	2026-10-03T19:36:50.2079347Z     includes ids for authenticated users
API specs (full) - platform	Run RSpec (topic)	2026-10-03T19:36:50.2079965Z   Description
API specs (full) - platform	Run RSpec (topic)	2026-10-03T19:36:53.7235428Z     describes the show endpoint for HaveAPI clients
API specs (full) - platform	Run RSpec (topic)	2026-10-03T19:36:53.7236124Z   OverviewList
API specs (full) - platform	Run RSpec (topic)	2026-10-03T19:36:55.9182327Z     rejects unauthenticated access
API specs (full) - platform	Run RSpec (topic)	2026-10-03T19:36:58.4685365Z     forbids normal users
API specs (full) - platform	Run RSpec (topic)	2026-10-03T19:37:01.7793608Z     allows admins to list overview data
API specs (full) - platform	Run RSpec (topic)	2026-10-03T19:37:04.2149255Z     forbids support users
API specs (full) - platform	Run RSpec (topic)	2026-10-03T19:37:04.2149673Z 
API specs (full) - platform	Run RSpec (topic)	2026-10-03T19:37:04.2150013Z VpsAdmin::API::Resources::DefaultObjectClusterResource
API specs (full) - platform	Run RSpec (topic)	2026-10-03T19:37:04.2151364Z   Index
API specs (full) - platform	Run RSpec (topic)	2026-10-03T19:37:06.6010726Z     rejects unauthenticated access
API specs (full) - platform	Run RSpec (topic)	2026-10-03T19:37:09.0225656Z     lists default object cluster resources for an environment and class name
API specs (full) - platform	Run RSpec (topic)	2026-10-03T19:37:09.0226360Z   Create
API specs (full) - platform	Run RSpec (topic)	2026-10-03T19:37:12.5737598Z     returns validation errors for missing value
API specs (full) - platform	Run RSpec (topic)	2026-10-03T19:37:14.7530218Z     rejects unauthenticated access
API specs (full) - platform	Run RSpec (topic)	2026-10-03T19:37:18.2429128Z     allows admin to create a default object cluster resource
API specs (full) - platform	Run RSpec (topic)	2026-10-03T19:37:20.6738266Z     forbids normal users
API specs (full) - platform	Run RSpec (topic)	2026-10-03T19:37:20.6738828Z   Update
API specs (full) - platform	Run RSpec (topic)	2026-10-03T19:37:24.1775121Z     allows admin to update the value
API specs (full) - platform	Run RSpec (topic)	2026-10-03T19:37:26.5791589Z     forbids normal users
API specs (full) - platform	Run RSpec (topic)	2026-10-03T19:37:26.5792160Z   Delete
API specs (full) - platform	Run RSpec (topic)	2026-10-03T19:37:30.0739761Z     allows admin to delete
API specs (full) - platform	Run RSpec (topic)	2026-10-03T19:37:32.5076360Z     forbids normal users
API specs (full) - platform	Run RSpec (topic)	2026-10-03T19:37:32.5077198Z   Show
API specs (full) - platform	Run RSpec (topic)	2026-10-03T19:37:34.9527751Z     returns 404 for unknown resource
API specs (full) - platform	Run RSpec (topic)	2026-10-03T19:37:37.3038756Z     rejects unauthenticated access
API specs (full) - platform	Run RSpec (topic)	2026-10-03T19:37:39.6979401Z     shows a default object cluster resource for authenticated users
API specs (full) - platform	Run RSpec (topic)	2026-10-03T19:37:39.6979986Z 
API specs (full) - platform	Run RSpec (topic)	2026-10-03T19:37:39.6980240Z VpsAdmin::API::Resources::Node write actions
API specs (full) - platform	Run RSpec (topic)	2026-10-03T19:37:39.6981091Z   SetMaintenance
API specs (full) - platform	Run RSpec (topic)	2026-10-03T19:37:46.5286218Z     rejects locking an already locked node
API specs (full) - platform	Run RSpec (topic)	2026-10-03T19:37:49.1052825Z     forbids normal users
API specs (full) - platform	Run RSpec (topic)	2026-10-03T19:37:52.3943917Z     allows admin to unlock maintenance
API specs (full) - platform	Run RSpec (topic)	2026-10-03T19:37:55.7907906Z     allows admin to lock maintenance
API specs (full) - platform	Run RSpec (topic)	2026-10-03T19:37:58.1918832Z     forbids support users
API specs (full) - platform	Run RSpec (topic)	2026-10-03T19:38:00.5304779Z     rejects unauthenticated access
API specs (full) - platform	Run RSpec (topic)	2026-10-03T19:38:03.8257051Z     returns validation errors for missing lock
API specs (full) - platform	Run RSpec (topic)	2026-10-03T19:38:03.8257713Z   Evacuate
API specs (full) - platform	Run RSpec (topic)	2026-10-03T19:38:06.1598924Z     rejects unauthenticated access
API specs (full) - platform	Run RSpec (topic)	2026-10-03T19:38:13.4120521Z     allows admin to evacuate node and creates a transaction chain
API specs (full) - platform	Run RSpec (topic)	2026-10-03T19:38:15.8310537Z     forbids normal users
API specs (full) - platform	Run RSpec (topic)	2026-10-03T19:38:19.3244928Z     returns validation errors for missing destination node
API specs (full) - platform	Run RSpec (topic)	2026-10-03T19:38:21.7885455Z     forbids support users
API specs (full) - platform	Run RSpec (topic)	2026-10-03T19:38:21.7886048Z   Update
API specs (full) - platform	Run RSpec (topic)	2026-10-03T19:38:24.1963700Z     rejects unauthenticated access
API specs (full) - platform	Run RSpec (topic)	2026-10-03T19:38:27.5192476Z     does not expose legacy capacity fields as editable inputs
API specs (full) - platform	Run RSpec (topic)	2026-10-03T19:38:30.1065571Z     forbids support users
API specs (full) - platform	Run RSpec (topic)	2026-10-03T19:38:33.4532872Z     returns validation errors for invalid ip_addr
API specs (full) - platform	Run RSpec (topic)	2026-10-03T19:38:36.8795872Z     allows admin to update node
API specs (full) - platform	Run RSpec (topic)	2026-10-03T19:38:39.3243669Z     forbids normal users
API specs (full) - platform	Run RSpec (topic)	2026-10-03T19:38:39.3244271Z   Create
API specs (full) - platform	Run RSpec (topic)	2026-10-03T19:38:46.4380414Z     allows admin to create with minimal payload
API specs (full) - platform	Run RSpec (topic)	2026-10-03T19:38:53.3851817Z     returns validation errors for missing name
API specs (full) - platform	Run RSpec (topic)	2026-10-03T19:38:56.0029700Z     forbids support users
API specs (full) - platform	Run RSpec (topic)	2026-10-03T19:39:03.0314530Z     accepts legacy bootstrap capacity fields without treating them as observed
API specs (full) - platform	Run RSpec (topic)	2026-10-03T19:39:05.5022972Z     forbids normal users
API specs (full) - platform	Run RSpec (topic)	2026-10-03T19:39:12.9644579Z     returns validation errors for invalid ip_addr
API specs (full) - platform	Run RSpec (topic)	2026-10-03T19:39:15.3023455Z     rejects unauthenticated access
API specs (full) - platform	Run RSpec (topic)	2026-10-03T19:39:15.3023973Z   API description
API specs (full) - platform	Run RSpec (topic)	2026-10-03T19:39:18.7691355Z     includes node write endpoints
API specs (full) - platform	Run RSpec (topic)	2026-10-03T19:39:18.7691860Z 
API specs (full) - platform	Run RSpec (topic)	2026-10-03T19:39:18.7692051Z outage reports plugin metrics
API specs (full) - platform	Run RSpec (topic)	2026-10-03T19:39:18.8765981Z   exports announced VPS and export outages affecting the token user
API specs (full) - platform	Run RSpec (topic)	2026-10-03T19:39:18.8767384Z 
API specs (full) - platform	Run RSpec (topic)	2026-10-03T19:39:18.8767635Z VpsAdmin::API::Resources::ApiServer
API specs (full) - platform	Run RSpec (topic)	2026-10-03T19:39:18.8768130Z   UnlockTransactionSigningKey
API specs (full) - platform	Run RSpec (topic)	2026-10-03T19:39:21.4573144Z     forbids normal users
API specs (full) - platform	Run RSpec (topic)	2026-10-03T19:39:25.2142434Z     returns validation errors for missing passphrase
API specs (full) - platform	Run RSpec (topic)	2026-10-03T19:39:28.8490366Z     allows admin to unlock with correct passphrase
API specs (full) - platform	Run RSpec (topic)	2026-10-03T19:39:32.6227970Z     rejects wrong passphrase
API specs (full) - platform	Run RSpec (topic)	2026-10-03T19:39:36.0803191Z     errors when transaction key is not configured
API specs (full) - platform	Run RSpec (topic)	2026-10-03T19:39:38.5917946Z     rejects unauthenticated access
API specs (full) - platform	Run RSpec (topic)	2026-10-03T19:39:41.2466019Z     forbids support users
API specs (full) - platform	Run RSpec (topic)	2026-10-03T19:39:41.2466331Z 
API specs (full) - platform	Run RSpec (topic)	2026-10-03T19:39:41.2466504Z VpsAdmin::Scheduler::CronTask
API specs (full) - platform	Run RSpec (topic)	2026-10-03T19:39:41.2473277Z   parses numeric fields as single-value ranges
API specs (full) - platform	Run RSpec (topic)	2026-10-03T19:39:41.2477363Z   parses wildcard fields as complete cron ranges
API specs (full) - platform	Run RSpec (topic)	2026-10-03T19:39:41.2481354Z   matches wildcard schedules
API specs (full) - platform	Run RSpec (topic)	2026-10-03T19:39:41.2485500Z   matches only configured numeric fields
API specs (full) - platform	Run RSpec (topic)	2026-10-03T19:39:41.2489425Z   exports scheduler payload attributes
API specs (full) - platform	Run RSpec (topic)	2026-10-03T19:39:41.2489800Z 
API specs (full) - platform	Run RSpec (topic)	2026-10-03T19:39:41.2490171Z VpsAdmin::API::Resources::NodeSystemState
API specs (full) - platform	Run RSpec (topic)	2026-10-03T19:39:41.2491547Z   system-state show
API specs (full) - platform	Run RSpec (topic)	2026-10-03T19:39:46.2773159Z     lets members show active states but hides inactive states
API specs (full) - platform	Run RSpec (topic)	2026-10-03T19:39:49.6619701Z     lets admins show inactive states
API specs (full) - platform	Run RSpec (topic)	2026-10-03T19:39:49.6620353Z   cgroup-state projection
API specs (full) - platform	Run RSpec (topic)	2026-10-03T19:39:52.1430967Z     coalesces capacity-only changes into one cgroup period
API specs (full) - platform	Run RSpec (topic)	2026-10-03T19:39:58.1306316Z     applies the same active-Node boundary to show
API specs (full) - platform	Run RSpec (topic)	2026-10-03T19:40:00.6297750Z     returns cgroup history without capacity fields
API specs (full) - platform	Run RSpec (topic)	2026-10-03T19:40:00.6298429Z   system-state index
API specs (full) - platform	Run RSpec (topic)	2026-10-03T19:40:03.2495827Z     returns typed values
API specs (full) - platform	Run RSpec (topic)	2026-10-03T19:40:05.4628783Z     rejects unauthenticated access
API specs (full) - platform	Run RSpec (topic)	2026-10-03T19:40:07.9554239Z     lets support users list active hosting Nodes
API specs (full) - platform	Run RSpec (topic)	2026-10-03T19:40:11.4886155Z     filters by Node, current state, and overlapping observation window
API specs (full) - platform	Run RSpec (topic)	2026-10-03T19:40:18.3863550Z     lets admins include or select inactive Nodes
API specs (full) - platform	Run RSpec (topic)	2026-10-03T19:40:20.8722896Z     lets members list active hosting Nodes newest first
API specs (full) - platform	Run RSpec (topic)	2026-10-03T19:40:25.9783523Z     paginates by observation time when older rows have newer IDs
API specs (full) - platform	Run RSpec (topic)	2026-10-03T19:40:25.9784298Z   API description
API specs (full) - platform	Run RSpec (topic)	2026-10-03T19:40:29.2914565Z     exposes system and narrow cgroup scopes
API specs (full) - platform	Run RSpec (topic)	2026-10-03T19:40:29.2915064Z 
API specs (full) - platform	Run RSpec (topic)	2026-10-03T19:40:29.2915325Z VpsAdmin::API::Resources::MetricsAccessToken
API specs (full) - platform	Run RSpec (topic)	2026-10-03T19:40:29.2916164Z   Index
API specs (full) - platform	Run RSpec (topic)	2026-10-03T19:40:31.6246504Z     rejects unauthenticated access
API specs (full) - platform	Run RSpec (topic)	2026-10-03T19:40:34.0552256Z     ignores user filter for normal users
API specs (full) - platform	Run RSpec (topic)	2026-10-03T19:40:37.6357794Z     allows admin to filter by user
API specs (full) - platform	Run RSpec (topic)	2026-10-03T19:40:41.0090950Z     returns total_count meta when requested
API specs (full) - platform	Run RSpec (topic)	2026-10-03T19:40:44.5150368Z     allows admin to list all tokens
API specs (full) - platform	Run RSpec (topic)	2026-10-03T19:40:46.9610055Z     allows normal users to list their tokens
API specs (full) - platform	Run RSpec (topic)	2026-10-03T19:40:46.9610732Z   Create
API specs (full) - platform	Run RSpec (topic)	2026-10-03T19:40:49.4099748Z     ignores user selection for normal users
API specs (full) - platform	Run RSpec (topic)	2026-10-03T19:40:52.8493640Z [2026-10-03 19:40:52 +0000] Exception ResourceLocked: user lifecycle change is pending
API specs (full) - platform	Run RSpec (topic)	2026-10-03T19:40:52.8495522Z /home/runner/work/vpsadmin/vpsadmin/api/models/metrics_access_token.rb:16:in 'block in MetricsAccessToken.create_for!'
API specs (full) - platform	Run RSpec (topic)	2026-10-03T19:40:52.8498060Z /home/runner/work/vpsadmin/vpsadmin/api/vendor/bundle/ruby/3.4.0/gems/activerecord-8.1.4/lib/active_record/connection_adapters/abstract/database_statements.rb:376:in 'ActiveRecord::ConnectionAdapters::DatabaseStatements#transaction'
API specs (full) - platform	Run RSpec (topic)	2026-10-03T19:40:52.8500569Z /home/runner/work/vpsadmin/vpsadmin/api/vendor/bundle/ruby/3.4.0/gems/activerecord-8.1.4/lib/active_record/transactions.rb:234:in 'block (2 levels) in ActiveRecord::Transactions::ClassMethods#transaction'
API specs (full) - platform	Run RSpec (topic)	2026-10-03T19:40:52.8503256Z /home/runner/work/vpsadmin/vpsadmin/api/vendor/bundle/ruby/3.4.0/gems/activerecord-8.1.4/lib/active_record/connection_adapters/abstract/connection_pool.rb:487:in 'ActiveRecord::ConnectionAdapters::ConnectionPool#with_pool_transaction_isolation_level'
API specs (full) - platform	Run RSpec (topic)	2026-10-03T19:40:52.8506510Z /home/runner/work/vpsadmin/vpsadmin/api/vendor/bundle/ruby/3.4.0/gems/activerecord-8.1.4/lib/active_record/transactions.rb:233:in 'block in ActiveRecord::Transactions::ClassMethods#transaction'
API specs (full) - platform	Run RSpec (topic)	2026-10-03T19:40:52.8509291Z /home/runner/work/vpsadmin/vpsadmin/api/vendor/bundle/ruby/3.4.0/gems/activerecord-8.1.4/lib/active_record/connection_adapters/abstract/connection_pool.rb:465:in 'ActiveRecord::ConnectionAdapters::ConnectionPool#with_connection'
API specs (full) - platform	Run RSpec (topic)	2026-10-03T19:40:52.8511735Z /home/runner/work/vpsadmin/vpsadmin/api/vendor/bundle/ruby/3.4.0/gems/activerecord-8.1.4/lib/active_record/connection_handling.rb:313:in 'ActiveRecord::ConnectionHandling#with_connection'
API specs (full) - platform	Run RSpec (topic)	2026-10-03T19:40:52.8513757Z /home/runner/work/vpsadmin/vpsadmin/api/vendor/bundle/ruby/3.4.0/gems/activerecord-8.1.4/lib/active_record/transactions.rb:232:in 'ActiveRecord::Transactions::ClassMethods#transaction'
API specs (full) - platform	Run RSpec (topic)	2026-10-03T19:40:52.8515488Z /home/runner/work/vpsadmin/vpsadmin/api/models/metrics_access_token.rb:13:in 'MetricsAccessToken.create_for!'
API specs (full) - platform	Run RSpec (topic)	2026-10-03T19:40:52.8517276Z /home/runner/work/vpsadmin/vpsadmin/api/lib/vpsadmin/api/resources/metrics_access_token.rb:100:in 'VpsAdmin::API::Resources::MetricsAccessToken::Create#exec'
API specs (full) - platform	Run RSpec (topic)	2026-10-03T19:40:52.8519107Z /home/runner/work/vpsadmin/vpsadmin/api/vendor/bundle/ruby/3.4.0/gems/haveapi-0.29.8/lib/haveapi/action.rb:406:in 'block in HaveAPI::Action#safe_exec'
API specs (full) - platform	Run RSpec (topic)	2026-10-03T19:40:52.8520842Z /home/runner/work/vpsadmin/vpsadmin/api/vendor/bundle/ruby/3.4.0/gems/haveapi-0.29.8/lib/haveapi/action.rb:402:in 'Kernel#catch'
API specs (full) - platform	Run RSpec (topic)	2026-10-03T19:40:52.8522468Z /home/runner/work/vpsadmin/vpsadmin/api/vendor/bundle/ruby/3.4.0/gems/haveapi-0.29.8/lib/haveapi/action.rb:402:in 'HaveAPI::Action#safe_exec'
API specs (full) - platform	Run RSpec (topic)	2026-10-03T19:40:52.8524186Z /home/runner/work/vpsadmin/vpsadmin/api/vendor/bundle/ruby/3.4.0/gems/haveapi-0.29.8/lib/haveapi/server.rb:757:in 'block in mount_action'
API specs (full) - platform	Run RSpec (topic)	2026-10-03T19:40:52.8525674Z /home/runner/work/vpsadmin/vpsadmin/api/vendor/bundle/ruby/3.4.0/gems/sinatra-4.2.1/lib/sinatra/base.rb:1811:in 'Method#call'
API specs (full) - platform	Run RSpec (topic)	2026-10-03T19:40:52.8527448Z /home/runner/work/vpsadmin/vpsadmin/api/vendor/bundle/ruby/3.4.0/gems/sinatra-4.2.1/lib/sinatra/base.rb:1811:in 'block in Sinatra::Base.compile!'
API specs (full) - platform	Run RSpec (topic)	2026-10-03T19:40:52.8532193Z /home/runner/work/vpsadmin/vpsadmin/api/vendor/bundle/ruby/3.4.0/gems/sinatra-4.2.1/lib/sinatra/base.rb:1074:in 'block (3 levels) in Sinatra::Base#route!'
API specs (full) - platform	Run RSpec (topic)	2026-10-03T19:40:52.8533866Z /home/runner/work/vpsadmin/vpsadmin/api/vendor/bundle/ruby/3.4.0/gems/sinatra-4.2.1/lib/sinatra/base.rb:1092:in 'Sinatra::Base#route_eval'
API specs (full) - platform	Run RSpec (topic)	2026-10-03T19:40:52.8535485Z /home/runner/work/vpsadmin/vpsadmin/api/vendor/bundle/ruby/3.4.0/gems/sinatra-4.2.1/lib/sinatra/base.rb:1074:in 'block (2 levels) in Sinatra::Base#route!'
API specs (full) - platform	Run RSpec (topic)	2026-10-03T19:40:52.8537286Z /home/runner/work/vpsadmin/vpsadmin/api/vendor/bundle/ruby/3.4.0/gems/sinatra-4.2.1/lib/sinatra/base.rb:1123:in 'block in Sinatra::Base#process_route'
API specs (full) - platform	Run RSpec (topic)	2026-10-03T19:40:52.8538504Z /home/runner/work/vpsadmin/vpsadmin/api/vendor/bundle/ruby/3.4.0/gems/sinatra-4.2.1/lib/sinatra/base.rb:1121:in 'Kernel#catch'
API specs (full) - platform	Run RSpec (topic)	2026-10-03T19:40:52.8539828Z /home/runner/work/vpsadmin/vpsadmin/api/vendor/bundle/ruby/3.4.0/gems/sinatra-4.2.1/lib/sinatra/base.rb:1121:in 'Sinatra::Base#process_route'
API specs (full) - platform	Run RSpec (topic)	2026-10-03T19:40:52.8541374Z /home/runner/work/vpsadmin/vpsadmin/api/vendor/bundle/ruby/3.4.0/gems/sinatra-4.2.1/lib/sinatra/base.rb:1072:in 'block in Sinatra::Base#route!'
API specs (full) - platform	Run RSpec (topic)	2026-10-03T19:40:52.8542808Z /home/runner/work/vpsadmin/vpsadmin/api/vendor/bundle/ruby/3.4.0/gems/sinatra-4.2.1/lib/sinatra/base.rb:1069:in 'Array#each'
API specs (full) - platform	Run RSpec (topic)	2026-10-03T19:40:52.8544254Z /home/runner/work/vpsadmin/vpsadmin/api/vendor/bundle/ruby/3.4.0/gems/sinatra-4.2.1/lib/sinatra/base.rb:1069:in 'Sinatra::Base#route!'
API specs (full) - platform	Run RSpec (topic)	2026-10-03T19:40:52.8545789Z /home/runner/work/vpsadmin/vpsadmin/api/vendor/bundle/ruby/3.4.0/gems/sinatra-4.2.1/lib/sinatra/base.rb:1197:in 'block in Sinatra::Base#dispatch!'
API specs (full) - platform	Run RSpec (topic)	2026-10-03T19:40:52.8547336Z /home/runner/work/vpsadmin/vpsadmin/api/vendor/bundle/ruby/3.4.0/gems/sinatra-4.2.1/lib/sinatra/base.rb:1168:in 'Kernel#catch'
API specs (full) - platform	Run RSpec (topic)	2026-10-03T19:40:52.8548745Z /home/runner/work/vpsadmin/vpsadmin/api/vendor/bundle/ruby/3.4.0/gems/sinatra-4.2.1/lib/sinatra/base.rb:1168:in 'Sinatra::Base#invoke'
API specs (full) - platform	Run RSpec (topic)	2026-10-03T19:40:52.8550225Z /home/runner/work/vpsadmin/vpsadmin/api/vendor/bundle/ruby/3.4.0/gems/sinatra-4.2.1/lib/sinatra/base.rb:1192:in 'Sinatra::Base#dispatch!'
API specs (full) - platform	Run RSpec (topic)	2026-10-03T19:40:52.8551765Z /home/runner/work/vpsadmin/vpsadmin/api/vendor/bundle/ruby/3.4.0/gems/sinatra-4.2.1/lib/sinatra/base.rb:1004:in 'block in Sinatra::Base#call!'
API specs (full) - platform	Run RSpec (topic)	2026-10-03T19:40:52.8552920Z /home/runner/work/vpsadmin/vpsadmin/api/vendor/bundle/ruby/3.4.0/gems/sinatra-4.2.1/lib/sinatra/base.rb:1168:in 'Kernel#catch'
API specs (full) - platform	Run RSpec (topic)	2026-10-03T19:40:52.8554710Z /home/runner/work/vpsadmin/vpsadmin/api/vendor/bundle/ruby/3.4.0/gems/sinatra-4.2.1/lib/sinatra/base.rb:1168:in 'Sinatra::Base#invoke'
API specs (full) - platform	Run RSpec (topic)	2026-10-03T19:40:52.8556199Z /home/runner/work/vpsadmin/vpsadmin/api/vendor/bundle/ruby/3.4.0/gems/sinatra-4.2.1/lib/sinatra/base.rb:1004:in 'Sinatra::Base#call!'
API specs (full) - platform	Run RSpec (topic)	2026-10-03T19:40:52.8557823Z /home/runner/work/vpsadmin/vpsadmin/api/vendor/bundle/ruby/3.4.0/gems/sinatra-4.2.1/lib/sinatra/base.rb:993:in 'Sinatra::Base#call'
API specs (full) - platform	Run RSpec (topic)	2026-10-03T19:40:52.8559187Z /home/runner/work/vpsadmin/vpsadmin/api/vendor/bundle/ruby/3.4.0/gems/rack-protection-4.2.1/lib/rack/protection/base.rb:53:in 'Rack::Protection::Base#call'
API specs (full) - platform	Run RSpec (topic)	2026-10-03T19:40:52.8560798Z /home/runner/work/vpsadmin/vpsadmin/api/vendor/bundle/ruby/3.4.0/gems/rack-protection-4.2.1/lib/rack/protection/xss_header.rb:20:in 'Rack::Protection::XSSHeader#call'
API specs (full) - platform	Run RSpec (topic)	2026-10-03T19:40:52.8562669Z /home/runner/work/vpsadmin/vpsadmin/api/vendor/bundle/ruby/3.4.0/gems/rack-protection-4.2.1/lib/rack/protection/path_traversal.rb:18:in 'Rack::Protection::PathTraversal#call'
API specs (full) - platform	Run RSpec (topic)	2026-10-03T19:40:52.8564507Z /home/runner/work/vpsadmin/vpsadmin/api/vendor/bundle/ruby/3.4.0/gems/rack-protection-4.2.1/lib/rack/protection/json_csrf.rb:28:in 'Rack::Protection::JsonCsrf#call'
API specs (full) - platform	Run RSpec (topic)	2026-10-03T19:40:52.8565797Z /home/runner/work/vpsadmin/vpsadmin/api/vendor/bundle/ruby/3.4.0/gems/rack-protection-4.2.1/lib/rack/protection/base.rb:53:in 'Rack::Protection::Base#call'
API specs (full) - platform	Run RSpec (topic)	2026-10-03T19:40:52.8567616Z /home/runner/work/vpsadmin/vpsadmin/api/vendor/bundle/ruby/3.4.0/gems/rack-protection-4.2.1/lib/rack/protection/base.rb:53:in 'Rack::Protection::Base#call'
API specs (full) - platform	Run RSpec (topic)	2026-10-03T19:40:52.8569295Z /home/runner/work/vpsadmin/vpsadmin/api/vendor/bundle/ruby/3.4.0/gems/rack-protection-4.2.1/lib/rack/protection/frame_options.rb:33:in 'Rack::Protection::FrameOptions#call'
API specs (full) - platform	Run RSpec (topic)	2026-10-03T19:40:52.8571026Z /home/runner/work/vpsadmin/vpsadmin/api/vendor/bundle/ruby/3.4.0/gems/sinatra-4.2.1/lib/sinatra/middleware/logger.rb:17:in 'Sinatra::Middleware::Logger#call'
API specs (full) - platform	Run RSpec (topic)	2026-10-03T19:40:52.8572471Z /home/runner/work/vpsadmin/vpsadmin/api/vendor/bundle/ruby/3.4.0/gems/rack-3.2.7/lib/rack/head.rb:15:in 'Rack::Head#call'
API specs (full) - platform	Run RSpec (topic)	2026-10-03T19:40:52.8573849Z /home/runner/work/vpsadmin/vpsadmin/api/vendor/bundle/ruby/3.4.0/gems/sinatra-4.2.1/lib/sinatra/base.rb:227:in 'Sinatra::ExtendedRack#call'
API specs (full) - platform	Run RSpec (topic)	2026-10-03T19:40:52.8575278Z /home/runner/work/vpsadmin/vpsadmin/api/vendor/bundle/ruby/3.4.0/gems/sinatra-4.2.1/lib/sinatra/base.rb:2144:in 'Sinatra::Wrapper#call'
API specs (full) - platform	Run RSpec (topic)	2026-10-03T19:40:52.8576421Z /home/runner/work/vpsadmin/vpsadmin/api/vendor/bundle/ruby/3.4.0/gems/sinatra-4.2.1/lib/sinatra/base.rb:1681:in 'block in Sinatra::Base.call'
API specs (full) - platform	Run RSpec (topic)	2026-10-03T19:40:52.8578070Z /home/runner/work/vpsadmin/vpsadmin/api/vendor/bundle/ruby/3.4.0/gems/sinatra-4.2.1/lib/sinatra/base.rb:1902:in 'Sinatra::Base.synchronize'
API specs (full) - platform	Run RSpec (topic)	2026-10-03T19:40:52.8579461Z /home/runner/work/vpsadmin/vpsadmin/api/vendor/bundle/ruby/3.4.0/gems/sinatra-4.2.1/lib/sinatra/base.rb:1681:in 'Sinatra::Base.call'
API specs (full) - platform	Run RSpec (topic)	2026-10-03T19:40:52.8580988Z /home/runner/work/vpsadmin/vpsadmin/api/vendor/bundle/ruby/3.4.0/gems/rack-test-2.2.0/lib/rack/test.rb:360:in 'Rack::Test::Session#process_request'
API specs (full) - platform	Run RSpec (topic)	2026-10-03T19:40:52.8582600Z /home/runner/work/vpsadmin/vpsadmin/api/vendor/bundle/ruby/3.4.0/gems/rack-test-2.2.0/lib/rack/test.rb:163:in 'Rack::Test::Session#custom_request'
API specs (full) - platform	Run RSpec (topic)	2026-10-03T19:40:52.8584307Z /home/runner/work/vpsadmin/vpsadmin/api/vendor/bundle/ruby/3.4.0/gems/rack-test-2.2.0/lib/rack/test.rb:112:in 'Rack::Test::Session#post'
API specs (full) - platform	Run RSpec (topic)	2026-10-03T19:40:52.8585600Z /opt/hostedtoolcache/Ruby/3.4.11/x64/lib/ruby/3.4.0/forwardable.rb:240:in 'Rack::Test::Methods#post'
API specs (full) - platform	Run RSpec (topic)	2026-10-03T19:40:52.8587305Z /home/runner/work/vpsadmin/vpsadmin/api/spec/api/resources/metrics_access_token_spec.rb:79:in 'RSpec::ExampleGroups::VpsAdminAPIResourcesMetricsAccessToken#json_post'
API specs (full) - platform	Run RSpec (topic)	2026-10-03T19:40:52.8588979Z /home/runner/work/vpsadmin/vpsadmin/api/spec/api/resources/metrics_access_token_spec.rb:240:in 'block (4 levels) in <top (required)>'
API specs (full) - platform	Run RSpec (topic)	2026-10-03T19:40:52.8589857Z /home/runner/work/vpsadmin/vpsadmin/api/spec/support/auth_helpers.rb:15:in 'AuthHelpers#as'
API specs (full) - platform	Run RSpec (topic)	2026-10-03T19:40:52.8591434Z /home/runner/work/vpsadmin/vpsadmin/api/spec/api/resources/metrics_access_token_spec.rb:239:in 'block (3 levels) in <top (required)>'
API specs (full) - platform	Run RSpec (topic)	2026-10-03T19:40:52.8593047Z /home/runner/work/vpsadmin/vpsadmin/api/vendor/bundle/ruby/3.4.0/gems/rspec-core-3.13.6/lib/rspec/core/example.rb:263:in 'BasicObject#instance_exec'
API specs (full) - platform	Run RSpec (topic)	2026-10-03T19:40:52.8594739Z /home/runner/work/vpsadmin/vpsadmin/api/vendor/bundle/ruby/3.4.0/gems/rspec-core-3.13.6/lib/rspec/core/example.rb:263:in 'block in RSpec::Core::Example#run'
API specs (full) - platform	Run RSpec (topic)	2026-10-03T19:40:52.8596216Z /home/runner/work/vpsadmin/vpsadmin/api/vendor/bundle/ruby/3.4.0/gems/rspec-core-3.13.6/lib/rspec/core/example.rb:511:in 'block in RSpec::Core::Example#with_around_and_singleton_context_hooks'
API specs (full) - platform	Run RSpec (topic)	2026-10-03T19:40:52.8598408Z /home/runner/work/vpsadmin/vpsadmin/api/vendor/bundle/ruby/3.4.0/gems/rspec-core-3.13.6/lib/rspec/core/example.rb:468:in 'block in RSpec::Core::Example#with_around_example_hooks'
API specs (full) - platform	Run RSpec (topic)	2026-10-03T19:40:52.8600294Z /home/runner/work/vpsadmin/vpsadmin/api/vendor/bundle/ruby/3.4.0/gems/rspec-core-3.13.6/lib/rspec/core/hooks.rb:486:in 'block in RSpec::Core::Hooks::HookCollections#run'
API specs (full) - platform	Run RSpec (topic)	2026-10-03T19:40:52.8601654Z /home/runner/work/vpsadmin/vpsadmin/api/vendor/bundle/ruby/3.4.0/gems/rspec-core-3.13.6/lib/rspec/core/hooks.rb:626:in 'block in RSpec::Core::Hooks::HookCollections#run_around_example_hooks_for'
API specs (full) - platform	Run RSpec (topic)	2026-10-03T19:40:52.8603522Z /home/runner/work/vpsadmin/vpsadmin/api/vendor/bundle/ruby/3.4.0/gems/rspec-core-3.13.6/lib/rspec/core/example.rb:352:in 'RSpec::Core::Example::Procsy#call'
API specs (full) - platform	Run RSpec (topic)	2026-10-03T19:40:52.8604991Z /home/runner/work/vpsadmin/vpsadmin/api/spec/spec_helper.rb:25:in 'block (3 levels) in <top (required)>'
API specs (full) - platform	Run RSpec (topic)	2026-10-03T19:40:52.8607230Z /home/runner/work/vpsadmin/vpsadmin/api/vendor/bundle/ruby/3.4.0/gems/activerecord-8.1.4/lib/active_record/connection_adapters/abstract/transaction.rb:648:in 'block in ActiveRecord::ConnectionAdapters::TransactionManager#within_new_transaction'
API specs (full) - platform	Run RSpec (topic)	2026-10-03T19:40:52.8609544Z /home/runner/work/vpsadmin/vpsadmin/api/vendor/bundle/ruby/3.4.0/gems/activesupport-8.1.4/lib/active_support/concurrency/null_lock.rb:9:in 'ActiveSupport::Concurrency::NullLock#synchronize'
API specs (full) - platform	Run RSpec (topic)	2026-10-03T19:40:52.8612024Z /home/runner/work/vpsadmin/vpsadmin/api/vendor/bundle/ruby/3.4.0/gems/activerecord-8.1.4/lib/active_record/connection_adapters/abstract/transaction.rb:645:in 'ActiveRecord::ConnectionAdapters::TransactionManager#within_new_transaction'
API specs (full) - platform	Run RSpec (topic)	2026-10-03T19:40:52.8614700Z /home/runner/work/vpsadmin/vpsadmin/api/vendor/bundle/ruby/3.4.0/gems/activerecord-8.1.4/lib/active_record/connection_adapters/abstract/database_statements.rb:386:in 'ActiveRecord::ConnectionAdapters::DatabaseStatements#within_new_transaction'
API specs (full) - platform	Run RSpec (topic)	2026-10-03T19:40:52.8617652Z /home/runner/work/vpsadmin/vpsadmin/api/vendor/bundle/ruby/3.4.0/gems/activerecord-8.1.4/lib/active_record/connection_adapters/abstract/database_statements.rb:378:in 'ActiveRecord::ConnectionAdapters::DatabaseStatements#transaction'
API specs (full) - platform	Run RSpec (topic)	2026-10-03T19:40:52.8619757Z /home/runner/work/vpsadmin/vpsadmin/api/vendor/bundle/ruby/3.4.0/gems/activerecord-8.1.4/lib/active_record/transactions.rb:234:in 'block (2 levels) in ActiveRecord::Transactions::ClassMethods#transaction'
API specs (full) - platform	Run RSpec (topic)	2026-10-03T19:40:52.8622363Z /home/runner/work/vpsadmin/vpsadmin/api/vendor/bundle/ruby/3.4.0/gems/activerecord-8.1.4/lib/active_record/connection_adapters/abstract/connection_pool.rb:487:in 'ActiveRecord::ConnectionAdapters::ConnectionPool#with_pool_transaction_isolation_level'
API specs (full) - platform	Run RSpec (topic)	2026-10-03T19:40:52.8624781Z /home/runner/work/vpsadmin/vpsadmin/api/vendor/bundle/ruby/3.4.0/gems/activerecord-8.1.4/lib/active_record/transactions.rb:233:in 'block in ActiveRecord::Transactions::ClassMethods#transaction'
API specs (full) - platform	Run RSpec (topic)	2026-10-03T19:40:52.8627323Z /home/runner/work/vpsadmin/vpsadmin/api/vendor/bundle/ruby/3.4.0/gems/activerecord-8.1.4/lib/active_record/connection_adapters/abstract/connection_pool.rb:465:in 'ActiveRecord::ConnectionAdapters::ConnectionPool#with_connection'
API specs (full) - platform	Run RSpec (topic)	2026-10-03T19:40:52.8629410Z /home/runner/work/vpsadmin/vpsadmin/api/vendor/bundle/ruby/3.4.0/gems/activerecord-8.1.4/lib/active_record/connection_handling.rb:313:in 'ActiveRecord::ConnectionHandling#with_connection'
API specs (full) - platform	Run RSpec (topic)	2026-10-03T19:40:52.8631526Z /home/runner/work/vpsadmin/vpsadmin/api/vendor/bundle/ruby/3.4.0/gems/activerecord-8.1.4/lib/active_record/transactions.rb:232:in 'ActiveRecord::Transactions::ClassMethods#transaction'
API specs (full) - platform	Run RSpec (topic)	2026-10-03T19:40:52.8633157Z /home/runner/work/vpsadmin/vpsadmin/api/spec/spec_helper.rb:24:in 'block (2 levels) in <top (required)>'
API specs (full) - platform	Run RSpec (topic)	2026-10-03T19:40:52.8634580Z /home/runner/work/vpsadmin/vpsadmin/api/vendor/bundle/ruby/3.4.0/gems/rspec-core-3.13.6/lib/rspec/core/example.rb:457:in 'BasicObject#instance_exec'
API specs (full) - platform	Run RSpec (topic)	2026-10-03T19:40:52.8636018Z /home/runner/work/vpsadmin/vpsadmin/api/vendor/bundle/ruby/3.4.0/gems/rspec-core-3.13.6/lib/rspec/core/example.rb:457:in 'RSpec::Core::Example#instance_exec'
API specs (full) - platform	Run RSpec (topic)	2026-10-03T19:40:52.8638003Z /home/runner/work/vpsadmin/vpsadmin/api/vendor/bundle/ruby/3.4.0/gems/rspec-core-3.13.6/lib/rspec/core/hooks.rb:390:in 'RSpec::Core::Hooks::AroundHook#execute_with'
API specs (full) - platform	Run RSpec (topic)	2026-10-03T19:40:52.8640057Z /home/runner/work/vpsadmin/vpsadmin/api/vendor/bundle/ruby/3.4.0/gems/rspec-core-3.13.6/lib/rspec/core/hooks.rb:628:in 'block (2 levels) in RSpec::Core::Hooks::HookCollections#run_around_example_hooks_for'
API specs (full) - platform	Run RSpec (topic)	2026-10-03T19:40:52.8641866Z /home/runner/work/vpsadmin/vpsadmin/api/vendor/bundle/ruby/3.4.0/gems/rspec-core-3.13.6/lib/rspec/core/example.rb:352:in 'RSpec::Core::Example::Procsy#call'
API specs (full) - platform	Run RSpec (topic)	2026-10-03T19:40:52.8643786Z /home/runner/work/vpsadmin/vpsadmin/api/vendor/bundle/ruby/3.4.0/gems/rspec-core-3.13.6/lib/rspec/core/hooks.rb:629:in 'RSpec::Core::Hooks::HookCollections#run_around_example_hooks_for'
API specs (full) - platform	Run RSpec (topic)	2026-10-03T19:40:52.8645694Z /home/runner/work/vpsadmin/vpsadmin/api/vendor/bundle/ruby/3.4.0/gems/rspec-core-3.13.6/lib/rspec/core/hooks.rb:486:in 'RSpec::Core::Hooks::HookCollections#run'
API specs (full) - platform	Run RSpec (topic)	2026-10-03T19:40:52.8647366Z /home/runner/work/vpsadmin/vpsadmin/api/vendor/bundle/ruby/3.4.0/gems/rspec-core-3.13.6/lib/rspec/core/example.rb:468:in 'RSpec::Core::Example#with_around_example_hooks'
API specs (full) - platform	Run RSpec (topic)	2026-10-03T19:40:52.8649178Z /home/runner/work/vpsadmin/vpsadmin/api/vendor/bundle/ruby/3.4.0/gems/rspec-core-3.13.6/lib/rspec/core/example.rb:511:in 'RSpec::Core::Example#with_around_and_singleton_context_hooks'
API specs (full) - platform	Run RSpec (topic)	2026-10-03T19:40:52.8650819Z /home/runner/work/vpsadmin/vpsadmin/api/vendor/bundle/ruby/3.4.0/gems/rspec-core-3.13.6/lib/rspec/core/example.rb:259:in 'RSpec::Core::Example#run'
API specs (full) - platform	Run RSpec (topic)	2026-10-03T19:40:52.8652434Z /home/runner/work/vpsadmin/vpsadmin/api/vendor/bundle/ruby/3.4.0/gems/rspec-core-3.13.6/lib/rspec/core/example_group.rb:653:in 'block in RSpec::Core::ExampleGroup.run_examples'
API specs (full) - platform	Run RSpec (topic)	2026-10-03T19:40:52.8654014Z /home/runner/work/vpsadmin/vpsadmin/api/vendor/bundle/ruby/3.4.0/gems/rspec-core-3.13.6/lib/rspec/core/example_group.rb:649:in 'Array#map'
API specs (full) - platform	Run RSpec (topic)	2026-10-03T19:40:52.8655622Z /home/runner/work/vpsadmin/vpsadmin/api/vendor/bundle/ruby/3.4.0/gems/rspec-core-3.13.6/lib/rspec/core/example_group.rb:649:in 'RSpec::Core::ExampleGroup.run_examples'
API specs (full) - platform	Run RSpec (topic)	2026-10-03T19:40:52.8657568Z /home/runner/work/vpsadmin/vpsadmin/api/vendor/bundle/ruby/3.4.0/gems/rspec-core-3.13.6/lib/rspec/core/example_group.rb:614:in 'RSpec::Core::ExampleGroup.run'
API specs (full) - platform	Run RSpec (topic)	2026-10-03T19:40:52.8659300Z /home/runner/work/vpsadmin/vpsadmin/api/vendor/bundle/ruby/3.4.0/gems/rspec-core-3.13.6/lib/rspec/core/example_group.rb:615:in 'block in RSpec::Core::ExampleGroup.run'
API specs (full) - platform	Run RSpec (topic)	2026-10-03T19:40:52.8660583Z /home/runner/work/vpsadmin/vpsadmin/api/vendor/bundle/ruby/3.4.0/gems/rspec-core-3.13.6/lib/rspec/core/example_group.rb:615:in 'Array#map'
API specs (full) - platform	Run RSpec (topic)	2026-10-03T19:40:52.8662219Z /home/runner/work/vpsadmin/vpsadmin/api/vendor/bundle/ruby/3.4.0/gems/rspec-core-3.13.6/lib/rspec/core/example_group.rb:615:in 'RSpec::Core::ExampleGroup.run'
API specs (full) - platform	Run RSpec (topic)	2026-10-03T19:40:52.8663975Z /home/runner/work/vpsadmin/vpsadmin/api/vendor/bundle/ruby/3.4.0/gems/rspec-core-3.13.6/lib/rspec/core/runner.rb:121:in 'block (3 levels) in RSpec::Core::Runner#run_specs'
API specs (full) - platform	Run RSpec (topic)	2026-10-03T19:40:52.8665745Z /home/runner/work/vpsadmin/vpsadmin/api/vendor/bundle/ruby/3.4.0/gems/rspec-core-3.13.6/lib/rspec/core/runner.rb:121:in 'Array#map'
API specs (full) - platform	Run RSpec (topic)	2026-10-03T19:40:52.8667915Z /home/runner/work/vpsadmin/vpsadmin/api/vendor/bundle/ruby/3.4.0/gems/rspec-core-3.13.6/lib/rspec/core/runner.rb:121:in 'block (2 levels) in RSpec::Core::Runner#run_specs'
API specs (full) - platform	Run RSpec (topic)	2026-10-03T19:40:52.8669946Z /home/runner/work/vpsadmin/vpsadmin/api/vendor/bundle/ruby/3.4.0/gems/rspec-core-3.13.6/lib/rspec/core/configuration.rb:2097:in 'RSpec::Core::Configuration#with_suite_hooks'
API specs (full) - platform	Run RSpec (topic)	2026-10-03T19:40:52.8671919Z /home/runner/work/vpsadmin/vpsadmin/api/vendor/bundle/ruby/3.4.0/gems/rspec-core-3.13.6/lib/rspec/core/runner.rb:116:in 'block in RSpec::Core::Runner#run_specs'
API specs (full) - platform	Run RSpec (topic)	2026-10-03T19:40:52.8673774Z /home/runner/work/vpsadmin/vpsadmin/api/vendor/bundle/ruby/3.4.0/gems/rspec-core-3.13.6/lib/rspec/core/reporter.rb:74:in 'RSpec::Core::Reporter#report'
API specs (full) - platform	Run RSpec (topic)	2026-10-03T19:40:52.8675574Z /home/runner/work/vpsadmin/vpsadmin/api/vendor/bundle/ruby/3.4.0/gems/rspec-core-3.13.6/lib/rspec/core/runner.rb:115:in 'RSpec::Core::Runner#run_specs'
API specs (full) - platform	Run RSpec (topic)	2026-10-03T19:40:52.8677454Z /home/runner/work/vpsadmin/vpsadmin/api/vendor/bundle/ruby/3.4.0/gems/rspec-core-3.13.6/lib/rspec/core/runner.rb:89:in 'RSpec::Core::Runner#run'
API specs (full) - platform	Run RSpec (topic)	2026-10-03T19:40:52.8679194Z /home/runner/work/vpsadmin/vpsadmin/api/vendor/bundle/ruby/3.4.0/gems/rspec-core-3.13.6/lib/rspec/core/runner.rb:71:in 'RSpec::Core::Runner.run'
API specs (full) - platform	Run RSpec (topic)	2026-10-03T19:40:52.8680943Z /home/runner/work/vpsadmin/vpsadmin/api/vendor/bundle/ruby/3.4.0/gems/rspec-core-3.13.6/lib/rspec/core/runner.rb:45:in 'RSpec::Core::Runner.invoke'
API specs (full) - platform	Run RSpec (topic)	2026-10-03T19:40:52.8682570Z /home/runner/work/vpsadmin/vpsadmin/api/vendor/bundle/ruby/3.4.0/gems/rspec-core-3.13.6/exe/rspec:4:in '<top (required)>'
API specs (full) - platform	Run RSpec (topic)	2026-10-03T19:40:52.8683877Z /home/runner/work/vpsadmin/vpsadmin/api/vendor/bundle/ruby/3.4.0/bin/rspec:25:in 'Kernel#load'
API specs (full) - platform	Run RSpec (topic)	2026-10-03T19:40:52.8685071Z /home/runner/work/vpsadmin/vpsadmin/api/vendor/bundle/ruby/3.4.0/bin/rspec:25:in '<top (required)>'
API specs (full) - platform	Run RSpec (topic)	2026-10-03T19:40:52.8686187Z /opt/hostedtoolcache/Ruby/3.4.11/x64/lib/ruby/3.4.0/bundler/cli/exec.rb:59:in 'Kernel.load'
API specs (full) - platform	Run RSpec (topic)	2026-10-03T19:40:52.8687477Z /opt/hostedtoolcache/Ruby/3.4.11/x64/lib/ruby/3.4.0/bundler/cli/exec.rb:59:in 'Bundler::CLI::Exec#kernel_load'
API specs (full) - platform	Run RSpec (topic)	2026-10-03T19:40:52.8688665Z /opt/hostedtoolcache/Ruby/3.4.11/x64/lib/ruby/3.4.0/bundler/cli/exec.rb:23:in 'Bundler::CLI::Exec#run'
API specs (full) - platform	Run RSpec (topic)	2026-10-03T19:40:52.8689767Z /opt/hostedtoolcache/Ruby/3.4.11/x64/lib/ruby/3.4.0/bundler/cli.rb:452:in 'Bundler::CLI#exec'
API specs (full) - platform	Run RSpec (topic)	2026-10-03T19:40:52.8691029Z /opt/hostedtoolcache/Ruby/3.4.11/x64/lib/ruby/3.4.0/bundler/vendor/thor/lib/thor/command.rb:28:in 'Bundler::Thor::Command#run'
API specs (full) - platform	Run RSpec (topic)	2026-10-03T19:40:52.8692586Z /opt/hostedtoolcache/Ruby/3.4.11/x64/lib/ruby/3.4.0/bundler/vendor/thor/lib/thor/invocation.rb:127:in 'Bundler::Thor::Invocation#invoke_command'
API specs (full) - platform	Run RSpec (topic)	2026-10-03T19:40:52.8694118Z /opt/hostedtoolcache/Ruby/3.4.11/x64/lib/ruby/3.4.0/bundler/vendor/thor/lib/thor.rb:538:in 'Bundler::Thor.dispatch'
API specs (full) - platform	Run RSpec (topic)	2026-10-03T19:40:52.8695332Z /opt/hostedtoolcache/Ruby/3.4.11/x64/lib/ruby/3.4.0/bundler/cli.rb:35:in 'Bundler::CLI.dispatch'
API specs (full) - platform	Run RSpec (topic)	2026-10-03T19:40:52.8696701Z /opt/hostedtoolcache/Ruby/3.4.11/x64/lib/ruby/3.4.0/bundler/vendor/thor/lib/thor/base.rb:584:in 'Bundler::Thor::Base::ClassMethods#start'
API specs (full) - platform	Run RSpec (topic)	2026-10-03T19:40:52.8697825Z /opt/hostedtoolcache/Ruby/3.4.11/x64/lib/ruby/3.4.0/bundler/cli.rb:29:in 'Bundler::CLI.start'
API specs (full) - platform	Run RSpec (topic)	2026-10-03T19:40:52.8698563Z /opt/hostedtoolcache/Ruby/3.4.11/x64/lib/ruby/gems/3.4.0/gems/bundler-2.6.9/exe/bundle:28:in 'block in <top (required)>'
API specs (full) - platform	Run RSpec (topic)	2026-10-03T19:40:52.8699559Z /opt/hostedtoolcache/Ruby/3.4.11/x64/lib/ruby/3.4.0/bundler/friendly_errors.rb:117:in 'Bundler.with_friendly_errors'
API specs (full) - platform	Run RSpec (topic)	2026-10-03T19:40:52.8700317Z /opt/hostedtoolcache/Ruby/3.4.11/x64/lib/ruby/gems/3.4.0/gems/bundler-2.6.9/exe/bundle:20:in '<top (required)>'
API specs (full) - platform	Run RSpec (topic)	2026-10-03T19:40:52.8700928Z /opt/hostedtoolcache/Ruby/3.4.11/x64/bin/bundle:25:in 'Kernel#load'
API specs (full) - platform	Run RSpec (topic)	2026-10-03T19:40:52.8701398Z /opt/hostedtoolcache/Ruby/3.4.11/x64/bin/bundle:25:in '<main>'
API specs (full) - platform	Run RSpec (topic)	2026-10-03T19:40:52.8701913Z     rejects creation after a destructive lifecycle state is requested
API specs (full) - platform	Run RSpec (topic)	2026-10-03T19:40:55.2865195Z     allows normal users to create a token for themselves
API specs (full) - platform	Run RSpec (topic)	2026-10-03T19:40:57.6667605Z     rejects unauthenticated access
API specs (full) - platform	Run RSpec (topic)	2026-10-03T19:41:01.0436476Z     allows admin to create a token for other users
API specs (full) - platform	Run RSpec (topic)	2026-10-03T19:41:03.6749445Z     returns validation errors for invalid metric_prefix
API specs (full) - platform	Run RSpec (topic)	2026-10-03T19:41:06.1000082Z     denies creating a token while suspended
API specs (full) - platform	Run RSpec (topic)	2026-10-03T19:41:06.1000797Z   Show
API specs (full) - platform	Run RSpec (topic)	2026-10-03T19:41:09.4645401Z     returns 404 for unknown token
API specs (full) - platform	Run RSpec (topic)	2026-10-03T19:41:13.0228023Z     allows admin to show any token
API specs (full) - platform	Run RSpec (topic)	2026-10-03T19:41:15.4989580Z     allows normal users to show their token
API specs (full) - platform	Run RSpec (topic)	2026-10-03T19:41:17.9800889Z     hides other users tokens from normal users
API specs (full) - platform	Run RSpec (topic)	2026-10-03T19:41:20.4085892Z     rejects unauthenticated access
API specs (full) - platform	Run RSpec (topic)	2026-10-03T19:41:20.4086487Z   Delete
API specs (full) - platform	Run RSpec (topic)	2026-10-03T19:41:22.9320027Z     denies deleting own token while suspended
API specs (full) - platform	Run RSpec (topic)	2026-10-03T19:41:26.6266400Z     allows admin to delete any token
API specs (full) - platform	Run RSpec (topic)	2026-10-03T19:41:28.9055197Z     rejects unauthenticated access
API specs (full) - platform	Run RSpec (topic)	2026-10-03T19:41:31.5186227Z     hides other users tokens from normal users
API specs (full) - platform	Run RSpec (topic)	2026-10-03T19:41:34.0070466Z     allows normal users to delete their token
API specs (full) - platform	Run RSpec (topic)	2026-10-03T19:41:34.0070970Z 
API specs (full) - platform	Run RSpec (topic)	2026-10-03T19:41:34.0071197Z VpsAdmin::API::Resources::OsFamily
API specs (full) - platform	Run RSpec (topic)	2026-10-03T19:41:34.0072266Z   Update
API specs (full) - platform	Run RSpec (topic)	2026-10-03T19:41:37.4995350Z     returns validation errors for blank label
API specs (full) - platform	Run RSpec (topic)	2026-10-03T19:41:41.0654254Z     returns 404 for unknown family
API specs (full) - platform	Run RSpec (topic)	2026-10-03T19:41:44.5081339Z     allows admin to update an os family
API specs (full) - platform	Run RSpec (topic)	2026-10-03T19:41:46.9080292Z     rejects unauthenticated access
API specs (full) - platform	Run RSpec (topic)	2026-10-03T19:41:49.3742821Z     forbids normal users
API specs (full) - platform	Run RSpec (topic)	2026-10-03T19:41:49.3743345Z   Show
API specs (full) - platform	Run RSpec (topic)	2026-10-03T19:41:51.8658465Z     returns 404 for unknown family
API specs (full) - platform	Run RSpec (topic)	2026-10-03T19:41:55.4402554Z     allows admins to show an os family
API specs (full) - platform	Run RSpec (topic)	2026-10-03T19:41:57.7266216Z     rejects unauthenticated access
API specs (full) - platform	Run RSpec (topic)	2026-10-03T19:42:00.4289411Z     shows an os family for users
API specs (full) - platform	Run RSpec (topic)	2026-10-03T19:42:00.4290021Z   Create
API specs (full) - platform	Run RSpec (topic)	2026-10-03T19:42:03.7805218Z     returns validation errors for missing label
API specs (full) - platform	Run RSpec (topic)	2026-10-03T19:42:07.4151143Z     allows admin to create an os family
API specs (full) - platform	Run RSpec (topic)	2026-10-03T19:42:09.6639665Z     rejects unauthenticated access
API specs (full) - platform	Run RSpec (topic)	2026-10-03T19:42:12.2824302Z     forbids normal users
API specs (full) - platform	Run RSpec (topic)	2026-10-03T19:42:12.2824871Z   Index
API specs (full) - platform	Run RSpec (topic)	2026-10-03T19:42:15.6646683Z     allows admins to list os families
API specs (full) - platform	Run RSpec (topic)	2026-10-03T19:42:18.1305271Z     rejects unauthenticated access
API specs (full) - platform	Run RSpec (topic)	2026-10-03T19:42:20.5931019Z     supports limit pagination
API specs (full) - platform	Run RSpec (topic)	2026-10-03T19:42:23.1226123Z     returns total_count meta when requested
API specs (full) - platform	Run RSpec (topic)	2026-10-03T19:42:25.8142530Z     allows users to list os families
API specs (full) - platform	Run RSpec (topic)	2026-10-03T19:42:28.3508714Z     supports from_id pagination
API specs (full) - platform	Run RSpec (topic)	2026-10-03T19:42:31.0034971Z     orders families by label
API specs (full) - platform	Run RSpec (topic)	2026-10-03T19:42:31.0035647Z   Delete
API specs (full) - platform	Run RSpec (topic)	2026-10-03T19:42:34.5880851Z     allows admin to delete unused os families
API specs (full) - platform	Run RSpec (topic)	2026-10-03T19:42:38.0326660Z     rejects delete when os family is in use
API specs (full) - platform	Run RSpec (topic)	2026-10-03T19:42:40.6791332Z     forbids normal users
API specs (full) - platform	Run RSpec (topic)	2026-10-03T19:42:42.9698958Z     rejects unauthenticated access
API specs (full) - platform	Run RSpec (topic)	2026-10-03T19:42:42.9699446Z 
API specs (full) - platform	Run RSpec (topic)	2026-10-03T19:42:42.9699678Z VpsAdmin::API::DatasetPlans
API specs (full) - platform	Run RSpec (topic)	2026-10-03T19:42:43.1001436Z   creates a backup action and repeatable task on an open backup dataset
API specs (full) - platform	Run RSpec (topic)	2026-10-03T19:42:43.2039647Z   raises when a plan is not enabled in the dataset environment
API specs (full) - platform	Run RSpec (topic)	2026-10-03T19:42:43.3182839Z   registers a plan for a dataset in pool
API specs (full) - platform	Run RSpec (topic)	2026-10-03T19:42:43.4198914Z   creates group-snapshot action, repeatable task, and group snapshot
API specs (full) - platform	Run RSpec (topic)	2026-10-03T19:42:43.5318193Z   unregisters a group-snapshot plan and removes its side effects
API specs (full) - platform	Run RSpec (topic)	2026-10-03T19:42:43.6410894Z   records confirmation operations instead of immediately destroying rows
API specs (full) - platform	Run RSpec (topic)	2026-10-03T19:42:43.6411605Z 
API specs (full) - platform	Run RSpec (topic)	2026-10-03T19:42:43.6411833Z VpsAdmin::API::Resources::OsTemplate
API specs (full) - platform	Run RSpec (topic)	2026-10-03T19:42:43.6412364Z   API description
API specs (full) - platform	Run RSpec (topic)	2026-10-03T19:42:47.3884007Z     includes os template endpoints
API specs (full) - platform	Run RSpec (topic)	2026-10-03T19:42:47.3884677Z   Create
API specs (full) - platform	Run RSpec (topic)	2026-10-03T19:42:51.0207083Z     allows admin to create an os template
API specs (full) - platform	Run RSpec (topic)	2026-10-03T19:42:53.5774355Z     forbids normal users
API specs (full) - platform	Run RSpec (topic)	2026-10-03T19:42:57.2225369Z     returns validation errors for missing label
API specs (full) - platform	Run RSpec (topic)	2026-10-03T19:42:59.5756186Z     rejects unauthenticated access
API specs (full) - platform	Run RSpec (topic)	2026-10-03T19:43:03.1897136Z     returns validation errors for invalid config YAML
API specs (full) - platform	Run RSpec (topic)	2026-10-03T19:43:06.6788767Z     returns validation errors for invalid hypervisor_type
API specs (full) - platform	Run RSpec (topic)	2026-10-03T19:43:06.6789468Z   Update
API specs (full) - platform	Run RSpec (topic)	2026-10-03T19:43:10.2328121Z     allows admin to update an os template
API specs (full) - platform	Run RSpec (topic)	2026-10-03T19:43:13.7229577Z     returns validation errors for invalid hypervisor_type
API specs (full) - platform	Run RSpec (topic)	2026-10-03T19:43:16.4299080Z     forbids normal users
API specs (full) - platform	Run RSpec (topic)	2026-10-03T19:43:19.9383557Z     returns validation errors for invalid config YAML
API specs (full) - platform	Run RSpec (topic)	2026-10-03T19:43:22.5080786Z     rejects unauthenticated access
API specs (full) - platform	Run RSpec (topic)	2026-10-03T19:43:22.5081395Z   Show
API specs (full) - platform	Run RSpec (topic)	2026-10-03T19:43:25.0667086Z     shows disabled templates for users with restricted output
API specs (full) - platform	Run RSpec (topic)	2026-10-03T19:43:27.6753995Z     shows enabled template for users with restricted output
API specs (full) - platform	Run RSpec (topic)	2026-10-03T19:43:30.1898609Z     allows unauthenticated access (requests plugin)
API specs (full) - platform	Run RSpec (topic)	2026-10-03T19:43:33.7028853Z     returns 404 for unknown id
API specs (full) - platform	Run RSpec (topic)	2026-10-03T19:43:37.4363369Z     shows disabled templates to admins
API specs (full) - platform	Run RSpec (topic)	2026-10-03T19:43:41.0082949Z     includes full output for admins
API specs (full) - platform	Run RSpec (topic)	2026-10-03T19:43:41.0090253Z     rejects unauthenticated access (core) (PENDING: skipped because plugins are enabled: requests)
API specs (full) - platform	Run RSpec (topic)	2026-10-03T19:43:41.0091126Z   Index
API specs (full) - platform	Run RSpec (topic)	2026-10-03T19:43:43.7683772Z     filters by os_family
API specs (full) - platform	Run RSpec (topic)	2026-10-03T19:43:46.3169416Z     filters by enable_cloud_init
API specs (full) - platform	Run RSpec (topic)	2026-10-03T19:43:49.8483663Z     supports from_id pagination
API specs (full) - platform	Run RSpec (topic)	2026-10-03T19:43:52.2843083Z     allows unauthenticated access (requests plugin)
API specs (full) - platform	Run RSpec (topic)	2026-10-03T19:43:54.7838499Z     filters by enable_script
API specs (full) - platform	Run RSpec (topic)	2026-10-03T19:43:57.3142143Z     enforces the output whitelist for normal users
API specs (full) - platform	Run RSpec (topic)	2026-10-03T19:44:00.9009624Z     defaults to vpsadminos hypervisor
API specs (full) - platform	Run RSpec (topic)	2026-10-03T19:44:00.9016487Z     rejects unauthenticated access (core) (PENDING: skipped because plugins are enabled: requests)
API specs (full) - platform	Run RSpec (topic)	2026-10-03T19:44:03.4344894Z     filters by location and hypervisor_type
API specs (full) - platform	Run RSpec (topic)	2026-10-03T19:44:07.1169037Z     returns total_count meta when requested for admins
API specs (full) - platform	Run RSpec (topic)	2026-10-03T19:44:09.6483477Z     lists only enabled templates for normal users
API specs (full) - platform	Run RSpec (topic)	2026-10-03T19:44:12.1615073Z     filters by hypervisor_type
API specs (full) - platform	Run RSpec (topic)	2026-10-03T19:44:14.8303952Z     returns total_count meta when requested for users
API specs (full) - platform	Run RSpec (topic)	2026-10-03T19:44:17.3746415Z     orders by order and label
API specs (full) - platform	Run RSpec (topic)	2026-10-03T19:44:20.8435411Z     allows admins to see disabled templates with full output
API specs (full) - platform	Run RSpec (topic)	2026-10-03T19:44:23.5104904Z     supports limit pagination
API specs (full) - platform	Run RSpec (topic)	2026-10-03T19:44:26.0060333Z     filters by cgroup_version
API specs (full) - platform	Run RSpec (topic)	2026-10-03T19:44:26.0060773Z   Delete
API specs (full) - platform	Run RSpec (topic)	2026-10-03T19:44:28.3479930Z     rejects unauthenticated access
API specs (full) - platform	Run RSpec (topic)	2026-10-03T19:44:31.9062988Z     allows admin to delete an unused template
API specs (full) - platform	Run RSpec (topic)	2026-10-03T19:44:35.3434118Z     returns 404 for unknown id
API specs (full) - platform	Run RSpec (topic)	2026-10-03T19:44:38.9093102Z     refuses to delete templates that are in use
API specs (full) - platform	Run RSpec (topic)	2026-10-03T19:44:41.4039861Z     forbids normal users
API specs (full) - platform	Run RSpec (topic)	2026-10-03T19:44:41.4042370Z 
API specs (full) - platform	Run RSpec (topic)	2026-10-03T19:44:41.4043089Z VpsAdmin::API::KernelEvidence::StableState
API specs (full) - platform	Run RSpec (topic)	2026-10-03T19:44:41.4043628Z   .stable?
API specs (full) - platform	Run RSpec (topic)	2026-10-03T19:44:41.4051187Z     rejects unreadable inventories and runtime flags but permits unavailable enrichment
API specs (full) - platform	Run RSpec (topic)	2026-10-03T19:44:41.4055728Z     rejects invalid reports and missing reported release
API specs (full) - platform	Run RSpec (topic)	2026-10-03T19:44:41.4060988Z     requires complete non-transitioning livepatch state
API specs (full) - platform	Run RSpec (topic)	2026-10-03T19:44:41.4061545Z   .confirms?
API specs (full) - platform	Run RSpec (topic)	2026-10-03T19:44:41.4067305Z     compares only stable boot, release, and effective patch IDs
API specs (full) - platform	Run RSpec (topic)	2026-10-03T19:44:41.4072720Z     rejects release and effective-state mismatches, including a legacy hidden patch
API specs (full) - platform	Run RSpec (topic)	2026-10-03T19:44:41.4081333Z     cannot confirm an incomplete or transitioning baseline with a later stable report
API specs (full) - platform	Run RSpec (topic)	2026-10-03T19:44:41.4082076Z   .same_boot?
API specs (full) - platform	Run RSpec (topic)	2026-10-03T19:44:41.4086943Z     prefers boot IDs to boot timestamps when both are known
API specs (full) - platform	Run RSpec (topic)	2026-10-03T19:44:41.4091036Z     does not establish a boot from absent identities
API specs (full) - platform	Run RSpec (topic)	2026-10-03T19:44:41.4095156Z     falls back to matching known boot timestamps when an ID is missing
API specs (full) - platform	Run RSpec (topic)	2026-10-03T19:44:41.4095747Z 
API specs (full) - platform	Run RSpec (topic)	2026-10-03T19:44:41.4096050Z VpsAdmin::API::Resources::SecurityAdvisory
API specs (full) - platform	Run RSpec (topic)	2026-10-03T19:44:41.4098006Z   CVEs
API specs (full) - platform	Run RSpec (topic)	2026-10-03T19:44:55.4475520Z     allows admins to manage advisory CVEs
API specs (full) - platform	Run RSpec (topic)	2026-10-03T19:44:58.9696044Z     checks the advisory revision when adding a CVE
API specs (full) - platform	Run RSpec (topic)	2026-10-03T19:45:02.4199867Z     rejects CVEs for missing advisories
API specs (full) - platform	Run RSpec (topic)	2026-10-03T19:45:09.3514167Z     rejects invalid and duplicate CVEs
API specs (full) - platform	Run RSpec (topic)	2026-10-03T19:45:15.3225388Z     limits public CVE lists to visible advisories
API specs (full) - platform	Run RSpec (topic)	2026-10-03T19:45:15.3225918Z   Advisory updates
API specs (full) - platform	Run RSpec (topic)	2026-10-03T19:45:21.2961482Z     creates public updates without sending mail by default
API specs (full) - platform	Run RSpec (topic)	2026-10-03T19:45:37.6633483Z     requires update summaries and lets admins edit and delete update text
API specs (full) - platform	Run RSpec (topic)	2026-10-03T19:45:41.0936298Z     rejects updates for missing advisories
API specs (full) - platform	Run RSpec (topic)	2026-10-03T19:45:41.0937270Z   Node statuses and publication
API specs (full) - platform	Run RSpec (topic)	2026-10-03T19:45:44.6510796Z     does not expose the legacy note field in the API contract
API specs (full) - platform	Run RSpec (topic)	2026-10-03T19:45:48.0336511Z     rejects node statuses for missing advisories
API specs (full) - platform	Run RSpec (topic)	2026-10-03T19:45:49.9426512Z     supports the complete automation workflow with only its exact token scopes
API specs (full) - platform	Run RSpec (topic)	2026-10-03T19:46:07.3423935Z     blocks publication until all node statuses are mitigated or not affected
API specs (full) - platform	Run RSpec (topic)	2026-10-03T19:46:10.8783022Z     loads localized notes for the public index in one query
API specs (full) - platform	Run RSpec (topic)	2026-10-03T19:46:17.8620484Z     checks the advisory revision when creating node status
API specs (full) - platform	Run RSpec (topic)	2026-10-03T19:46:24.8622297Z     creates and updates localized node notes
API specs (full) - platform	Run RSpec (topic)	2026-10-03T19:46:28.4123876Z     blocks publication without at least one CVE
API specs (full) - platform	Run RSpec (topic)	2026-10-03T19:46:33.4133885Z     lists node statuses publicly only for published advisories
API specs (full) - platform	Run RSpec (topic)	2026-10-03T19:46:33.4134485Z   Affected resource indexes
API specs (full) - platform	Run RSpec (topic)	2026-10-03T19:46:41.6655986Z     limits affected VPS rows to the current user
API specs (full) - platform	Run RSpec (topic)	2026-10-03T19:46:44.2344164Z     lists only current user advisory summaries for normal users
API specs (full) - platform	Run RSpec (topic)	2026-10-03T19:46:49.3076745Z     lets users filter advisory summaries by their own VPS
API specs (full) - platform	Run RSpec (topic)	2026-10-03T19:46:49.3077593Z   API description
API specs (full) - platform	Run RSpec (topic)	2026-10-03T19:47:06.7273328Z     documents security advisory form parameters
API specs (full) - platform	Run RSpec (topic)	2026-10-03T19:47:10.3034930Z     includes security advisory endpoints
API specs (full) - platform	Run RSpec (topic)	2026-10-03T19:47:10.3035482Z   Create and update
API specs (full) - platform	Run RSpec (topic)	2026-10-03T19:47:17.2931569Z     allows admins to create and update drafts
API specs (full) - platform	Run RSpec (topic)	2026-10-03T19:47:20.8304519Z     requires a content revision for draft mutations
API specs (full) - platform	Run RSpec (topic)	2026-10-03T19:47:25.7714157Z     requires admin access
API specs (full) - platform	Run RSpec (topic)	2026-10-03T19:47:32.6883807Z     creates an initial CVE atomically and retries by external id
API specs (full) - platform	Run RSpec (topic)	2026-10-03T19:47:43.0799409Z     rejects stale and post-publication draft updates
API specs (full) - platform	Run RSpec (topic)	2026-10-03T19:47:43.0800129Z   Index and show
API specs (full) - platform	Run RSpec (topic)	2026-10-03T19:47:49.1537551Z ##[error]The operation was canceled.
API specs (full) - platform	Post Checkout	﻿2026-10-03T19:47:49.1654588Z Post job cleanup.
API specs (full) - platform	Post Checkout	2026-10-03T19:47:49.2657648Z [command]/usr/bin/git version
API specs (full) - platform	Post Checkout	2026-10-03T19:47:49.2730161Z git version 2.55.0
API specs (full) - platform	Post Checkout	2026-10-03T19:47:49.2773136Z Temporarily overriding HOME='/home/runner/work/_temp/5bcff4a4-8f6d-45b8-baa5-c496f1a490a5' before making global git config changes
API specs (full) - platform	Post Checkout	2026-10-03T19:47:49.2774678Z Adding repository directory to the temporary git global config as a safe directory
API specs (full) - platform	Post Checkout	2026-10-03T19:47:49.2782232Z [command]/usr/bin/git config --global --add safe.directory /home/runner/work/vpsadmin/vpsadmin
API specs (full) - platform	Post Checkout	2026-10-03T19:47:49.2825761Z Removing SSH command configuration
API specs (full) - platform	Post Checkout	2026-10-03T19:47:49.2833945Z [command]/usr/bin/git config --local --name-only --get-regexp core\.sshCommand
API specs (full) - platform	Post Checkout	2026-10-03T19:47:49.2881414Z [command]/usr/bin/git submodule foreach --recursive sh -c "git config --local --name-only --get-regexp 'core\.sshCommand' && git config --local --unset-all 'core.sshCommand' || :"
API specs (full) - platform	Post Checkout	2026-10-03T19:47:49.3180019Z Removing HTTP extra header
API specs (full) - platform	Post Checkout	2026-10-03T19:47:49.3186658Z [command]/usr/bin/git config --local --name-only --get-regexp http\.https\:\/\/github\.com\/\.extraheader
API specs (full) - platform	Post Checkout	2026-10-03T19:47:49.3234097Z [command]/usr/bin/git submodule foreach --recursive sh -c "git config --local --name-only --get-regexp 'http\.https\:\/\/github\.com\/\.extraheader' && git config --local --unset-all 'http.https://github.com/.extraheader' || :"
API specs (full) - platform	Post Checkout	2026-10-03T19:47:49.3588808Z Removing includeIf entries pointing to credentials config files
API specs (full) - platform	Post Checkout	2026-10-03T19:47:49.3600398Z [command]/usr/bin/git config --local --name-only --get-regexp ^includeIf\.gitdir:
API specs (full) - platform	Post Checkout	2026-10-03T19:47:49.3673221Z includeif.gitdir:/home/runner/work/vpsadmin/vpsadmin/.git.path
API specs (full) - platform	Post Checkout	2026-10-03T19:47:49.3688827Z includeif.gitdir:/home/runner/work/vpsadmin/vpsadmin/.git/worktrees/*.path
API specs (full) - platform	Post Checkout	2026-10-03T19:47:49.3691025Z includeif.gitdir:/github/workspace/.git.path
API specs (full) - platform	Post Checkout	2026-10-03T19:47:49.3717569Z includeif.gitdir:/github/workspace/.git/worktrees/*.path
API specs (full) - platform	Post Checkout	2026-10-03T19:47:49.3778657Z [command]/usr/bin/git config --local --get-all includeif.gitdir:/home/runner/work/vpsadmin/vpsadmin/.git.path
API specs (full) - platform	Post Checkout	2026-10-03T19:47:49.3792455Z /home/runner/work/_temp/git-credentials-9f922b23-a0bc-47ed-93ff-c87fe502af74.config
API specs (full) - platform	Post Checkout	2026-10-03T19:47:49.3908376Z [command]/usr/bin/git config --local --unset includeif.gitdir:/home/runner/work/vpsadmin/vpsadmin/.git.path \/home\/runner\/work\/_temp\/git\-credentials\-9f922b23\-a0bc\-47ed\-93ff\-c87fe502af74\.config
API specs (full) - platform	Post Checkout	2026-10-03T19:47:49.3987594Z [command]/usr/bin/git config --local --get-all includeif.gitdir:/home/runner/work/vpsadmin/vpsadmin/.git/worktrees/*.path
API specs (full) - platform	Post Checkout	2026-10-03T19:47:49.4012291Z /home/runner/work/_temp/git-credentials-9f922b23-a0bc-47ed-93ff-c87fe502af74.config
API specs (full) - platform	Post Checkout	2026-10-03T19:47:49.4100331Z [command]/usr/bin/git config --local --unset includeif.gitdir:/home/runner/work/vpsadmin/vpsadmin/.git/worktrees/*.path \/home\/runner\/work\/_temp\/git\-credentials\-9f922b23\-a0bc\-47ed\-93ff\-c87fe502af74\.config
API specs (full) - platform	Post Checkout	2026-10-03T19:47:49.4191071Z [command]/usr/bin/git config --local --get-all includeif.gitdir:/github/workspace/.git.path
API specs (full) - platform	Post Checkout	2026-10-03T19:47:49.4222326Z /github/runner_temp/git-credentials-9f922b23-a0bc-47ed-93ff-c87fe502af74.config
API specs (full) - platform	Post Checkout	2026-10-03T19:47:49.4225424Z [command]/usr/bin/git config --local --unset includeif.gitdir:/github/workspace/.git.path \/github\/runner_temp\/git\-credentials\-9f922b23\-a0bc\-47ed\-93ff\-c87fe502af74\.config
API specs (full) - platform	Post Checkout	2026-10-03T19:47:49.4228107Z [command]/usr/bin/git config --local --get-all includeif.gitdir:/github/workspace/.git/worktrees/*.path
API specs (full) - platform	Post Checkout	2026-10-03T19:47:49.4229364Z /github/runner_temp/git-credentials-9f922b23-a0bc-47ed-93ff-c87fe502af74.config
API specs (full) - platform	Post Checkout	2026-10-03T19:47:49.4231669Z [command]/usr/bin/git config --local --unset includeif.gitdir:/github/workspace/.git/worktrees/*.path \/github\/runner_temp\/git\-credentials\-9f922b23\-a0bc\-47ed\-93ff\-c87fe502af74\.config
API specs (full) - platform	Post Checkout	2026-10-03T19:47:49.4251595Z [command]/usr/bin/git submodule foreach --recursive git config --local --show-origin --name-only --get-regexp remote.origin.url
API specs (full) - platform	Post Checkout	2026-10-03T19:47:49.4557292Z Removing credentials config '/home/runner/work/_temp/git-credentials-9f922b23-a0bc-47ed-93ff-c87fe502af74.config'
API specs (full) - platform	Complete job	﻿2026-10-03T19:47:49.4732658Z Cleaning up orphan processes
API specs (full) - platform	Complete job	2026-10-03T19:47:49.5009627Z Terminate orphan process: pid (3215) (xargs)
API specs (full) - platform	Complete job	2026-10-03T19:47:49.5034166Z Terminate orphan process: pid (3216) (bundle)
API specs (full) - platform	Complete job	2026-10-03T19:47:49.5062914Z Terminate orphan process: pid (3257) (mariadbd)
