Run selected ci-tagged tests	Set up job	﻿2026-09-14T10:01:28.9783133Z Current runner version: '2.336.0'
Run selected ci-tagged tests	Set up job	2026-09-14T10:01:28.9814463Z Runner name: 'gh-runner3.int.vpsadminos.org'
Run selected ci-tagged tests	Set up job	2026-09-14T10:01:28.9817940Z Runner group name: 'vpsadminos runners'
Run selected ci-tagged tests	Set up job	2026-09-14T10:01:28.9821419Z Machine name: 'gh-runner3'
Run selected ci-tagged tests	Set up job	2026-09-14T10:01:28.9831085Z ##[group]GITHUB_TOKEN Permissions
Run selected ci-tagged tests	Set up job	2026-09-14T10:01:28.9838830Z Contents: read
Run selected ci-tagged tests	Set up job	2026-09-14T10:01:28.9841221Z Metadata: read
Run selected ci-tagged tests	Set up job	2026-09-14T10:01:28.9843678Z ##[endgroup]
Run selected ci-tagged tests	Set up job	2026-09-14T10:01:28.9852648Z Secret source: Actions
Run selected ci-tagged tests	Set up job	2026-09-14T10:01:28.9855975Z Cache mode: write
Run selected ci-tagged tests	Set up job	2026-09-14T10:01:28.9859551Z Prepare workflow directory
Run selected ci-tagged tests	Set up job	2026-09-14T10:01:29.0613885Z Prepare all required actions
Run selected ci-tagged tests	Set up job	2026-09-14T10:01:29.0756119Z Getting action download info
Run selected ci-tagged tests	Set up job	2026-09-14T10:01:29.5849297Z Download action repository 'actions/checkout@v7' (SHA:3d3c42e5aac5ba805825da76410c181273ba90b1)
Run selected ci-tagged tests	Set up job	2026-09-14T10:01:29.9341958Z Download action repository 'vpsfreecz/vpsadminos@staging' (SHA:c065fa2f8485399737e20e8ef9e44299d0766654)
Run selected ci-tagged tests	Set up job	2026-09-14T10:01:30.8820221Z Getting action download info
Run selected ci-tagged tests	Set up job	2026-09-14T10:01:31.0602063Z Download action repository 'actions/upload-artifact@v7' (SHA:043fb46d1a93c77aae656e7c1c64a875d1fc6a0a)
Run selected ci-tagged tests	Set up job	2026-09-14T10:01:31.5434891Z Complete job name: Run selected ci-tagged tests
Run selected ci-tagged tests	Set up runner	﻿2026-09-14T10:01:31.6106799Z A job started hook has been configured by the self-hosted runner administrator
Run selected ci-tagged tests	Set up runner	2026-09-14T10:01:31.6308553Z ##[group]Run '/nix/store/mbn3hvv6asg9kz979g5sjrmmr7f4kbyk-github-runner-job-started.sh'
Run selected ci-tagged tests	Set up runner	2026-09-14T10:01:31.6322866Z shell: /nix/store/pkf547jp8a92k4wmxikkyby58w10pysr-bash-interactive-5.3p9/bin/bash --noprofile --norc -e -o pipefail {0}
Run selected ci-tagged tests	Set up runner	2026-09-14T10:01:31.6326744Z ##[endgroup]
Run selected ci-tagged tests	Set up runner	2026-09-14T10:01:31.6680803Z Marked the GitHub runner job active; Nix garbage collection is deferred
Run selected ci-tagged tests	Checkout vpsadmin	﻿2026-09-14T10:01:31.7372824Z ##[group]Run actions/checkout@v7
Run selected ci-tagged tests	Checkout vpsadmin	2026-09-14T10:01:31.7374336Z with:
Run selected ci-tagged tests	Checkout vpsadmin	2026-09-14T10:01:31.7375388Z   fetch-depth: 0
Run selected ci-tagged tests	Checkout vpsadmin	2026-09-14T10:01:31.7376617Z   repository: vpsfreecz/vpsadmin
Run selected ci-tagged tests	Checkout vpsadmin	2026-09-14T10:01:31.7389568Z   token: ***
Run selected ci-tagged tests	Checkout vpsadmin	2026-09-14T10:01:31.7390678Z   ssh-strict: true
Run selected ci-tagged tests	Checkout vpsadmin	2026-09-14T10:01:31.7391872Z   ssh-user: git
Run selected ci-tagged tests	Checkout vpsadmin	2026-09-14T10:01:31.7393033Z   persist-credentials: true
Run selected ci-tagged tests	Checkout vpsadmin	2026-09-14T10:01:31.7394328Z   clean: true
Run selected ci-tagged tests	Checkout vpsadmin	2026-09-14T10:01:31.7395501Z   sparse-checkout-cone-mode: true
Run selected ci-tagged tests	Checkout vpsadmin	2026-09-14T10:01:31.7396911Z   fetch-tags: false
Run selected ci-tagged tests	Checkout vpsadmin	2026-09-14T10:01:31.7398374Z   show-progress: true
Run selected ci-tagged tests	Checkout vpsadmin	2026-09-14T10:01:31.7400084Z   lfs: false
Run selected ci-tagged tests	Checkout vpsadmin	2026-09-14T10:01:31.7401180Z   submodules: false
Run selected ci-tagged tests	Checkout vpsadmin	2026-09-14T10:01:31.7402387Z   set-safe-directory: true
Run selected ci-tagged tests	Checkout vpsadmin	2026-09-14T10:01:31.7403768Z   allow-unsafe-pr-checkout: false
Run selected ci-tagged tests	Checkout vpsadmin	2026-09-14T10:01:31.7405168Z ##[endgroup]
Run selected ci-tagged tests	Checkout vpsadmin	2026-09-14T10:01:31.8986392Z Syncing repository: vpsfreecz/vpsadmin
Run selected ci-tagged tests	Checkout vpsadmin	2026-09-14T10:01:31.8990265Z ##[group]Getting Git version info
Run selected ci-tagged tests	Checkout vpsadmin	2026-09-14T10:01:31.8992271Z Working directory is '/run/github-runner/runner/vpsadmin/vpsadmin'
Run selected ci-tagged tests	Checkout vpsadmin	2026-09-14T10:01:31.8995976Z [command]/nix/store/nly4cml071i82515r89rpdw38z55wjqd-git-2.54.0/bin/git version
Run selected ci-tagged tests	Checkout vpsadmin	2026-09-14T10:01:31.8998244Z git version 2.54.0
Run selected ci-tagged tests	Checkout vpsadmin	2026-09-14T10:01:31.9002596Z ##[endgroup]
Run selected ci-tagged tests	Checkout vpsadmin	2026-09-14T10:01:31.9011226Z Temporarily overriding HOME='/run/github-runner/runner/_temp/99533524-9377-41f9-957e-8eec3e0fc529' before making global git config changes
Run selected ci-tagged tests	Checkout vpsadmin	2026-09-14T10:01:31.9015428Z Adding repository directory to the temporary git global config as a safe directory
Run selected ci-tagged tests	Checkout vpsadmin	2026-09-14T10:01:31.9019798Z [command]/nix/store/nly4cml071i82515r89rpdw38z55wjqd-git-2.54.0/bin/git config --global --add safe.directory /run/github-runner/runner/vpsadmin/vpsadmin
Run selected ci-tagged tests	Checkout vpsadmin	2026-09-14T10:01:31.9027244Z [command]/nix/store/nly4cml071i82515r89rpdw38z55wjqd-git-2.54.0/bin/git config --local --get remote.origin.url
Run selected ci-tagged tests	Checkout vpsadmin	2026-09-14T10:01:31.9081345Z https://github.com/vpsfreecz/vpsadmin
Run selected ci-tagged tests	Checkout vpsadmin	2026-09-14T10:01:31.9102953Z ##[group]Removing previously created refs, to avoid conflicts
Run selected ci-tagged tests	Checkout vpsadmin	2026-09-14T10:01:31.9113474Z [command]/nix/store/nly4cml071i82515r89rpdw38z55wjqd-git-2.54.0/bin/git rev-parse --symbolic-full-name --verify --quiet HEAD
Run selected ci-tagged tests	Checkout vpsadmin	2026-09-14T10:01:31.9146386Z refs/heads/2026-08-18-vpsadmin-password-reset
Run selected ci-tagged tests	Checkout vpsadmin	2026-09-14T10:01:31.9161110Z [command]/nix/store/nly4cml071i82515r89rpdw38z55wjqd-git-2.54.0/bin/git checkout --detach
Run selected ci-tagged tests	Checkout vpsadmin	2026-09-14T10:01:31.9427397Z HEAD is now at 791ab3aa8 api: share the public password length requirement
Run selected ci-tagged tests	Checkout vpsadmin	2026-09-14T10:01:31.9526909Z [command]/nix/store/nly4cml071i82515r89rpdw38z55wjqd-git-2.54.0/bin/git branch --delete --force 2026-08-18-vpsadmin-password-reset
Run selected ci-tagged tests	Checkout vpsadmin	2026-09-14T10:01:31.9601433Z Deleted branch 2026-08-18-vpsadmin-password-reset (was 791ab3aa8).
Run selected ci-tagged tests	Checkout vpsadmin	2026-09-14T10:01:31.9750468Z ##[endgroup]
Run selected ci-tagged tests	Checkout vpsadmin	2026-09-14T10:01:31.9755804Z [command]/nix/store/nly4cml071i82515r89rpdw38z55wjqd-git-2.54.0/bin/git submodule status
Run selected ci-tagged tests	Checkout vpsadmin	2026-09-14T10:01:32.0681183Z ##[group]Cleaning the repository
Run selected ci-tagged tests	Checkout vpsadmin	2026-09-14T10:01:32.0688070Z [command]/nix/store/nly4cml071i82515r89rpdw38z55wjqd-git-2.54.0/bin/git clean -ffdx
Run selected ci-tagged tests	Checkout vpsadmin	2026-09-14T10:01:32.0881444Z Removing changed-files.txt
Run selected ci-tagged tests	Checkout vpsadmin	2026-09-14T10:01:32.0886310Z Removing selected-tests.txt
Run selected ci-tagged tests	Checkout vpsadmin	2026-09-14T10:01:32.0906000Z [command]/nix/store/nly4cml071i82515r89rpdw38z55wjqd-git-2.54.0/bin/git reset --hard HEAD
Run selected ci-tagged tests	Checkout vpsadmin	2026-09-14T10:01:32.1085042Z HEAD is now at 791ab3aa8 api: share the public password length requirement
Run selected ci-tagged tests	Checkout vpsadmin	2026-09-14T10:01:32.1100208Z ##[endgroup]
Run selected ci-tagged tests	Checkout vpsadmin	2026-09-14T10:01:32.1106389Z ##[group]Disabling automatic garbage collection
Run selected ci-tagged tests	Checkout vpsadmin	2026-09-14T10:01:32.1114541Z [command]/nix/store/nly4cml071i82515r89rpdw38z55wjqd-git-2.54.0/bin/git config --local gc.auto 0
Run selected ci-tagged tests	Checkout vpsadmin	2026-09-14T10:01:32.1187603Z ##[endgroup]
Run selected ci-tagged tests	Checkout vpsadmin	2026-09-14T10:01:32.1192971Z ##[group]Setting up auth
Run selected ci-tagged tests	Checkout vpsadmin	2026-09-14T10:01:32.1198846Z Removing SSH command configuration
Run selected ci-tagged tests	Checkout vpsadmin	2026-09-14T10:01:32.1213240Z [command]/nix/store/nly4cml071i82515r89rpdw38z55wjqd-git-2.54.0/bin/git config --local --name-only --get-regexp core\.sshCommand
Run selected ci-tagged tests	Checkout vpsadmin	2026-09-14T10:01:32.1289990Z [command]/nix/store/nly4cml071i82515r89rpdw38z55wjqd-git-2.54.0/bin/git submodule foreach --recursive sh -c "git config --local --name-only --get-regexp 'core\.sshCommand' && git config --local --unset-all 'core.sshCommand' || :"
Run selected ci-tagged tests	Checkout vpsadmin	2026-09-14T10:01:32.1774410Z Removing HTTP extra header
Run selected ci-tagged tests	Checkout vpsadmin	2026-09-14T10:01:32.1786902Z [command]/nix/store/nly4cml071i82515r89rpdw38z55wjqd-git-2.54.0/bin/git config --local --name-only --get-regexp http\.https\:\/\/github\.com\/\.extraheader
Run selected ci-tagged tests	Checkout vpsadmin	2026-09-14T10:01:32.1874894Z [command]/nix/store/nly4cml071i82515r89rpdw38z55wjqd-git-2.54.0/bin/git submodule foreach --recursive sh -c "git config --local --name-only --get-regexp 'http\.https\:\/\/github\.com\/\.extraheader' && git config --local --unset-all 'http.https://github.com/.extraheader' || :"
Run selected ci-tagged tests	Checkout vpsadmin	2026-09-14T10:01:32.2696726Z Removing includeIf entries pointing to credentials config files
Run selected ci-tagged tests	Checkout vpsadmin	2026-09-14T10:01:32.2707932Z [command]/nix/store/nly4cml071i82515r89rpdw38z55wjqd-git-2.54.0/bin/git config --local --name-only --get-regexp ^includeIf\.gitdir:
Run selected ci-tagged tests	Checkout vpsadmin	2026-09-14T10:01:32.2843294Z [command]/nix/store/nly4cml071i82515r89rpdw38z55wjqd-git-2.54.0/bin/git submodule foreach --recursive git config --local --show-origin --name-only --get-regexp remote.origin.url
Run selected ci-tagged tests	Checkout vpsadmin	2026-09-14T10:01:32.3778230Z [command]/nix/store/nly4cml071i82515r89rpdw38z55wjqd-git-2.54.0/bin/git config --file /run/github-runner/runner/_temp/git-credentials-733ae172-eb8d-43c6-a86e-36be0625d468.config http.https://github.com/.extraheader AUTHORIZATION: basic ***
Run selected ci-tagged tests	Checkout vpsadmin	2026-09-14T10:01:32.3850789Z [command]/nix/store/nly4cml071i82515r89rpdw38z55wjqd-git-2.54.0/bin/git config --local includeIf.gitdir:/run/github-runner/runner/vpsadmin/vpsadmin/.git.path /run/github-runner/runner/_temp/git-credentials-733ae172-eb8d-43c6-a86e-36be0625d468.config
Run selected ci-tagged tests	Checkout vpsadmin	2026-09-14T10:01:32.3913671Z [command]/nix/store/nly4cml071i82515r89rpdw38z55wjqd-git-2.54.0/bin/git config --local includeIf.gitdir:/run/github-runner/runner/vpsadmin/vpsadmin/.git/worktrees/*.path /run/github-runner/runner/_temp/git-credentials-733ae172-eb8d-43c6-a86e-36be0625d468.config
Run selected ci-tagged tests	Checkout vpsadmin	2026-09-14T10:01:32.3955763Z [command]/nix/store/nly4cml071i82515r89rpdw38z55wjqd-git-2.54.0/bin/git config --local includeIf.gitdir:/github/workspace/.git.path /github/runner_temp/git-credentials-733ae172-eb8d-43c6-a86e-36be0625d468.config
Run selected ci-tagged tests	Checkout vpsadmin	2026-09-14T10:01:32.3995740Z [command]/nix/store/nly4cml071i82515r89rpdw38z55wjqd-git-2.54.0/bin/git config --local includeIf.gitdir:/github/workspace/.git/worktrees/*.path /github/runner_temp/git-credentials-733ae172-eb8d-43c6-a86e-36be0625d468.config
Run selected ci-tagged tests	Checkout vpsadmin	2026-09-14T10:01:32.4052632Z ##[endgroup]
Run selected ci-tagged tests	Checkout vpsadmin	2026-09-14T10:01:32.4057728Z ##[group]Fetching the repository
Run selected ci-tagged tests	Checkout vpsadmin	2026-09-14T10:01:32.4066808Z [command]/nix/store/nly4cml071i82515r89rpdw38z55wjqd-git-2.54.0/bin/git -c protocol.version=2 fetch --no-tags --prune --no-recurse-submodules origin +refs/heads/*:refs/remotes/origin/* +refs/tags/*:refs/tags/*
Run selected ci-tagged tests	Checkout vpsadmin	2026-09-14T10:01:33.3195652Z From https://github.com/vpsfreecz/vpsadmin
Run selected ci-tagged tests	Checkout vpsadmin	2026-09-14T10:01:33.3196650Z  * [new branch]          2026-09-14-kernel-history-fix -> origin/2026-09-14-kernel-history-fix
Run selected ci-tagged tests	Checkout vpsadmin	2026-09-14T10:01:33.3197491Z    6923c7bfc..791ab3aa8  master     -> origin/master
Run selected ci-tagged tests	Checkout vpsadmin	2026-09-14T10:01:33.3288938Z [command]/nix/store/nly4cml071i82515r89rpdw38z55wjqd-git-2.54.0/bin/git branch --list --remote origin/2026-09-14-kernel-history-fix
Run selected ci-tagged tests	Checkout vpsadmin	2026-09-14T10:01:33.3363330Z   origin/2026-09-14-kernel-history-fix
Run selected ci-tagged tests	Checkout vpsadmin	2026-09-14T10:01:33.3379175Z [command]/nix/store/nly4cml071i82515r89rpdw38z55wjqd-git-2.54.0/bin/git rev-parse refs/remotes/origin/2026-09-14-kernel-history-fix
Run selected ci-tagged tests	Checkout vpsadmin	2026-09-14T10:01:33.3450110Z b851ea971ed1cdcec2548395ec1ea493e8344cb6
Run selected ci-tagged tests	Checkout vpsadmin	2026-09-14T10:01:33.3457626Z ##[endgroup]
Run selected ci-tagged tests	Checkout vpsadmin	2026-09-14T10:01:33.3460779Z ##[group]Determining the checkout info
Run selected ci-tagged tests	Checkout vpsadmin	2026-09-14T10:01:33.3463335Z ##[endgroup]
Run selected ci-tagged tests	Checkout vpsadmin	2026-09-14T10:01:33.3466127Z [command]/nix/store/nly4cml071i82515r89rpdw38z55wjqd-git-2.54.0/bin/git sparse-checkout disable
Run selected ci-tagged tests	Checkout vpsadmin	2026-09-14T10:01:33.3614219Z [command]/nix/store/nly4cml071i82515r89rpdw38z55wjqd-git-2.54.0/bin/git config --local --unset-all extensions.worktreeConfig
Run selected ci-tagged tests	Checkout vpsadmin	2026-09-14T10:01:33.3658324Z ##[group]Checking out the ref
Run selected ci-tagged tests	Checkout vpsadmin	2026-09-14T10:01:33.3668172Z [command]/nix/store/nly4cml071i82515r89rpdw38z55wjqd-git-2.54.0/bin/git checkout --progress --force -B 2026-09-14-kernel-history-fix refs/remotes/origin/2026-09-14-kernel-history-fix
Run selected ci-tagged tests	Checkout vpsadmin	2026-09-14T10:01:33.3819003Z Previous HEAD position was 791ab3aa8 api: share the public password length requirement
Run selected ci-tagged tests	Checkout vpsadmin	2026-09-14T10:01:33.3840618Z Switched to a new branch '2026-09-14-kernel-history-fix'
Run selected ci-tagged tests	Checkout vpsadmin	2026-09-14T10:01:33.3844817Z branch '2026-09-14-kernel-history-fix' set up to track 'origin/2026-09-14-kernel-history-fix'.
Run selected ci-tagged tests	Checkout vpsadmin	2026-09-14T10:01:33.3855090Z ##[endgroup]
Run selected ci-tagged tests	Checkout vpsadmin	2026-09-14T10:01:33.3942423Z [command]/nix/store/nly4cml071i82515r89rpdw38z55wjqd-git-2.54.0/bin/git log -1 --format=%H
Run selected ci-tagged tests	Checkout vpsadmin	2026-09-14T10:01:33.3994017Z b851ea971ed1cdcec2548395ec1ea493e8344cb6
Run selected ci-tagged tests	Select integration tests	﻿2026-09-14T10:01:33.4346762Z ##[group]Run set -euo pipefail
Run selected ci-tagged tests	Select integration tests	2026-09-14T10:01:33.4347514Z ^[[36;1mset -euo pipefail^[[0m
Run selected ci-tagged tests	Select integration tests	2026-09-14T10:01:33.4348009Z ^[[36;1m^[[0m
Run selected ci-tagged tests	Select integration tests	2026-09-14T10:01:33.4348444Z ^[[36;1mwrite_selection() {^[[0m
Run selected ci-tagged tests	Select integration tests	2026-09-14T10:01:33.4348933Z ^[[36;1m  {^[[0m
Run selected ci-tagged tests	Select integration tests	2026-09-14T10:01:33.4349485Z ^[[36;1m    echo "mode=$1"^[[0m
Run selected ci-tagged tests	Select integration tests	2026-09-14T10:01:33.4349996Z ^[[36;1m    echo "filter=$2"^[[0m
Run selected ci-tagged tests	Select integration tests	2026-09-14T10:01:33.4350503Z ^[[36;1m    echo "reason=$3"^[[0m
Run selected ci-tagged tests	Select integration tests	2026-09-14T10:01:33.4351029Z ^[[36;1m    echo "tags="^[[0m
Run selected ci-tagged tests	Select integration tests	2026-09-14T10:01:33.4351545Z ^[[36;1m  } >> "$GITHUB_OUTPUT"^[[0m
Run selected ci-tagged tests	Select integration tests	2026-09-14T10:01:33.4352065Z ^[[36;1m}^[[0m
Run selected ci-tagged tests	Select integration tests	2026-09-14T10:01:33.4352486Z ^[[36;1m^[[0m
Run selected ci-tagged tests	Select integration tests	2026-09-14T10:01:33.4353101Z ^[[36;1mif [[ "$EVENT_NAME" == "schedule" || "$DISPATCH_MODE" == "full" ]]; then^[[0m
Run selected ci-tagged tests	Select integration tests	2026-09-14T10:01:33.4354046Z ^[[36;1m  write_selection "full" "tag=ci" "scheduled or manual full run"^[[0m
Run selected ci-tagged tests	Select integration tests	2026-09-14T10:01:33.4354778Z ^[[36;1m  exit 0^[[0m
Run selected ci-tagged tests	Select integration tests	2026-09-14T10:01:33.4355201Z ^[[36;1mfi^[[0m
Run selected ci-tagged tests	Select integration tests	2026-09-14T10:01:33.4355597Z ^[[36;1m^[[0m
Run selected ci-tagged tests	Select integration tests	2026-09-14T10:01:33.4356113Z ^[[36;1mzero_rev="0000000000000000000000000000000000000000"^[[0m
Run selected ci-tagged tests	Select integration tests	2026-09-14T10:01:33.4356805Z ^[[36;1mbase=""^[[0m
Run selected ci-tagged tests	Select integration tests	2026-09-14T10:01:33.4357217Z ^[[36;1m^[[0m
Run selected ci-tagged tests	Select integration tests	2026-09-14T10:01:33.4357804Z ^[[36;1mif [[ -n "$EVENT_BEFORE" && "$EVENT_BEFORE" != "$zero_rev" ]]; then^[[0m
Run selected ci-tagged tests	Select integration tests	2026-09-14T10:01:33.4358555Z ^[[36;1m  base="$EVENT_BEFORE"^[[0m
Run selected ci-tagged tests	Select integration tests	2026-09-14T10:01:33.4359057Z ^[[36;1m^[[0m
Run selected ci-tagged tests	Select integration tests	2026-09-14T10:01:33.4359670Z ^[[36;1m  if ! git cat-file -e "${base}^{commit}" 2>/dev/null; then^[[0m
Run selected ci-tagged tests	Select integration tests	2026-09-14T10:01:33.4360363Z ^[[36;1m    base=""^[[0m
Run selected ci-tagged tests	Select integration tests	2026-09-14T10:01:33.4360818Z ^[[36;1m  fi^[[0m
Run selected ci-tagged tests	Select integration tests	2026-09-14T10:01:33.4361231Z ^[[36;1mfi^[[0m
Run selected ci-tagged tests	Select integration tests	2026-09-14T10:01:33.4362065Z ^[[36;1m^[[0m
Run selected ci-tagged tests	Select integration tests	2026-09-14T10:01:33.4362485Z ^[[36;1mif [[ -z "$base" ]]; then^[[0m
Run selected ci-tagged tests	Select integration tests	2026-09-14T10:01:33.4363040Z ^[[36;1m  git fetch --no-tags origin \^[[0m
Run selected ci-tagged tests	Select integration tests	2026-09-14T10:01:33.4363817Z ^[[36;1m    "+refs/heads/${DEFAULT_BRANCH}:refs/remotes/origin/${DEFAULT_BRANCH}"^[[0m
Run selected ci-tagged tests	Select integration tests	2026-09-14T10:01:33.4364801Z ^[[36;1m  base="$(git merge-base "$HEAD_SHA" "origin/${DEFAULT_BRANCH}" || true)"^[[0m
Run selected ci-tagged tests	Select integration tests	2026-09-14T10:01:33.4365549Z ^[[36;1mfi^[[0m
Run selected ci-tagged tests	Select integration tests	2026-09-14T10:01:33.4365949Z ^[[36;1m^[[0m
Run selected ci-tagged tests	Select integration tests	2026-09-14T10:01:33.4366361Z ^[[36;1mif [[ -z "$base" ]]; then^[[0m
Run selected ci-tagged tests	Select integration tests	2026-09-14T10:01:33.4367085Z ^[[36;1m  write_selection "full" "tag=ci" "unable to determine diff base"^[[0m
Run selected ci-tagged tests	Select integration tests	2026-09-14T10:01:33.4367818Z ^[[36;1m  exit 0^[[0m
Run selected ci-tagged tests	Select integration tests	2026-09-14T10:01:33.4368224Z ^[[36;1mfi^[[0m
Run selected ci-tagged tests	Select integration tests	2026-09-14T10:01:33.4368608Z ^[[36;1m^[[0m
Run selected ci-tagged tests	Select integration tests	2026-09-14T10:01:33.4369296Z ^[[36;1mgit diff --name-only "$base" "$HEAD_SHA" | sort -u > changed-files.txt^[[0m
Run selected ci-tagged tests	Select integration tests	2026-09-14T10:01:33.4370037Z ^[[36;1m^[[0m
Run selected ci-tagged tests	Select integration tests	2026-09-14T10:01:33.4370710Z ^[[36;1mnix shell --inputs-from . nixpkgs#ruby_3_4 -c ruby tools/select_ci_tests.rb \^[[0m
Run selected ci-tagged tests	Select integration tests	2026-09-14T10:01:33.4371637Z ^[[36;1m  --changed-files changed-files.txt \^[[0m
Run selected ci-tagged tests	Select integration tests	2026-09-14T10:01:33.4372292Z ^[[36;1m  --github-output "$GITHUB_OUTPUT"^[[0m
Run selected ci-tagged tests	Select integration tests	2026-09-14T10:01:33.4377240Z shell: /nix/store/pkf547jp8a92k4wmxikkyby58w10pysr-bash-interactive-5.3p9/bin/bash -e {0}
Run selected ci-tagged tests	Select integration tests	2026-09-14T10:01:33.4378205Z env:
Run selected ci-tagged tests	Select integration tests	2026-09-14T10:01:33.4378614Z   DEFAULT_BRANCH: master
Run selected ci-tagged tests	Select integration tests	2026-09-14T10:01:33.4379086Z   DISPATCH_MODE: 
Run selected ci-tagged tests	Select integration tests	2026-09-14T10:01:33.4379721Z   EVENT_BEFORE: 2a312616b0bf10465c33bbca97c79b31b22e8ec8
Run selected ci-tagged tests	Select integration tests	2026-09-14T10:01:33.4380355Z   EVENT_NAME: push
Run selected ci-tagged tests	Select integration tests	2026-09-14T10:01:33.4380876Z   HEAD_SHA: b851ea971ed1cdcec2548395ec1ea493e8344cb6
Run selected ci-tagged tests	Select integration tests	2026-09-14T10:01:33.4381487Z ##[endgroup]
Run selected ci-tagged tests	Select integration tests	2026-09-14T10:01:35.6608801Z mode=full
Run selected ci-tagged tests	Select integration tests	2026-09-14T10:01:35.6610154Z filter=tag=ci
Run selected ci-tagged tests	Select integration tests	2026-09-14T10:01:35.6611818Z reason=full rule matched api/db/migrate/20260914120000_add_node_kernel_event_last_confirmed_at.rb
Run selected ci-tagged tests	Preview selected tests	﻿2026-09-14T10:01:35.6856003Z ##[group]Run set -euo pipefail
Run selected ci-tagged tests	Preview selected tests	2026-09-14T10:01:35.6856550Z ^[[36;1mset -euo pipefail^[[0m
Run selected ci-tagged tests	Preview selected tests	2026-09-14T10:01:35.6856923Z ^[[36;1m^[[0m
Run selected ci-tagged tests	Preview selected tests	2026-09-14T10:01:35.6857215Z ^[[36;1mfilter="tag=ci"^[[0m
Run selected ci-tagged tests	Preview selected tests	2026-09-14T10:01:35.6857552Z ^[[36;1mmode="full"^[[0m
Run selected ci-tagged tests	Preview selected tests	2026-09-14T10:01:35.6858227Z ^[[36;1mreason="full rule matched api/db/migrate/20260914120000_add_node_kernel_event_last_confirmed_at.rb"^[[0m
Run selected ci-tagged tests	Preview selected tests	2026-09-14T10:01:35.6859144Z ^[[36;1m./test-runner.sh ls --filter "$filter" | tee selected-tests.txt^[[0m
Run selected ci-tagged tests	Preview selected tests	2026-09-14T10:01:35.6859942Z ^[[36;1mcount="$(grep -cve '^[[:space:]]*$' selected-tests.txt || true)"^[[0m
Run selected ci-tagged tests	Preview selected tests	2026-09-14T10:01:35.6860507Z ^[[36;1m^[[0m
Run selected ci-tagged tests	Preview selected tests	2026-09-14T10:01:35.6861041Z ^[[36;1mif [[ "$count" -eq 0 && "$mode" == "selected" ]]; then^[[0m
Run selected ci-tagged tests	Preview selected tests	2026-09-14T10:01:35.6861677Z ^[[36;1m  filter="tag=ci"^[[0m
Run selected ci-tagged tests	Preview selected tests	2026-09-14T10:01:35.6862035Z ^[[36;1m  mode="full"^[[0m
Run selected ci-tagged tests	Preview selected tests	2026-09-14T10:01:35.6862554Z ^[[36;1m  reason="selector matched zero tests; falling back to full CI"^[[0m
Run selected ci-tagged tests	Preview selected tests	2026-09-14T10:01:35.6863119Z ^[[36;1m^[[0m
Run selected ci-tagged tests	Preview selected tests	2026-09-14T10:01:35.6863570Z ^[[36;1m  ./test-runner.sh ls --filter "$filter" | tee selected-tests.txt^[[0m
Run selected ci-tagged tests	Preview selected tests	2026-09-14T10:01:35.6864350Z ^[[36;1m  count="$(grep -cve '^[[:space:]]*$' selected-tests.txt || true)"^[[0m
Run selected ci-tagged tests	Preview selected tests	2026-09-14T10:01:35.6864886Z ^[[36;1mfi^[[0m
Run selected ci-tagged tests	Preview selected tests	2026-09-14T10:01:35.6865160Z ^[[36;1m^[[0m
Run selected ci-tagged tests	Preview selected tests	2026-09-14T10:01:35.6865431Z ^[[36;1m{^[[0m
Run selected ci-tagged tests	Preview selected tests	2026-09-14T10:01:35.6865725Z ^[[36;1m  echo "mode=$mode"^[[0m
Run selected ci-tagged tests	Preview selected tests	2026-09-14T10:01:35.6866100Z ^[[36;1m  echo "filter=$filter"^[[0m
Run selected ci-tagged tests	Preview selected tests	2026-09-14T10:01:35.6866492Z ^[[36;1m  echo "reason=$reason"^[[0m
Run selected ci-tagged tests	Preview selected tests	2026-09-14T10:01:35.6866888Z ^[[36;1m  echo "count=$count"^[[0m
Run selected ci-tagged tests	Preview selected tests	2026-09-14T10:01:35.6867270Z ^[[36;1m} >> "$GITHUB_OUTPUT"^[[0m
Run selected ci-tagged tests	Preview selected tests	2026-09-14T10:01:35.6867624Z ^[[36;1m^[[0m
Run selected ci-tagged tests	Preview selected tests	2026-09-14T10:01:35.6867900Z ^[[36;1m{^[[0m
Run selected ci-tagged tests	Preview selected tests	2026-09-14T10:01:35.6868275Z ^[[36;1m  echo "### CI integration test selection"^[[0m
Run selected ci-tagged tests	Preview selected tests	2026-09-14T10:01:35.6868766Z ^[[36;1m  echo ""^[[0m
Run selected ci-tagged tests	Preview selected tests	2026-09-14T10:01:35.6869134Z ^[[36;1m  echo "- Mode: $mode"^[[0m
Run selected ci-tagged tests	Preview selected tests	2026-09-14T10:01:35.6869815Z ^[[36;1m  echo "- Filter: \`$filter\`"^[[0m
Run selected ci-tagged tests	Preview selected tests	2026-09-14T10:01:35.6870267Z ^[[36;1m  echo "- Selected scripts: $count"^[[0m
Run selected ci-tagged tests	Preview selected tests	2026-09-14T10:01:35.6870806Z ^[[36;1m  echo "- Reason: $reason"^[[0m
Run selected ci-tagged tests	Preview selected tests	2026-09-14T10:01:35.6872979Z ^[[36;1m  echo "- Stop after first unexpected result: \`false\`"^[[0m
Run selected ci-tagged tests	Preview selected tests	2026-09-14T10:01:35.6873512Z ^[[36;1m  echo ""^[[0m
Run selected ci-tagged tests	Preview selected tests	2026-09-14T10:01:35.6874037Z ^[[36;1m  echo "<details><summary>Selected test scripts</summary>"^[[0m
Run selected ci-tagged tests	Preview selected tests	2026-09-14T10:01:35.6874649Z ^[[36;1m  echo ""^[[0m
Run selected ci-tagged tests	Preview selected tests	2026-09-14T10:01:35.6874969Z ^[[36;1m  echo '```'^[[0m
Run selected ci-tagged tests	Preview selected tests	2026-09-14T10:01:35.6875314Z ^[[36;1m  cat selected-tests.txt^[[0m
Run selected ci-tagged tests	Preview selected tests	2026-09-14T10:01:35.6875695Z ^[[36;1m  echo '```'^[[0m
Run selected ci-tagged tests	Preview selected tests	2026-09-14T10:01:35.6876008Z ^[[36;1m  echo ""^[[0m
Run selected ci-tagged tests	Preview selected tests	2026-09-14T10:01:35.6876330Z ^[[36;1m  echo "</details>"^[[0m
Run selected ci-tagged tests	Preview selected tests	2026-09-14T10:01:35.6876698Z ^[[36;1m} >> "$GITHUB_STEP_SUMMARY"^[[0m
Run selected ci-tagged tests	Preview selected tests	2026-09-14T10:01:35.6880112Z shell: /nix/store/pkf547jp8a92k4wmxikkyby58w10pysr-bash-interactive-5.3p9/bin/bash -e {0}
Run selected ci-tagged tests	Preview selected tests	2026-09-14T10:01:35.6880877Z ##[endgroup]
Run selected ci-tagged tests	Preview selected tests	2026-09-14T10:01:40.7452494Z this derivation will be built:
Run selected ci-tagged tests	Preview selected tests	2026-09-14T10:01:40.7455345Z   /nix/store/2v2kbhxm9aijipq5sjf58w29f6d92s7l-test-runner-repository-source.drv
Run selected ci-tagged tests	Preview selected tests	2026-09-14T10:01:40.8296915Z building '/nix/store/2v2kbhxm9aijipq5sjf58w29f6d92s7l-test-runner-repository-source.drv'...
Run selected ci-tagged tests	Preview selected tests	2026-09-14T10:03:20.7360108Z admin/cluster-resource-package-assignment
Run selected ci-tagged tests	Preview selected tests	2026-09-14T10:03:20.7361635Z admin/dataset-plan-lifecycle
Run selected ci-tagged tests	Preview selected tests	2026-09-14T10:03:20.7362838Z admin/environment-defaults-propagation
Run selected ci-tagged tests	Preview selected tests	2026-09-14T10:03:20.7364154Z admin/location-network-primary-switch
Run selected ci-tagged tests	Preview selected tests	2026-09-14T10:03:20.7365444Z admin/nodectl-read-and-queue-control
Run selected ci-tagged tests	Preview selected tests	2026-09-14T10:03:20.7366728Z admin/nodectl-refresh-and-runtime-state
Run selected ci-tagged tests	Preview selected tests	2026-09-14T10:03:20.7367964Z admin/remote-mount-state
Run selected ci-tagged tests	Preview selected tests	2026-09-14T10:03:20.7369032Z admin/scheduler-socket-control
Run selected ci-tagged tests	Preview selected tests	2026-09-14T10:03:20.7370447Z alerts/incident-report-process
Run selected ci-tagged tests	Preview selected tests	2026-09-14T10:03:20.7371991Z alerts/lifetime-and-daily-report
Run selected ci-tagged tests	Preview selected tests	2026-09-14T10:03:20.7373742Z alerts/oom-report-notify-and-prune
Run selected ci-tagged tests	Preview selected tests	2026-09-14T10:03:20.7374916Z client/snapshot-download
Run selected ci-tagged tests	Preview selected tests	2026-09-14T10:03:20.7375859Z cluster/1-node
Run selected ci-tagged tests	Preview selected tests	2026-09-14T10:03:20.7376689Z cluster/2-node
Run selected ci-tagged tests	Preview selected tests	2026-09-14T10:03:20.7377576Z cluster/generate-migration-keys
Run selected ci-tagged tests	Preview selected tests	2026-09-14T10:03:20.7379964Z cluster/node-evacuate-basic
Run selected ci-tagged tests	Preview selected tests	2026-09-14T10:03:20.7381075Z cluster/node-evacuate-concurrency
Run selected ci-tagged tests	Preview selected tests	2026-09-14T10:03:20.7382157Z console-router
Run selected ci-tagged tests	Preview selected tests	2026-09-14T10:03:20.7383051Z dns/secondary-transfer-errors
Run selected ci-tagged tests	Preview selected tests	2026-09-14T10:03:20.7384133Z dns/server-zone-lifecycle
Run selected ci-tagged tests	Preview selected tests	2026-09-14T10:03:20.7385132Z dns/zone-transfer-config
Run selected ci-tagged tests	Preview selected tests	2026-09-14T10:03:20.7386087Z download-mounter
Run selected ci-tagged tests	Preview selected tests	2026-09-14T10:03:20.7387085Z network/export-enable-disable-hosts
Run selected ci-tagged tests	Preview selected tests	2026-09-14T10:03:20.7388313Z network/export-lifecycle
Run selected ci-tagged tests	Preview selected tests	2026-09-14T10:03:20.7389499Z network/network-interface-lifecycle
Run selected ci-tagged tests	Preview selected tests	2026-09-14T10:03:20.7390841Z network/network-interface-routes-and-host-ips
Run selected ci-tagged tests	Preview selected tests	2026-09-14T10:03:20.7392338Z network/network-interface-shaper-and-rename
Run selected ci-tagged tests	Preview selected tests	2026-09-14T10:03:20.7393582Z node/register
Run selected ci-tagged tests	Preview selected tests	2026-09-14T10:03:20.7394356Z pool/create
Run selected ci-tagged tests	Preview selected tests	2026-09-14T10:03:20.7395118Z services-up
Run selected ci-tagged tests	Preview selected tests	2026-09-14T10:03:20.7395974Z storage/backup-full-incremental
Run selected ci-tagged tests	Preview selected tests	2026-09-14T10:03:20.7397155Z storage/backup-full-incremental-remote
Run selected ci-tagged tests	Preview selected tests	2026-09-14T10:03:20.7398989Z storage/backup-multiple-destinations-diverged-remote
Run selected ci-tagged tests	Preview selected tests	2026-09-14T10:03:20.7400833Z storage/backup-multiple-destinations-remote
Run selected ci-tagged tests	Preview selected tests	2026-09-14T10:03:20.7402226Z storage/backup-remote-interrupted-recv
Run selected ci-tagged tests	Preview selected tests	2026-09-14T10:03:20.7403550Z storage/backup-remote-interrupted-send
Run selected ci-tagged tests	Preview selected tests	2026-09-14T10:03:20.7404744Z storage/branching-destroy
Run selected ci-tagged tests	Preview selected tests	2026-09-14T10:03:20.7405758Z storage/branching-rotation
Run selected ci-tagged tests	Preview selected tests	2026-09-14T10:03:20.7406870Z storage/branching-shared-snapshot-prune
Run selected ci-tagged tests	Preview selected tests	2026-09-14T10:03:20.7408126Z storage/complex-destroy-order
Run selected ci-tagged tests	Preview selected tests	2026-09-14T10:03:20.7410476Z storage/complex-rotation-order-pending
Run selected ci-tagged tests	Preview selected tests	2026-09-14T10:03:20.7412667Z storage/dataset-destroy-after-rollback-history
Run selected ci-tagged tests	Preview selected tests	2026-09-14T10:03:20.7414744Z storage/dataset-destroy-complex-history
Run selected ci-tagged tests	Preview selected tests	2026-09-14T10:03:20.7416007Z storage/dataset-migrate-remote
Run selected ci-tagged tests	Preview selected tests	2026-09-14T10:03:20.7417163Z storage/dataset-migrate-retain-source
Run selected ci-tagged tests	Preview selected tests	2026-09-14T10:03:20.7418411Z storage/dataset-migrate-rsync-remote
Run selected ci-tagged tests	Preview selected tests	2026-09-14T10:03:20.7419862Z storage/dataset-migrate-same-node
Run selected ci-tagged tests	Preview selected tests	2026-09-14T10:03:20.7421180Z storage/dataset-migrate-same-node-with-exports
Run selected ci-tagged tests	Preview selected tests	2026-09-14T10:03:20.7422533Z storage/group-snapshot
Run selected ci-tagged tests	Preview selected tests	2026-09-14T10:03:20.7425712Z storage/history-divergence-new-tree
Run selected ci-tagged tests	Preview selected tests	2026-09-14T10:03:20.7426928Z storage/repeated-rollback-branching
Run selected ci-tagged tests	Preview selected tests	2026-09-14T10:03:20.7428172Z storage/restore-after-reinstall-remote
Run selected ci-tagged tests	Preview selected tests	2026-09-14T10:03:20.7429844Z storage/restore-after-reinstall-with-descendants-remote
Run selected ci-tagged tests	Preview selected tests	2026-09-14T10:03:20.7431456Z storage/restore-remote-interrupted-recv
Run selected ci-tagged tests	Preview selected tests	2026-09-14T10:03:20.7432709Z storage/rollback-across-trees
Run selected ci-tagged tests	Preview selected tests	2026-09-14T10:03:20.7433910Z storage/rollback-dependent-branch-rotation
Run selected ci-tagged tests	Preview selected tests	2026-09-14T10:03:20.7435227Z storage/rollback-from-backup
Run selected ci-tagged tests	Preview selected tests	2026-09-14T10:03:20.7436344Z storage/rollback-from-remote-backup
Run selected ci-tagged tests	Preview selected tests	2026-09-14T10:03:20.7437539Z storage/rollback-with-descendants
Run selected ci-tagged tests	Preview selected tests	2026-09-14T10:03:20.7438752Z storage/snapshot-download-full-archive
Run selected ci-tagged tests	Preview selected tests	2026-09-14T10:03:20.7439869Z storage/snapshot-download-full-stream
Run selected ci-tagged tests	Preview selected tests	2026-09-14T10:03:20.7440812Z storage/snapshot-download-incremental-branch-mismatch
Run selected ci-tagged tests	Preview selected tests	2026-09-14T10:03:20.7441873Z storage/snapshot-download-incremental-stream
Run selected ci-tagged tests	Preview selected tests	2026-09-14T10:03:20.7442850Z storage/snapshot-download-incremental-transfer
Run selected ci-tagged tests	Preview selected tests	2026-09-14T10:03:20.7443752Z storage/snapshot-download-remove
Run selected ci-tagged tests	Preview selected tests	2026-09-14T10:03:20.7444696Z storage/source-rotation-after-backup-prune
Run selected ci-tagged tests	Preview selected tests	2026-09-14T10:03:20.7445533Z storage/topology-fixture-replay
Run selected ci-tagged tests	Preview selected tests	2026-09-14T10:03:20.7446262Z storage/topology-fixture-roundtrip
Run selected ci-tagged tests	Preview selected tests	2026-09-14T10:03:20.7447011Z storage/topology-reconciliation
Run selected ci-tagged tests	Preview selected tests	2026-09-14T10:03:20.7447801Z storage/vps-hard-delete-after-complex-history
Run selected ci-tagged tests	Preview selected tests	2026-09-14T10:03:20.7448883Z storage/vps-hard-delete-complex-history-with-descendants
Run selected ci-tagged tests	Preview selected tests	2026-09-14T10:03:20.7449949Z supervisor/runtime-ingestion
Run selected ci-tagged tests	Preview selected tests	2026-09-14T10:03:20.7450644Z tasks/auth-session-housekeeping
Run selected ci-tagged tests	Preview selected tests	2026-09-14T10:03:20.7451440Z tasks/dataset-expansion-enforce-and-resolve
Run selected ci-tagged tests	Preview selected tests	2026-09-14T10:03:20.7452290Z tasks/dns-reverse-record-check
Run selected ci-tagged tests	Preview selected tests	2026-09-14T10:03:20.7452972Z tasks/prometheus-export
Run selected ci-tagged tests	Preview selected tests	2026-09-14T10:03:20.7453565Z tx/chain-lifecycle
Run selected ci-tagged tests	Preview selected tests	2026-09-14T10:03:20.7454121Z tx/invalid-signature
Run selected ci-tagged tests	Preview selected tests	2026-09-14T10:03:20.7454721Z tx/keep-going-final-state
Run selected ci-tagged tests	Preview selected tests	2026-09-14T10:03:20.7455826Z tx/manual-confirmations
Run selected ci-tagged tests	Preview selected tests	2026-09-14T10:03:20.7456452Z tx/release-retry-resolve
Run selected ci-tagged tests	Preview selected tests	2026-09-14T10:03:20.7457078Z tx/rollback-state-machine
Run selected ci-tagged tests	Preview selected tests	2026-09-14T10:03:20.7457724Z user/create-with-initial-vps
Run selected ci-tagged tests	Preview selected tests	2026-09-14T10:03:20.7458383Z user/hard-delete-cascade
Run selected ci-tagged tests	Preview selected tests	2026-09-14T10:03:20.7459023Z user/soft-delete-revive-auth
Run selected ci-tagged tests	Preview selected tests	2026-09-14T10:03:20.7459757Z user/suspend-resume-cascade
Run selected ci-tagged tests	Preview selected tests	2026-09-14T10:03:20.7460422Z user/user-namespace-lifecycle
Run selected ci-tagged tests	Preview selected tests	2026-09-14T10:03:20.7461096Z vps/autostart-monitoring
Run selected ci-tagged tests	Preview selected tests	2026-09-14T10:03:20.7461724Z vps/clone-different-owner
Run selected ci-tagged tests	Preview selected tests	2026-09-14T10:03:20.7462330Z vps/clone-remote
Run selected ci-tagged tests	Preview selected tests	2026-09-14T10:03:20.7462899Z vps/clone-remote-consistent
Run selected ci-tagged tests	Preview selected tests	2026-09-14T10:03:20.7463640Z vps/clone-remote-consistent-keep-snapshots
Run selected ci-tagged tests	Preview selected tests	2026-09-14T10:03:20.7464429Z vps/clone-same-node
Run selected ci-tagged tests	Preview selected tests	2026-09-14T10:03:20.7465059Z vps/clone-with-descendants-and-mounts
Run selected ci-tagged tests	Preview selected tests	2026-09-14T10:03:20.7465778Z vps/create
Run selected ci-tagged tests	Preview selected tests	2026-09-14T10:03:20.7466340Z vps/deploy-public-key-and-user-data
Run selected ci-tagged tests	Preview selected tests	2026-09-14T10:03:20.7467111Z vps/expand-and-shrink-dataset
Run selected ci-tagged tests	Preview selected tests	2026-09-14T10:03:20.7467785Z vps/hard-delete-basic
Run selected ci-tagged tests	Preview selected tests	2026-09-14T10:03:20.7468338Z vps/migrate
Run selected ci-tagged tests	Preview selected tests	2026-09-14T10:03:20.7468850Z vps/migrate-no-start
Run selected ci-tagged tests	Preview selected tests	2026-09-14T10:03:20.7469493Z vps/migrate-skip-start
Run selected ci-tagged tests	Preview selected tests	2026-09-14T10:03:20.7470104Z vps/migrate-with-data-check
Run selected ci-tagged tests	Preview selected tests	2026-09-14T10:03:20.7470833Z vps/migrate-with-open-maintenance-window
Run selected ci-tagged tests	Preview selected tests	2026-09-14T10:03:20.7471674Z vps/migrate-with-subdataset-mounts
Run selected ci-tagged tests	Preview selected tests	2026-09-14T10:03:20.7472390Z vps/mount-lifecycle
Run selected ci-tagged tests	Preview selected tests	2026-09-14T10:03:20.7472932Z vps/passwd
Run selected ci-tagged tests	Preview selected tests	2026-09-14T10:03:20.7473417Z vps/reinstall
Run selected ci-tagged tests	Preview selected tests	2026-09-14T10:03:20.7474020Z vps/reinstall-with-user-data-and-keys
Run selected ci-tagged tests	Preview selected tests	2026-09-14T10:03:20.7474754Z vps/replace-no-start
Run selected ci-tagged tests	Preview selected tests	2026-09-14T10:03:20.7475358Z vps/replace-remote
Run selected ci-tagged tests	Preview selected tests	2026-09-14T10:03:20.7476121Z vps/replace-same-node
Run selected ci-tagged tests	Preview selected tests	2026-09-14T10:03:20.7476732Z vps/replace-with-backups
Run selected ci-tagged tests	Preview selected tests	2026-09-14T10:03:20.7477397Z vps/replace-with-backups-remote
Run selected ci-tagged tests	Preview selected tests	2026-09-14T10:03:20.7478161Z vps/replace-with-descendants-and-mounts
Run selected ci-tagged tests	Preview selected tests	2026-09-14T10:03:20.7478960Z vps/start-stop-restart-boot
Run selected ci-tagged tests	Preview selected tests	2026-09-14T10:03:20.7479699Z vps/swap-across-locations
Run selected ci-tagged tests	Preview selected tests	2026-09-14T10:03:20.7480386Z vps/update-resources-and-features
Run selected ci-tagged tests	Preview selected tests	2026-09-14T10:03:20.7481637Z webui#admin-cluster
Run selected ci-tagged tests	Preview selected tests	2026-09-14T10:03:20.7482192Z webui#auth
Run selected ci-tagged tests	Preview selected tests	2026-09-14T10:03:20.7482753Z webui#jumpto
Run selected ci-tagged tests	Preview selected tests	2026-09-14T10:03:20.7483259Z webui#misc-pages
Run selected ci-tagged tests	Preview selected tests	2026-09-14T10:03:20.7483822Z webui#navigation-readonly
Run selected ci-tagged tests	Preview selected tests	2026-09-14T10:03:20.7484444Z webui#networking-dns
Run selected ci-tagged tests	Preview selected tests	2026-09-14T10:03:20.7485026Z webui#security-advisories
Run selected ci-tagged tests	Preview selected tests	2026-09-14T10:03:20.7485663Z webui#storage-backup-export
Run selected ci-tagged tests	Preview selected tests	2026-09-14T10:03:20.7486298Z webui#support-pages
Run selected ci-tagged tests	Preview selected tests	2026-09-14T10:03:20.7486840Z webui#transactions
Run selected ci-tagged tests	Preview selected tests	2026-09-14T10:03:20.7487361Z webui#userns
Run selected ci-tagged tests	Preview selected tests	2026-09-14T10:03:20.7487866Z webui#users-admin
Run selected ci-tagged tests	Preview selected tests	2026-09-14T10:03:20.7488417Z webui#users-self-service
Run selected ci-tagged tests	Preview selected tests	2026-09-14T10:03:20.7489020Z webui#vps-admin-core
Run selected ci-tagged tests	Preview selected tests	2026-09-14T10:03:20.7489682Z webui#vps-admin-ops
Run selected ci-tagged tests	Preview selected tests	2026-09-14T10:03:20.7490225Z webui#vps-lifecycle
Run selected ci-tagged tests	Preview selected tests	2026-09-14T10:03:20.7490762Z webui#vps-user-core
Run selected ci-tagged tests	Preview selected tests	2026-09-14T10:03:20.7491299Z webui#vps-user-ops
Run selected ci-tagged tests	Prepare test state	﻿2026-09-14T10:03:20.7906639Z ##[group]Run vpsfreecz/vpsadminos/.github/actions/prepare-test-state@staging
Run selected ci-tagged tests	Prepare test state	2026-09-14T10:03:20.7907686Z ##[endgroup]
Run selected ci-tagged tests	Prepare test state	2026-09-14T10:03:20.8002359Z ##[start-action display=Run bash "$GITHUB_ACTION_PATH/prepare-test-state.bash";id=prepare-tests.prepare]
Run selected ci-tagged tests	Prepare test state	2026-09-14T10:03:20.8041271Z ##[group]Run bash "$GITHUB_ACTION_PATH/prepare-test-state.bash"
Run selected ci-tagged tests	Prepare test state	2026-09-14T10:03:20.8042329Z ^[[36;1mbash "$GITHUB_ACTION_PATH/prepare-test-state.bash"^[[0m
Run selected ci-tagged tests	Prepare test state	2026-09-14T10:03:20.8045969Z shell: /nix/store/pkf547jp8a92k4wmxikkyby58w10pysr-bash-interactive-5.3p9/bin/bash --noprofile --norc -e -o pipefail {0}
Run selected ci-tagged tests	Prepare test state	2026-09-14T10:03:20.8046858Z env:
Run selected ci-tagged tests	Prepare test state	2026-09-14T10:03:20.8047150Z   TEST_STATE_REPOSITORY_ID: 19884793
Run selected ci-tagged tests	Prepare test state	2026-09-14T10:03:20.8047552Z   TEST_STATE_RUN_ID: 34831012297
Run selected ci-tagged tests	Prepare test state	2026-09-14T10:03:20.8047918Z   TEST_STATE_RUN_ATTEMPT: 1
Run selected ci-tagged tests	Prepare test state	2026-09-14T10:03:20.8048256Z ##[endgroup]
Run selected ci-tagged tests	Prepare test state	2026-09-14T10:03:20.8318025Z Prepared test-runner state directory: /tmp/os-test-runner-19884793-34831012297-1
Run selected ci-tagged tests	Prepare test state	2026-09-14T10:03:20.8383337Z ##[end-action id=prepare-tests.prepare;outcome=success;conclusion=success;duration_ms=37]
Run selected ci-tagged tests	Run tests	﻿2026-09-14T10:03:20.8514690Z ##[group]Run set -o pipefail
Run selected ci-tagged tests	Run tests	2026-09-14T10:03:20.8515287Z ^[[36;1mset -o pipefail^[[0m
Run selected ci-tagged tests	Run tests	2026-09-14T10:03:20.8515681Z ^[[36;1m^[[0m
Run selected ci-tagged tests	Run tests	2026-09-14T10:03:20.8515998Z ^[[36;1margs=(^[[0m
Run selected ci-tagged tests	Run tests	2026-09-14T10:03:20.8516331Z ^[[36;1m  test^[[0m
Run selected ci-tagged tests	Run tests	2026-09-14T10:03:20.8516723Z ^[[36;1m  --state-dir "$TEST_RUNNER_STATE_DIR"^[[0m
Run selected ci-tagged tests	Run tests	2026-09-14T10:03:20.8517234Z ^[[36;1m  -f^[[0m
Run selected ci-tagged tests	Run tests	2026-09-14T10:03:20.8517574Z ^[[36;1m  --jobs auto^[[0m
Run selected ci-tagged tests	Run tests	2026-09-14T10:03:20.8517967Z ^[[36;1m  --filter "tag=ci"^[[0m
Run selected ci-tagged tests	Run tests	2026-09-14T10:03:20.8518380Z ^[[36;1m)^[[0m
Run selected ci-tagged tests	Run tests	2026-09-14T10:03:20.8518692Z ^[[36;1m^[[0m
Run selected ci-tagged tests	Run tests	2026-09-14T10:03:20.8519075Z ^[[36;1mif [[ "$STOP_ON_FAILURE" == "true" ]]; then^[[0m
Run selected ci-tagged tests	Run tests	2026-09-14T10:03:20.8519845Z ^[[36;1m  args+=(--stop-on-failure)^[[0m
Run selected ci-tagged tests	Run tests	2026-09-14T10:03:20.8520304Z ^[[36;1mfi^[[0m
Run selected ci-tagged tests	Run tests	2026-09-14T10:03:20.8520627Z ^[[36;1m^[[0m
Run selected ci-tagged tests	Run tests	2026-09-14T10:03:20.8521153Z ^[[36;1m./test-runner.sh "${args[@]}" | tee "$TEST_RUNNER_STATE_DIR/test.log"^[[0m
Run selected ci-tagged tests	Run tests	2026-09-14T10:03:20.8524950Z shell: /nix/store/pkf547jp8a92k4wmxikkyby58w10pysr-bash-interactive-5.3p9/bin/bash -e {0}
Run selected ci-tagged tests	Run tests	2026-09-14T10:03:20.8525856Z env:
Run selected ci-tagged tests	Run tests	2026-09-14T10:03:20.8526352Z   TEST_RUNNER_STATE_DIR: /tmp/os-test-runner-19884793-34831012297-1
Run selected ci-tagged tests	Run tests	2026-09-14T10:03:20.8527002Z   STOP_ON_FAILURE: false
Run selected ci-tagged tests	Run tests	2026-09-14T10:03:20.8527391Z ##[endgroup]
Run selected ci-tagged tests	Run tests	2026-09-14T10:03:25.0939038Z this derivation will be built:
Run selected ci-tagged tests	Run tests	2026-09-14T10:03:25.0941490Z   /nix/store/4kp1cy6zipyfbla3byihnsl71lnnpgsq-test-runner-repository-source.drv
Run selected ci-tagged tests	Run tests	2026-09-14T10:03:25.1525307Z building '/nix/store/4kp1cy6zipyfbla3byihnsl71lnnpgsq-test-runner-repository-source.drv'...
Run selected ci-tagged tests	Run tests	2026-09-14T10:05:02.2102555Z The following test scripts will be run:
Run selected ci-tagged tests	Run tests	2026-09-14T10:05:02.2104126Z   admin/cluster-resource-package-assignment
Run selected ci-tagged tests	Run tests	2026-09-14T10:05:02.2105509Z   admin/dataset-plan-lifecycle
Run selected ci-tagged tests	Run tests	2026-09-14T10:05:02.2106712Z   admin/environment-defaults-propagation
Run selected ci-tagged tests	Run tests	2026-09-14T10:05:02.2108066Z   admin/location-network-primary-switch
Run selected ci-tagged tests	Run tests	2026-09-14T10:05:02.2109500Z   admin/nodectl-read-and-queue-control
Run selected ci-tagged tests	Run tests	2026-09-14T10:05:02.2110783Z   admin/nodectl-refresh-and-runtime-state
Run selected ci-tagged tests	Run tests	2026-09-14T10:05:02.2112026Z   admin/remote-mount-state
Run selected ci-tagged tests	Run tests	2026-09-14T10:05:02.2113136Z   admin/scheduler-socket-control
Run selected ci-tagged tests	Run tests	2026-09-14T10:05:02.2117009Z   alerts/incident-report-process
Run selected ci-tagged tests	Run tests	2026-09-14T10:05:02.2118285Z   alerts/lifetime-and-daily-report
Run selected ci-tagged tests	Run tests	2026-09-14T10:05:02.2120064Z   alerts/oom-report-notify-and-prune
Run selected ci-tagged tests	Run tests	2026-09-14T10:05:02.2121259Z   client/snapshot-download
Run selected ci-tagged tests	Run tests	2026-09-14T10:05:02.2122210Z   cluster/1-node
Run selected ci-tagged tests	Run tests	2026-09-14T10:05:02.2123260Z   cluster/2-node
Run selected ci-tagged tests	Run tests	2026-09-14T10:05:02.2124168Z   cluster/generate-migration-keys
Run selected ci-tagged tests	Run tests	2026-09-14T10:05:02.2125283Z   cluster/node-evacuate-basic
Run selected ci-tagged tests	Run tests	2026-09-14T10:05:02.2126377Z   cluster/node-evacuate-concurrency
Run selected ci-tagged tests	Run tests	2026-09-14T10:05:02.2127466Z   console-router
Run selected ci-tagged tests	Run tests	2026-09-14T10:05:02.2128399Z   dns/secondary-transfer-errors
Run selected ci-tagged tests	Run tests	2026-09-14T10:05:02.2130514Z   dns/server-zone-lifecycle
Run selected ci-tagged tests	Run tests	2026-09-14T10:05:02.2131552Z   dns/zone-transfer-config
Run selected ci-tagged tests	Run tests	2026-09-14T10:05:02.2132519Z   download-mounter
Run selected ci-tagged tests	Run tests	2026-09-14T10:05:02.2133486Z   network/export-enable-disable-hosts
Run selected ci-tagged tests	Run tests	2026-09-14T10:05:02.2134671Z   network/export-lifecycle
Run selected ci-tagged tests	Run tests	2026-09-14T10:05:02.2135731Z   network/network-interface-lifecycle
Run selected ci-tagged tests	Run tests	2026-09-14T10:05:02.2137139Z   network/network-interface-routes-and-host-ips
Run selected ci-tagged tests	Run tests	2026-09-14T10:05:02.2138659Z   network/network-interface-shaper-and-rename
Run selected ci-tagged tests	Run tests	2026-09-14T10:05:02.2140034Z   node/register
Run selected ci-tagged tests	Run tests	2026-09-14T10:05:02.2140828Z   pool/create
Run selected ci-tagged tests	Run tests	2026-09-14T10:05:02.2141593Z   services-up
Run selected ci-tagged tests	Run tests	2026-09-14T10:05:02.2142480Z   storage/backup-full-incremental
Run selected ci-tagged tests	Run tests	2026-09-14T10:05:02.2143687Z   storage/backup-full-incremental-remote
Run selected ci-tagged tests	Run tests	2026-09-14T10:05:02.2145213Z   storage/backup-multiple-destinations-diverged-remote
Run selected ci-tagged tests	Run tests	2026-09-14T10:05:02.2146835Z   storage/backup-multiple-destinations-remote
Run selected ci-tagged tests	Run tests	2026-09-14T10:05:02.2148229Z   storage/backup-remote-interrupted-recv
Run selected ci-tagged tests	Run tests	2026-09-14T10:05:02.2149671Z   storage/backup-remote-interrupted-send
Run selected ci-tagged tests	Run tests	2026-09-14T10:05:02.2150886Z   storage/branching-destroy
Run selected ci-tagged tests	Run tests	2026-09-14T10:05:02.2151915Z   storage/branching-rotation
Run selected ci-tagged tests	Run tests	2026-09-14T10:05:02.2153043Z   storage/branching-shared-snapshot-prune
Run selected ci-tagged tests	Run tests	2026-09-14T10:05:02.2154310Z   storage/complex-destroy-order
Run selected ci-tagged tests	Run tests	2026-09-14T10:05:02.2156415Z   storage/complex-rotation-order-pending
Run selected ci-tagged tests	Run tests	2026-09-14T10:05:02.2157840Z   storage/dataset-destroy-after-rollback-history
Run selected ci-tagged tests	Run tests	2026-09-14T10:05:02.2159387Z   storage/dataset-destroy-complex-history
Run selected ci-tagged tests	Run tests	2026-09-14T10:05:02.2160711Z   storage/dataset-migrate-remote
Run selected ci-tagged tests	Run tests	2026-09-14T10:05:02.2161878Z   storage/dataset-migrate-retain-source
Run selected ci-tagged tests	Run tests	2026-09-14T10:05:02.2163143Z   storage/dataset-migrate-rsync-remote
Run selected ci-tagged tests	Run tests	2026-09-14T10:05:02.2164366Z   storage/dataset-migrate-same-node
Run selected ci-tagged tests	Run tests	2026-09-14T10:05:02.2165687Z   storage/dataset-migrate-same-node-with-exports
Run selected ci-tagged tests	Run tests	2026-09-14T10:05:02.2167018Z   storage/group-snapshot
Run selected ci-tagged tests	Run tests	2026-09-14T10:05:02.2168062Z   storage/history-divergence-new-tree
Run selected ci-tagged tests	Run tests	2026-09-14T10:05:02.2169466Z   storage/repeated-rollback-branching
Run selected ci-tagged tests	Run tests	2026-09-14T10:05:02.2170735Z   storage/restore-after-reinstall-remote
Run selected ci-tagged tests	Run tests	2026-09-14T10:05:02.2172286Z   storage/restore-after-reinstall-with-descendants-remote
Run selected ci-tagged tests	Run tests	2026-09-14T10:05:02.2173971Z   storage/restore-remote-interrupted-recv
Run selected ci-tagged tests	Run tests	2026-09-14T10:05:02.2175274Z   storage/rollback-across-trees
Run selected ci-tagged tests	Run tests	2026-09-14T10:05:02.2176505Z   storage/rollback-dependent-branch-rotation
Run selected ci-tagged tests	Run tests	2026-09-14T10:05:02.2178284Z   storage/rollback-from-backup
Run selected ci-tagged tests	Run tests	2026-09-14T10:05:02.2179663Z   storage/rollback-from-remote-backup
Run selected ci-tagged tests	Run tests	2026-09-14T10:05:02.2180895Z   storage/rollback-with-descendants
Run selected ci-tagged tests	Run tests	2026-09-14T10:05:02.2182115Z   storage/snapshot-download-full-archive
Run selected ci-tagged tests	Run tests	2026-09-14T10:05:02.2183406Z   storage/snapshot-download-full-stream
Run selected ci-tagged tests	Run tests	2026-09-14T10:05:02.2185072Z   storage/snapshot-download-incremental-branch-mismatch
Run selected ci-tagged tests	Run tests	2026-09-14T10:05:02.2185931Z   storage/snapshot-download-incremental-stream
Run selected ci-tagged tests	Run tests	2026-09-14T10:05:02.2186710Z   storage/snapshot-download-incremental-transfer
Run selected ci-tagged tests	Run tests	2026-09-14T10:05:02.2187439Z   storage/snapshot-download-remove
Run selected ci-tagged tests	Run tests	2026-09-14T10:05:02.2188093Z   storage/source-rotation-after-backup-prune
Run selected ci-tagged tests	Run tests	2026-09-14T10:05:02.2188771Z   storage/topology-fixture-replay
Run selected ci-tagged tests	Run tests	2026-09-14T10:05:02.2189471Z   storage/topology-fixture-roundtrip
Run selected ci-tagged tests	Run tests	2026-09-14T10:05:02.2190087Z   storage/topology-reconciliation
Run selected ci-tagged tests	Run tests	2026-09-14T10:05:02.2190753Z   storage/vps-hard-delete-after-complex-history
Run selected ci-tagged tests	Run tests	2026-09-14T10:05:02.2191638Z   storage/vps-hard-delete-complex-history-with-descendants
Run selected ci-tagged tests	Run tests	2026-09-14T10:05:02.2192985Z   supervisor/runtime-ingestion
Run selected ci-tagged tests	Run tests	2026-09-14T10:05:02.2193647Z   tasks/auth-session-housekeeping
Run selected ci-tagged tests	Run tests	2026-09-14T10:05:02.2194439Z   tasks/dataset-expansion-enforce-and-resolve
Run selected ci-tagged tests	Run tests	2026-09-14T10:05:02.2195133Z   tasks/dns-reverse-record-check
Run selected ci-tagged tests	Run tests	2026-09-14T10:05:02.2195696Z   tasks/prometheus-export
Run selected ci-tagged tests	Run tests	2026-09-14T10:05:02.2196193Z   tx/chain-lifecycle
Run selected ci-tagged tests	Run tests	2026-09-14T10:05:02.2196657Z   tx/invalid-signature
Run selected ci-tagged tests	Run tests	2026-09-14T10:05:02.2197147Z   tx/keep-going-final-state
Run selected ci-tagged tests	Run tests	2026-09-14T10:05:02.2197670Z   tx/manual-confirmations
Run selected ci-tagged tests	Run tests	2026-09-14T10:05:02.2198176Z   tx/release-retry-resolve
Run selected ci-tagged tests	Run tests	2026-09-14T10:05:02.2198691Z   tx/rollback-state-machine
Run selected ci-tagged tests	Run tests	2026-09-14T10:05:02.2199351Z   user/create-with-initial-vps
Run selected ci-tagged tests	Run tests	2026-09-14T10:05:02.2199896Z   user/hard-delete-cascade
Run selected ci-tagged tests	Run tests	2026-09-14T10:05:02.2200422Z   user/soft-delete-revive-auth
Run selected ci-tagged tests	Run tests	2026-09-14T10:05:02.2200973Z   user/suspend-resume-cascade
Run selected ci-tagged tests	Run tests	2026-09-14T10:05:02.2201539Z   user/user-namespace-lifecycle
Run selected ci-tagged tests	Run tests	2026-09-14T10:05:02.2202101Z   vps/autostart-monitoring
Run selected ci-tagged tests	Run tests	2026-09-14T10:05:02.2202635Z   vps/clone-different-owner
Run selected ci-tagged tests	Run tests	2026-09-14T10:05:02.2203140Z   vps/clone-remote
Run selected ci-tagged tests	Run tests	2026-09-14T10:05:02.2203612Z   vps/clone-remote-consistent
Run selected ci-tagged tests	Run tests	2026-09-14T10:05:02.2204233Z   vps/clone-remote-consistent-keep-snapshots
Run selected ci-tagged tests	Run tests	2026-09-14T10:05:02.2204891Z   vps/clone-same-node
Run selected ci-tagged tests	Run tests	2026-09-14T10:05:02.2205426Z   vps/clone-with-descendants-and-mounts
Run selected ci-tagged tests	Run tests	2026-09-14T10:05:02.2206034Z   vps/create
Run selected ci-tagged tests	Run tests	2026-09-14T10:05:02.2206505Z   vps/deploy-public-key-and-user-data
Run selected ci-tagged tests	Run tests	2026-09-14T10:05:02.2207130Z   vps/expand-and-shrink-dataset
Run selected ci-tagged tests	Run tests	2026-09-14T10:05:02.2207675Z   vps/hard-delete-basic
Run selected ci-tagged tests	Run tests	2026-09-14T10:05:02.2208143Z   vps/migrate
Run selected ci-tagged tests	Run tests	2026-09-14T10:05:02.2208565Z   vps/migrate-no-start
Run selected ci-tagged tests	Run tests	2026-09-14T10:05:02.2209066Z   vps/migrate-skip-start
Run selected ci-tagged tests	Run tests	2026-09-14T10:05:02.2209641Z   vps/migrate-with-data-check
Run selected ci-tagged tests	Run tests	2026-09-14T10:05:02.2210252Z   vps/migrate-with-open-maintenance-window
Run selected ci-tagged tests	Run tests	2026-09-14T10:05:02.2210940Z   vps/migrate-with-subdataset-mounts
Run selected ci-tagged tests	Run tests	2026-09-14T10:05:02.2211962Z   vps/mount-lifecycle
Run selected ci-tagged tests	Run tests	2026-09-14T10:05:02.2212426Z   vps/passwd
Run selected ci-tagged tests	Run tests	2026-09-14T10:05:02.2212833Z   vps/reinstall
Run selected ci-tagged tests	Run tests	2026-09-14T10:05:02.2213322Z   vps/reinstall-with-user-data-and-keys
Run selected ci-tagged tests	Run tests	2026-09-14T10:05:02.2213931Z   vps/replace-no-start
Run selected ci-tagged tests	Run tests	2026-09-14T10:05:02.2214405Z   vps/replace-remote
Run selected ci-tagged tests	Run tests	2026-09-14T10:05:02.2214877Z   vps/replace-same-node
Run selected ci-tagged tests	Run tests	2026-09-14T10:05:02.2215377Z   vps/replace-with-backups
Run selected ci-tagged tests	Run tests	2026-09-14T10:05:02.2215945Z   vps/replace-with-backups-remote
Run selected ci-tagged tests	Run tests	2026-09-14T10:05:02.2216587Z   vps/replace-with-descendants-and-mounts
Run selected ci-tagged tests	Run tests	2026-09-14T10:05:02.2217239Z   vps/start-stop-restart-boot
Run selected ci-tagged tests	Run tests	2026-09-14T10:05:02.2217787Z   vps/swap-across-locations
Run selected ci-tagged tests	Run tests	2026-09-14T10:05:02.2218342Z   vps/update-resources-and-features
Run selected ci-tagged tests	Run tests	2026-09-14T10:05:02.2218911Z   webui#admin-cluster
Run selected ci-tagged tests	Run tests	2026-09-14T10:05:02.2219428Z   webui#auth
Run selected ci-tagged tests	Run tests	2026-09-14T10:05:02.2219820Z   webui#jumpto
Run selected ci-tagged tests	Run tests	2026-09-14T10:05:02.2220231Z   webui#misc-pages
Run selected ci-tagged tests	Run tests	2026-09-14T10:05:02.2220688Z   webui#navigation-readonly
Run selected ci-tagged tests	Run tests	2026-09-14T10:05:02.2221195Z   webui#networking-dns
Run selected ci-tagged tests	Run tests	2026-09-14T10:05:02.2221700Z   webui#security-advisories
Run selected ci-tagged tests	Run tests	2026-09-14T10:05:02.2222241Z   webui#storage-backup-export
Run selected ci-tagged tests	Run tests	2026-09-14T10:05:02.2222765Z   webui#support-pages
Run selected ci-tagged tests	Run tests	2026-09-14T10:05:02.2223224Z   webui#transactions
Run selected ci-tagged tests	Run tests	2026-09-14T10:05:02.2223658Z   webui#userns
Run selected ci-tagged tests	Run tests	2026-09-14T10:05:02.2224149Z   webui#users-admin
Run selected ci-tagged tests	Run tests	2026-09-14T10:05:02.2224601Z   webui#users-self-service
Run selected ci-tagged tests	Run tests	2026-09-14T10:05:02.2225098Z   webui#vps-admin-core
Run selected ci-tagged tests	Run tests	2026-09-14T10:05:02.2225560Z   webui#vps-admin-ops
Run selected ci-tagged tests	Run tests	2026-09-14T10:05:02.2226015Z   webui#vps-lifecycle
Run selected ci-tagged tests	Run tests	2026-09-14T10:05:02.2226472Z   webui#vps-user-core
Run selected ci-tagged tests	Run tests	2026-09-14T10:05:02.2226921Z   webui#vps-user-ops
Run selected ci-tagged tests	Run tests	2026-09-14T10:05:02.2227212Z 
Run selected ci-tagged tests	Run tests	2026-09-14T10:05:02.2229693Z [2026-09-14 12:05:02 +0200] Running 135 scripts of 118 tests, at most 118 tests at a time (auto)
Run selected ci-tagged tests	Run tests	2026-09-14T10:05:02.2231953Z [2026-09-14 12:05:02 +0200] Resource detection: memory assigned=100.0 GiB, available-at-start=98.6 GiB, reserve=8.0 GiB, limit=90.6 GiB; shm assigned=375.1 GiB, available-at-start=375.1 GiB, reserve=8.0 GiB, limit=367.1 GiB
Run selected ci-tagged tests	Run tests	2026-09-14T10:05:02.2234300Z [2026-09-14 12:05:02 +0200] Resource limits: memory=0 MiB/90.6 GiB, shm=0 MiB/367.1 GiB, cpus=0/72, running=0
Run selected ci-tagged tests	Run tests	2026-09-14T10:05:02.2236175Z [2026-09-14 12:05:02 +0200] State directory is /tmp/os-test-runner-19884793-34831012297-1
Run selected ci-tagged tests	Run tests	2026-09-14T10:05:02.2445041Z [2026-09-14 12:05:02 +0200] Reserved resources for 'admin/nodectl-refresh-and-runtime-state': machines=2, memory=16.0 GiB, shm=16.0 GiB, cpus=12; pool: memory=16.0 GiB/90.6 GiB, shm=16.0 GiB/367.1 GiB, cpus=12/72, running=1
Run selected ci-tagged tests	Run tests	2026-09-14T10:05:02.2544569Z [2026-09-14 12:05:02 +0200] [1/118] Running test 'admin/nodectl-refresh-and-runtime-state' (#default)
Run selected ci-tagged tests	Run tests	2026-09-14T10:05:02.2547821Z [2026-09-14 12:05:02 +0200] Reserved resources for 'dns/zone-transfer-config': machines=2, memory=10.0 GiB, shm=10.0 GiB, cpus=10; pool: memory=26.0 GiB/90.6 GiB, shm=26.0 GiB/367.1 GiB, cpus=22/72, running=2
Run selected ci-tagged tests	Run tests	2026-09-14T10:05:02.2550651Z [2026-09-14 12:05:02 +0200] [2/118] Running test 'dns/zone-transfer-config' (#default)
Run selected ci-tagged tests	Run tests	2026-09-14T10:05:02.2553917Z [2026-09-14 12:05:02 +0200] Reserved resources for 'storage/snapshot-download-full-stream': machines=2, memory=16.0 GiB, shm=16.0 GiB, cpus=12; pool: memory=42.0 GiB/90.6 GiB, shm=42.0 GiB/367.1 GiB, cpus=34/72, running=3
Run selected ci-tagged tests	Run tests	2026-09-14T10:05:02.2561481Z [2026-09-14 12:05:02 +0200] [3/118] Running test 'storage/snapshot-download-full-stream' (#default)
Run selected ci-tagged tests	Run tests	2026-09-14T10:05:02.2565371Z [2026-09-14 12:05:02 +0200] Reserved resources for 'alerts/incident-report-process': machines=2, memory=16.0 GiB, shm=16.0 GiB, cpus=12; pool: memory=58.0 GiB/90.6 GiB, shm=58.0 GiB/367.1 GiB, cpus=46/72, running=4
Run selected ci-tagged tests	Run tests	2026-09-14T10:05:02.2568180Z [2026-09-14 12:05:02 +0200] [4/118] Running test 'alerts/incident-report-process' (#default)
Run selected ci-tagged tests	Run tests	2026-09-14T10:05:02.2571323Z [2026-09-14 12:05:02 +0200] Reserved resources for 'storage/backup-remote-interrupted-send': machines=3, memory=24.0 GiB, shm=24.0 GiB, cpus=16; pool: memory=82.0 GiB/90.6 GiB, shm=82.0 GiB/367.1 GiB, cpus=62/72, running=5
Run selected ci-tagged tests	Run tests	2026-09-14T10:05:02.2574364Z [2026-09-14 12:05:02 +0200] [5/118] Running test 'storage/backup-remote-interrupted-send' (#default)
Run selected ci-tagged tests	Run tests	2026-09-14T10:05:02.2578328Z [2026-09-14 12:05:02 +0200] Reserved resources for 'storage/topology-fixture-replay': machines=0, memory=0 MiB, shm=0 MiB, cpus=0; pool: memory=82.0 GiB/90.6 GiB, shm=82.0 GiB/367.1 GiB, cpus=62/72, running=6
Run selected ci-tagged tests	Run tests	2026-09-14T10:05:02.2581342Z [2026-09-14 12:05:02 +0200] [30/118] Running test 'storage/topology-fixture-replay' (#default)
Run selected ci-tagged tests	Run tests	2026-09-14T10:05:02.2583933Z [2026-09-14 12:05:02 +0200] Reserved resources for 'services-up': machines=1, memory=8.0 GiB, shm=8.0 GiB, cpus=8; pool: memory=90.0 GiB/90.6 GiB, shm=90.0 GiB/367.1 GiB, cpus=70/72, running=7
Run selected ci-tagged tests	Run tests	2026-09-14T10:05:02.2586261Z [2026-09-14 12:05:02 +0200] [43/118] Running test 'services-up' (#default)
Run selected ci-tagged tests	Run tests	2026-09-14T10:05:02.2591277Z [2026-09-14 12:05:02 +0200] Waiting for resources: pool: memory=90.0 GiB/90.6 GiB, shm=90.0 GiB/367.1 GiB, cpus=70/72, running=7; pending: user/hard-delete-cascade (machines=2, memory=16.0 GiB, shm=16.0 GiB, cpus=12), storage/dataset-destroy-after-rollback-history (machines=3, memory=24.0 GiB, shm=24.0 GiB, cpus=16), user/user-namespace-lifecycle (machines=2, memory=16.0 GiB, shm=16.0 GiB, cpus=12)
Run selected ci-tagged tests	Run tests	2026-09-14T10:05:03.8562835Z [2026-09-14 12:05:03 +0200] [30/118] Example [1/2] 'topology fixture replay has committed fixtures to replay' succeeded in 0.0 seconds
Run selected ci-tagged tests	Run tests	2026-09-14T10:05:03.8620725Z [2026-09-14 12:05:03 +0200] [30/118] Example [2/2] 'topology fixture replay validates synthetic-good-topology.json' succeeded in 0.01 seconds
Run selected ci-tagged tests	Run tests	2026-09-14T10:05:03.8772450Z [2026-09-14 12:05:03 +0200] [30/118] Test 'storage/topology-fixture-replay' successful in 1.62 seconds
Run selected ci-tagged tests	Run tests	2026-09-14T10:08:29.7855398Z [2026-09-14 12:08:29 +0200] [43/118] Example [1/28] 'system is running' succeeded in 59.12 seconds
Run selected ci-tagged tests	Run tests	2026-09-14T10:08:29.8051768Z [2026-09-14 12:08:29 +0200] [43/118] Example [2/28] 'service varnish is running' succeeded in 0.02 seconds
Run selected ci-tagged tests	Run tests	2026-09-14T10:08:29.8229920Z [2026-09-14 12:08:29 +0200] [43/118] Example [3/28] 'service scheduler is running' succeeded in 0.02 seconds
Run selected ci-tagged tests	Run tests	2026-09-14T10:08:29.8412327Z [2026-09-14 12:08:29 +0200] [43/118] Example [4/28] 'service haproxy is running' succeeded in 0.02 seconds
Run selected ci-tagged tests	Run tests	2026-09-14T10:08:29.8573251Z [2026-09-14 12:08:29 +0200] [43/118] Example [5/28] 'service nginx is running' succeeded in 0.02 seconds
Run selected ci-tagged tests	Run tests	2026-09-14T10:08:29.8718412Z [2026-09-14 12:08:29 +0200] [43/118] Example [6/28] 'service password recovery worker is running' succeeded in 0.01 seconds
Run selected ci-tagged tests	Run tests	2026-09-14T10:08:29.8896207Z [2026-09-14 12:08:29 +0200] [43/118] Example [7/28] 'service supervisor is running' succeeded in 0.02 seconds
Run selected ci-tagged tests	Run tests	2026-09-14T10:08:29.9606946Z [2026-09-14 12:08:29 +0200] [43/118] Example [8/28] 'service mariadb is responding' succeeded in 0.07 seconds
Run selected ci-tagged tests	Run tests	2026-09-14T10:08:29.9758804Z [2026-09-14 12:08:29 +0200] [43/118] Example [9/28] 'service mariadb is set up' succeeded in 0.02 seconds
Run selected ci-tagged tests	Run tests	2026-09-14T10:08:30.0638188Z [2026-09-14 12:08:30 +0200] [43/118] Example [10/28] 'service mariadb is populated' succeeded in 0.09 seconds
Run selected ci-tagged tests	Run tests	2026-09-14T10:08:30.0792087Z [2026-09-14 12:08:30 +0200] [43/118] Example [11/28] 'service mariadb is running' succeeded in 0.02 seconds
Run selected ci-tagged tests	Run tests	2026-09-14T10:08:30.1450130Z [2026-09-14 12:08:30 +0200] [43/118] Example [12/28] 'service mariadb has built-in mail templates' succeeded in 0.07 seconds
Run selected ci-tagged tests	Run tests	2026-09-14T10:08:30.1645973Z [2026-09-14 12:08:30 +0200] [43/118] Example [13/28] 'service console-router is running' succeeded in 0.02 seconds
Run selected ci-tagged tests	Run tests	2026-09-14T10:08:30.2008841Z [2026-09-14 12:08:30 +0200] [43/118] Example [14/28] 'service console-router is responding directly' succeeded in 0.04 seconds
Run selected ci-tagged tests	Run tests	2026-09-14T10:08:30.2325482Z [2026-09-14 12:08:30 +0200] [43/118] Example [15/28] 'service console-router is responding through nginx/haproxy' succeeded in 0.03 seconds
Run selected ci-tagged tests	Run tests	2026-09-14T10:08:31.3918987Z [2026-09-14 12:08:31 +0200] [43/118] Example [16/28] 'service rabbitmq is responding' succeeded in 1.16 seconds
Run selected ci-tagged tests	Run tests	2026-09-14T10:08:31.4092008Z [2026-09-14 12:08:31 +0200] [43/118] Example [17/28] 'service rabbitmq is running' succeeded in 0.02 seconds
Run selected ci-tagged tests	Run tests	2026-09-14T10:08:34.1580419Z [2026-09-14 12:08:34 +0200] [43/118] Example [18/28] 'service webui is responding through varnish/haproxy' succeeded in 2.75 seconds
Run selected ci-tagged tests	Run tests	2026-09-14T10:08:34.2827432Z [2026-09-14 12:08:34 +0200] [43/118] Example [19/28] 'service webui does not serve private application files directly' succeeded in 0.12 seconds
Run selected ci-tagged tests	Run tests	2026-09-14T10:08:36.2540305Z [2026-09-14 12:08:36 +0200] [43/118] Example [20/28] 'service webui serves public entrypoints and assets directly' succeeded in 1.97 seconds
Run selected ci-tagged tests	Run tests	2026-09-14T10:08:37.9609117Z [2026-09-14 12:08:37 +0200] [43/118] Example [21/28] 'service webui is responding directly' succeeded in 1.71 seconds
Run selected ci-tagged tests	Run tests	2026-09-14T10:08:37.9905154Z [2026-09-14 12:08:37 +0200] [43/118] Example [22/28] 'service redis is responding' succeeded in 0.03 seconds
Run selected ci-tagged tests	Run tests	2026-09-14T10:08:38.0189308Z [2026-09-14 12:08:38 +0200] [43/118] Example [23/28] 'service redis is running' succeeded in 0.03 seconds
Run selected ci-tagged tests	Run tests	2026-09-14T10:08:38.1671702Z [2026-09-14 12:08:38 +0200] [43/118] Example [24/28] 'service mailer node container is running' succeeded in 0.15 seconds
Run selected ci-tagged tests	Run tests	2026-09-14T10:08:38.4976203Z [2026-09-14 12:08:38 +0200] [43/118] Example [25/28] 'service mailer node mailpit API is responding' succeeded in 0.33 seconds
Run selected ci-tagged tests	Run tests	2026-09-14T10:09:30.8398055Z [2026-09-14 12:09:30 +0200] [2/118] Example [1/1] 'dns zone transfer config adds and removes transfer peers from generated config' succeeded in 31.26 seconds
Run selected ci-tagged tests	Run tests	2026-09-14T10:09:32.1449516Z [2026-09-14 12:09:32 +0200] [1/118] Example [1/1] 'nodectl refresh and runtime state refreshes node status and keeps read-only RPCs healthy' succeeded in 2.06 seconds
Run selected ci-tagged tests	Run tests	2026-09-14T10:09:33.4397270Z [2026-09-14 12:09:33 +0200] [43/118] Example [26/28] 'service mailer node nodectld reports running state' succeeded in 54.94 seconds
Run selected ci-tagged tests	Run tests	2026-09-14T10:09:33.4649362Z [2026-09-14 12:09:33 +0200] [43/118] Example [27/28] 'service api is running' succeeded in 0.03 seconds
Run selected ci-tagged tests	Run tests	2026-09-14T10:09:36.5997351Z [2026-09-14 12:09:36 +0200] [43/118] Example [28/28] 'service api is responding' succeeded in 3.13 seconds
Run selected ci-tagged tests	Run tests	2026-09-14T10:09:47.2495316Z [2026-09-14 12:09:47 +0200] [43/118] Test 'services-up' successful in 284.99 seconds
Run selected ci-tagged tests	Run tests	2026-09-14T10:09:47.2526615Z [2026-09-14 12:09:47 +0200] Waiting for resources: pool: memory=82.0 GiB/90.6 GiB, shm=82.0 GiB/367.1 GiB, cpus=62/72, running=5; pending: user/hard-delete-cascade (machines=2, memory=16.0 GiB, shm=16.0 GiB, cpus=12), storage/dataset-destroy-after-rollback-history (machines=3, memory=24.0 GiB, shm=24.0 GiB, cpus=16), user/user-namespace-lifecycle (machines=2, memory=16.0 GiB, shm=16.0 GiB, cpus=12)
Run selected ci-tagged tests	Run tests	2026-09-14T10:09:49.6385406Z [2026-09-14 12:09:49 +0200] [1/118] Test 'admin/nodectl-refresh-and-runtime-state' successful in 287.38 seconds
Run selected ci-tagged tests	Run tests	2026-09-14T10:09:49.6390270Z [2026-09-14 12:09:49 +0200] Reserved resources for 'user/hard-delete-cascade': machines=2, memory=16.0 GiB, shm=16.0 GiB, cpus=12; pool: memory=82.0 GiB/90.6 GiB, shm=82.0 GiB/367.1 GiB, cpus=62/72, running=5
Run selected ci-tagged tests	Run tests	2026-09-14T10:09:49.6410789Z [2026-09-14 12:09:49 +0200] [6/118] Running test 'user/hard-delete-cascade' (#default)
Run selected ci-tagged tests	Run tests	2026-09-14T10:09:58.9504339Z [2026-09-14 12:09:58 +0200] [2/118] Test 'dns/zone-transfer-config' successful in 296.7 seconds
Run selected ci-tagged tests	Run tests	2026-09-14T10:09:58.9507854Z [2026-09-14 12:09:58 +0200] Reserved resources for 'user/user-namespace-lifecycle': machines=2, memory=16.0 GiB, shm=16.0 GiB, cpus=12; pool: memory=88.0 GiB/90.6 GiB, shm=88.0 GiB/367.1 GiB, cpus=64/72, running=5
Run selected ci-tagged tests	Run tests	2026-09-14T10:09:58.9532764Z [2026-09-14 12:09:58 +0200] [8/118] Running test 'user/user-namespace-lifecycle' (#default)
Run selected ci-tagged tests	Run tests	2026-09-14T10:10:02.2424783Z [2026-09-14 12:10:02 +0200] Status: passing; 4 succeeded as expected, 0 failed as expected, 0 unexpectedly failed, 0 unexpectedly succeeded; 5 running, 109 remaining
Run selected ci-tagged tests	Run tests	2026-09-14T10:10:53.4943730Z [2026-09-14 12:10:53 +0200] [3/118] Example [1/1] 'full stream snapshot download writes a gzip-compressed ZFS send stream' succeeded in 74.69 seconds
Run selected ci-tagged tests	Run tests	2026-09-14T10:11:39.6838202Z [2026-09-14 12:11:39 +0200] [3/118] Test 'storage/snapshot-download-full-stream' successful in 397.43 seconds
Run selected ci-tagged tests	Run tests	2026-09-14T10:11:39.6842951Z [2026-09-14 12:11:39 +0200] Reserved resources for 'network/export-lifecycle': machines=2, memory=16.0 GiB, shm=16.0 GiB, cpus=12; pool: memory=88.0 GiB/90.6 GiB, shm=88.0 GiB/367.1 GiB, cpus=64/72, running=5
Run selected ci-tagged tests	Run tests	2026-09-14T10:11:39.6865558Z [2026-09-14 12:11:39 +0200] [9/118] Running test 'network/export-lifecycle' (#default)
Run selected ci-tagged tests	Run tests	2026-09-14T10:11:39.6903588Z [2026-09-14 12:11:39 +0200] Waiting for resources: pool: memory=88.0 GiB/90.6 GiB, shm=88.0 GiB/367.1 GiB, cpus=64/72, running=5; pending: storage/dataset-destroy-after-rollback-history (machines=3, memory=24.0 GiB, shm=24.0 GiB, cpus=16), pool/create (machines=2, memory=16.0 GiB, shm=16.0 GiB, cpus=12), storage/dataset-migrate-same-node-with-exports (machines=2, memory=16.0 GiB, shm=16.0 GiB, cpus=12)
Run selected ci-tagged tests	Run tests	2026-09-14T10:13:06.3108356Z [2026-09-14 12:13:06 +0200] [5/118] Example [1/1] 'remote backup interrupted on send fails cleanly when the sender side is interrupted and later backup still works' succeeded in 200.64 seconds
Run selected ci-tagged tests	Run tests	2026-09-14T10:13:37.0830076Z [2026-09-14 12:13:37 +0200] [5/118] Test 'storage/backup-remote-interrupted-send' successful in 514.83 seconds
Run selected ci-tagged tests	Run tests	2026-09-14T10:13:37.0841476Z [2026-09-14 12:13:37 +0200] Reserved resources for 'storage/dataset-destroy-after-rollback-history': machines=3, memory=24.0 GiB, shm=24.0 GiB, cpus=16; pool: memory=88.0 GiB/90.6 GiB, shm=88.0 GiB/367.1 GiB, cpus=64/72, running=5
Run selected ci-tagged tests	Run tests	2026-09-14T10:13:37.0860533Z [2026-09-14 12:13:37 +0200] [7/118] Running test 'storage/dataset-destroy-after-rollback-history' (#default)
Run selected ci-tagged tests	Run tests	2026-09-14T10:13:37.0912151Z [2026-09-14 12:13:37 +0200] Waiting for resources: pool: memory=88.0 GiB/90.6 GiB, shm=88.0 GiB/367.1 GiB, cpus=64/72, running=5; pending: pool/create (machines=2, memory=16.0 GiB, shm=16.0 GiB, cpus=12), storage/dataset-migrate-same-node-with-exports (machines=2, memory=16.0 GiB, shm=16.0 GiB, cpus=12), storage/vps-hard-delete-after-complex-history (machines=3, memory=24.0 GiB, shm=24.0 GiB, cpus=16)
Run selected ci-tagged tests	Run tests	2026-09-14T10:15:02.2428507Z [2026-09-14 12:15:02 +0200] Status: passing; 6 succeeded as expected, 0 failed as expected, 0 unexpectedly failed, 0 unexpectedly succeeded; 5 running, 107 remaining
Run selected ci-tagged tests	Run tests	2026-09-14T10:15:23.7322097Z [2026-09-14 12:15:23 +0200] [4/118] Example [1/1] 'incident report task processes an unreported incident and stops the VPS' succeeded in 273.18 seconds
Run selected ci-tagged tests	Run tests	2026-09-14T10:15:43.8027512Z [2026-09-14 12:15:43 +0200] [4/118] Test 'alerts/incident-report-process' successful in 641.55 seconds
Run selected ci-tagged tests	Run tests	2026-09-14T10:15:43.8041717Z [2026-09-14 12:15:43 +0200] Reserved resources for 'pool/create': machines=2, memory=16.0 GiB, shm=16.0 GiB, cpus=12; pool: memory=88.0 GiB/90.6 GiB, shm=88.0 GiB/367.1 GiB, cpus=64/72, running=5
Run selected ci-tagged tests	Run tests	2026-09-14T10:15:43.8069814Z [2026-09-14 12:15:43 +0200] [10/118] Running test 'pool/create' (#default)
Run selected ci-tagged tests	Run tests	2026-09-14T10:15:43.8119027Z [2026-09-14 12:15:43 +0200] Waiting for resources: pool: memory=88.0 GiB/90.6 GiB, shm=88.0 GiB/367.1 GiB, cpus=64/72, running=5; pending: storage/dataset-migrate-same-node-with-exports (machines=2, memory=16.0 GiB, shm=16.0 GiB, cpus=12), storage/vps-hard-delete-after-complex-history (machines=3, memory=24.0 GiB, shm=24.0 GiB, cpus=16), tx/release-retry-resolve (machines=2, memory=16.0 GiB, shm=16.0 GiB, cpus=12)
Run selected ci-tagged tests	Run tests	2026-09-14T10:15:54.9471087Z [2026-09-14 12:15:54 +0200] [9/118] Example [1/1] 'export lifecycle creates and destroys a dataset export end to end' succeeded in 87.59 seconds
Run selected ci-tagged tests	Run tests	2026-09-14T10:16:14.5268389Z [2026-09-14 12:16:14 +0200] [9/118] Test 'network/export-lifecycle' successful in 274.84 seconds
Run selected ci-tagged tests	Run tests	2026-09-14T10:16:14.5272912Z [2026-09-14 12:16:14 +0200] Reserved resources for 'storage/dataset-migrate-same-node-with-exports': machines=2, memory=16.0 GiB, shm=16.0 GiB, cpus=12; pool: memory=88.0 GiB/90.6 GiB, shm=88.0 GiB/367.1 GiB, cpus=64/72, running=5
Run selected ci-tagged tests	Run tests	2026-09-14T10:16:14.5287369Z [2026-09-14 12:16:14 +0200] [11/118] Running test 'storage/dataset-migrate-same-node-with-exports' (#default)
Run selected ci-tagged tests	Run tests	2026-09-14T10:17:04.8495551Z [2026-09-14 12:17:04 +0200] [8/118] Example [1/1] 'user namespace lifecycle uses the namespace map on the node and frees it after disuse' succeeded in 199.9 seconds
Run selected ci-tagged tests	Run tests	2026-09-14T10:17:24.8148828Z [2026-09-14 12:17:24 +0200] [8/118] Test 'user/user-namespace-lifecycle' successful in 445.86 seconds
Run selected ci-tagged tests	Run tests	2026-09-14T10:17:24.8154038Z [2026-09-14 12:17:24 +0200] Reserved resources for 'tx/release-retry-resolve': machines=2, memory=16.0 GiB, shm=16.0 GiB, cpus=12; pool: memory=88.0 GiB/90.6 GiB, shm=88.0 GiB/367.1 GiB, cpus=64/72, running=5
Run selected ci-tagged tests	Run tests	2026-09-14T10:17:24.8172552Z [2026-09-14 12:17:24 +0200] [13/118] Running test 'tx/release-retry-resolve' (#default)
Run selected ci-tagged tests	Run tests	2026-09-14T10:17:24.8219005Z [2026-09-14 12:17:24 +0200] Waiting for resources: pool: memory=88.0 GiB/90.6 GiB, shm=88.0 GiB/367.1 GiB, cpus=64/72, running=5; pending: storage/vps-hard-delete-after-complex-history (machines=3, memory=24.0 GiB, shm=24.0 GiB, cpus=16), tx/chain-lifecycle (machines=2, memory=16.0 GiB, shm=16.0 GiB, cpus=12), network/network-interface-routes-and-host-ips (machines=2, memory=16.0 GiB, shm=16.0 GiB, cpus=12)
Run selected ci-tagged tests	Run tests	2026-09-14T10:17:37.9409523Z [2026-09-14 12:17:37 +0200] [7/118] Example [1/2] 'destroying a dataset after rollback history creates a standalone remote backup dataset' succeeded in 63.59 seconds
Run selected ci-tagged tests	Run tests	2026-09-14T10:17:57.3774955Z [2026-09-14 12:17:57 +0200] [6/118] Example [1/1] 'user hard-delete cascade removes credentials, namespaces, DNS, sessions, and user identity' succeeded in 261.41 seconds
Run selected ci-tagged tests	Run tests	2026-09-14T10:18:16.5145719Z [2026-09-14 12:18:16 +0200] [6/118] Test 'user/hard-delete-cascade' successful in 506.87 seconds
Run selected ci-tagged tests	Run tests	2026-09-14T10:18:16.5148936Z [2026-09-14 12:18:16 +0200] Reserved resources for 'tx/chain-lifecycle': machines=2, memory=16.0 GiB, shm=16.0 GiB, cpus=12; pool: memory=88.0 GiB/90.6 GiB, shm=88.0 GiB/367.1 GiB, cpus=64/72, running=5
Run selected ci-tagged tests	Run tests	2026-09-14T10:18:16.5164393Z [2026-09-14 12:18:16 +0200] [14/118] Running test 'tx/chain-lifecycle' (#default)
Run selected ci-tagged tests	Run tests	2026-09-14T10:19:19.9287600Z [2026-09-14 12:19:19 +0200] [10/118] Example [1/1] 'pool create creates runtime datasets and pool metadata on the node' succeeded in 63.45 seconds
Run selected ci-tagged tests	Run tests	2026-09-14T10:19:42.6018867Z [2026-09-14 12:19:42 +0200] [10/118] Test 'pool/create' successful in 238.79 seconds
Run selected ci-tagged tests	Run tests	2026-09-14T10:19:42.6024544Z [2026-09-14 12:19:42 +0200] Reserved resources for 'network/network-interface-routes-and-host-ips': machines=2, memory=16.0 GiB, shm=16.0 GiB, cpus=12; pool: memory=88.0 GiB/90.6 GiB, shm=88.0 GiB/367.1 GiB, cpus=64/72, running=5
Run selected ci-tagged tests	Run tests	2026-09-14T10:19:42.6111117Z [2026-09-14 12:19:42 +0200] [15/118] Running test 'network/network-interface-routes-and-host-ips' (#default)
Run selected ci-tagged tests	Run tests	2026-09-14T10:19:42.6160506Z [2026-09-14 12:19:42 +0200] Waiting for resources: pool: memory=88.0 GiB/90.6 GiB, shm=88.0 GiB/367.1 GiB, cpus=64/72, running=5; pending: storage/vps-hard-delete-after-complex-history (machines=3, memory=24.0 GiB, shm=24.0 GiB, cpus=16), storage/snapshot-download-incremental-branch-mismatch (machines=3, memory=24.0 GiB, shm=24.0 GiB, cpus=16), admin/dataset-plan-lifecycle (machines=2, memory=16.0 GiB, shm=16.0 GiB, cpus=12)
Run selected ci-tagged tests	Run tests	2026-09-14T10:19:53.9027999Z [2026-09-14 12:19:53 +0200] [13/118] Example [1/4] 'release, retry, and resolve releases chain locks and reserved ports' succeeded in 1.34 seconds
Run selected ci-tagged tests	Run tests	2026-09-14T10:19:55.0788400Z [2026-09-14 12:19:55 +0200] [13/118] Example [2/4] 'release, retry, and resolve marks failed chains as resolved' succeeded in 1.18 seconds
Run selected ci-tagged tests	Run tests	2026-09-14T10:19:56.3939126Z [2026-09-14 12:19:56 +0200] [13/118] Example [3/4] 'release, retry, and resolve retries a chain from a specific transaction' succeeded in 1.31 seconds
Run selected ci-tagged tests	Run tests	2026-09-14T10:19:57.6402280Z [2026-09-14 12:19:57 +0200] [13/118] Example [4/4] 'release, retry, and resolve retries the whole chain' succeeded in 1.25 seconds
Run selected ci-tagged tests	Run tests	2026-09-14T10:20:02.2441467Z [2026-09-14 12:20:02 +0200] Status: passing; 11 succeeded as expected, 0 failed as expected, 0 unexpectedly failed, 0 unexpectedly succeeded; 5 running, 102 remaining
Run selected ci-tagged tests	Run tests	2026-09-14T10:20:19.4492389Z [2026-09-14 12:20:19 +0200] [13/118] Test 'tx/release-retry-resolve' successful in 174.63 seconds
Run selected ci-tagged tests	Run tests	2026-09-14T10:20:19.4494928Z [2026-09-14 12:20:19 +0200] Reserved resources for 'admin/dataset-plan-lifecycle': machines=2, memory=16.0 GiB, shm=16.0 GiB, cpus=12; pool: memory=88.0 GiB/90.6 GiB, shm=88.0 GiB/367.1 GiB, cpus=64/72, running=5
Run selected ci-tagged tests	Run tests	2026-09-14T10:20:19.4511921Z [2026-09-14 12:20:19 +0200] [17/118] Running test 'admin/dataset-plan-lifecycle' (#default)
Run selected ci-tagged tests	Run tests	2026-09-14T10:21:05.9256790Z [2026-09-14 12:21:05 +0200] [14/118] Example [1/5] 'transaction chain lifecycle creates a storage pool' succeeded in 16.44 seconds
Run selected ci-tagged tests	Run tests	2026-09-14T10:21:13.6678006Z [2026-09-14 12:21:13 +0200] [11/118] Example [1/1] 'same-node dataset migration with exports stops, destroys, and recreates the export on the destination dataset' succeeded in 128.77 seconds
Run selected ci-tagged tests	Run tests	2026-09-14T10:21:33.1646451Z [2026-09-14 12:21:33 +0200] [11/118] Test 'storage/dataset-migrate-same-node-with-exports' successful in 318.64 seconds
Run selected ci-tagged tests	Run tests	2026-09-14T10:21:33.1649439Z [2026-09-14 12:21:33 +0200] Reserved resources for 'vps/autostart-monitoring': machines=2, memory=16.0 GiB, shm=16.0 GiB, cpus=12; pool: memory=88.0 GiB/90.6 GiB, shm=88.0 GiB/367.1 GiB, cpus=64/72, running=5
Run selected ci-tagged tests	Run tests	2026-09-14T10:21:33.1664783Z [2026-09-14 12:21:33 +0200] [18/118] Running test 'vps/autostart-monitoring' (#default)
Run selected ci-tagged tests	Run tests	2026-09-14T10:21:33.1696289Z [2026-09-14 12:21:33 +0200] Waiting for resources: pool: memory=88.0 GiB/90.6 GiB, shm=88.0 GiB/367.1 GiB, cpus=64/72, running=5; pending: storage/vps-hard-delete-after-complex-history (machines=3, memory=24.0 GiB, shm=24.0 GiB, cpus=16), storage/snapshot-download-incremental-branch-mismatch (machines=3, memory=24.0 GiB, shm=24.0 GiB, cpus=16), storage/snapshot-download-remove (machines=2, memory=16.0 GiB, shm=16.0 GiB, cpus=12)
Run selected ci-tagged tests	Run tests	2026-09-14T10:21:53.1789108Z [2026-09-14 12:21:53 +0200] [14/118] Example [2/5] 'transaction chain lifecycle waits for the pool to become online' succeeded in 47.25 seconds
Run selected ci-tagged tests	Run tests	2026-09-14T10:22:10.0504316Z [2026-09-14 12:22:10 +0200] [7/118] Example [2/2] 'destroying a dataset after rollback history destroys the whole dataset after repeated rollback history' succeeded in 272.11 seconds
Run selected ci-tagged tests	Run tests	2026-09-14T10:22:27.6411324Z [2026-09-14 12:22:27 +0200] [14/118] Example [3/5] 'transaction chain lifecycle creates a stopped VPS' succeeded in 34.46 seconds
Run selected ci-tagged tests	Run tests	2026-09-14T10:22:36.9731993Z [2026-09-14 12:22:36 +0200] [14/118] Example [4/5] 'transaction chain lifecycle queues the start action while the vps queue is paused' succeeded in 9.33 seconds
Run selected ci-tagged tests	Run tests	2026-09-14T10:22:38.0100708Z [2026-09-14 12:22:38 +0200] [7/118] Test 'storage/dataset-destroy-after-rollback-history' successful in 540.92 seconds
Run selected ci-tagged tests	Run tests	2026-09-14T10:22:38.0104621Z [2026-09-14 12:22:38 +0200] Reserved resources for 'storage/vps-hard-delete-after-complex-history': machines=3, memory=24.0 GiB, shm=24.0 GiB, cpus=16; pool: memory=88.0 GiB/90.6 GiB, shm=88.0 GiB/367.1 GiB, cpus=64/72, running=5
Run selected ci-tagged tests	Run tests	2026-09-14T10:22:38.0121153Z [2026-09-14 12:22:38 +0200] [12/118] Running test 'storage/vps-hard-delete-after-complex-history' (#default)
Run selected ci-tagged tests	Run tests	2026-09-14T10:22:38.0156248Z [2026-09-14 12:22:38 +0200] Waiting for resources: pool: memory=88.0 GiB/90.6 GiB, shm=88.0 GiB/367.1 GiB, cpus=64/72, running=5; pending: storage/snapshot-download-incremental-branch-mismatch (machines=3, memory=24.0 GiB, shm=24.0 GiB, cpus=16), storage/snapshot-download-remove (machines=2, memory=16.0 GiB, shm=16.0 GiB, cpus=12), vps/replace-with-backups (machines=2, memory=16.0 GiB, shm=16.0 GiB, cpus=12)
Run selected ci-tagged tests	Run tests	2026-09-14T10:24:07.3629944Z [2026-09-14 12:24:07 +0200] [17/118] Example [1/1] 'dataset plan lifecycle creates and removes group-snapshot plan side effects' succeeded in 71.25 seconds
Run selected ci-tagged tests	Run tests	2026-09-14T10:24:49.7888453Z [2026-09-14 12:24:49 +0200] [17/118] Test 'admin/dataset-plan-lifecycle' successful in 270.34 seconds
Run selected ci-tagged tests	Run tests	2026-09-14T10:24:49.7896079Z [2026-09-14 12:24:49 +0200] Reserved resources for 'storage/snapshot-download-remove': machines=2, memory=16.0 GiB, shm=16.0 GiB, cpus=12; pool: memory=88.0 GiB/90.6 GiB, shm=88.0 GiB/367.1 GiB, cpus=64/72, running=5
Run selected ci-tagged tests	Run tests	2026-09-14T10:24:49.7926237Z [2026-09-14 12:24:49 +0200] [19/118] Running test 'storage/snapshot-download-remove' (#default)
Run selected ci-tagged tests	Run tests	2026-09-14T10:24:49.8011565Z [2026-09-14 12:24:49 +0200] Waiting for resources: pool: memory=88.0 GiB/90.6 GiB, shm=88.0 GiB/367.1 GiB, cpus=64/72, running=5; pending: storage/snapshot-download-incremental-branch-mismatch (machines=3, memory=24.0 GiB, shm=24.0 GiB, cpus=16), vps/replace-with-backups (machines=2, memory=16.0 GiB, shm=16.0 GiB, cpus=12), storage/topology-fixture-roundtrip (machines=3, memory=24.0 GiB, shm=24.0 GiB, cpus=16)
Run selected ci-tagged tests	Run tests	2026-09-14T10:24:52.1500720Z [2026-09-14 12:24:52 +0200] [14/118] Example [5/5] 'transaction chain lifecycle resumes the queue and completes the chain' succeeded in 135.18 seconds
Run selected ci-tagged tests	Run tests	2026-09-14T10:24:55.7705522Z [2026-09-14 12:24:55 +0200] [15/118] Example [1/1] 'network routes and host addresses adds and removes routes and host addresses on a routed interface' succeeded in 148.46 seconds
Run selected ci-tagged tests	Run tests	2026-09-14T10:25:02.2435156Z [2026-09-14 12:25:02 +0200] Status: passing; 15 succeeded as expected, 0 failed as expected, 0 unexpectedly failed, 0 unexpectedly succeeded; 5 running, 98 remaining
Run selected ci-tagged tests	Run tests	2026-09-14T10:25:11.6777745Z [2026-09-14 12:25:11 +0200] [14/118] Test 'tx/chain-lifecycle' successful in 415.16 seconds
Run selected ci-tagged tests	Run tests	2026-09-14T10:25:11.6783420Z [2026-09-14 12:25:11 +0200] Reserved resources for 'vps/replace-with-backups': machines=2, memory=16.0 GiB, shm=16.0 GiB, cpus=12; pool: memory=88.0 GiB/90.6 GiB, shm=88.0 GiB/367.1 GiB, cpus=64/72, running=5
Run selected ci-tagged tests	Run tests	2026-09-14T10:25:11.6800168Z [2026-09-14 12:25:11 +0200] [20/118] Running test 'vps/replace-with-backups' (#default)
Run selected ci-tagged tests	Run tests	2026-09-14T10:25:43.5197864Z [2026-09-14 12:25:43 +0200] [15/118] Test 'network/network-interface-routes-and-host-ips' successful in 360.91 seconds
Run selected ci-tagged tests	Run tests	2026-09-14T10:25:43.5205826Z [2026-09-14 12:25:43 +0200] Reserved resources for 'vps/deploy-public-key-and-user-data': machines=2, memory=16.0 GiB, shm=16.0 GiB, cpus=12; pool: memory=88.0 GiB/90.6 GiB, shm=88.0 GiB/367.1 GiB, cpus=64/72, running=5
Run selected ci-tagged tests	Run tests	2026-09-14T10:25:43.5227102Z [2026-09-14 12:25:43 +0200] [22/118] Running test 'vps/deploy-public-key-and-user-data' (#default)
Run selected ci-tagged tests	Run tests	2026-09-14T10:27:40.4878423Z [2026-09-14 12:27:40 +0200] [18/118] Example [1/1] 'VPS auto-start reconciliation reports the VPS that fails to start and clears it after recovery' succeeded in 204.02 seconds
Run selected ci-tagged tests	Run tests	2026-09-14T10:28:01.7972145Z [2026-09-14 12:28:01 +0200] [18/118] Test 'vps/autostart-monitoring' successful in 388.63 seconds
Run selected ci-tagged tests	Run tests	2026-09-14T10:28:01.7977125Z [2026-09-14 12:28:01 +0200] Reserved resources for 'tx/invalid-signature': machines=2, memory=16.0 GiB, shm=16.0 GiB, cpus=12; pool: memory=88.0 GiB/90.6 GiB, shm=88.0 GiB/367.1 GiB, cpus=64/72, running=5
Run selected ci-tagged tests	Run tests	2026-09-14T10:28:01.8002295Z [2026-09-14 12:28:01 +0200] [23/118] Running test 'tx/invalid-signature' (#default)
Run selected ci-tagged tests	Run tests	2026-09-14T10:28:01.8064455Z [2026-09-14 12:28:01 +0200] Waiting for resources: pool: memory=88.0 GiB/90.6 GiB, shm=88.0 GiB/367.1 GiB, cpus=64/72, running=5; pending: storage/snapshot-download-incremental-branch-mismatch (machines=3, memory=24.0 GiB, shm=24.0 GiB, cpus=16), storage/topology-fixture-roundtrip (machines=3, memory=24.0 GiB, shm=24.0 GiB, cpus=16), user/create-with-initial-vps (machines=2, memory=16.0 GiB, shm=16.0 GiB, cpus=12)
Run selected ci-tagged tests	Run tests	2026-09-14T10:28:58.9261585Z [2026-09-14 12:28:58 +0200] [19/118] Example [1/1] 'snapshot download deletion removes the database row, snapshot link, and download files' succeeded in 93.14 seconds
Run selected ci-tagged tests	Run tests	2026-09-14T10:29:18.1745398Z [2026-09-14 12:29:18 +0200] [19/118] Test 'storage/snapshot-download-remove' successful in 268.38 seconds
Run selected ci-tagged tests	Run tests	2026-09-14T10:29:18.1750514Z [2026-09-14 12:29:18 +0200] Reserved resources for 'user/create-with-initial-vps': machines=2, memory=16.0 GiB, shm=16.0 GiB, cpus=12; pool: memory=88.0 GiB/90.6 GiB, shm=88.0 GiB/367.1 GiB, cpus=64/72, running=5
Run selected ci-tagged tests	Run tests	2026-09-14T10:29:18.1764371Z [2026-09-14 12:29:18 +0200] [24/118] Running test 'user/create-with-initial-vps' (#default)
Run selected ci-tagged tests	Run tests	2026-09-14T10:29:18.1797569Z [2026-09-14 12:29:18 +0200] Waiting for resources: pool: memory=88.0 GiB/90.6 GiB, shm=88.0 GiB/367.1 GiB, cpus=64/72, running=5; pending: storage/snapshot-download-incremental-branch-mismatch (machines=3, memory=24.0 GiB, shm=24.0 GiB, cpus=16), storage/topology-fixture-roundtrip (machines=3, memory=24.0 GiB, shm=24.0 GiB, cpus=16), cluster/1-node (machines=2, memory=16.0 GiB, shm=16.0 GiB, cpus=12)
Run selected ci-tagged tests	Run tests	2026-09-14T10:30:02.2439925Z [2026-09-14 12:30:02 +0200] Status: passing; 19 succeeded as expected, 0 failed as expected, 0 unexpectedly failed, 0 unexpectedly succeeded; 5 running, 94 remaining
Run selected ci-tagged tests	Run tests	2026-09-14T10:30:51.5357936Z [2026-09-14 12:30:51 +0200] [22/118] Example [1/1] 'standalone key and user-data deployment deploys the key once and writes the script payload into the guest rootfs' succeeded in 154.95 seconds
Run selected ci-tagged tests	Run tests	2026-09-14T10:30:56.3722888Z [2026-09-14 12:30:56 +0200] [20/118] Example [1/1] 'same-node VPS replace with backups moves backup history and keeps future backups incremental' succeeded in 186.31 seconds
Run selected ci-tagged tests	Run tests	2026-09-14T10:31:05.8493401Z ##[error]The operation was canceled.
Run selected ci-tagged tests	Upload full test logs	﻿2026-09-14T10:31:05.8637883Z ##[group]Run vpsfreecz/vpsadminos/.github/actions/upload-test-logs@staging
Run selected ci-tagged tests	Upload full test logs	2026-09-14T10:31:05.8640451Z with:
Run selected ci-tagged tests	Upload full test logs	2026-09-14T10:31:05.8641511Z   name: vpsadmin-test-logs-34831012297
Run selected ci-tagged tests	Upload full test logs	2026-09-14T10:31:05.8644136Z   paths: /tmp/os-test-runner-19884793-34831012297-1/**/*.log
Run selected ci-tagged tests	Upload full test logs	/tmp/os-test-runner-19884793-34831012297-1/**/*.txt
Run selected ci-tagged tests	Upload full test logs	
Run selected ci-tagged tests	Upload full test logs	2026-09-14T10:31:05.8647359Z   retention-days: 14
Run selected ci-tagged tests	Upload full test logs	2026-09-14T10:31:05.8648361Z   if-no-files-found: error
Run selected ci-tagged tests	Upload full test logs	2026-09-14T10:31:05.8649477Z env:
Run selected ci-tagged tests	Upload full test logs	2026-09-14T10:31:05.8650646Z   TEST_RUNNER_STATE_DIR: /tmp/os-test-runner-19884793-34831012297-1
Run selected ci-tagged tests	Upload full test logs	2026-09-14T10:31:05.8652105Z ##[endgroup]
Run selected ci-tagged tests	Upload full test logs	2026-09-14T10:31:05.8665839Z ##[start-action display=Upload logs;id=upload-test-logs.__actions_upload-artifact]
Run selected ci-tagged tests	Upload full test logs	2026-09-14T10:31:05.8751471Z ##[group]Run actions/upload-artifact@v7
Run selected ci-tagged tests	Upload full test logs	2026-09-14T10:31:05.8752059Z with:
Run selected ci-tagged tests	Upload full test logs	2026-09-14T10:31:05.8752522Z   name: vpsadmin-test-logs-34831012297
Run selected ci-tagged tests	Upload full test logs	2026-09-14T10:31:05.8753533Z   path: /tmp/os-test-runner-19884793-34831012297-1/**/*.log
Run selected ci-tagged tests	Upload full test logs	/tmp/os-test-runner-19884793-34831012297-1/**/*.txt
Run selected ci-tagged tests	Upload full test logs	
Run selected ci-tagged tests	Upload full test logs	2026-09-14T10:31:05.8754694Z   retention-days: 14
Run selected ci-tagged tests	Upload full test logs	2026-09-14T10:31:05.8755382Z   if-no-files-found: error
Run selected ci-tagged tests	Upload full test logs	2026-09-14T10:31:05.8755927Z   compression-level: 6
Run selected ci-tagged tests	Upload full test logs	2026-09-14T10:31:05.8756411Z   overwrite: false
Run selected ci-tagged tests	Upload full test logs	2026-09-14T10:31:05.8756889Z   include-hidden-files: false
Run selected ci-tagged tests	Upload full test logs	2026-09-14T10:31:05.8759528Z   archive: true
Run selected ci-tagged tests	Upload full test logs	2026-09-14T10:31:05.8759978Z env:
Run selected ci-tagged tests	Upload full test logs	2026-09-14T10:31:05.8760553Z   TEST_RUNNER_STATE_DIR: /tmp/os-test-runner-19884793-34831012297-1
Run selected ci-tagged tests	Upload full test logs	2026-09-14T10:31:05.8761642Z ##[endgroup]
Run selected ci-tagged tests	Upload full test logs	2026-09-14T10:31:06.1734119Z With the provided path, there will be 236 files uploaded
Run selected ci-tagged tests	Upload full test logs	2026-09-14T10:31:06.1736459Z Artifact name is valid!
Run selected ci-tagged tests	Upload full test logs	2026-09-14T10:31:06.1737582Z Root directory input is valid!
Run selected ci-tagged tests	Upload full test logs	2026-09-14T10:31:06.7260882Z Uploading artifact: vpsadmin-test-logs-34831012297.zip
Run selected ci-tagged tests	Upload full test logs	2026-09-14T10:31:06.7332756Z Beginning upload of artifact content to blob storage
Run selected ci-tagged tests	Upload full test logs	2026-09-14T10:31:08.9328688Z Uploaded bytes 1790084
Run selected ci-tagged tests	Upload full test logs	2026-09-14T10:31:09.0545578Z Finished uploading artifact content to blob storage!
Run selected ci-tagged tests	Upload full test logs	2026-09-14T10:31:09.0548645Z SHA256 digest of uploaded artifact is cd6bf429ffd16f9b2eb8ab0309e6cd327a2faaecad1746e5616754bdcf97e79f
Run selected ci-tagged tests	Upload full test logs	2026-09-14T10:31:09.0551371Z Finalizing artifact upload
Run selected ci-tagged tests	Upload full test logs	2026-09-14T10:31:09.5737713Z Artifact vpsadmin-test-logs-34831012297 successfully finalized. Artifact ID 10343046868
Run selected ci-tagged tests	Upload full test logs	2026-09-14T10:31:09.5740602Z Artifact vpsadmin-test-logs-34831012297 has been successfully uploaded! Final size is 1790084 bytes. Artifact ID is 10343046868
Run selected ci-tagged tests	Upload full test logs	2026-09-14T10:31:09.5748992Z Artifact download URL: https://github.com/vpsfreecz/vpsadmin/actions/runs/34831012297/artifacts/10343046868
Run selected ci-tagged tests	Upload full test logs	2026-09-14T10:31:09.6100860Z ##[end-action id=upload-test-logs.__actions_upload-artifact;outcome=success;conclusion=success;duration_ms=3743]
Run selected ci-tagged tests	Evaluate test results	﻿2026-09-14T10:31:09.6325599Z ##[group]Run vpsfreecz/vpsadminos/.github/actions/evaluate-test-results@staging
Run selected ci-tagged tests	Evaluate test results	2026-09-14T10:31:09.6326402Z with:
Run selected ci-tagged tests	Evaluate test results	2026-09-14T10:31:09.6326933Z   log-file: /tmp/os-test-runner-19884793-34831012297-1/test.log
Run selected ci-tagged tests	Evaluate test results	2026-09-14T10:31:09.6327534Z env:
Run selected ci-tagged tests	Evaluate test results	2026-09-14T10:31:09.6328007Z   TEST_RUNNER_STATE_DIR: /tmp/os-test-runner-19884793-34831012297-1
Run selected ci-tagged tests	Evaluate test results	2026-09-14T10:31:09.6328623Z ##[endgroup]
Run selected ci-tagged tests	Evaluate test results	2026-09-14T10:31:09.6357337Z ##[start-action display=Run set -euo pipefail;id=__vpsfreecz_vpsadminos.evaluate]
Run selected ci-tagged tests	Evaluate test results	2026-09-14T10:31:09.6379852Z ##[group]Run set -euo pipefail
Run selected ci-tagged tests	Evaluate test results	2026-09-14T10:31:09.6380469Z ^[[36;1mset -euo pipefail^[[0m
Run selected ci-tagged tests	Evaluate test results	2026-09-14T10:31:09.6380900Z ^[[36;1m^[[0m
Run selected ci-tagged tests	Evaluate test results	2026-09-14T10:31:09.6381441Z ^[[36;1mlog_file="/tmp/os-test-runner-19884793-34831012297-1/test.log"^[[0m
Run selected ci-tagged tests	Evaluate test results	2026-09-14T10:31:09.6382116Z ^[[36;1m^[[0m
Run selected ci-tagged tests	Evaluate test results	2026-09-14T10:31:09.6382498Z ^[[36;1mif [ ! -f "$log_file" ]; then^[[0m
Run selected ci-tagged tests	Evaluate test results	2026-09-14T10:31:09.6383054Z ^[[36;1m  echo "::error::Test log '$log_file' not found"^[[0m
Run selected ci-tagged tests	Evaluate test results	2026-09-14T10:31:09.6383589Z ^[[36;1m  exit 1^[[0m
Run selected ci-tagged tests	Evaluate test results	2026-09-14T10:31:09.6383951Z ^[[36;1mfi^[[0m
Run selected ci-tagged tests	Evaluate test results	2026-09-14T10:31:09.6384235Z ^[[36;1m^[[0m
Run selected ci-tagged tests	Evaluate test results	2026-09-14T10:31:09.6384749Z ^[[36;1m# Disable pipefail while grepping so missing matches do not fail the step^[[0m
Run selected ci-tagged tests	Evaluate test results	2026-09-14T10:31:09.6385377Z ^[[36;1mset +o pipefail^[[0m
Run selected ci-tagged tests	Evaluate test results	2026-09-14T10:31:09.6385977Z ^[[36;1mEXPECTED_SUCCESSFUL=$(grep -oP "\d+ tests successful" "$log_file" | cut -f1 -d ' ')^[[0m
Run selected ci-tagged tests	Evaluate test results	2026-09-14T10:31:09.6386893Z ^[[36;1mEXPECTED_FAILED=$(grep -oP "\d+ tests failed as expected" "$log_file" | cut -f1 -d ' ')^[[0m
Run selected ci-tagged tests	Evaluate test results	2026-09-14T10:31:09.6387861Z ^[[36;1mUNEXPECTED_FAILED=$(grep -oP "\d+ tests should have succeeded" "$log_file" | cut -f1 -d ' ')^[[0m
Run selected ci-tagged tests	Evaluate test results	2026-09-14T10:31:09.6388859Z ^[[36;1mUNEXPECTED_SUCCESSFUL=$(grep -oP "\d+ tests should have failed" "$log_file" | cut -f1 -d ' ')^[[0m
Run selected ci-tagged tests	Evaluate test results	2026-09-14T10:31:09.6389692Z ^[[36;1mset -o pipefail^[[0m
Run selected ci-tagged tests	Evaluate test results	2026-09-14T10:31:09.6390061Z ^[[36;1m^[[0m
Run selected ci-tagged tests	Evaluate test results	2026-09-14T10:31:09.6390560Z ^[[36;1mecho "expected_successful=${EXPECTED_SUCCESSFUL:-0}" >>"$GITHUB_OUTPUT"^[[0m
Run selected ci-tagged tests	Evaluate test results	2026-09-14T10:31:09.6391373Z ^[[36;1mecho "expected_failed=${EXPECTED_FAILED:-0}" >>"$GITHUB_OUTPUT"^[[0m
Run selected ci-tagged tests	Evaluate test results	2026-09-14T10:31:09.6392124Z ^[[36;1mecho "unexpected_failed=${UNEXPECTED_FAILED:-0}" >>"$GITHUB_OUTPUT"^[[0m
Run selected ci-tagged tests	Evaluate test results	2026-09-14T10:31:09.6392941Z ^[[36;1mecho "unexpected_successful=${UNEXPECTED_SUCCESSFUL:-0}" >>"$GITHUB_OUTPUT"^[[0m
Run selected ci-tagged tests	Evaluate test results	2026-09-14T10:31:09.6393569Z ^[[36;1m^[[0m
Run selected ci-tagged tests	Evaluate test results	2026-09-14T10:31:09.6393851Z ^[[36;1m{^[[0m
Run selected ci-tagged tests	Evaluate test results	2026-09-14T10:31:09.6394158Z ^[[36;1m  echo '### Test summary'^[[0m
Run selected ci-tagged tests	Evaluate test results	2026-09-14T10:31:09.6394563Z ^[[36;1m  echo ""^[[0m
Run selected ci-tagged tests	Evaluate test results	2026-09-14T10:31:09.6394900Z ^[[36;1m  echo "| Result | Count |"^[[0m
Run selected ci-tagged tests	Evaluate test results	2026-09-14T10:31:09.6395302Z ^[[36;1m  echo "|--------|-------|"^[[0m
Run selected ci-tagged tests	Evaluate test results	2026-09-14T10:31:09.6396561Z ^[[36;1m  echo "| ✅ Successful (expected) | ${EXPECTED_SUCCESSFUL:-0} |"^[[0m
Run selected ci-tagged tests	Evaluate test results	2026-09-14T10:31:09.6397245Z ^[[36;1m  echo "| ⚠️ Failed (expected) | ${EXPECTED_FAILED:-0} |"^[[0m
Run selected ci-tagged tests	Evaluate test results	2026-09-14T10:31:09.6397880Z ^[[36;1m  echo "| ❌ Failed (unexpected) | ${UNEXPECTED_FAILED:-0} |"^[[0m
Run selected ci-tagged tests	Evaluate test results	2026-09-14T10:31:09.6398568Z ^[[36;1m  echo "| ❌ Successful (unexpected) | ${UNEXPECTED_SUCCESSFUL:-0} |"^[[0m
Run selected ci-tagged tests	Evaluate test results	2026-09-14T10:31:09.6399151Z ^[[36;1m  echo ""^[[0m
Run selected ci-tagged tests	Evaluate test results	2026-09-14T10:31:09.6399602Z ^[[36;1m} >>"$GITHUB_STEP_SUMMARY"^[[0m
Run selected ci-tagged tests	Evaluate test results	2026-09-14T10:31:09.6399991Z ^[[36;1m^[[0m
Run selected ci-tagged tests	Evaluate test results	2026-09-14T10:31:09.6400510Z ^[[36;1mif [ "${UNEXPECTED_FAILED:-0}" -gt 0 ] || [ "${UNEXPECTED_SUCCESSFUL:-0}" -gt 0 ]; then^[[0m
Run selected ci-tagged tests	Evaluate test results	2026-09-14T10:31:09.6401608Z ^[[36;1m  echo "::error::${UNEXPECTED_FAILED:-0} tests unexpectedly failed, ${UNEXPECTED_SUCCESSFUL:-0} tests unexpectedly succeeded"^[[0m
Run selected ci-tagged tests	Evaluate test results	2026-09-14T10:31:09.6402488Z ^[[36;1m  exit 1^[[0m
Run selected ci-tagged tests	Evaluate test results	2026-09-14T10:31:09.6402790Z ^[[36;1mfi^[[0m
Run selected ci-tagged tests	Evaluate test results	2026-09-14T10:31:09.6406309Z shell: /nix/store/pkf547jp8a92k4wmxikkyby58w10pysr-bash-interactive-5.3p9/bin/bash --noprofile --norc -e -o pipefail {0}
Run selected ci-tagged tests	Evaluate test results	2026-09-14T10:31:09.6407246Z env:
Run selected ci-tagged tests	Evaluate test results	2026-09-14T10:31:09.6407678Z   TEST_RUNNER_STATE_DIR: /tmp/os-test-runner-19884793-34831012297-1
Run selected ci-tagged tests	Evaluate test results	2026-09-14T10:31:09.6408213Z ##[endgroup]
Run selected ci-tagged tests	Evaluate test results	2026-09-14T10:31:09.6892021Z ##[end-action id=__vpsfreecz_vpsadminos.evaluate;outcome=success;conclusion=success;duration_ms=53]
Run selected ci-tagged tests	Summarise test logs	﻿2026-09-14T10:31:09.7022787Z ##[group]Run vpsfreecz/vpsadminos/.github/actions/summarise-test-logs@staging
Run selected ci-tagged tests	Summarise test logs	2026-09-14T10:31:09.7023576Z with:
Run selected ci-tagged tests	Summarise test logs	2026-09-14T10:31:09.7024081Z   logs-root: /tmp/os-test-runner-19884793-34831012297-1
Run selected ci-tagged tests	Summarise test logs	2026-09-14T10:31:09.7024629Z   tail-lines: 200
Run selected ci-tagged tests	Summarise test logs	2026-09-14T10:31:09.7025021Z   max-bytes: 921600
Run selected ci-tagged tests	Summarise test logs	2026-09-14T10:31:09.7025401Z env:
Run selected ci-tagged tests	Summarise test logs	2026-09-14T10:31:09.7025927Z   TEST_RUNNER_STATE_DIR: /tmp/os-test-runner-19884793-34831012297-1
Run selected ci-tagged tests	Summarise test logs	2026-09-14T10:31:09.7026538Z ##[endgroup]
Run selected ci-tagged tests	Summarise test logs	2026-09-14T10:31:09.7033686Z ##[start-action display=Run bash "$GITHUB_ACTION_PATH/summarise-test-logs.bash";id=__vpsfreecz_vpsadminos_2.__run]
Run selected ci-tagged tests	Summarise test logs	2026-09-14T10:31:09.7055622Z ##[group]Run bash "$GITHUB_ACTION_PATH/summarise-test-logs.bash"
Run selected ci-tagged tests	Summarise test logs	2026-09-14T10:31:09.7056324Z ^[[36;1mbash "$GITHUB_ACTION_PATH/summarise-test-logs.bash"^[[0m
Run selected ci-tagged tests	Summarise test logs	2026-09-14T10:31:09.7060159Z shell: /nix/store/pkf547jp8a92k4wmxikkyby58w10pysr-bash-interactive-5.3p9/bin/bash --noprofile --norc -e -o pipefail {0}
Run selected ci-tagged tests	Summarise test logs	2026-09-14T10:31:09.7061378Z env:
Run selected ci-tagged tests	Summarise test logs	2026-09-14T10:31:09.7061837Z   TEST_RUNNER_STATE_DIR: /tmp/os-test-runner-19884793-34831012297-1
Run selected ci-tagged tests	Summarise test logs	2026-09-14T10:31:09.7062509Z   LOGS_ROOT: /tmp/os-test-runner-19884793-34831012297-1
Run selected ci-tagged tests	Summarise test logs	2026-09-14T10:31:09.7062974Z   TAIL_LINES: 200
Run selected ci-tagged tests	Summarise test logs	2026-09-14T10:31:09.7063292Z   MAX_SUMMARY_BYTES: 921600
Run selected ci-tagged tests	Summarise test logs	2026-09-14T10:31:09.7063654Z ##[endgroup]
Run selected ci-tagged tests	Summarise test logs	2026-09-14T10:31:09.8987625Z ##[end-action id=__vpsfreecz_vpsadminos_2.__run;outcome=success;conclusion=success;duration_ms=195]
Run selected ci-tagged tests	Cleanup test state	﻿2026-09-14T10:31:09.9075198Z ##[group]Run vpsfreecz/vpsadminos/.github/actions/cleanup-test-state@staging
Run selected ci-tagged tests	Cleanup test state	2026-09-14T10:31:09.9075921Z with:
Run selected ci-tagged tests	Cleanup test state	2026-09-14T10:31:09.9076444Z   state-directory: /tmp/os-test-runner-19884793-34831012297-1
Run selected ci-tagged tests	Cleanup test state	2026-09-14T10:31:09.9077067Z   prepare-outcome: success
Run selected ci-tagged tests	Cleanup test state	2026-09-14T10:31:09.9077444Z   test-outcome: cancelled
Run selected ci-tagged tests	Cleanup test state	2026-09-14T10:31:09.9077803Z   upload-outcome: success
Run selected ci-tagged tests	Cleanup test state	2026-09-14T10:31:09.9078133Z env:
Run selected ci-tagged tests	Cleanup test state	2026-09-14T10:31:09.9078593Z   TEST_RUNNER_STATE_DIR: /tmp/os-test-runner-19884793-34831012297-1
Run selected ci-tagged tests	Cleanup test state	2026-09-14T10:31:09.9079126Z ##[endgroup]
Run selected ci-tagged tests	Cleanup test state	2026-09-14T10:31:09.9085577Z ##[start-action display=Run bash "$GITHUB_ACTION_PATH/cleanup-test-state.bash";id=__vpsfreecz_vpsadminos_3.__run]
Run selected ci-tagged tests	Cleanup test state	2026-09-14T10:31:09.9104186Z ##[group]Run bash "$GITHUB_ACTION_PATH/cleanup-test-state.bash"
Run selected ci-tagged tests	Cleanup test state	2026-09-14T10:31:09.9104862Z ^[[36;1mbash "$GITHUB_ACTION_PATH/cleanup-test-state.bash"^[[0m
Run selected ci-tagged tests	Cleanup test state	2026-09-14T10:31:09.9108671Z shell: /nix/store/pkf547jp8a92k4wmxikkyby58w10pysr-bash-interactive-5.3p9/bin/bash --noprofile --norc -e -o pipefail {0}
Run selected ci-tagged tests	Cleanup test state	2026-09-14T10:31:09.9109718Z env:
Run selected ci-tagged tests	Cleanup test state	2026-09-14T10:31:09.9110146Z   TEST_RUNNER_STATE_DIR: /tmp/os-test-runner-19884793-34831012297-1
Run selected ci-tagged tests	Cleanup test state	2026-09-14T10:31:09.9111457Z   TEST_STATE_DIRECTORY: /tmp/os-test-runner-19884793-34831012297-1
Run selected ci-tagged tests	Cleanup test state	2026-09-14T10:31:09.9112015Z   TEST_STATE_PREPARE_OUTCOME: success
Run selected ci-tagged tests	Cleanup test state	2026-09-14T10:31:09.9112429Z   TEST_STATE_TEST_OUTCOME: cancelled
Run selected ci-tagged tests	Cleanup test state	2026-09-14T10:31:09.9112834Z   TEST_STATE_UPLOAD_OUTCOME: success
Run selected ci-tagged tests	Cleanup test state	2026-09-14T10:31:09.9113250Z   TEST_STATE_REPOSITORY_ID: 19884793
Run selected ci-tagged tests	Cleanup test state	2026-09-14T10:31:09.9113643Z   TEST_STATE_RUN_ID: 34831012297
Run selected ci-tagged tests	Cleanup test state	2026-09-14T10:31:09.9114018Z   TEST_STATE_RUN_ATTEMPT: 1
Run selected ci-tagged tests	Cleanup test state	2026-09-14T10:31:09.9114361Z ##[endgroup]
Run selected ci-tagged tests	Cleanup test state	2026-09-14T10:31:09.9380780Z Removed test-runner state directory: /tmp/os-test-runner-19884793-34831012297-1
Run selected ci-tagged tests	Cleanup test state	2026-09-14T10:31:09.9411100Z ##[end-action id=__vpsfreecz_vpsadminos_3.__run;outcome=success;conclusion=success;duration_ms=32]
Run selected ci-tagged tests	Post Checkout vpsadmin	﻿2026-09-14T10:31:09.9612986Z Post job cleanup.
Run selected ci-tagged tests	Post Checkout vpsadmin	2026-09-14T10:31:10.1035239Z [command]/nix/store/nly4cml071i82515r89rpdw38z55wjqd-git-2.54.0/bin/git version
Run selected ci-tagged tests	Post Checkout vpsadmin	2026-09-14T10:31:10.1106668Z git version 2.54.0
Run selected ci-tagged tests	Post Checkout vpsadmin	2026-09-14T10:31:10.1147748Z Temporarily overriding HOME='/run/github-runner/runner/_temp/44b88a38-9449-4c93-ae51-86382970cfda' before making global git config changes
Run selected ci-tagged tests	Post Checkout vpsadmin	2026-09-14T10:31:10.1151462Z Adding repository directory to the temporary git global config as a safe directory
Run selected ci-tagged tests	Post Checkout vpsadmin	2026-09-14T10:31:10.1155187Z [command]/nix/store/nly4cml071i82515r89rpdw38z55wjqd-git-2.54.0/bin/git config --global --add safe.directory /run/github-runner/runner/vpsadmin/vpsadmin
Run selected ci-tagged tests	Post Checkout vpsadmin	2026-09-14T10:31:10.1211864Z Removing SSH command configuration
Run selected ci-tagged tests	Post Checkout vpsadmin	2026-09-14T10:31:10.1218572Z [command]/nix/store/nly4cml071i82515r89rpdw38z55wjqd-git-2.54.0/bin/git config --local --name-only --get-regexp core\.sshCommand
Run selected ci-tagged tests	Post Checkout vpsadmin	2026-09-14T10:31:10.1307426Z [command]/nix/store/nly4cml071i82515r89rpdw38z55wjqd-git-2.54.0/bin/git submodule foreach --recursive sh -c "git config --local --name-only --get-regexp 'core\.sshCommand' && git config --local --unset-all 'core.sshCommand' || :"
Run selected ci-tagged tests	Post Checkout vpsadmin	2026-09-14T10:31:10.2206174Z Removing HTTP extra header
Run selected ci-tagged tests	Post Checkout vpsadmin	2026-09-14T10:31:10.2217715Z [command]/nix/store/nly4cml071i82515r89rpdw38z55wjqd-git-2.54.0/bin/git config --local --name-only --get-regexp http\.https\:\/\/github\.com\/\.extraheader
Run selected ci-tagged tests	Post Checkout vpsadmin	2026-09-14T10:31:10.2330921Z [command]/nix/store/nly4cml071i82515r89rpdw38z55wjqd-git-2.54.0/bin/git submodule foreach --recursive sh -c "git config --local --name-only --get-regexp 'http\.https\:\/\/github\.com\/\.extraheader' && git config --local --unset-all 'http.https://github.com/.extraheader' || :"
Run selected ci-tagged tests	Post Checkout vpsadmin	2026-09-14T10:31:10.3187353Z Removing includeIf entries pointing to credentials config files
Run selected ci-tagged tests	Post Checkout vpsadmin	2026-09-14T10:31:10.3205454Z [command]/nix/store/nly4cml071i82515r89rpdw38z55wjqd-git-2.54.0/bin/git config --local --name-only --get-regexp ^includeIf\.gitdir:
Run selected ci-tagged tests	Post Checkout vpsadmin	2026-09-14T10:31:10.3271890Z includeif.gitdir:/run/github-runner/runner/vpsadmin/vpsadmin/.git.path
Run selected ci-tagged tests	Post Checkout vpsadmin	2026-09-14T10:31:10.3274397Z includeif.gitdir:/run/github-runner/runner/vpsadmin/vpsadmin/.git/worktrees/*.path
Run selected ci-tagged tests	Post Checkout vpsadmin	2026-09-14T10:31:10.3276614Z includeif.gitdir:/github/workspace/.git.path
Run selected ci-tagged tests	Post Checkout vpsadmin	2026-09-14T10:31:10.3278904Z includeif.gitdir:/github/workspace/.git/worktrees/*.path
Run selected ci-tagged tests	Post Checkout vpsadmin	2026-09-14T10:31:10.3288328Z [command]/nix/store/nly4cml071i82515r89rpdw38z55wjqd-git-2.54.0/bin/git config --local --get-all includeif.gitdir:/run/github-runner/runner/vpsadmin/vpsadmin/.git.path
Run selected ci-tagged tests	Post Checkout vpsadmin	2026-09-14T10:31:10.3324315Z /run/github-runner/runner/_temp/git-credentials-733ae172-eb8d-43c6-a86e-36be0625d468.config
Run selected ci-tagged tests	Post Checkout vpsadmin	2026-09-14T10:31:10.3343470Z [command]/nix/store/nly4cml071i82515r89rpdw38z55wjqd-git-2.54.0/bin/git config --local --unset includeif.gitdir:/run/github-runner/runner/vpsadmin/vpsadmin/.git.path \/run\/github\-runner\/runner\/_temp\/git\-credentials\-733ae172\-eb8d\-43c6\-a86e\-36be0625d468\.config
Run selected ci-tagged tests	Post Checkout vpsadmin	2026-09-14T10:31:10.3444525Z [command]/nix/store/nly4cml071i82515r89rpdw38z55wjqd-git-2.54.0/bin/git config --local --get-all includeif.gitdir:/run/github-runner/runner/vpsadmin/vpsadmin/.git/worktrees/*.path
Run selected ci-tagged tests	Post Checkout vpsadmin	2026-09-14T10:31:10.3505526Z /run/github-runner/runner/_temp/git-credentials-733ae172-eb8d-43c6-a86e-36be0625d468.config
Run selected ci-tagged tests	Post Checkout vpsadmin	2026-09-14T10:31:10.3526013Z [command]/nix/store/nly4cml071i82515r89rpdw38z55wjqd-git-2.54.0/bin/git config --local --unset includeif.gitdir:/run/github-runner/runner/vpsadmin/vpsadmin/.git/worktrees/*.path \/run\/github\-runner\/runner\/_temp\/git\-credentials\-733ae172\-eb8d\-43c6\-a86e\-36be0625d468\.config
Run selected ci-tagged tests	Post Checkout vpsadmin	2026-09-14T10:31:10.3636986Z [command]/nix/store/nly4cml071i82515r89rpdw38z55wjqd-git-2.54.0/bin/git config --local --get-all includeif.gitdir:/github/workspace/.git.path
Run selected ci-tagged tests	Post Checkout vpsadmin	2026-09-14T10:31:10.3695260Z /github/runner_temp/git-credentials-733ae172-eb8d-43c6-a86e-36be0625d468.config
Run selected ci-tagged tests	Post Checkout vpsadmin	2026-09-14T10:31:10.3709359Z [command]/nix/store/nly4cml071i82515r89rpdw38z55wjqd-git-2.54.0/bin/git config --local --unset includeif.gitdir:/github/workspace/.git.path \/github\/runner_temp\/git\-credentials\-733ae172\-eb8d\-43c6\-a86e\-36be0625d468\.config
Run selected ci-tagged tests	Post Checkout vpsadmin	2026-09-14T10:31:10.3803813Z [command]/nix/store/nly4cml071i82515r89rpdw38z55wjqd-git-2.54.0/bin/git config --local --get-all includeif.gitdir:/github/workspace/.git/worktrees/*.path
Run selected ci-tagged tests	Post Checkout vpsadmin	2026-09-14T10:31:10.3841819Z /github/runner_temp/git-credentials-733ae172-eb8d-43c6-a86e-36be0625d468.config
Run selected ci-tagged tests	Post Checkout vpsadmin	2026-09-14T10:31:10.3930773Z [command]/nix/store/nly4cml071i82515r89rpdw38z55wjqd-git-2.54.0/bin/git config --local --unset includeif.gitdir:/github/workspace/.git/worktrees/*.path \/github\/runner_temp\/git\-credentials\-733ae172\-eb8d\-43c6\-a86e\-36be0625d468\.config
Run selected ci-tagged tests	Post Checkout vpsadmin	2026-09-14T10:31:10.3939175Z [command]/nix/store/nly4cml071i82515r89rpdw38z55wjqd-git-2.54.0/bin/git submodule foreach --recursive git config --local --show-origin --name-only --get-regexp remote.origin.url
Run selected ci-tagged tests	Post Checkout vpsadmin	2026-09-14T10:31:10.4802565Z Removing credentials config '/run/github-runner/runner/_temp/git-credentials-733ae172-eb8d-43c6-a86e-36be0625d468.config'
Run selected ci-tagged tests	Complete runner	﻿2026-09-14T10:31:10.5043284Z A job completed hook has been configured by the self-hosted runner administrator
Run selected ci-tagged tests	Complete runner	2026-09-14T10:31:10.5060568Z ##[group]Run '/nix/store/10h95s0bwjpj3811h99j036bxyrhk9g5-github-runner-job-completed.sh'
Run selected ci-tagged tests	Complete runner	2026-09-14T10:31:10.5063939Z shell: /nix/store/pkf547jp8a92k4wmxikkyby58w10pysr-bash-interactive-5.3p9/bin/bash --noprofile --norc -e -o pipefail {0}
Run selected ci-tagged tests	Complete runner	2026-09-14T10:31:10.5064907Z ##[endgroup]
Run selected ci-tagged tests	Complete runner	2026-09-14T10:31:10.5213570Z Cleared the GitHub runner job marker; Nix garbage collection can resume
Run selected ci-tagged tests	Complete job	﻿2026-09-14T10:31:10.5388719Z Cleaning up orphan processes
Run selected ci-tagged tests	Complete job	2026-09-14T10:31:10.5539402Z Terminate orphan process: pid (3349066) (ruby)
Run selected ci-tagged tests	Complete job	2026-09-14T10:31:10.5608267Z Terminate orphan process: pid (3349067) (tee)
Run selected ci-tagged tests	Complete job	2026-09-14T10:31:10.5648923Z Terminate orphan process: pid (3389343) (executor.rb:165)
Run selected ci-tagged tests	Complete job	2026-09-14T10:31:10.5685030Z Terminate orphan process: pid (3389440) (virtiofsd)
Run selected ci-tagged tests	Complete job	2026-09-14T10:31:10.5721512Z Terminate orphan process: pid (3389442) (virtiofsd)
Run selected ci-tagged tests	Complete job	2026-09-14T10:31:10.5757454Z Terminate orphan process: pid (3389444) (qemu-kvm)
Run selected ci-tagged tests	Complete job	2026-09-14T10:31:10.5793558Z Terminate orphan process: pid (3389448) (virtiofsd)
Run selected ci-tagged tests	Complete job	2026-09-14T10:31:10.5834191Z Terminate orphan process: pid (3389450) (virtiofsd)
Run selected ci-tagged tests	Complete job	2026-09-14T10:31:10.5871529Z Terminate orphan process: pid (3389464) (qemu-kvm)
Run selected ci-tagged tests	Complete job	2026-09-14T10:31:10.5907347Z Terminate orphan process: pid (3389468) (virtiofsd)
Run selected ci-tagged tests	Complete job	2026-09-14T10:31:10.5943353Z Terminate orphan process: pid (3389470) (virtiofsd)
Run selected ci-tagged tests	Complete job	2026-09-14T10:31:10.5978798Z Terminate orphan process: pid (3389480) (qemu-kvm)
Run selected ci-tagged tests	Complete job	2026-09-14T10:31:10.6015091Z Terminate orphan process: pid (3389628) (executor.rb:165)
Run selected ci-tagged tests	Complete job	2026-09-14T10:31:10.6068800Z Terminate orphan process: pid (3389795) (executor.rb:165)
Run selected ci-tagged tests	Complete job	2026-09-14T10:31:10.6104742Z Terminate orphan process: pid (3389826) (virtiofsd)
Run selected ci-tagged tests	Complete job	2026-09-14T10:31:10.6140355Z Terminate orphan process: pid (3389828) (virtiofsd)
Run selected ci-tagged tests	Complete job	2026-09-14T10:31:10.6175718Z Terminate orphan process: pid (3389830) (qemu-kvm)
Run selected ci-tagged tests	Complete job	2026-09-14T10:31:10.6241339Z Terminate orphan process: pid (3390055) (executor.rb:165)
Run selected ci-tagged tests	Complete job	2026-09-14T10:31:10.6277306Z Terminate orphan process: pid (3396007) (executor.rb:165)
Run selected ci-tagged tests	Complete job	2026-09-14T10:31:10.6313687Z Terminate orphan process: pid (3396700) (virtiofsd)
Run selected ci-tagged tests	Complete job	2026-09-14T10:31:10.6349260Z Terminate orphan process: pid (3396702) (virtiofsd)
Run selected ci-tagged tests	Complete job	2026-09-14T10:31:10.6384480Z Terminate orphan process: pid (3396704) (qemu-kvm)
Run selected ci-tagged tests	Complete job	2026-09-14T10:31:10.6420272Z Terminate orphan process: pid (3396708) (virtiofsd)
Run selected ci-tagged tests	Complete job	2026-09-14T10:31:10.6459443Z Terminate orphan process: pid (3396710) (virtiofsd)
Run selected ci-tagged tests	Complete job	2026-09-14T10:31:10.6495572Z Terminate orphan process: pid (3396724) (qemu-kvm)
Run selected ci-tagged tests	Complete job	2026-09-14T10:31:10.6532643Z Terminate orphan process: pid (3396760) (virtiofsd)
Run selected ci-tagged tests	Complete job	2026-09-14T10:31:10.6570151Z Terminate orphan process: pid (3396762) (virtiofsd)
Run selected ci-tagged tests	Complete job	2026-09-14T10:31:10.6606295Z Terminate orphan process: pid (3396765) (qemu-kvm)
Run selected ci-tagged tests	Complete job	2026-09-14T10:31:10.6642319Z Terminate orphan process: pid (3396769) (virtiofsd)
Run selected ci-tagged tests	Complete job	2026-09-14T10:31:10.6781293Z Terminate orphan process: pid (3396771) (virtiofsd)
Run selected ci-tagged tests	Complete job	2026-09-14T10:31:10.6816899Z Terminate orphan process: pid (3396785) (qemu-kvm)
