Run selected ci-tagged tests	Set up job	﻿2026-09-14T10:30:15.8531957Z Current runner version: '2.336.0'
Run selected ci-tagged tests	Set up job	2026-09-14T10:30:15.8546996Z Runner name: 'gh-runner2.int.vpsadminos.org'
Run selected ci-tagged tests	Set up job	2026-09-14T10:30:15.8549501Z Runner group name: 'vpsadminos runners'
Run selected ci-tagged tests	Set up job	2026-09-14T10:30:15.8552187Z Machine name: 'gh-runner2'
Run selected ci-tagged tests	Set up job	2026-09-14T10:30:15.8557890Z ##[group]GITHUB_TOKEN Permissions
Run selected ci-tagged tests	Set up job	2026-09-14T10:30:15.8563721Z Contents: read
Run selected ci-tagged tests	Set up job	2026-09-14T10:30:15.8564890Z Metadata: read
Run selected ci-tagged tests	Set up job	2026-09-14T10:30:15.8565806Z ##[endgroup]
Run selected ci-tagged tests	Set up job	2026-09-14T10:30:15.8570360Z Secret source: Actions
Run selected ci-tagged tests	Set up job	2026-09-14T10:30:15.8572054Z Cache mode: write
Run selected ci-tagged tests	Set up job	2026-09-14T10:30:15.8573666Z Prepare workflow directory
Run selected ci-tagged tests	Set up job	2026-09-14T10:30:16.0451883Z Prepare all required actions
Run selected ci-tagged tests	Set up job	2026-09-14T10:30:16.0563572Z Getting action download info
Run selected ci-tagged tests	Set up job	2026-09-14T10:30:16.6958992Z Download action repository 'actions/checkout@v7' (SHA:3d3c42e5aac5ba805825da76410c181273ba90b1)
Run selected ci-tagged tests	Set up job	2026-09-14T10:30:17.1983118Z Download action repository 'vpsfreecz/vpsadminos@staging' (SHA:c065fa2f8485399737e20e8ef9e44299d0766654)
Run selected ci-tagged tests	Set up job	2026-09-14T10:30:18.8072538Z Getting action download info
Run selected ci-tagged tests	Set up job	2026-09-14T10:30:19.0029319Z Download action repository 'actions/upload-artifact@v7' (SHA:043fb46d1a93c77aae656e7c1c64a875d1fc6a0a)
Run selected ci-tagged tests	Set up job	2026-09-14T10:30:19.8348876Z Complete job name: Run selected ci-tagged tests
Run selected ci-tagged tests	Set up runner	﻿2026-09-14T10:30:20.0230264Z A job started hook has been configured by the self-hosted runner administrator
Run selected ci-tagged tests	Set up runner	2026-09-14T10:30:20.0726637Z ##[group]Run '/nix/store/mbn3hvv6asg9kz979g5sjrmmr7f4kbyk-github-runner-job-started.sh'
Run selected ci-tagged tests	Set up runner	2026-09-14T10:30:20.0752699Z shell: /nix/store/pkf547jp8a92k4wmxikkyby58w10pysr-bash-interactive-5.3p9/bin/bash --noprofile --norc -e -o pipefail {0}
Run selected ci-tagged tests	Set up runner	2026-09-14T10:30:20.0760205Z ##[endgroup]
Run selected ci-tagged tests	Set up runner	2026-09-14T10:30:20.1420470Z Marked the GitHub runner job active; Nix garbage collection is deferred
Run selected ci-tagged tests	Checkout vpsadmin	﻿2026-09-14T10:30:20.2820448Z ##[group]Run actions/checkout@v7
Run selected ci-tagged tests	Checkout vpsadmin	2026-09-14T10:30:20.2823332Z with:
Run selected ci-tagged tests	Checkout vpsadmin	2026-09-14T10:30:20.2825410Z   fetch-depth: 0
Run selected ci-tagged tests	Checkout vpsadmin	2026-09-14T10:30:20.2827798Z   repository: vpsfreecz/vpsadmin
Run selected ci-tagged tests	Checkout vpsadmin	2026-09-14T10:30:20.2853144Z   token: ***
Run selected ci-tagged tests	Checkout vpsadmin	2026-09-14T10:30:20.2855451Z   ssh-strict: true
Run selected ci-tagged tests	Checkout vpsadmin	2026-09-14T10:30:20.2857754Z   ssh-user: git
Run selected ci-tagged tests	Checkout vpsadmin	2026-09-14T10:30:20.2860209Z   persist-credentials: true
Run selected ci-tagged tests	Checkout vpsadmin	2026-09-14T10:30:20.2862762Z   clean: true
Run selected ci-tagged tests	Checkout vpsadmin	2026-09-14T10:30:20.2865081Z   sparse-checkout-cone-mode: true
Run selected ci-tagged tests	Checkout vpsadmin	2026-09-14T10:30:20.2868739Z   fetch-tags: false
Run selected ci-tagged tests	Checkout vpsadmin	2026-09-14T10:30:20.2871105Z   show-progress: true
Run selected ci-tagged tests	Checkout vpsadmin	2026-09-14T10:30:20.2873430Z   lfs: false
Run selected ci-tagged tests	Checkout vpsadmin	2026-09-14T10:30:20.2875568Z   submodules: false
Run selected ci-tagged tests	Checkout vpsadmin	2026-09-14T10:30:20.2878032Z   set-safe-directory: true
Run selected ci-tagged tests	Checkout vpsadmin	2026-09-14T10:30:20.2880869Z   allow-unsafe-pr-checkout: false
Run selected ci-tagged tests	Checkout vpsadmin	2026-09-14T10:30:20.2883664Z ##[endgroup]
Run selected ci-tagged tests	Checkout vpsadmin	2026-09-14T10:30:20.6039828Z Syncing repository: vpsfreecz/vpsadmin
Run selected ci-tagged tests	Checkout vpsadmin	2026-09-14T10:30:20.6046338Z ##[group]Getting Git version info
Run selected ci-tagged tests	Checkout vpsadmin	2026-09-14T10:30:20.6049826Z Working directory is '/run/github-runner/runner/vpsadmin/vpsadmin'
Run selected ci-tagged tests	Checkout vpsadmin	2026-09-14T10:30:20.6055650Z [command]/nix/store/nly4cml071i82515r89rpdw38z55wjqd-git-2.54.0/bin/git version
Run selected ci-tagged tests	Checkout vpsadmin	2026-09-14T10:30:20.6073234Z git version 2.54.0
Run selected ci-tagged tests	Checkout vpsadmin	2026-09-14T10:30:20.6133623Z ##[endgroup]
Run selected ci-tagged tests	Checkout vpsadmin	2026-09-14T10:30:20.6156293Z Temporarily overriding HOME='/run/github-runner/runner/_temp/6cd4b4e2-055d-48dc-bcf3-2a11a42f57be' before making global git config changes
Run selected ci-tagged tests	Checkout vpsadmin	2026-09-14T10:30:20.6162749Z Adding repository directory to the temporary git global config as a safe directory
Run selected ci-tagged tests	Checkout vpsadmin	2026-09-14T10:30:20.6169516Z [command]/nix/store/nly4cml071i82515r89rpdw38z55wjqd-git-2.54.0/bin/git config --global --add safe.directory /run/github-runner/runner/vpsadmin/vpsadmin
Run selected ci-tagged tests	Checkout vpsadmin	2026-09-14T10:30:20.6270492Z [command]/nix/store/nly4cml071i82515r89rpdw38z55wjqd-git-2.54.0/bin/git config --local --get remote.origin.url
Run selected ci-tagged tests	Checkout vpsadmin	2026-09-14T10:30:20.6335293Z https://github.com/vpsfreecz/vpsadmin
Run selected ci-tagged tests	Checkout vpsadmin	2026-09-14T10:30:20.6367251Z ##[group]Removing previously created refs, to avoid conflicts
Run selected ci-tagged tests	Checkout vpsadmin	2026-09-14T10:30:20.6376570Z [command]/nix/store/nly4cml071i82515r89rpdw38z55wjqd-git-2.54.0/bin/git rev-parse --symbolic-full-name --verify --quiet HEAD
Run selected ci-tagged tests	Checkout vpsadmin	2026-09-14T10:30:20.6448462Z refs/heads/2026-09-14-kernel-history-fix
Run selected ci-tagged tests	Checkout vpsadmin	2026-09-14T10:30:20.6470543Z [command]/nix/store/nly4cml071i82515r89rpdw38z55wjqd-git-2.54.0/bin/git checkout --detach
Run selected ci-tagged tests	Checkout vpsadmin	2026-09-14T10:30:20.6831884Z HEAD is now at 2a312616b api: repair kernel history bounds from retained evidence
Run selected ci-tagged tests	Checkout vpsadmin	2026-09-14T10:30:20.6941129Z [command]/nix/store/nly4cml071i82515r89rpdw38z55wjqd-git-2.54.0/bin/git branch --delete --force 2026-09-14-kernel-history-fix
Run selected ci-tagged tests	Checkout vpsadmin	2026-09-14T10:30:20.7001639Z Deleted branch 2026-09-14-kernel-history-fix (was 2a312616b).
Run selected ci-tagged tests	Checkout vpsadmin	2026-09-14T10:30:20.7170252Z ##[endgroup]
Run selected ci-tagged tests	Checkout vpsadmin	2026-09-14T10:30:20.7178426Z [command]/nix/store/nly4cml071i82515r89rpdw38z55wjqd-git-2.54.0/bin/git submodule status
Run selected ci-tagged tests	Checkout vpsadmin	2026-09-14T10:30:20.8050523Z ##[group]Cleaning the repository
Run selected ci-tagged tests	Checkout vpsadmin	2026-09-14T10:30:20.8055450Z [command]/nix/store/nly4cml071i82515r89rpdw38z55wjqd-git-2.54.0/bin/git clean -ffdx
Run selected ci-tagged tests	Checkout vpsadmin	2026-09-14T10:30:20.8268541Z Removing changed-files.txt
Run selected ci-tagged tests	Checkout vpsadmin	2026-09-14T10:30:20.8274696Z Removing selected-tests.txt
Run selected ci-tagged tests	Checkout vpsadmin	2026-09-14T10:30:20.8306740Z [command]/nix/store/nly4cml071i82515r89rpdw38z55wjqd-git-2.54.0/bin/git reset --hard HEAD
Run selected ci-tagged tests	Checkout vpsadmin	2026-09-14T10:30:20.8690220Z HEAD is now at 2a312616b api: repair kernel history bounds from retained evidence
Run selected ci-tagged tests	Checkout vpsadmin	2026-09-14T10:30:20.8707740Z ##[endgroup]
Run selected ci-tagged tests	Checkout vpsadmin	2026-09-14T10:30:20.8712937Z ##[group]Disabling automatic garbage collection
Run selected ci-tagged tests	Checkout vpsadmin	2026-09-14T10:30:20.8718998Z [command]/nix/store/nly4cml071i82515r89rpdw38z55wjqd-git-2.54.0/bin/git config --local gc.auto 0
Run selected ci-tagged tests	Checkout vpsadmin	2026-09-14T10:30:20.8793534Z ##[endgroup]
Run selected ci-tagged tests	Checkout vpsadmin	2026-09-14T10:30:20.8802396Z ##[group]Setting up auth
Run selected ci-tagged tests	Checkout vpsadmin	2026-09-14T10:30:20.8808323Z Removing SSH command configuration
Run selected ci-tagged tests	Checkout vpsadmin	2026-09-14T10:30:20.8821490Z [command]/nix/store/nly4cml071i82515r89rpdw38z55wjqd-git-2.54.0/bin/git config --local --name-only --get-regexp core\.sshCommand
Run selected ci-tagged tests	Checkout vpsadmin	2026-09-14T10:30:20.8918569Z [command]/nix/store/nly4cml071i82515r89rpdw38z55wjqd-git-2.54.0/bin/git submodule foreach --recursive sh -c "git config --local --name-only --get-regexp 'core\.sshCommand' && git config --local --unset-all 'core.sshCommand' || :"
Run selected ci-tagged tests	Checkout vpsadmin	2026-09-14T10:30:20.9760186Z Removing HTTP extra header
Run selected ci-tagged tests	Checkout vpsadmin	2026-09-14T10:30:20.9769994Z [command]/nix/store/nly4cml071i82515r89rpdw38z55wjqd-git-2.54.0/bin/git config --local --name-only --get-regexp http\.https\:\/\/github\.com\/\.extraheader
Run selected ci-tagged tests	Checkout vpsadmin	2026-09-14T10:30:20.9885120Z [command]/nix/store/nly4cml071i82515r89rpdw38z55wjqd-git-2.54.0/bin/git submodule foreach --recursive sh -c "git config --local --name-only --get-regexp 'http\.https\:\/\/github\.com\/\.extraheader' && git config --local --unset-all 'http.https://github.com/.extraheader' || :"
Run selected ci-tagged tests	Checkout vpsadmin	2026-09-14T10:30:21.0803788Z Removing includeIf entries pointing to credentials config files
Run selected ci-tagged tests	Checkout vpsadmin	2026-09-14T10:30:21.0820170Z [command]/nix/store/nly4cml071i82515r89rpdw38z55wjqd-git-2.54.0/bin/git config --local --name-only --get-regexp ^includeIf\.gitdir:
Run selected ci-tagged tests	Checkout vpsadmin	2026-09-14T10:30:21.0942259Z [command]/nix/store/nly4cml071i82515r89rpdw38z55wjqd-git-2.54.0/bin/git submodule foreach --recursive git config --local --show-origin --name-only --get-regexp remote.origin.url
Run selected ci-tagged tests	Checkout vpsadmin	2026-09-14T10:30:21.1850759Z [command]/nix/store/nly4cml071i82515r89rpdw38z55wjqd-git-2.54.0/bin/git config --file /run/github-runner/runner/_temp/git-credentials-784d0b34-cb6f-4764-9d19-9604f65292f4.config http.https://github.com/.extraheader AUTHORIZATION: basic ***
Run selected ci-tagged tests	Checkout vpsadmin	2026-09-14T10:30:21.1967254Z [command]/nix/store/nly4cml071i82515r89rpdw38z55wjqd-git-2.54.0/bin/git config --local includeIf.gitdir:/run/github-runner/runner/vpsadmin/vpsadmin/.git.path /run/github-runner/runner/_temp/git-credentials-784d0b34-cb6f-4764-9d19-9604f65292f4.config
Run selected ci-tagged tests	Checkout vpsadmin	2026-09-14T10:30:21.2030628Z [command]/nix/store/nly4cml071i82515r89rpdw38z55wjqd-git-2.54.0/bin/git config --local includeIf.gitdir:/run/github-runner/runner/vpsadmin/vpsadmin/.git/worktrees/*.path /run/github-runner/runner/_temp/git-credentials-784d0b34-cb6f-4764-9d19-9604f65292f4.config
Run selected ci-tagged tests	Checkout vpsadmin	2026-09-14T10:30:21.2099664Z [command]/nix/store/nly4cml071i82515r89rpdw38z55wjqd-git-2.54.0/bin/git config --local includeIf.gitdir:/github/workspace/.git.path /github/runner_temp/git-credentials-784d0b34-cb6f-4764-9d19-9604f65292f4.config
Run selected ci-tagged tests	Checkout vpsadmin	2026-09-14T10:30:21.2175886Z [command]/nix/store/nly4cml071i82515r89rpdw38z55wjqd-git-2.54.0/bin/git config --local includeIf.gitdir:/github/workspace/.git/worktrees/*.path /github/runner_temp/git-credentials-784d0b34-cb6f-4764-9d19-9604f65292f4.config
Run selected ci-tagged tests	Checkout vpsadmin	2026-09-14T10:30:21.2238331Z ##[endgroup]
Run selected ci-tagged tests	Checkout vpsadmin	2026-09-14T10:30:21.2242986Z ##[group]Fetching the repository
Run selected ci-tagged tests	Checkout vpsadmin	2026-09-14T10:30:21.2255313Z [command]/nix/store/nly4cml071i82515r89rpdw38z55wjqd-git-2.54.0/bin/git -c protocol.version=2 fetch --no-tags --prune --no-recurse-submodules origin +refs/heads/*:refs/remotes/origin/* +refs/tags/*:refs/tags/*
Run selected ci-tagged tests	Checkout vpsadmin	2026-09-14T10:30:22.2132506Z From https://github.com/vpsfreecz/vpsadmin
Run selected ci-tagged tests	Checkout vpsadmin	2026-09-14T10:30:22.2134374Z  * [new branch]          2026-09-13-auth-email -> origin/2026-09-13-auth-email
Run selected ci-tagged tests	Checkout vpsadmin	2026-09-14T10:30:22.2136615Z  + 2a312616b...feaa15243 2026-09-14-kernel-history-fix -> origin/2026-09-14-kernel-history-fix  (forced update)
Run selected ci-tagged tests	Checkout vpsadmin	2026-09-14T10:30:22.2243272Z [command]/nix/store/nly4cml071i82515r89rpdw38z55wjqd-git-2.54.0/bin/git branch --list --remote origin/2026-09-14-kernel-history-fix
Run selected ci-tagged tests	Checkout vpsadmin	2026-09-14T10:30:22.2327977Z   origin/2026-09-14-kernel-history-fix
Run selected ci-tagged tests	Checkout vpsadmin	2026-09-14T10:30:22.2351089Z [command]/nix/store/nly4cml071i82515r89rpdw38z55wjqd-git-2.54.0/bin/git rev-parse refs/remotes/origin/2026-09-14-kernel-history-fix
Run selected ci-tagged tests	Checkout vpsadmin	2026-09-14T10:30:22.2412851Z feaa152436cf66e980c4e53f86a541bb10daae16
Run selected ci-tagged tests	Checkout vpsadmin	2026-09-14T10:30:22.2421815Z ##[endgroup]
Run selected ci-tagged tests	Checkout vpsadmin	2026-09-14T10:30:22.2423296Z ##[group]Determining the checkout info
Run selected ci-tagged tests	Checkout vpsadmin	2026-09-14T10:30:22.2425010Z ##[endgroup]
Run selected ci-tagged tests	Checkout vpsadmin	2026-09-14T10:30:22.2434437Z [command]/nix/store/nly4cml071i82515r89rpdw38z55wjqd-git-2.54.0/bin/git sparse-checkout disable
Run selected ci-tagged tests	Checkout vpsadmin	2026-09-14T10:30:22.2620131Z [command]/nix/store/nly4cml071i82515r89rpdw38z55wjqd-git-2.54.0/bin/git config --local --unset-all extensions.worktreeConfig
Run selected ci-tagged tests	Checkout vpsadmin	2026-09-14T10:30:22.2687814Z ##[group]Checking out the ref
Run selected ci-tagged tests	Checkout vpsadmin	2026-09-14T10:30:22.2699331Z [command]/nix/store/nly4cml071i82515r89rpdw38z55wjqd-git-2.54.0/bin/git checkout --progress --force -B 2026-09-14-kernel-history-fix refs/remotes/origin/2026-09-14-kernel-history-fix
Run selected ci-tagged tests	Checkout vpsadmin	2026-09-14T10:30:22.2993401Z Warning: you are leaving 1 commit behind, not connected to
Run selected ci-tagged tests	Checkout vpsadmin	2026-09-14T10:30:22.2994871Z any of your branches:
Run selected ci-tagged tests	Checkout vpsadmin	2026-09-14T10:30:22.2995441Z 
Run selected ci-tagged tests	Checkout vpsadmin	2026-09-14T10:30:22.2996187Z   2a312616b api: repair kernel history bounds from retained evidence
Run selected ci-tagged tests	Checkout vpsadmin	2026-09-14T10:30:22.2997240Z 
Run selected ci-tagged tests	Checkout vpsadmin	2026-09-14T10:30:22.2997993Z If you want to keep it by creating a new branch, this may be a good time
Run selected ci-tagged tests	Checkout vpsadmin	2026-09-14T10:30:22.2999847Z to do so with:
Run selected ci-tagged tests	Checkout vpsadmin	2026-09-14T10:30:22.3000370Z 
Run selected ci-tagged tests	Checkout vpsadmin	2026-09-14T10:30:22.3000877Z  git branch <new-branch-name> 2a312616b
Run selected ci-tagged tests	Checkout vpsadmin	2026-09-14T10:30:22.3001588Z 
Run selected ci-tagged tests	Checkout vpsadmin	2026-09-14T10:30:22.3034388Z Switched to a new branch '2026-09-14-kernel-history-fix'
Run selected ci-tagged tests	Checkout vpsadmin	2026-09-14T10:30:22.3041208Z branch '2026-09-14-kernel-history-fix' set up to track 'origin/2026-09-14-kernel-history-fix'.
Run selected ci-tagged tests	Checkout vpsadmin	2026-09-14T10:30:22.3065567Z ##[endgroup]
Run selected ci-tagged tests	Checkout vpsadmin	2026-09-14T10:30:22.3181156Z [command]/nix/store/nly4cml071i82515r89rpdw38z55wjqd-git-2.54.0/bin/git log -1 --format=%H
Run selected ci-tagged tests	Checkout vpsadmin	2026-09-14T10:30:22.3256497Z feaa152436cf66e980c4e53f86a541bb10daae16
Run selected ci-tagged tests	Select integration tests	﻿2026-09-14T10:30:22.3737507Z ##[group]Run set -euo pipefail
Run selected ci-tagged tests	Select integration tests	2026-09-14T10:30:22.3739095Z ^[[36;1mset -euo pipefail^[[0m
Run selected ci-tagged tests	Select integration tests	2026-09-14T10:30:22.3740080Z ^[[36;1m^[[0m
Run selected ci-tagged tests	Select integration tests	2026-09-14T10:30:22.3740870Z ^[[36;1mwrite_selection() {^[[0m
Run selected ci-tagged tests	Select integration tests	2026-09-14T10:30:22.3741778Z ^[[36;1m  {^[[0m
Run selected ci-tagged tests	Select integration tests	2026-09-14T10:30:22.3742570Z ^[[36;1m    echo "mode=$1"^[[0m
Run selected ci-tagged tests	Select integration tests	2026-09-14T10:30:22.3743532Z ^[[36;1m    echo "filter=$2"^[[0m
Run selected ci-tagged tests	Select integration tests	2026-09-14T10:30:22.3744466Z ^[[36;1m    echo "reason=$3"^[[0m
Run selected ci-tagged tests	Select integration tests	2026-09-14T10:30:22.3745392Z ^[[36;1m    echo "tags="^[[0m
Run selected ci-tagged tests	Select integration tests	2026-09-14T10:30:22.3746299Z ^[[36;1m  } >> "$GITHUB_OUTPUT"^[[0m
Run selected ci-tagged tests	Select integration tests	2026-09-14T10:30:22.3747248Z ^[[36;1m}^[[0m
Run selected ci-tagged tests	Select integration tests	2026-09-14T10:30:22.3747988Z ^[[36;1m^[[0m
Run selected ci-tagged tests	Select integration tests	2026-09-14T10:30:22.3749442Z ^[[36;1mif [[ "$EVENT_NAME" == "schedule" || "$DISPATCH_MODE" == "full" ]]; then^[[0m
Run selected ci-tagged tests	Select integration tests	2026-09-14T10:30:22.3751213Z ^[[36;1m  write_selection "full" "tag=ci" "scheduled or manual full run"^[[0m
Run selected ci-tagged tests	Select integration tests	2026-09-14T10:30:22.3752596Z ^[[36;1m  exit 0^[[0m
Run selected ci-tagged tests	Select integration tests	2026-09-14T10:30:22.3753381Z ^[[36;1mfi^[[0m
Run selected ci-tagged tests	Select integration tests	2026-09-14T10:30:22.3754140Z ^[[36;1m^[[0m
Run selected ci-tagged tests	Select integration tests	2026-09-14T10:30:22.3755075Z ^[[36;1mzero_rev="0000000000000000000000000000000000000000"^[[0m
Run selected ci-tagged tests	Select integration tests	2026-09-14T10:30:22.3756369Z ^[[36;1mbase=""^[[0m
Run selected ci-tagged tests	Select integration tests	2026-09-14T10:30:22.3758023Z ^[[36;1m^[[0m
Run selected ci-tagged tests	Select integration tests	2026-09-14T10:30:22.3759292Z ^[[36;1mif [[ -n "$EVENT_BEFORE" && "$EVENT_BEFORE" != "$zero_rev" ]]; then^[[0m
Run selected ci-tagged tests	Select integration tests	2026-09-14T10:30:22.3760682Z ^[[36;1m  base="$EVENT_BEFORE"^[[0m
Run selected ci-tagged tests	Select integration tests	2026-09-14T10:30:22.3761606Z ^[[36;1m^[[0m
Run selected ci-tagged tests	Select integration tests	2026-09-14T10:30:22.3762606Z ^[[36;1m  if ! git cat-file -e "${base}^{commit}" 2>/dev/null; then^[[0m
Run selected ci-tagged tests	Select integration tests	2026-09-14T10:30:22.3763859Z ^[[36;1m    base=""^[[0m
Run selected ci-tagged tests	Select integration tests	2026-09-14T10:30:22.3764726Z ^[[36;1m  fi^[[0m
Run selected ci-tagged tests	Select integration tests	2026-09-14T10:30:22.3765491Z ^[[36;1mfi^[[0m
Run selected ci-tagged tests	Select integration tests	2026-09-14T10:30:22.3766255Z ^[[36;1m^[[0m
Run selected ci-tagged tests	Select integration tests	2026-09-14T10:30:22.3767030Z ^[[36;1mif [[ -z "$base" ]]; then^[[0m
Run selected ci-tagged tests	Select integration tests	2026-09-14T10:30:22.3768061Z ^[[36;1m  git fetch --no-tags origin \^[[0m
Run selected ci-tagged tests	Select integration tests	2026-09-14T10:30:22.3769732Z ^[[36;1m    "+refs/heads/${DEFAULT_BRANCH}:refs/remotes/origin/${DEFAULT_BRANCH}"^[[0m
Run selected ci-tagged tests	Select integration tests	2026-09-14T10:30:22.3771568Z ^[[36;1m  base="$(git merge-base "$HEAD_SHA" "origin/${DEFAULT_BRANCH}" || true)"^[[0m
Run selected ci-tagged tests	Select integration tests	2026-09-14T10:30:22.3773043Z ^[[36;1mfi^[[0m
Run selected ci-tagged tests	Select integration tests	2026-09-14T10:30:22.3773981Z ^[[36;1m^[[0m
Run selected ci-tagged tests	Select integration tests	2026-09-14T10:30:22.3774782Z ^[[36;1mif [[ -z "$base" ]]; then^[[0m
Run selected ci-tagged tests	Select integration tests	2026-09-14T10:30:22.3776107Z ^[[36;1m  write_selection "full" "tag=ci" "unable to determine diff base"^[[0m
Run selected ci-tagged tests	Select integration tests	2026-09-14T10:30:22.3777480Z ^[[36;1m  exit 0^[[0m
Run selected ci-tagged tests	Select integration tests	2026-09-14T10:30:22.3778262Z ^[[36;1mfi^[[0m
Run selected ci-tagged tests	Select integration tests	2026-09-14T10:30:22.3779173Z ^[[36;1m^[[0m
Run selected ci-tagged tests	Select integration tests	2026-09-14T10:30:22.3780334Z ^[[36;1mgit diff --name-only "$base" "$HEAD_SHA" | sort -u > changed-files.txt^[[0m
Run selected ci-tagged tests	Select integration tests	2026-09-14T10:30:22.3781730Z ^[[36;1m^[[0m
Run selected ci-tagged tests	Select integration tests	2026-09-14T10:30:22.3782987Z ^[[36;1mnix shell --inputs-from . nixpkgs#ruby_3_4 -c ruby tools/select_ci_tests.rb \^[[0m
Run selected ci-tagged tests	Select integration tests	2026-09-14T10:30:22.3784657Z ^[[36;1m  --changed-files changed-files.txt \^[[0m
Run selected ci-tagged tests	Select integration tests	2026-09-14T10:30:22.3785859Z ^[[36;1m  --github-output "$GITHUB_OUTPUT"^[[0m
Run selected ci-tagged tests	Select integration tests	2026-09-14T10:30:22.3796433Z shell: /nix/store/pkf547jp8a92k4wmxikkyby58w10pysr-bash-interactive-5.3p9/bin/bash -e {0}
Run selected ci-tagged tests	Select integration tests	2026-09-14T10:30:22.3798174Z env:
Run selected ci-tagged tests	Select integration tests	2026-09-14T10:30:22.3799162Z   DEFAULT_BRANCH: master
Run selected ci-tagged tests	Select integration tests	2026-09-14T10:30:22.3800057Z   DISPATCH_MODE: 
Run selected ci-tagged tests	Select integration tests	2026-09-14T10:30:22.3801086Z   EVENT_BEFORE: b851ea971ed1cdcec2548395ec1ea493e8344cb6
Run selected ci-tagged tests	Select integration tests	2026-09-14T10:30:22.3802301Z   EVENT_NAME: push
Run selected ci-tagged tests	Select integration tests	2026-09-14T10:30:22.3803518Z   HEAD_SHA: feaa152436cf66e980c4e53f86a541bb10daae16
Run selected ci-tagged tests	Select integration tests	2026-09-14T10:30:22.3805071Z ##[endgroup]
Run selected ci-tagged tests	Select integration tests	2026-09-14T10:30:25.0077161Z mode=full
Run selected ci-tagged tests	Select integration tests	2026-09-14T10:30:25.0078946Z filter=tag=ci
Run selected ci-tagged tests	Select integration tests	2026-09-14T10:30:25.0080558Z reason=full rule matched api/db/migrate/20260914120000_add_node_kernel_event_last_confirmed_at.rb
Run selected ci-tagged tests	Preview selected tests	﻿2026-09-14T10:30:25.0450516Z ##[group]Run set -euo pipefail
Run selected ci-tagged tests	Preview selected tests	2026-09-14T10:30:25.0451680Z ^[[36;1mset -euo pipefail^[[0m
Run selected ci-tagged tests	Preview selected tests	2026-09-14T10:30:25.0452452Z ^[[36;1m^[[0m
Run selected ci-tagged tests	Preview selected tests	2026-09-14T10:30:25.0453078Z ^[[36;1mfilter="tag=ci"^[[0m
Run selected ci-tagged tests	Preview selected tests	2026-09-14T10:30:25.0453821Z ^[[36;1mmode="full"^[[0m
Run selected ci-tagged tests	Preview selected tests	2026-09-14T10:30:25.0455294Z ^[[36;1mreason="full rule matched api/db/migrate/20260914120000_add_node_kernel_event_last_confirmed_at.rb"^[[0m
Run selected ci-tagged tests	Preview selected tests	2026-09-14T10:30:25.0457307Z ^[[36;1m./test-runner.sh ls --filter "$filter" | tee selected-tests.txt^[[0m
Run selected ci-tagged tests	Preview selected tests	2026-09-14T10:30:25.0459062Z ^[[36;1mcount="$(grep -cve '^[[:space:]]*$' selected-tests.txt || true)"^[[0m
Run selected ci-tagged tests	Preview selected tests	2026-09-14T10:30:25.0460470Z ^[[36;1m^[[0m
Run selected ci-tagged tests	Preview selected tests	2026-09-14T10:30:25.0461292Z ^[[36;1mif [[ "$count" -eq 0 && "$mode" == "selected" ]]; then^[[0m
Run selected ci-tagged tests	Preview selected tests	2026-09-14T10:30:25.0462384Z ^[[36;1m  filter="tag=ci"^[[0m
Run selected ci-tagged tests	Preview selected tests	2026-09-14T10:30:25.0463183Z ^[[36;1m  mode="full"^[[0m
Run selected ci-tagged tests	Preview selected tests	2026-09-14T10:30:25.0464391Z ^[[36;1m  reason="selector matched zero tests; falling back to full CI"^[[0m
Run selected ci-tagged tests	Preview selected tests	2026-09-14T10:30:25.0465602Z ^[[36;1m^[[0m
Run selected ci-tagged tests	Preview selected tests	2026-09-14T10:30:25.0466567Z ^[[36;1m  ./test-runner.sh ls --filter "$filter" | tee selected-tests.txt^[[0m
Run selected ci-tagged tests	Preview selected tests	2026-09-14T10:30:25.0468213Z ^[[36;1m  count="$(grep -cve '^[[:space:]]*$' selected-tests.txt || true)"^[[0m
Run selected ci-tagged tests	Preview selected tests	2026-09-14T10:30:25.0469559Z ^[[36;1mfi^[[0m
Run selected ci-tagged tests	Preview selected tests	2026-09-14T10:30:25.0470160Z ^[[36;1m^[[0m
Run selected ci-tagged tests	Preview selected tests	2026-09-14T10:30:25.0470748Z ^[[36;1m{^[[0m
Run selected ci-tagged tests	Preview selected tests	2026-09-14T10:30:25.0471379Z ^[[36;1m  echo "mode=$mode"^[[0m
Run selected ci-tagged tests	Preview selected tests	2026-09-14T10:30:25.0472188Z ^[[36;1m  echo "filter=$filter"^[[0m
Run selected ci-tagged tests	Preview selected tests	2026-09-14T10:30:25.0473039Z ^[[36;1m  echo "reason=$reason"^[[0m
Run selected ci-tagged tests	Preview selected tests	2026-09-14T10:30:25.0473884Z ^[[36;1m  echo "count=$count"^[[0m
Run selected ci-tagged tests	Preview selected tests	2026-09-14T10:30:25.0474696Z ^[[36;1m} >> "$GITHUB_OUTPUT"^[[0m
Run selected ci-tagged tests	Preview selected tests	2026-09-14T10:30:25.0479086Z ^[[36;1m^[[0m
Run selected ci-tagged tests	Preview selected tests	2026-09-14T10:30:25.0479910Z ^[[36;1m{^[[0m
Run selected ci-tagged tests	Preview selected tests	2026-09-14T10:30:25.0480939Z ^[[36;1m  echo "### CI integration test selection"^[[0m
Run selected ci-tagged tests	Preview selected tests	2026-09-14T10:30:25.0482222Z ^[[36;1m  echo ""^[[0m
Run selected ci-tagged tests	Preview selected tests	2026-09-14T10:30:25.0483139Z ^[[36;1m  echo "- Mode: $mode"^[[0m
Run selected ci-tagged tests	Preview selected tests	2026-09-14T10:30:25.0484217Z ^[[36;1m  echo "- Filter: \`$filter\`"^[[0m
Run selected ci-tagged tests	Preview selected tests	2026-09-14T10:30:25.0485396Z ^[[36;1m  echo "- Selected scripts: $count"^[[0m
Run selected ci-tagged tests	Preview selected tests	2026-09-14T10:30:25.0486607Z ^[[36;1m  echo "- Reason: $reason"^[[0m
Run selected ci-tagged tests	Preview selected tests	2026-09-14T10:30:25.0488422Z ^[[36;1m  echo "- Stop after first unexpected result: \`false\`"^[[0m
Run selected ci-tagged tests	Preview selected tests	2026-09-14T10:30:25.0490007Z ^[[36;1m  echo ""^[[0m
Run selected ci-tagged tests	Preview selected tests	2026-09-14T10:30:25.0491169Z ^[[36;1m  echo "<details><summary>Selected test scripts</summary>"^[[0m
Run selected ci-tagged tests	Preview selected tests	2026-09-14T10:30:25.0492517Z ^[[36;1m  echo ""^[[0m
Run selected ci-tagged tests	Preview selected tests	2026-09-14T10:30:25.0493400Z ^[[36;1m  echo '```'^[[0m
Run selected ci-tagged tests	Preview selected tests	2026-09-14T10:30:25.0494351Z ^[[36;1m  cat selected-tests.txt^[[0m
Run selected ci-tagged tests	Preview selected tests	2026-09-14T10:30:25.0495388Z ^[[36;1m  echo '```'^[[0m
Run selected ci-tagged tests	Preview selected tests	2026-09-14T10:30:25.0496278Z ^[[36;1m  echo ""^[[0m
Run selected ci-tagged tests	Preview selected tests	2026-09-14T10:30:25.0497199Z ^[[36;1m  echo "</details>"^[[0m
Run selected ci-tagged tests	Preview selected tests	2026-09-14T10:30:25.0498214Z ^[[36;1m} >> "$GITHUB_STEP_SUMMARY"^[[0m
Run selected ci-tagged tests	Preview selected tests	2026-09-14T10:30:25.0506310Z shell: /nix/store/pkf547jp8a92k4wmxikkyby58w10pysr-bash-interactive-5.3p9/bin/bash -e {0}
Run selected ci-tagged tests	Preview selected tests	2026-09-14T10:30:25.0508128Z ##[endgroup]
Run selected ci-tagged tests	Preview selected tests	2026-09-14T10:30:33.8809403Z this derivation will be built:
Run selected ci-tagged tests	Preview selected tests	2026-09-14T10:30:33.8811591Z   /nix/store/l7fpbnivx9ldxmvsnln8a6lw58bpwjr0-test-runner-repository-source.drv
Run selected ci-tagged tests	Preview selected tests	2026-09-14T10:30:33.9437585Z building '/nix/store/l7fpbnivx9ldxmvsnln8a6lw58bpwjr0-test-runner-repository-source.drv'...
Run selected ci-tagged tests	Preview selected tests	2026-09-14T10:32:51.3700013Z admin/cluster-resource-package-assignment
Run selected ci-tagged tests	Preview selected tests	2026-09-14T10:32:51.3701197Z admin/dataset-plan-lifecycle
Run selected ci-tagged tests	Preview selected tests	2026-09-14T10:32:51.3702128Z admin/environment-defaults-propagation
Run selected ci-tagged tests	Preview selected tests	2026-09-14T10:32:51.3703201Z admin/location-network-primary-switch
Run selected ci-tagged tests	Preview selected tests	2026-09-14T10:32:51.3704262Z admin/nodectl-read-and-queue-control
Run selected ci-tagged tests	Preview selected tests	2026-09-14T10:32:51.3705239Z admin/nodectl-refresh-and-runtime-state
Run selected ci-tagged tests	Preview selected tests	2026-09-14T10:32:51.3706180Z admin/remote-mount-state
Run selected ci-tagged tests	Preview selected tests	2026-09-14T10:32:51.3707059Z admin/scheduler-socket-control
Run selected ci-tagged tests	Preview selected tests	2026-09-14T10:32:51.3707924Z alerts/incident-report-process
Run selected ci-tagged tests	Preview selected tests	2026-09-14T10:32:51.3709362Z alerts/lifetime-and-daily-report
Run selected ci-tagged tests	Preview selected tests	2026-09-14T10:32:51.3710677Z alerts/oom-report-notify-and-prune
Run selected ci-tagged tests	Preview selected tests	2026-09-14T10:32:51.3711680Z client/snapshot-download
Run selected ci-tagged tests	Preview selected tests	2026-09-14T10:32:51.3712465Z cluster/1-node
Run selected ci-tagged tests	Preview selected tests	2026-09-14T10:32:51.3713277Z cluster/2-node
Run selected ci-tagged tests	Preview selected tests	2026-09-14T10:32:51.3713973Z cluster/generate-migration-keys
Run selected ci-tagged tests	Preview selected tests	2026-09-14T10:32:51.3715977Z cluster/node-evacuate-basic
Run selected ci-tagged tests	Preview selected tests	2026-09-14T10:32:51.3716822Z cluster/node-evacuate-concurrency
Run selected ci-tagged tests	Preview selected tests	2026-09-14T10:32:51.3717651Z console-router
Run selected ci-tagged tests	Preview selected tests	2026-09-14T10:32:51.3718342Z dns/secondary-transfer-errors
Run selected ci-tagged tests	Preview selected tests	2026-09-14T10:32:51.3719660Z dns/server-zone-lifecycle
Run selected ci-tagged tests	Preview selected tests	2026-09-14T10:32:51.3720537Z dns/zone-transfer-config
Run selected ci-tagged tests	Preview selected tests	2026-09-14T10:32:51.3721285Z download-mounter
Run selected ci-tagged tests	Preview selected tests	2026-09-14T10:32:51.3722205Z network/export-enable-disable-hosts
Run selected ci-tagged tests	Preview selected tests	2026-09-14T10:32:51.3723151Z network/export-lifecycle
Run selected ci-tagged tests	Preview selected tests	2026-09-14T10:32:51.3724260Z network/network-interface-lifecycle
Run selected ci-tagged tests	Preview selected tests	2026-09-14T10:32:51.3725388Z network/network-interface-routes-and-host-ips
Run selected ci-tagged tests	Preview selected tests	2026-09-14T10:32:51.3726606Z network/network-interface-shaper-and-rename
Run selected ci-tagged tests	Preview selected tests	2026-09-14T10:32:51.3727545Z node/register
Run selected ci-tagged tests	Preview selected tests	2026-09-14T10:32:51.3728164Z pool/create
Run selected ci-tagged tests	Preview selected tests	2026-09-14T10:32:51.3729360Z services-up
Run selected ci-tagged tests	Preview selected tests	2026-09-14T10:32:51.3730065Z storage/backup-full-incremental
Run selected ci-tagged tests	Preview selected tests	2026-09-14T10:32:51.3730976Z storage/backup-full-incremental-remote
Run selected ci-tagged tests	Preview selected tests	2026-09-14T10:32:51.3732108Z storage/backup-multiple-destinations-diverged-remote
Run selected ci-tagged tests	Preview selected tests	2026-09-14T10:32:51.3733337Z storage/backup-multiple-destinations-remote
Run selected ci-tagged tests	Preview selected tests	2026-09-14T10:32:51.3734564Z storage/backup-remote-interrupted-recv
Run selected ci-tagged tests	Preview selected tests	2026-09-14T10:32:51.3736399Z storage/backup-remote-interrupted-send
Run selected ci-tagged tests	Preview selected tests	2026-09-14T10:32:51.3738186Z storage/branching-destroy
Run selected ci-tagged tests	Preview selected tests	2026-09-14T10:32:51.3739418Z storage/branching-rotation
Run selected ci-tagged tests	Preview selected tests	2026-09-14T10:32:51.3740279Z storage/branching-shared-snapshot-prune
Run selected ci-tagged tests	Preview selected tests	2026-09-14T10:32:51.3741238Z storage/complex-destroy-order
Run selected ci-tagged tests	Preview selected tests	2026-09-14T10:32:51.3742125Z storage/complex-rotation-order-pending
Run selected ci-tagged tests	Preview selected tests	2026-09-14T10:32:51.3743203Z storage/dataset-destroy-after-rollback-history
Run selected ci-tagged tests	Preview selected tests	2026-09-14T10:32:51.3746210Z storage/dataset-destroy-complex-history
Run selected ci-tagged tests	Preview selected tests	2026-09-14T10:32:51.3747702Z storage/dataset-migrate-remote
Run selected ci-tagged tests	Preview selected tests	2026-09-14T10:32:51.3748843Z storage/dataset-migrate-retain-source
Run selected ci-tagged tests	Preview selected tests	2026-09-14T10:32:51.3749828Z storage/dataset-migrate-rsync-remote
Run selected ci-tagged tests	Preview selected tests	2026-09-14T10:32:51.3750763Z storage/dataset-migrate-same-node
Run selected ci-tagged tests	Preview selected tests	2026-09-14T10:32:51.3751749Z storage/dataset-migrate-same-node-with-exports
Run selected ci-tagged tests	Preview selected tests	2026-09-14T10:32:51.3752787Z storage/group-snapshot
Run selected ci-tagged tests	Preview selected tests	2026-09-14T10:32:51.3753569Z storage/history-divergence-new-tree
Run selected ci-tagged tests	Preview selected tests	2026-09-14T10:32:51.3754505Z storage/repeated-rollback-branching
Run selected ci-tagged tests	Preview selected tests	2026-09-14T10:32:51.3755486Z storage/restore-after-reinstall-remote
Run selected ci-tagged tests	Preview selected tests	2026-09-14T10:32:51.3756654Z storage/restore-after-reinstall-with-descendants-remote
Run selected ci-tagged tests	Preview selected tests	2026-09-14T10:32:51.3757864Z storage/restore-remote-interrupted-recv
Run selected ci-tagged tests	Preview selected tests	2026-09-14T10:32:51.3758973Z storage/rollback-across-trees
Run selected ci-tagged tests	Preview selected tests	2026-09-14T10:32:51.3759898Z storage/rollback-dependent-branch-rotation
Run selected ci-tagged tests	Preview selected tests	2026-09-14T10:32:51.3760884Z storage/rollback-from-backup
Run selected ci-tagged tests	Preview selected tests	2026-09-14T10:32:51.3761754Z storage/rollback-from-remote-backup
Run selected ci-tagged tests	Preview selected tests	2026-09-14T10:32:51.3762668Z storage/rollback-with-descendants
Run selected ci-tagged tests	Preview selected tests	2026-09-14T10:32:51.3763585Z storage/snapshot-download-full-archive
Run selected ci-tagged tests	Preview selected tests	2026-09-14T10:32:51.3764543Z storage/snapshot-download-full-stream
Run selected ci-tagged tests	Preview selected tests	2026-09-14T10:32:51.3765663Z storage/snapshot-download-incremental-branch-mismatch
Run selected ci-tagged tests	Preview selected tests	2026-09-14T10:32:51.3766908Z storage/snapshot-download-incremental-stream
Run selected ci-tagged tests	Preview selected tests	2026-09-14T10:32:51.3768049Z storage/snapshot-download-incremental-transfer
Run selected ci-tagged tests	Preview selected tests	2026-09-14T10:32:51.3769285Z storage/snapshot-download-remove
Run selected ci-tagged tests	Preview selected tests	2026-09-14T10:32:51.3770435Z storage/source-rotation-after-backup-prune
Run selected ci-tagged tests	Preview selected tests	2026-09-14T10:32:51.3771442Z storage/topology-fixture-replay
Run selected ci-tagged tests	Preview selected tests	2026-09-14T10:32:51.3772321Z storage/topology-fixture-roundtrip
Run selected ci-tagged tests	Preview selected tests	2026-09-14T10:32:51.3773223Z storage/topology-reconciliation
Run selected ci-tagged tests	Preview selected tests	2026-09-14T10:32:51.3774195Z storage/vps-hard-delete-after-complex-history
Run selected ci-tagged tests	Preview selected tests	2026-09-14T10:32:51.3775466Z storage/vps-hard-delete-complex-history-with-descendants
Run selected ci-tagged tests	Preview selected tests	2026-09-14T10:32:51.3776633Z supervisor/runtime-ingestion
Run selected ci-tagged tests	Preview selected tests	2026-09-14T10:32:51.3777476Z tasks/auth-session-housekeeping
Run selected ci-tagged tests	Preview selected tests	2026-09-14T10:32:51.3778407Z tasks/dataset-expansion-enforce-and-resolve
Run selected ci-tagged tests	Preview selected tests	2026-09-14T10:32:51.3779550Z tasks/dns-reverse-record-check
Run selected ci-tagged tests	Preview selected tests	2026-09-14T10:32:51.3780380Z tasks/prometheus-export
Run selected ci-tagged tests	Preview selected tests	2026-09-14T10:32:51.3781111Z tx/chain-lifecycle
Run selected ci-tagged tests	Preview selected tests	2026-09-14T10:32:51.3781789Z tx/invalid-signature
Run selected ci-tagged tests	Preview selected tests	2026-09-14T10:32:51.3782519Z tx/keep-going-final-state
Run selected ci-tagged tests	Preview selected tests	2026-09-14T10:32:51.3784114Z tx/manual-confirmations
Run selected ci-tagged tests	Preview selected tests	2026-09-14T10:32:51.3784904Z tx/release-retry-resolve
Run selected ci-tagged tests	Preview selected tests	2026-09-14T10:32:51.3785699Z tx/rollback-state-machine
Run selected ci-tagged tests	Preview selected tests	2026-09-14T10:32:51.3786504Z user/create-with-initial-vps
Run selected ci-tagged tests	Preview selected tests	2026-09-14T10:32:51.3787316Z user/hard-delete-cascade
Run selected ci-tagged tests	Preview selected tests	2026-09-14T10:32:51.3788095Z user/soft-delete-revive-auth
Run selected ci-tagged tests	Preview selected tests	2026-09-14T10:32:51.3789164Z user/suspend-resume-cascade
Run selected ci-tagged tests	Preview selected tests	2026-09-14T10:32:51.3789987Z user/user-namespace-lifecycle
Run selected ci-tagged tests	Preview selected tests	2026-09-14T10:32:51.3790812Z vps/autostart-monitoring
Run selected ci-tagged tests	Preview selected tests	2026-09-14T10:32:51.3791579Z vps/clone-different-owner
Run selected ci-tagged tests	Preview selected tests	2026-09-14T10:32:51.3792685Z vps/clone-remote
Run selected ci-tagged tests	Preview selected tests	2026-09-14T10:32:51.3793823Z vps/clone-remote-consistent
Run selected ci-tagged tests	Preview selected tests	2026-09-14T10:32:51.3794760Z vps/clone-remote-consistent-keep-snapshots
Run selected ci-tagged tests	Preview selected tests	2026-09-14T10:32:51.3795719Z vps/clone-same-node
Run selected ci-tagged tests	Preview selected tests	2026-09-14T10:32:51.3796491Z vps/clone-with-descendants-and-mounts
Run selected ci-tagged tests	Preview selected tests	2026-09-14T10:32:51.3797360Z vps/create
Run selected ci-tagged tests	Preview selected tests	2026-09-14T10:32:51.3798047Z vps/deploy-public-key-and-user-data
Run selected ci-tagged tests	Preview selected tests	2026-09-14T10:32:51.3799134Z vps/expand-and-shrink-dataset
Run selected ci-tagged tests	Preview selected tests	2026-09-14T10:32:51.3799961Z vps/hard-delete-basic
Run selected ci-tagged tests	Preview selected tests	2026-09-14T10:32:51.3800638Z vps/migrate
Run selected ci-tagged tests	Preview selected tests	2026-09-14T10:32:51.3801253Z vps/migrate-no-start
Run selected ci-tagged tests	Preview selected tests	2026-09-14T10:32:51.3801963Z vps/migrate-skip-start
Run selected ci-tagged tests	Preview selected tests	2026-09-14T10:32:51.3802709Z vps/migrate-with-data-check
Run selected ci-tagged tests	Preview selected tests	2026-09-14T10:32:51.3803585Z vps/migrate-with-open-maintenance-window
Run selected ci-tagged tests	Preview selected tests	2026-09-14T10:32:51.3804608Z vps/migrate-with-subdataset-mounts
Run selected ci-tagged tests	Preview selected tests	2026-09-14T10:32:51.3805459Z vps/mount-lifecycle
Run selected ci-tagged tests	Preview selected tests	2026-09-14T10:32:51.3806119Z vps/passwd
Run selected ci-tagged tests	Preview selected tests	2026-09-14T10:32:51.3806711Z vps/reinstall
Run selected ci-tagged tests	Preview selected tests	2026-09-14T10:32:51.3807429Z vps/reinstall-with-user-data-and-keys
Run selected ci-tagged tests	Preview selected tests	2026-09-14T10:32:51.3809302Z vps/replace-no-start
Run selected ci-tagged tests	Preview selected tests	2026-09-14T10:32:51.3810000Z vps/replace-remote
Run selected ci-tagged tests	Preview selected tests	2026-09-14T10:32:51.3810683Z vps/replace-same-node
Run selected ci-tagged tests	Preview selected tests	2026-09-14T10:32:51.3811555Z vps/replace-with-backups
Run selected ci-tagged tests	Preview selected tests	2026-09-14T10:32:51.3812368Z vps/replace-with-backups-remote
Run selected ci-tagged tests	Preview selected tests	2026-09-14T10:32:51.3813312Z vps/replace-with-descendants-and-mounts
Run selected ci-tagged tests	Preview selected tests	2026-09-14T10:32:51.3814264Z vps/start-stop-restart-boot
Run selected ci-tagged tests	Preview selected tests	2026-09-14T10:32:51.3815072Z vps/swap-across-locations
Run selected ci-tagged tests	Preview selected tests	2026-09-14T10:32:51.3815911Z vps/update-resources-and-features
Run selected ci-tagged tests	Preview selected tests	2026-09-14T10:32:51.3816752Z webui#admin-cluster
Run selected ci-tagged tests	Preview selected tests	2026-09-14T10:32:51.3817400Z webui#auth
Run selected ci-tagged tests	Preview selected tests	2026-09-14T10:32:51.3817991Z webui#jumpto
Run selected ci-tagged tests	Preview selected tests	2026-09-14T10:32:51.3818742Z webui#misc-pages
Run selected ci-tagged tests	Preview selected tests	2026-09-14T10:32:51.3819440Z webui#navigation-readonly
Run selected ci-tagged tests	Preview selected tests	2026-09-14T10:32:51.3820198Z webui#networking-dns
Run selected ci-tagged tests	Preview selected tests	2026-09-14T10:32:51.3820913Z webui#security-advisories
Run selected ci-tagged tests	Preview selected tests	2026-09-14T10:32:51.3821709Z webui#storage-backup-export
Run selected ci-tagged tests	Preview selected tests	2026-09-14T10:32:51.3822514Z webui#support-pages
Run selected ci-tagged tests	Preview selected tests	2026-09-14T10:32:51.3823191Z webui#transactions
Run selected ci-tagged tests	Preview selected tests	2026-09-14T10:32:51.3823841Z webui#userns
Run selected ci-tagged tests	Preview selected tests	2026-09-14T10:32:51.3824488Z webui#users-admin
Run selected ci-tagged tests	Preview selected tests	2026-09-14T10:32:51.3825170Z webui#users-self-service
Run selected ci-tagged tests	Preview selected tests	2026-09-14T10:32:51.3825913Z webui#vps-admin-core
Run selected ci-tagged tests	Preview selected tests	2026-09-14T10:32:51.3826609Z webui#vps-admin-ops
Run selected ci-tagged tests	Preview selected tests	2026-09-14T10:32:51.3827276Z webui#vps-lifecycle
Run selected ci-tagged tests	Preview selected tests	2026-09-14T10:32:51.3827944Z webui#vps-user-core
Run selected ci-tagged tests	Preview selected tests	2026-09-14T10:32:51.3828703Z webui#vps-user-ops
Run selected ci-tagged tests	Prepare test state	﻿2026-09-14T10:32:51.4359855Z ##[group]Run vpsfreecz/vpsadminos/.github/actions/prepare-test-state@staging
Run selected ci-tagged tests	Prepare test state	2026-09-14T10:32:51.4361804Z ##[endgroup]
Run selected ci-tagged tests	Prepare test state	2026-09-14T10:32:51.4595296Z ##[start-action display=Run bash "$GITHUB_ACTION_PATH/prepare-test-state.bash";id=prepare-tests.prepare]
Run selected ci-tagged tests	Prepare test state	2026-09-14T10:32:51.4676181Z ##[group]Run bash "$GITHUB_ACTION_PATH/prepare-test-state.bash"
Run selected ci-tagged tests	Prepare test state	2026-09-14T10:32:51.4677632Z ^[[36;1mbash "$GITHUB_ACTION_PATH/prepare-test-state.bash"^[[0m
Run selected ci-tagged tests	Prepare test state	2026-09-14T10:32:51.4685952Z shell: /nix/store/pkf547jp8a92k4wmxikkyby58w10pysr-bash-interactive-5.3p9/bin/bash --noprofile --norc -e -o pipefail {0}
Run selected ci-tagged tests	Prepare test state	2026-09-14T10:32:51.4687872Z env:
Run selected ci-tagged tests	Prepare test state	2026-09-14T10:32:51.4688499Z   TEST_STATE_REPOSITORY_ID: 19884793
Run selected ci-tagged tests	Prepare test state	2026-09-14T10:32:51.4689567Z   TEST_STATE_RUN_ID: 34833489308
Run selected ci-tagged tests	Prepare test state	2026-09-14T10:32:51.4690376Z   TEST_STATE_RUN_ATTEMPT: 1
Run selected ci-tagged tests	Prepare test state	2026-09-14T10:32:51.4691111Z ##[endgroup]
Run selected ci-tagged tests	Prepare test state	2026-09-14T10:32:51.4949574Z Prepared test-runner state directory: /tmp/os-test-runner-19884793-34833489308-1
Run selected ci-tagged tests	Prepare test state	2026-09-14T10:32:51.5013050Z ##[end-action id=prepare-tests.prepare;outcome=success;conclusion=success;duration_ms=41]
Run selected ci-tagged tests	Run tests	﻿2026-09-14T10:32:51.5253838Z ##[group]Run set -o pipefail
Run selected ci-tagged tests	Run tests	2026-09-14T10:32:51.5254853Z ^[[36;1mset -o pipefail^[[0m
Run selected ci-tagged tests	Run tests	2026-09-14T10:32:51.5255587Z ^[[36;1m^[[0m
Run selected ci-tagged tests	Run tests	2026-09-14T10:32:51.5256172Z ^[[36;1margs=(^[[0m
Run selected ci-tagged tests	Run tests	2026-09-14T10:32:51.5256818Z ^[[36;1m  test^[[0m
Run selected ci-tagged tests	Run tests	2026-09-14T10:32:51.5257567Z ^[[36;1m  --state-dir "$TEST_RUNNER_STATE_DIR"^[[0m
Run selected ci-tagged tests	Run tests	2026-09-14T10:32:51.5258508Z ^[[36;1m  -f^[[0m
Run selected ci-tagged tests	Run tests	2026-09-14T10:32:51.5259322Z ^[[36;1m  --jobs auto^[[0m
Run selected ci-tagged tests	Run tests	2026-09-14T10:32:51.5260054Z ^[[36;1m  --filter "tag=ci"^[[0m
Run selected ci-tagged tests	Run tests	2026-09-14T10:32:51.5260797Z ^[[36;1m)^[[0m
Run selected ci-tagged tests	Run tests	2026-09-14T10:32:51.5261383Z ^[[36;1m^[[0m
Run selected ci-tagged tests	Run tests	2026-09-14T10:32:51.5262091Z ^[[36;1mif [[ "$STOP_ON_FAILURE" == "true" ]]; then^[[0m
Run selected ci-tagged tests	Run tests	2026-09-14T10:32:51.5263137Z ^[[36;1m  args+=(--stop-on-failure)^[[0m
Run selected ci-tagged tests	Run tests	2026-09-14T10:32:51.5263960Z ^[[36;1mfi^[[0m
Run selected ci-tagged tests	Run tests	2026-09-14T10:32:51.5264565Z ^[[36;1m^[[0m
Run selected ci-tagged tests	Run tests	2026-09-14T10:32:51.5265534Z ^[[36;1m./test-runner.sh "${args[@]}" | tee "$TEST_RUNNER_STATE_DIR/test.log"^[[0m
Run selected ci-tagged tests	Run tests	2026-09-14T10:32:51.5272947Z shell: /nix/store/pkf547jp8a92k4wmxikkyby58w10pysr-bash-interactive-5.3p9/bin/bash -e {0}
Run selected ci-tagged tests	Run tests	2026-09-14T10:32:51.5274590Z env:
Run selected ci-tagged tests	Run tests	2026-09-14T10:32:51.5275501Z   TEST_RUNNER_STATE_DIR: /tmp/os-test-runner-19884793-34833489308-1
Run selected ci-tagged tests	Run tests	2026-09-14T10:32:51.5276678Z   STOP_ON_FAILURE: false
Run selected ci-tagged tests	Run tests	2026-09-14T10:32:51.5277465Z ##[endgroup]
Run selected ci-tagged tests	Run tests	2026-09-14T10:33:00.4525531Z this derivation will be built:
Run selected ci-tagged tests	Run tests	2026-09-14T10:33:00.4527796Z   /nix/store/8xlmid19l23yhrydvclgqqcklgznlkxi-test-runner-repository-source.drv
Run selected ci-tagged tests	Run tests	2026-09-14T10:33:00.5235805Z building '/nix/store/8xlmid19l23yhrydvclgqqcklgznlkxi-test-runner-repository-source.drv'...
Run selected ci-tagged tests	Run tests	2026-09-14T10:35:00.9751854Z The following test scripts will be run:
Run selected ci-tagged tests	Run tests	2026-09-14T10:35:00.9755822Z   admin/cluster-resource-package-assignment
Run selected ci-tagged tests	Run tests	2026-09-14T10:35:00.9757398Z   admin/dataset-plan-lifecycle
Run selected ci-tagged tests	Run tests	2026-09-14T10:35:00.9758523Z   admin/environment-defaults-propagation
Run selected ci-tagged tests	Run tests	2026-09-14T10:35:00.9760305Z   admin/location-network-primary-switch
Run selected ci-tagged tests	Run tests	2026-09-14T10:35:00.9761503Z   admin/nodectl-read-and-queue-control
Run selected ci-tagged tests	Run tests	2026-09-14T10:35:00.9762679Z   admin/nodectl-refresh-and-runtime-state
Run selected ci-tagged tests	Run tests	2026-09-14T10:35:00.9763841Z   admin/remote-mount-state
Run selected ci-tagged tests	Run tests	2026-09-14T10:35:00.9765049Z   admin/scheduler-socket-control
Run selected ci-tagged tests	Run tests	2026-09-14T10:35:00.9766163Z   alerts/incident-report-process
Run selected ci-tagged tests	Run tests	2026-09-14T10:35:00.9767246Z   alerts/lifetime-and-daily-report
Run selected ci-tagged tests	Run tests	2026-09-14T10:35:00.9768448Z   alerts/oom-report-notify-and-prune
Run selected ci-tagged tests	Run tests	2026-09-14T10:35:00.9769669Z   client/snapshot-download
Run selected ci-tagged tests	Run tests	2026-09-14T10:35:00.9770614Z   cluster/1-node
Run selected ci-tagged tests	Run tests	2026-09-14T10:35:00.9771464Z   cluster/2-node
Run selected ci-tagged tests	Run tests	2026-09-14T10:35:00.9772376Z   cluster/generate-migration-keys
Run selected ci-tagged tests	Run tests	2026-09-14T10:35:00.9773565Z   cluster/node-evacuate-basic
Run selected ci-tagged tests	Run tests	2026-09-14T10:35:00.9774623Z   cluster/node-evacuate-concurrency
Run selected ci-tagged tests	Run tests	2026-09-14T10:35:00.9775680Z   console-router
Run selected ci-tagged tests	Run tests	2026-09-14T10:35:00.9776583Z   dns/secondary-transfer-errors
Run selected ci-tagged tests	Run tests	2026-09-14T10:35:00.9777616Z   dns/server-zone-lifecycle
Run selected ci-tagged tests	Run tests	2026-09-14T10:35:00.9778730Z   dns/zone-transfer-config
Run selected ci-tagged tests	Run tests	2026-09-14T10:35:00.9779795Z   download-mounter
Run selected ci-tagged tests	Run tests	2026-09-14T10:35:00.9781262Z   network/export-enable-disable-hosts
Run selected ci-tagged tests	Run tests	2026-09-14T10:35:00.9782396Z   network/export-lifecycle
Run selected ci-tagged tests	Run tests	2026-09-14T10:35:00.9783419Z   network/network-interface-lifecycle
Run selected ci-tagged tests	Run tests	2026-09-14T10:35:00.9784686Z   network/network-interface-routes-and-host-ips
Run selected ci-tagged tests	Run tests	2026-09-14T10:35:00.9786025Z   network/network-interface-shaper-and-rename
Run selected ci-tagged tests	Run tests	2026-09-14T10:35:00.9787165Z   node/register
Run selected ci-tagged tests	Run tests	2026-09-14T10:35:00.9787985Z   pool/create
Run selected ci-tagged tests	Run tests	2026-09-14T10:35:00.9788949Z   services-up
Run selected ci-tagged tests	Run tests	2026-09-14T10:35:00.9789839Z   storage/backup-full-incremental
Run selected ci-tagged tests	Run tests	2026-09-14T10:35:00.9790957Z   storage/backup-full-incremental-remote
Run selected ci-tagged tests	Run tests	2026-09-14T10:35:00.9792402Z   storage/backup-multiple-destinations-diverged-remote
Run selected ci-tagged tests	Run tests	2026-09-14T10:35:00.9793820Z   storage/backup-multiple-destinations-remote
Run selected ci-tagged tests	Run tests	2026-09-14T10:35:00.9795100Z   storage/backup-remote-interrupted-recv
Run selected ci-tagged tests	Run tests	2026-09-14T10:35:00.9796292Z   storage/backup-remote-interrupted-send
Run selected ci-tagged tests	Run tests	2026-09-14T10:35:00.9797414Z   storage/branching-destroy
Run selected ci-tagged tests	Run tests	2026-09-14T10:35:00.9798412Z   storage/branching-rotation
Run selected ci-tagged tests	Run tests	2026-09-14T10:35:00.9799599Z   storage/branching-shared-snapshot-prune
Run selected ci-tagged tests	Run tests	2026-09-14T10:35:00.9800766Z   storage/complex-destroy-order
Run selected ci-tagged tests	Run tests	2026-09-14T10:35:00.9802765Z   storage/complex-rotation-order-pending
Run selected ci-tagged tests	Run tests	2026-09-14T10:35:00.9804044Z   storage/dataset-destroy-after-rollback-history
Run selected ci-tagged tests	Run tests	2026-09-14T10:35:00.9805429Z   storage/dataset-destroy-complex-history
Run selected ci-tagged tests	Run tests	2026-09-14T10:35:00.9806594Z   storage/dataset-migrate-remote
Run selected ci-tagged tests	Run tests	2026-09-14T10:35:00.9807693Z   storage/dataset-migrate-retain-source
Run selected ci-tagged tests	Run tests	2026-09-14T10:35:00.9808981Z   storage/dataset-migrate-rsync-remote
Run selected ci-tagged tests	Run tests	2026-09-14T10:35:00.9810135Z   storage/dataset-migrate-same-node
Run selected ci-tagged tests	Run tests	2026-09-14T10:35:00.9811441Z   storage/dataset-migrate-same-node-with-exports
Run selected ci-tagged tests	Run tests	2026-09-14T10:35:00.9812687Z   storage/group-snapshot
Run selected ci-tagged tests	Run tests	2026-09-14T10:35:00.9813759Z   storage/history-divergence-new-tree
Run selected ci-tagged tests	Run tests	2026-09-14T10:35:00.9814897Z   storage/repeated-rollback-branching
Run selected ci-tagged tests	Run tests	2026-09-14T10:35:00.9816049Z   storage/restore-after-reinstall-remote
Run selected ci-tagged tests	Run tests	2026-09-14T10:35:00.9817422Z   storage/restore-after-reinstall-with-descendants-remote
Run selected ci-tagged tests	Run tests	2026-09-14T10:35:00.9819373Z   storage/restore-remote-interrupted-recv
Run selected ci-tagged tests	Run tests	2026-09-14T10:35:00.9820561Z   storage/rollback-across-trees
Run selected ci-tagged tests	Run tests	2026-09-14T10:35:00.9821719Z   storage/rollback-dependent-branch-rotation
Run selected ci-tagged tests	Run tests	2026-09-14T10:35:00.9823200Z   storage/rollback-from-backup
Run selected ci-tagged tests	Run tests	2026-09-14T10:35:00.9824296Z   storage/rollback-from-remote-backup
Run selected ci-tagged tests	Run tests	2026-09-14T10:35:00.9825429Z   storage/rollback-with-descendants
Run selected ci-tagged tests	Run tests	2026-09-14T10:35:00.9826568Z   storage/snapshot-download-full-archive
Run selected ci-tagged tests	Run tests	2026-09-14T10:35:00.9827753Z   storage/snapshot-download-full-stream
Run selected ci-tagged tests	Run tests	2026-09-14T10:35:00.9829207Z   storage/snapshot-download-incremental-branch-mismatch
Run selected ci-tagged tests	Run tests	2026-09-14T10:35:00.9830660Z   storage/snapshot-download-incremental-stream
Run selected ci-tagged tests	Run tests	2026-09-14T10:35:00.9832900Z   storage/snapshot-download-incremental-transfer
Run selected ci-tagged tests	Run tests	2026-09-14T10:35:00.9834179Z   storage/snapshot-download-remove
Run selected ci-tagged tests	Run tests	2026-09-14T10:35:00.9835360Z   storage/source-rotation-after-backup-prune
Run selected ci-tagged tests	Run tests	2026-09-14T10:35:00.9836578Z   storage/topology-fixture-replay
Run selected ci-tagged tests	Run tests	2026-09-14T10:35:00.9837680Z   storage/topology-fixture-roundtrip
Run selected ci-tagged tests	Run tests	2026-09-14T10:35:00.9838927Z   storage/topology-reconciliation
Run selected ci-tagged tests	Run tests	2026-09-14T10:35:00.9840122Z   storage/vps-hard-delete-after-complex-history
Run selected ci-tagged tests	Run tests	2026-09-14T10:35:00.9841639Z   storage/vps-hard-delete-complex-history-with-descendants
Run selected ci-tagged tests	Run tests	2026-09-14T10:35:00.9843021Z   supervisor/runtime-ingestion
Run selected ci-tagged tests	Run tests	2026-09-14T10:35:00.9844079Z   tasks/auth-session-housekeeping
Run selected ci-tagged tests	Run tests	2026-09-14T10:35:00.9845331Z   tasks/dataset-expansion-enforce-and-resolve
Run selected ci-tagged tests	Run tests	2026-09-14T10:35:00.9846859Z   tasks/dns-reverse-record-check
Run selected ci-tagged tests	Run tests	2026-09-14T10:35:00.9847919Z   tasks/prometheus-export
Run selected ci-tagged tests	Run tests	2026-09-14T10:35:00.9849000Z   tx/chain-lifecycle
Run selected ci-tagged tests	Run tests	2026-09-14T10:35:00.9849906Z   tx/invalid-signature
Run selected ci-tagged tests	Run tests	2026-09-14T10:35:00.9850852Z   tx/keep-going-final-state
Run selected ci-tagged tests	Run tests	2026-09-14T10:35:00.9851865Z   tx/manual-confirmations
Run selected ci-tagged tests	Run tests	2026-09-14T10:35:00.9852831Z   tx/release-retry-resolve
Run selected ci-tagged tests	Run tests	2026-09-14T10:35:00.9853811Z   tx/rollback-state-machine
Run selected ci-tagged tests	Run tests	2026-09-14T10:35:00.9854815Z   user/create-with-initial-vps
Run selected ci-tagged tests	Run tests	2026-09-14T10:35:00.9855839Z   user/hard-delete-cascade
Run selected ci-tagged tests	Run tests	2026-09-14T10:35:00.9856914Z   user/soft-delete-revive-auth
Run selected ci-tagged tests	Run tests	2026-09-14T10:35:00.9857944Z   user/suspend-resume-cascade
Run selected ci-tagged tests	Run tests	2026-09-14T10:35:00.9859098Z   user/user-namespace-lifecycle
Run selected ci-tagged tests	Run tests	2026-09-14T10:35:00.9860153Z   vps/autostart-monitoring
Run selected ci-tagged tests	Run tests	2026-09-14T10:35:00.9861134Z   vps/clone-different-owner
Run selected ci-tagged tests	Run tests	2026-09-14T10:35:00.9862095Z   vps/clone-remote
Run selected ci-tagged tests	Run tests	2026-09-14T10:35:00.9863034Z   vps/clone-remote-consistent
Run selected ci-tagged tests	Run tests	2026-09-14T10:35:00.9864449Z   vps/clone-remote-consistent-keep-snapshots
Run selected ci-tagged tests	Run tests	2026-09-14T10:35:00.9865638Z   vps/clone-same-node
Run selected ci-tagged tests	Run tests	2026-09-14T10:35:00.9866637Z   vps/clone-with-descendants-and-mounts
Run selected ci-tagged tests	Run tests	2026-09-14T10:35:00.9867718Z   vps/create
Run selected ci-tagged tests	Run tests	2026-09-14T10:35:00.9868877Z   vps/deploy-public-key-and-user-data
Run selected ci-tagged tests	Run tests	2026-09-14T10:35:00.9870029Z   vps/expand-and-shrink-dataset
Run selected ci-tagged tests	Run tests	2026-09-14T10:35:00.9871063Z   vps/hard-delete-basic
Run selected ci-tagged tests	Run tests	2026-09-14T10:35:00.9871963Z   vps/migrate
Run selected ci-tagged tests	Run tests	2026-09-14T10:35:00.9872797Z   vps/migrate-no-start
Run selected ci-tagged tests	Run tests	2026-09-14T10:35:00.9873804Z   vps/migrate-skip-start
Run selected ci-tagged tests	Run tests	2026-09-14T10:35:00.9874778Z   vps/migrate-with-data-check
Run selected ci-tagged tests	Run tests	2026-09-14T10:35:00.9875875Z   vps/migrate-with-open-maintenance-window
Run selected ci-tagged tests	Run tests	2026-09-14T10:35:00.9877086Z   vps/migrate-with-subdataset-mounts
Run selected ci-tagged tests	Run tests	2026-09-14T10:35:00.9879382Z   vps/mount-lifecycle
Run selected ci-tagged tests	Run tests	2026-09-14T10:35:00.9880498Z   vps/passwd
Run selected ci-tagged tests	Run tests	2026-09-14T10:35:00.9881315Z   vps/reinstall
Run selected ci-tagged tests	Run tests	2026-09-14T10:35:00.9882240Z   vps/reinstall-with-user-data-and-keys
Run selected ci-tagged tests	Run tests	2026-09-14T10:35:00.9883347Z   vps/replace-no-start
Run selected ci-tagged tests	Run tests	2026-09-14T10:35:00.9884256Z   vps/replace-remote
Run selected ci-tagged tests	Run tests	2026-09-14T10:35:00.9885161Z   vps/replace-same-node
Run selected ci-tagged tests	Run tests	2026-09-14T10:35:00.9886200Z   vps/replace-with-backups
Run selected ci-tagged tests	Run tests	2026-09-14T10:35:00.9887217Z   vps/replace-with-backups-remote
Run selected ci-tagged tests	Run tests	2026-09-14T10:35:00.9888352Z   vps/replace-with-descendants-and-mounts
Run selected ci-tagged tests	Run tests	2026-09-14T10:35:00.9889658Z   vps/start-stop-restart-boot
Run selected ci-tagged tests	Run tests	2026-09-14T10:35:00.9890703Z   vps/swap-across-locations
Run selected ci-tagged tests	Run tests	2026-09-14T10:35:00.9891734Z   vps/update-resources-and-features
Run selected ci-tagged tests	Run tests	2026-09-14T10:35:00.9892783Z   webui#admin-cluster
Run selected ci-tagged tests	Run tests	2026-09-14T10:35:00.9893650Z   webui#auth
Run selected ci-tagged tests	Run tests	2026-09-14T10:35:00.9894454Z   webui#jumpto
Run selected ci-tagged tests	Run tests	2026-09-14T10:35:00.9895274Z   webui#misc-pages
Run selected ci-tagged tests	Run tests	2026-09-14T10:35:00.9896242Z   webui#navigation-readonly
Run selected ci-tagged tests	Run tests	2026-09-14T10:35:00.9897299Z   webui#networking-dns
Run selected ci-tagged tests	Run tests	2026-09-14T10:35:00.9898239Z   webui#security-advisories
Run selected ci-tagged tests	Run tests	2026-09-14T10:35:00.9899350Z   webui#storage-backup-export
Run selected ci-tagged tests	Run tests	2026-09-14T10:35:00.9900348Z   webui#support-pages
Run selected ci-tagged tests	Run tests	2026-09-14T10:35:00.9901244Z   webui#transactions
Run selected ci-tagged tests	Run tests	2026-09-14T10:35:00.9902102Z   webui#userns
Run selected ci-tagged tests	Run tests	2026-09-14T10:35:00.9903157Z   webui#users-admin
Run selected ci-tagged tests	Run tests	2026-09-14T10:35:00.9904045Z   webui#users-self-service
Run selected ci-tagged tests	Run tests	2026-09-14T10:35:00.9904998Z   webui#vps-admin-core
Run selected ci-tagged tests	Run tests	2026-09-14T10:35:00.9905903Z   webui#vps-admin-ops
Run selected ci-tagged tests	Run tests	2026-09-14T10:35:00.9906795Z   webui#vps-lifecycle
Run selected ci-tagged tests	Run tests	2026-09-14T10:35:00.9907682Z   webui#vps-user-core
Run selected ci-tagged tests	Run tests	2026-09-14T10:35:00.9908568Z   webui#vps-user-ops
Run selected ci-tagged tests	Run tests	2026-09-14T10:35:00.9910060Z 
Run selected ci-tagged tests	Run tests	2026-09-14T10:35:00.9910975Z [2026-09-14 12:35:00 +0200] Running 135 scripts of 118 tests, at most 118 tests at a time (auto)
Run selected ci-tagged tests	Run tests	2026-09-14T10:35:00.9914455Z [2026-09-14 12:35:00 +0200] Resource detection: memory assigned=96.0 GiB, available-at-start=95.4 GiB, reserve=8.0 GiB, limit=87.4 GiB; shm assigned=123.7 GiB, available-at-start=123.7 GiB, reserve=8.0 GiB, limit=115.7 GiB
Run selected ci-tagged tests	Run tests	2026-09-14T10:35:00.9918113Z [2026-09-14 12:35:00 +0200] Resource limits: memory=0 MiB/87.4 GiB, shm=0 MiB/115.7 GiB, cpus=0/63, running=0
Run selected ci-tagged tests	Run tests	2026-09-14T10:35:00.9920477Z [2026-09-14 12:35:00 +0200] State directory is /tmp/os-test-runner-19884793-34833489308-1
Run selected ci-tagged tests	Run tests	2026-09-14T10:35:01.0294219Z [2026-09-14 12:35:01 +0200] Reserved resources for 'tasks/auth-session-housekeeping': machines=2, memory=16.0 GiB, shm=16.0 GiB, cpus=12; pool: memory=16.0 GiB/87.4 GiB, shm=16.0 GiB/115.7 GiB, cpus=12/63, running=1
Run selected ci-tagged tests	Run tests	2026-09-14T10:35:01.0374389Z [2026-09-14 12:35:01 +0200] [1/118] Running test 'tasks/auth-session-housekeeping' (#default)
Run selected ci-tagged tests	Run tests	2026-09-14T10:35:01.0378291Z [2026-09-14 12:35:01 +0200] Reserved resources for 'vps/migrate-with-subdataset-mounts': machines=3, memory=24.0 GiB, shm=24.0 GiB, cpus=16; pool: memory=40.0 GiB/87.4 GiB, shm=40.0 GiB/115.7 GiB, cpus=28/63, running=2
Run selected ci-tagged tests	Run tests	2026-09-14T10:35:01.0382055Z [2026-09-14 12:35:01 +0200] [2/118] Running test 'vps/migrate-with-subdataset-mounts' (#default)
Run selected ci-tagged tests	Run tests	2026-09-14T10:35:01.0385312Z [2026-09-14 12:35:01 +0200] Reserved resources for 'vps/migrate-skip-start': machines=3, memory=24.0 GiB, shm=24.0 GiB, cpus=16; pool: memory=64.0 GiB/87.4 GiB, shm=64.0 GiB/115.7 GiB, cpus=44/63, running=3
Run selected ci-tagged tests	Run tests	2026-09-14T10:35:01.0388418Z [2026-09-14 12:35:01 +0200] [3/118] Running test 'vps/migrate-skip-start' (#default)
Run selected ci-tagged tests	Run tests	2026-09-14T10:35:01.0391926Z [2026-09-14 12:35:01 +0200] Reserved resources for 'vps/replace-same-node': machines=2, memory=16.0 GiB, shm=16.0 GiB, cpus=12; pool: memory=80.0 GiB/87.4 GiB, shm=80.0 GiB/115.7 GiB, cpus=56/63, running=4
Run selected ci-tagged tests	Run tests	2026-09-14T10:35:01.0394977Z [2026-09-14 12:35:01 +0200] [5/118] Running test 'vps/replace-same-node' (#default)
Run selected ci-tagged tests	Run tests	2026-09-14T10:35:01.0399014Z [2026-09-14 12:35:01 +0200] Reserved resources for 'storage/topology-fixture-replay': machines=0, memory=0 MiB, shm=0 MiB, cpus=0; pool: memory=80.0 GiB/87.4 GiB, shm=80.0 GiB/115.7 GiB, cpus=56/63, running=5
Run selected ci-tagged tests	Run tests	2026-09-14T10:35:01.0402304Z [2026-09-14 12:35:01 +0200] [23/118] Running test 'storage/topology-fixture-replay' (#default)
Run selected ci-tagged tests	Run tests	2026-09-14T10:35:01.0415783Z [2026-09-14 12:35:01 +0200] Waiting for resources: pool: memory=80.0 GiB/87.4 GiB, shm=80.0 GiB/115.7 GiB, cpus=56/63, running=5; pending: storage/backup-remote-interrupted-send (machines=3, memory=24.0 GiB, shm=24.0 GiB, cpus=16), storage/vps-hard-delete-after-complex-history (machines=3, memory=24.0 GiB, shm=24.0 GiB, cpus=16), storage/backup-multiple-destinations-remote (machines=3, memory=24.0 GiB, shm=24.0 GiB, cpus=16)
Run selected ci-tagged tests	Run tests	2026-09-14T10:35:04.3359910Z [2026-09-14 12:35:04 +0200] [23/118] Example [1/2] 'topology fixture replay has committed fixtures to replay' succeeded in 0.0 seconds
Run selected ci-tagged tests	Run tests	2026-09-14T10:35:04.3474591Z [2026-09-14 12:35:04 +0200] [23/118] Example [2/2] 'topology fixture replay validates synthetic-good-topology.json' succeeded in 0.01 seconds
Run selected ci-tagged tests	Run tests	2026-09-14T10:35:04.3843580Z [2026-09-14 12:35:04 +0200] [23/118] Test 'storage/topology-fixture-replay' successful in 3.34 seconds
Run selected ci-tagged tests	Run tests	2026-09-14T10:40:01.0272054Z [2026-09-14 12:40:01 +0200] Status: passing; 1 succeeded as expected, 0 failed as expected, 0 unexpectedly failed, 0 unexpectedly succeeded; 4 running, 113 remaining
Run selected ci-tagged tests	Run tests	2026-09-14T10:42:38.6407508Z [2026-09-14 12:42:38 +0200] [1/118] Example [1/1] 'auth and session housekeeping tasks cleans expired auth state and reports failed logins' succeeded in 24.43 seconds
Run selected ci-tagged tests	Run tests	2026-09-14T10:43:28.6815930Z [2026-09-14 12:43:28 +0200] [1/118] Test 'tasks/auth-session-housekeeping' successful in 507.64 seconds
Run selected ci-tagged tests	Run tests	2026-09-14T10:43:28.6822101Z [2026-09-14 12:43:28 +0200] Reserved resources for 'storage/rollback-from-backup': machines=2, memory=16.0 GiB, shm=16.0 GiB, cpus=12; pool: memory=80.0 GiB/87.4 GiB, shm=80.0 GiB/115.7 GiB, cpus=56/63, running=4
Run selected ci-tagged tests	Run tests	2026-09-14T10:43:28.6860368Z [2026-09-14 12:43:28 +0200] [8/118] Running test 'storage/rollback-from-backup' (#default)
Run selected ci-tagged tests	Run tests	2026-09-14T10:43:28.6909579Z [2026-09-14 12:43:28 +0200] Waiting for resources: pool: memory=80.0 GiB/87.4 GiB, shm=80.0 GiB/115.7 GiB, cpus=56/63, running=4; pending: storage/backup-remote-interrupted-send (machines=3, memory=24.0 GiB, shm=24.0 GiB, cpus=16), storage/vps-hard-delete-after-complex-history (machines=3, memory=24.0 GiB, shm=24.0 GiB, cpus=16), storage/backup-multiple-destinations-remote (machines=3, memory=24.0 GiB, shm=24.0 GiB, cpus=16)
Run selected ci-tagged tests	Run tests	2026-09-14T10:45:01.0279901Z [2026-09-14 12:45:01 +0200] Status: passing; 2 succeeded as expected, 0 failed as expected, 0 unexpectedly failed, 0 unexpectedly succeeded; 4 running, 112 remaining
Run selected ci-tagged tests	Run tests	2026-09-14T10:47:24.9417177Z [2026-09-14 12:47:24 +0200] [5/118] Example [1/1] 'same-node VPS replace creates a replacement in another pool without remote send steps' succeeded in 340.93 seconds
Run selected ci-tagged tests	Run tests	2026-09-14T10:47:26.4984932Z [2026-09-14 12:47:26 +0200] [3/118] Example [1/1] 'VPS migration with skip_start finishes done when the destination start fails and keep-going is set' succeeded in 338.1 seconds
Run selected ci-tagged tests	Run tests	2026-09-14T10:47:52.5584861Z [2026-09-14 12:47:52 +0200] [5/118] Test 'vps/replace-same-node' successful in 771.52 seconds
Run selected ci-tagged tests	Run tests	2026-09-14T10:47:52.5589228Z [2026-09-14 12:47:52 +0200] Reserved resources for 'vps/hard-delete-basic': machines=2, memory=16.0 GiB, shm=16.0 GiB, cpus=12; pool: memory=80.0 GiB/87.4 GiB, shm=80.0 GiB/115.7 GiB, cpus=56/63, running=4
Run selected ci-tagged tests	Run tests	2026-09-14T10:47:52.5613125Z [2026-09-14 12:47:52 +0200] [11/118] Running test 'vps/hard-delete-basic' (#default)
Run selected ci-tagged tests	Run tests	2026-09-14T10:47:52.5675098Z [2026-09-14 12:47:52 +0200] Waiting for resources: pool: memory=80.0 GiB/87.4 GiB, shm=80.0 GiB/115.7 GiB, cpus=56/63, running=4; pending: storage/backup-remote-interrupted-send (machines=3, memory=24.0 GiB, shm=24.0 GiB, cpus=16), storage/vps-hard-delete-after-complex-history (machines=3, memory=24.0 GiB, shm=24.0 GiB, cpus=16), storage/backup-multiple-destinations-remote (machines=3, memory=24.0 GiB, shm=24.0 GiB, cpus=16)
Run selected ci-tagged tests	Run tests	2026-09-14T10:48:02.8765602Z [2026-09-14 12:48:02 +0200] [3/118] Test 'vps/migrate-skip-start' successful in 781.84 seconds
Run selected ci-tagged tests	Run tests	2026-09-14T10:48:02.8769817Z [2026-09-14 12:48:02 +0200] Reserved resources for 'storage/backup-remote-interrupted-send': machines=3, memory=24.0 GiB, shm=24.0 GiB, cpus=16; pool: memory=80.0 GiB/87.4 GiB, shm=80.0 GiB/115.7 GiB, cpus=56/63, running=4
Run selected ci-tagged tests	Run tests	2026-09-14T10:48:02.8795129Z [2026-09-14 12:48:02 +0200] [4/118] Running test 'storage/backup-remote-interrupted-send' (#default)
Run selected ci-tagged tests	Run tests	2026-09-14T10:49:21.0492565Z [2026-09-14 12:49:21 +0200] [8/118] Example [1/4] 'rollback from backup creates primary and backup pools and a VPS with a backup DatasetInPool' succeeded in 126.82 seconds
Run selected ci-tagged tests	Run tests	2026-09-14T10:49:21.7115989Z [2026-09-14 12:49:21 +0200] [2/118] Example [1/1] 'VPS migration with subdataset mounts remaps mounted subdatasets to the destination dataset in pool' succeeded in 452.52 seconds
Run selected ci-tagged tests	Run tests	2026-09-14T10:50:01.0282941Z [2026-09-14 12:50:01 +0200] Status: passing; 4 succeeded as expected, 0 failed as expected, 0 unexpectedly failed, 0 unexpectedly succeeded; 4 running, 110 remaining
Run selected ci-tagged tests	Run tests	2026-09-14T10:50:26.9196016Z [2026-09-14 12:50:26 +0200] [2/118] Test 'vps/migrate-with-subdataset-mounts' successful in 925.88 seconds
Run selected ci-tagged tests	Run tests	2026-09-14T10:50:26.9198970Z [2026-09-14 12:50:26 +0200] Reserved resources for 'storage/vps-hard-delete-after-complex-history': machines=3, memory=24.0 GiB, shm=24.0 GiB, cpus=16; pool: memory=80.0 GiB/87.4 GiB, shm=80.0 GiB/115.7 GiB, cpus=56/63, running=4
Run selected ci-tagged tests	Run tests	2026-09-14T10:50:26.9224361Z [2026-09-14 12:50:26 +0200] [6/118] Running test 'storage/vps-hard-delete-after-complex-history' (#default)
Run selected ci-tagged tests	Run tests	2026-09-14T10:50:26.9280037Z [2026-09-14 12:50:26 +0200] Waiting for resources: pool: memory=80.0 GiB/87.4 GiB, shm=80.0 GiB/115.7 GiB, cpus=56/63, running=4; pending: storage/backup-multiple-destinations-remote (machines=3, memory=24.0 GiB, shm=24.0 GiB, cpus=16), cluster/node-evacuate-basic (machines=3, memory=24.0 GiB, shm=24.0 GiB, cpus=16), storage/dataset-destroy-complex-history (machines=3, memory=24.0 GiB, shm=24.0 GiB, cpus=16)
Run selected ci-tagged tests	Run tests	2026-09-14T10:51:31.5937466Z [2026-09-14 12:51:31 +0200] [8/118] Example [2/4] 'rollback from backup creates three backups and then rolls back to the middle snapshot' succeeded in 130.54 seconds
Run selected ci-tagged tests	Run tests	2026-09-14T10:51:32.2472673Z [2026-09-14 12:51:32 +0200] [8/118] Example [3/4] 'rollback from backup creates a new head branch and records restore metadata' succeeded in 0.65 seconds
Run selected ci-tagged tests	Run tests	2026-09-14T10:52:00.4267347Z [2026-09-14 12:52:00 +0200] [8/118] Example [4/4] 'rollback from backup continues future backups on the new head branch' succeeded in 28.18 seconds
Run selected ci-tagged tests	Run tests	2026-09-14T10:52:27.9508246Z [2026-09-14 12:52:27 +0200] [8/118] Test 'storage/rollback-from-backup' successful in 539.26 seconds
Run selected ci-tagged tests	Run tests	2026-09-14T10:52:27.9515006Z [2026-09-14 12:52:27 +0200] Reserved resources for 'admin/nodectl-read-and-queue-control': machines=2, memory=16.0 GiB, shm=16.0 GiB, cpus=12; pool: memory=80.0 GiB/87.4 GiB, shm=80.0 GiB/115.7 GiB, cpus=56/63, running=4
Run selected ci-tagged tests	Run tests	2026-09-14T10:52:27.9534318Z [2026-09-14 12:52:27 +0200] [13/118] Running test 'admin/nodectl-read-and-queue-control' (#default)
Run selected ci-tagged tests	Run tests	2026-09-14T10:52:27.9611390Z [2026-09-14 12:52:27 +0200] Waiting for resources: pool: memory=80.0 GiB/87.4 GiB, shm=80.0 GiB/115.7 GiB, cpus=56/63, running=4; pending: storage/backup-multiple-destinations-remote (machines=3, memory=24.0 GiB, shm=24.0 GiB, cpus=16), cluster/node-evacuate-basic (machines=3, memory=24.0 GiB, shm=24.0 GiB, cpus=16), storage/dataset-destroy-complex-history (machines=3, memory=24.0 GiB, shm=24.0 GiB, cpus=16)
Run selected ci-tagged tests	Run tests	2026-09-14T10:55:01.0300248Z [2026-09-14 12:55:01 +0200] Status: passing; 6 succeeded as expected, 0 failed as expected, 0 unexpectedly failed, 0 unexpectedly succeeded; 4 running, 108 remaining
Run selected ci-tagged tests	Run tests	2026-09-14T10:55:53.3326109Z [2026-09-14 12:55:53 +0200] [11/118] Example [1/1] 'basic hard delete removes the container, root dataset, descendant dataset, and DB references' succeeded in 264.9 seconds
Run selected ci-tagged tests	Run tests	2026-09-14T10:56:19.9627607Z [2026-09-14 12:56:19 +0200] [11/118] Test 'vps/hard-delete-basic' successful in 507.4 seconds
Run selected ci-tagged tests	Run tests	2026-09-14T10:56:19.9631228Z [2026-09-14 12:56:19 +0200] Reserved resources for 'user/soft-delete-revive-auth': machines=2, memory=16.0 GiB, shm=16.0 GiB, cpus=12; pool: memory=80.0 GiB/87.4 GiB, shm=80.0 GiB/115.7 GiB, cpus=56/63, running=4
Run selected ci-tagged tests	Run tests	2026-09-14T10:56:19.9657108Z [2026-09-14 12:56:19 +0200] [16/118] Running test 'user/soft-delete-revive-auth' (#default)
Run selected ci-tagged tests	Run tests	2026-09-14T10:56:19.9705710Z [2026-09-14 12:56:19 +0200] Waiting for resources: pool: memory=80.0 GiB/87.4 GiB, shm=80.0 GiB/115.7 GiB, cpus=56/63, running=4; pending: storage/backup-multiple-destinations-remote (machines=3, memory=24.0 GiB, shm=24.0 GiB, cpus=16), cluster/node-evacuate-basic (machines=3, memory=24.0 GiB, shm=24.0 GiB, cpus=16), storage/dataset-destroy-complex-history (machines=3, memory=24.0 GiB, shm=24.0 GiB, cpus=16)
Run selected ci-tagged tests	Run tests	2026-09-14T10:56:51.1496945Z [2026-09-14 12:56:51 +0200] [4/118] Example [1/1] 'remote backup interrupted on send fails cleanly when the sender side is interrupted and later backup still works' succeeded in 288.15 seconds
Run selected ci-tagged tests	Run tests	2026-09-14T10:57:31.1030386Z [2026-09-14 12:57:31 +0200] [4/118] Test 'storage/backup-remote-interrupted-send' successful in 568.22 seconds
Run selected ci-tagged tests	Run tests	2026-09-14T10:57:31.1033600Z [2026-09-14 12:57:31 +0200] Reserved resources for 'storage/backup-multiple-destinations-remote': machines=3, memory=24.0 GiB, shm=24.0 GiB, cpus=16; pool: memory=80.0 GiB/87.4 GiB, shm=80.0 GiB/115.7 GiB, cpus=56/63, running=4
Run selected ci-tagged tests	Run tests	2026-09-14T10:57:31.1062793Z [2026-09-14 12:57:31 +0200] [7/118] Running test 'storage/backup-multiple-destinations-remote' (#default)
Run selected ci-tagged tests	Run tests	2026-09-14T10:57:31.1127303Z [2026-09-14 12:57:31 +0200] Waiting for resources: pool: memory=80.0 GiB/87.4 GiB, shm=80.0 GiB/115.7 GiB, cpus=56/63, running=4; pending: cluster/node-evacuate-basic (machines=3, memory=24.0 GiB, shm=24.0 GiB, cpus=16), storage/dataset-destroy-complex-history (machines=3, memory=24.0 GiB, shm=24.0 GiB, cpus=16), storage/topology-reconciliation (machines=3, memory=24.0 GiB, shm=24.0 GiB, cpus=16)
Run selected ci-tagged tests	Run tests	2026-09-14T11:00:01.0302119Z [2026-09-14 13:00:01 +0200] Status: passing; 8 succeeded as expected, 0 failed as expected, 0 unexpectedly failed, 0 unexpectedly succeeded; 4 running, 106 remaining
Run selected ci-tagged tests	Run tests	2026-09-14T11:01:52.2274919Z [2026-09-14 13:01:52 +0200] [13/118] Example [1/1] 'nodectl read and queue control reads runtime state and controls the VPS queue' succeeded in 354.58 seconds
Run selected ci-tagged tests	Run tests	2026-09-14T11:02:17.6540936Z [2026-09-14 13:02:17 +0200] [13/118] Test 'admin/nodectl-read-and-queue-control' successful in 589.7 seconds
Run selected ci-tagged tests	Run tests	2026-09-14T11:02:17.6548174Z [2026-09-14 13:02:17 +0200] Reserved resources for 'storage/group-snapshot': machines=2, memory=16.0 GiB, shm=16.0 GiB, cpus=12; pool: memory=80.0 GiB/87.4 GiB, shm=80.0 GiB/115.7 GiB, cpus=56/63, running=4
Run selected ci-tagged tests	Run tests	2026-09-14T11:02:17.6571394Z [2026-09-14 13:02:17 +0200] [17/118] Running test 'storage/group-snapshot' (#default)
Run selected ci-tagged tests	Run tests	2026-09-14T11:02:17.6640713Z [2026-09-14 13:02:17 +0200] Waiting for resources: pool: memory=80.0 GiB/87.4 GiB, shm=80.0 GiB/115.7 GiB, cpus=56/63, running=4; pending: cluster/node-evacuate-basic (machines=3, memory=24.0 GiB, shm=24.0 GiB, cpus=16), storage/dataset-destroy-complex-history (machines=3, memory=24.0 GiB, shm=24.0 GiB, cpus=16), storage/topology-reconciliation (machines=3, memory=24.0 GiB, shm=24.0 GiB, cpus=16)
Run selected ci-tagged tests	Run tests	2026-09-14T11:04:15.7357620Z [2026-09-14 13:04:15 +0200] [7/118] Example [1/2] 'remote backups with multiple destinations creates a VPS with one primary pool and two backup pools' succeeded in 170.78 seconds
Run selected ci-tagged tests	Run tests	2026-09-14T11:05:01.0307060Z [2026-09-14 13:05:01 +0200] Status: passing; 9 succeeded as expected, 0 failed as expected, 0 unexpectedly failed, 0 unexpectedly succeeded; 4 running, 105 remaining
Run selected ci-tagged tests	Run tests	2026-09-14T11:05:28.5075736Z ##[error]The operation was canceled.
Run selected ci-tagged tests	Upload full test logs	﻿2026-09-14T11:05:28.5346004Z ##[group]Run vpsfreecz/vpsadminos/.github/actions/upload-test-logs@staging
Run selected ci-tagged tests	Upload full test logs	2026-09-14T11:05:28.5347414Z with:
Run selected ci-tagged tests	Upload full test logs	2026-09-14T11:05:28.5348093Z   name: vpsadmin-test-logs-34833489308
Run selected ci-tagged tests	Upload full test logs	2026-09-14T11:05:28.5350034Z   paths: /tmp/os-test-runner-19884793-34833489308-1/**/*.log
Run selected ci-tagged tests	Upload full test logs	/tmp/os-test-runner-19884793-34833489308-1/**/*.txt
Run selected ci-tagged tests	Upload full test logs	
Run selected ci-tagged tests	Upload full test logs	2026-09-14T11:05:28.5351723Z   retention-days: 14
Run selected ci-tagged tests	Upload full test logs	2026-09-14T11:05:28.5352441Z   if-no-files-found: error
Run selected ci-tagged tests	Upload full test logs	2026-09-14T11:05:28.5353163Z env:
Run selected ci-tagged tests	Upload full test logs	2026-09-14T11:05:28.5354070Z   TEST_RUNNER_STATE_DIR: /tmp/os-test-runner-19884793-34833489308-1
Run selected ci-tagged tests	Upload full test logs	2026-09-14T11:05:28.5355231Z ##[endgroup]
Run selected ci-tagged tests	Upload full test logs	2026-09-14T11:05:28.5365053Z ##[start-action display=Upload logs;id=upload-test-logs.__actions_upload-artifact]
Run selected ci-tagged tests	Upload full test logs	2026-09-14T11:05:28.5467448Z ##[group]Run actions/upload-artifact@v7
Run selected ci-tagged tests	Upload full test logs	2026-09-14T11:05:28.5468335Z with:
Run selected ci-tagged tests	Upload full test logs	2026-09-14T11:05:28.5469155Z   name: vpsadmin-test-logs-34833489308
Run selected ci-tagged tests	Upload full test logs	2026-09-14T11:05:28.5470824Z   path: /tmp/os-test-runner-19884793-34833489308-1/**/*.log
Run selected ci-tagged tests	Upload full test logs	/tmp/os-test-runner-19884793-34833489308-1/**/*.txt
Run selected ci-tagged tests	Upload full test logs	
Run selected ci-tagged tests	Upload full test logs	2026-09-14T11:05:28.5472589Z   retention-days: 14
Run selected ci-tagged tests	Upload full test logs	2026-09-14T11:05:28.5473305Z   if-no-files-found: error
Run selected ci-tagged tests	Upload full test logs	2026-09-14T11:05:28.5474056Z   compression-level: 6
Run selected ci-tagged tests	Upload full test logs	2026-09-14T11:05:28.5474764Z   overwrite: false
Run selected ci-tagged tests	Upload full test logs	2026-09-14T11:05:28.5475445Z   include-hidden-files: false
Run selected ci-tagged tests	Upload full test logs	2026-09-14T11:05:28.5476205Z   archive: true
Run selected ci-tagged tests	Upload full test logs	2026-09-14T11:05:28.5476805Z env:
Run selected ci-tagged tests	Upload full test logs	2026-09-14T11:05:28.5477664Z   TEST_RUNNER_STATE_DIR: /tmp/os-test-runner-19884793-34833489308-1
Run selected ci-tagged tests	Upload full test logs	2026-09-14T11:05:28.5478907Z ##[endgroup]
Run selected ci-tagged tests	Upload full test logs	2026-09-14T11:05:29.3125927Z With the provided path, there will be 139 files uploaded
Run selected ci-tagged tests	Upload full test logs	2026-09-14T11:05:29.3139878Z Artifact name is valid!
Run selected ci-tagged tests	Upload full test logs	2026-09-14T11:05:29.3141846Z Root directory input is valid!
Run selected ci-tagged tests	Upload full test logs	2026-09-14T11:05:29.9288243Z Uploading artifact: vpsadmin-test-logs-34833489308.zip
Run selected ci-tagged tests	Upload full test logs	2026-09-14T11:05:29.9442733Z Beginning upload of artifact content to blob storage
Run selected ci-tagged tests	Upload full test logs	2026-09-14T11:05:31.5985663Z Uploaded bytes 752656
Run selected ci-tagged tests	Upload full test logs	2026-09-14T11:05:31.7146352Z Finished uploading artifact content to blob storage!
Run selected ci-tagged tests	Upload full test logs	2026-09-14T11:05:31.7150236Z SHA256 digest of uploaded artifact is 44f95a479b5d23a2f159d32bec2b6b7de353c2f6adfc41ac7dfa8e1c8dcf39c6
Run selected ci-tagged tests	Upload full test logs	2026-09-14T11:05:31.7152932Z Finalizing artifact upload
Run selected ci-tagged tests	Upload full test logs	2026-09-14T11:05:32.2341939Z Artifact vpsadmin-test-logs-34833489308 successfully finalized. Artifact ID 10344456539
Run selected ci-tagged tests	Upload full test logs	2026-09-14T11:05:32.2345803Z Artifact vpsadmin-test-logs-34833489308 has been successfully uploaded! Final size is 752656 bytes. Artifact ID is 10344456539
Run selected ci-tagged tests	Upload full test logs	2026-09-14T11:05:32.2353360Z Artifact download URL: https://github.com/vpsfreecz/vpsadmin/actions/runs/34833489308/artifacts/10344456539
Run selected ci-tagged tests	Upload full test logs	2026-09-14T11:05:32.2725017Z ##[end-action id=upload-test-logs.__actions_upload-artifact;outcome=success;conclusion=success;duration_ms=3735]
Run selected ci-tagged tests	Evaluate test results	﻿2026-09-14T11:05:32.2970344Z ##[group]Run vpsfreecz/vpsadminos/.github/actions/evaluate-test-results@staging
Run selected ci-tagged tests	Evaluate test results	2026-09-14T11:05:32.2971801Z with:
Run selected ci-tagged tests	Evaluate test results	2026-09-14T11:05:32.2972694Z   log-file: /tmp/os-test-runner-19884793-34833489308-1/test.log
Run selected ci-tagged tests	Evaluate test results	2026-09-14T11:05:32.2973793Z env:
Run selected ci-tagged tests	Evaluate test results	2026-09-14T11:05:32.2974728Z   TEST_RUNNER_STATE_DIR: /tmp/os-test-runner-19884793-34833489308-1
Run selected ci-tagged tests	Evaluate test results	2026-09-14T11:05:32.2975903Z ##[endgroup]
Run selected ci-tagged tests	Evaluate test results	2026-09-14T11:05:32.3044026Z ##[start-action display=Run set -euo pipefail;id=__vpsfreecz_vpsadminos.evaluate]
Run selected ci-tagged tests	Evaluate test results	2026-09-14T11:05:32.3089762Z ##[group]Run set -euo pipefail
Run selected ci-tagged tests	Evaluate test results	2026-09-14T11:05:32.3090812Z ^[[36;1mset -euo pipefail^[[0m
Run selected ci-tagged tests	Evaluate test results	2026-09-14T11:05:32.3091586Z ^[[36;1m^[[0m
Run selected ci-tagged tests	Evaluate test results	2026-09-14T11:05:32.3092552Z ^[[36;1mlog_file="/tmp/os-test-runner-19884793-34833489308-1/test.log"^[[0m
Run selected ci-tagged tests	Evaluate test results	2026-09-14T11:05:32.3093759Z ^[[36;1m^[[0m
Run selected ci-tagged tests	Evaluate test results	2026-09-14T11:05:32.3094402Z ^[[36;1mif [ ! -f "$log_file" ]; then^[[0m
Run selected ci-tagged tests	Evaluate test results	2026-09-14T11:05:32.3095471Z ^[[36;1m  echo "::error::Test log '$log_file' not found"^[[0m
Run selected ci-tagged tests	Evaluate test results	2026-09-14T11:05:32.3096486Z ^[[36;1m  exit 1^[[0m
Run selected ci-tagged tests	Evaluate test results	2026-09-14T11:05:32.3097217Z ^[[36;1mfi^[[0m
Run selected ci-tagged tests	Evaluate test results	2026-09-14T11:05:32.3097813Z ^[[36;1m^[[0m
Run selected ci-tagged tests	Evaluate test results	2026-09-14T11:05:32.3099017Z ^[[36;1m# Disable pipefail while grepping so missing matches do not fail the step^[[0m
Run selected ci-tagged tests	Evaluate test results	2026-09-14T11:05:32.3100411Z ^[[36;1mset +o pipefail^[[0m
Run selected ci-tagged tests	Evaluate test results	2026-09-14T11:05:32.3101718Z ^[[36;1mEXPECTED_SUCCESSFUL=$(grep -oP "\d+ tests successful" "$log_file" | cut -f1 -d ' ')^[[0m
Run selected ci-tagged tests	Evaluate test results	2026-09-14T11:05:32.3103709Z ^[[36;1mEXPECTED_FAILED=$(grep -oP "\d+ tests failed as expected" "$log_file" | cut -f1 -d ' ')^[[0m
Run selected ci-tagged tests	Evaluate test results	2026-09-14T11:05:32.3105824Z ^[[36;1mUNEXPECTED_FAILED=$(grep -oP "\d+ tests should have succeeded" "$log_file" | cut -f1 -d ' ')^[[0m
Run selected ci-tagged tests	Evaluate test results	2026-09-14T11:05:32.3108009Z ^[[36;1mUNEXPECTED_SUCCESSFUL=$(grep -oP "\d+ tests should have failed" "$log_file" | cut -f1 -d ' ')^[[0m
Run selected ci-tagged tests	Evaluate test results	2026-09-14T11:05:32.3109729Z ^[[36;1mset -o pipefail^[[0m
Run selected ci-tagged tests	Evaluate test results	2026-09-14T11:05:32.3110469Z ^[[36;1m^[[0m
Run selected ci-tagged tests	Evaluate test results	2026-09-14T11:05:32.3111553Z ^[[36;1mecho "expected_successful=${EXPECTED_SUCCESSFUL:-0}" >>"$GITHUB_OUTPUT"^[[0m
Run selected ci-tagged tests	Evaluate test results	2026-09-14T11:05:32.3113212Z ^[[36;1mecho "expected_failed=${EXPECTED_FAILED:-0}" >>"$GITHUB_OUTPUT"^[[0m
Run selected ci-tagged tests	Evaluate test results	2026-09-14T11:05:32.3114844Z ^[[36;1mecho "unexpected_failed=${UNEXPECTED_FAILED:-0}" >>"$GITHUB_OUTPUT"^[[0m
Run selected ci-tagged tests	Evaluate test results	2026-09-14T11:05:32.3116593Z ^[[36;1mecho "unexpected_successful=${UNEXPECTED_SUCCESSFUL:-0}" >>"$GITHUB_OUTPUT"^[[0m
Run selected ci-tagged tests	Evaluate test results	2026-09-14T11:05:32.3117963Z ^[[36;1m^[[0m
Run selected ci-tagged tests	Evaluate test results	2026-09-14T11:05:32.3118541Z ^[[36;1m{^[[0m
Run selected ci-tagged tests	Evaluate test results	2026-09-14T11:05:32.3119335Z ^[[36;1m  echo '### Test summary'^[[0m
Run selected ci-tagged tests	Evaluate test results	2026-09-14T11:05:32.3120171Z ^[[36;1m  echo ""^[[0m
Run selected ci-tagged tests	Evaluate test results	2026-09-14T11:05:32.3120927Z ^[[36;1m  echo "| Result | Count |"^[[0m
Run selected ci-tagged tests	Evaluate test results	2026-09-14T11:05:32.3121803Z ^[[36;1m  echo "|--------|-------|"^[[0m
Run selected ci-tagged tests	Evaluate test results	2026-09-14T11:05:32.3122984Z ^[[36;1m  echo "| ✅ Successful (expected) | ${EXPECTED_SUCCESSFUL:-0} |"^[[0m
Run selected ci-tagged tests	Evaluate test results	2026-09-14T11:05:32.3124431Z ^[[36;1m  echo "| ⚠️ Failed (expected) | ${EXPECTED_FAILED:-0} |"^[[0m
Run selected ci-tagged tests	Evaluate test results	2026-09-14T11:05:32.3125817Z ^[[36;1m  echo "| ❌ Failed (unexpected) | ${UNEXPECTED_FAILED:-0} |"^[[0m
Run selected ci-tagged tests	Evaluate test results	2026-09-14T11:05:32.3127321Z ^[[36;1m  echo "| ❌ Successful (unexpected) | ${UNEXPECTED_SUCCESSFUL:-0} |"^[[0m
Run selected ci-tagged tests	Evaluate test results	2026-09-14T11:05:32.3128712Z ^[[36;1m  echo ""^[[0m
Run selected ci-tagged tests	Evaluate test results	2026-09-14T11:05:32.3129469Z ^[[36;1m} >>"$GITHUB_STEP_SUMMARY"^[[0m
Run selected ci-tagged tests	Evaluate test results	2026-09-14T11:05:32.3130289Z ^[[36;1m^[[0m
Run selected ci-tagged tests	Evaluate test results	2026-09-14T11:05:32.3131404Z ^[[36;1mif [ "${UNEXPECTED_FAILED:-0}" -gt 0 ] || [ "${UNEXPECTED_SUCCESSFUL:-0}" -gt 0 ]; then^[[0m
Run selected ci-tagged tests	Evaluate test results	2026-09-14T11:05:32.3133792Z ^[[36;1m  echo "::error::${UNEXPECTED_FAILED:-0} tests unexpectedly failed, ${UNEXPECTED_SUCCESSFUL:-0} tests unexpectedly succeeded"^[[0m
Run selected ci-tagged tests	Evaluate test results	2026-09-14T11:05:32.3136859Z ^[[36;1m  exit 1^[[0m
Run selected ci-tagged tests	Evaluate test results	2026-09-14T11:05:32.3137509Z ^[[36;1mfi^[[0m
Run selected ci-tagged tests	Evaluate test results	2026-09-14T11:05:32.3152873Z shell: /nix/store/pkf547jp8a92k4wmxikkyby58w10pysr-bash-interactive-5.3p9/bin/bash --noprofile --norc -e -o pipefail {0}
Run selected ci-tagged tests	Evaluate test results	2026-09-14T11:05:32.3154820Z env:
Run selected ci-tagged tests	Evaluate test results	2026-09-14T11:05:32.3155753Z   TEST_RUNNER_STATE_DIR: /tmp/os-test-runner-19884793-34833489308-1
Run selected ci-tagged tests	Evaluate test results	2026-09-14T11:05:32.3156918Z ##[endgroup]
Run selected ci-tagged tests	Evaluate test results	2026-09-14T11:05:32.3722406Z ##[end-action id=__vpsfreecz_vpsadminos.evaluate;outcome=success;conclusion=success;duration_ms=67]
Run selected ci-tagged tests	Summarise test logs	﻿2026-09-14T11:05:32.3875915Z ##[group]Run vpsfreecz/vpsadminos/.github/actions/summarise-test-logs@staging
Run selected ci-tagged tests	Summarise test logs	2026-09-14T11:05:32.3877338Z with:
Run selected ci-tagged tests	Summarise test logs	2026-09-14T11:05:32.3878150Z   logs-root: /tmp/os-test-runner-19884793-34833489308-1
Run selected ci-tagged tests	Summarise test logs	2026-09-14T11:05:32.3879414Z   tail-lines: 200
Run selected ci-tagged tests	Summarise test logs	2026-09-14T11:05:32.3880077Z   max-bytes: 921600
Run selected ci-tagged tests	Summarise test logs	2026-09-14T11:05:32.3880720Z env:
Run selected ci-tagged tests	Summarise test logs	2026-09-14T11:05:32.3881612Z   TEST_RUNNER_STATE_DIR: /tmp/os-test-runner-19884793-34833489308-1
Run selected ci-tagged tests	Summarise test logs	2026-09-14T11:05:32.3882769Z ##[endgroup]
Run selected ci-tagged tests	Summarise test logs	2026-09-14T11:05:32.3894551Z ##[start-action display=Run bash "$GITHUB_ACTION_PATH/summarise-test-logs.bash";id=__vpsfreecz_vpsadminos_2.__run]
Run selected ci-tagged tests	Summarise test logs	2026-09-14T11:05:32.3936686Z ##[group]Run bash "$GITHUB_ACTION_PATH/summarise-test-logs.bash"
Run selected ci-tagged tests	Summarise test logs	2026-09-14T11:05:32.3938183Z ^[[36;1mbash "$GITHUB_ACTION_PATH/summarise-test-logs.bash"^[[0m
Run selected ci-tagged tests	Summarise test logs	2026-09-14T11:05:32.3945805Z shell: /nix/store/pkf547jp8a92k4wmxikkyby58w10pysr-bash-interactive-5.3p9/bin/bash --noprofile --norc -e -o pipefail {0}
Run selected ci-tagged tests	Summarise test logs	2026-09-14T11:05:32.3947736Z env:
Run selected ci-tagged tests	Summarise test logs	2026-09-14T11:05:32.3948837Z   TEST_RUNNER_STATE_DIR: /tmp/os-test-runner-19884793-34833489308-1
Run selected ci-tagged tests	Summarise test logs	2026-09-14T11:05:32.3950297Z   LOGS_ROOT: /tmp/os-test-runner-19884793-34833489308-1
Run selected ci-tagged tests	Summarise test logs	2026-09-14T11:05:32.3951309Z   TAIL_LINES: 200
Run selected ci-tagged tests	Summarise test logs	2026-09-14T11:05:32.3951990Z   MAX_SUMMARY_BYTES: 921600
Run selected ci-tagged tests	Summarise test logs	2026-09-14T11:05:32.3952758Z ##[endgroup]
Run selected ci-tagged tests	Summarise test logs	2026-09-14T11:05:32.5299521Z ##[end-action id=__vpsfreecz_vpsadminos_2.__run;outcome=success;conclusion=success;duration_ms=140]
Run selected ci-tagged tests	Cleanup test state	﻿2026-09-14T11:05:32.5459503Z ##[group]Run vpsfreecz/vpsadminos/.github/actions/cleanup-test-state@staging
Run selected ci-tagged tests	Cleanup test state	2026-09-14T11:05:32.5460968Z with:
Run selected ci-tagged tests	Cleanup test state	2026-09-14T11:05:32.5461924Z   state-directory: /tmp/os-test-runner-19884793-34833489308-1
Run selected ci-tagged tests	Cleanup test state	2026-09-14T11:05:32.5463271Z   prepare-outcome: success
Run selected ci-tagged tests	Cleanup test state	2026-09-14T11:05:32.5464090Z   test-outcome: cancelled
Run selected ci-tagged tests	Cleanup test state	2026-09-14T11:05:32.5464877Z   upload-outcome: success
Run selected ci-tagged tests	Cleanup test state	2026-09-14T11:05:32.5465616Z env:
Run selected ci-tagged tests	Cleanup test state	2026-09-14T11:05:32.5466544Z   TEST_RUNNER_STATE_DIR: /tmp/os-test-runner-19884793-34833489308-1
Run selected ci-tagged tests	Cleanup test state	2026-09-14T11:05:32.5467719Z ##[endgroup]
Run selected ci-tagged tests	Cleanup test state	2026-09-14T11:05:32.5480588Z ##[start-action display=Run bash "$GITHUB_ACTION_PATH/cleanup-test-state.bash";id=__vpsfreecz_vpsadminos_3.__run]
Run selected ci-tagged tests	Cleanup test state	2026-09-14T11:05:32.5521867Z ##[group]Run bash "$GITHUB_ACTION_PATH/cleanup-test-state.bash"
Run selected ci-tagged tests	Cleanup test state	2026-09-14T11:05:32.5523342Z ^[[36;1mbash "$GITHUB_ACTION_PATH/cleanup-test-state.bash"^[[0m
Run selected ci-tagged tests	Cleanup test state	2026-09-14T11:05:32.5533349Z shell: /nix/store/pkf547jp8a92k4wmxikkyby58w10pysr-bash-interactive-5.3p9/bin/bash --noprofile --norc -e -o pipefail {0}
Run selected ci-tagged tests	Cleanup test state	2026-09-14T11:05:32.5535677Z env:
Run selected ci-tagged tests	Cleanup test state	2026-09-14T11:05:32.5536606Z   TEST_RUNNER_STATE_DIR: /tmp/os-test-runner-19884793-34833489308-1
Run selected ci-tagged tests	Cleanup test state	2026-09-14T11:05:32.5538112Z   TEST_STATE_DIRECTORY: /tmp/os-test-runner-19884793-34833489308-1
Run selected ci-tagged tests	Cleanup test state	2026-09-14T11:05:32.5539515Z   TEST_STATE_PREPARE_OUTCOME: success
Run selected ci-tagged tests	Cleanup test state	2026-09-14T11:05:32.5540460Z   TEST_STATE_TEST_OUTCOME: cancelled
Run selected ci-tagged tests	Cleanup test state	2026-09-14T11:05:32.5541343Z   TEST_STATE_UPLOAD_OUTCOME: success
Run selected ci-tagged tests	Cleanup test state	2026-09-14T11:05:32.5542244Z   TEST_STATE_REPOSITORY_ID: 19884793
Run selected ci-tagged tests	Cleanup test state	2026-09-14T11:05:32.5543098Z   TEST_STATE_RUN_ID: 34833489308
Run selected ci-tagged tests	Cleanup test state	2026-09-14T11:05:32.5543912Z   TEST_STATE_RUN_ATTEMPT: 1
Run selected ci-tagged tests	Cleanup test state	2026-09-14T11:05:32.5544663Z ##[endgroup]
Run selected ci-tagged tests	Cleanup test state	2026-09-14T11:05:32.5963492Z Removed test-runner state directory: /tmp/os-test-runner-19884793-34833489308-1
Run selected ci-tagged tests	Cleanup test state	2026-09-14T11:05:32.5990819Z ##[end-action id=__vpsfreecz_vpsadminos_3.__run;outcome=success;conclusion=success;duration_ms=50]
Run selected ci-tagged tests	Post Checkout vpsadmin	﻿2026-09-14T11:05:32.6366802Z Post job cleanup.
Run selected ci-tagged tests	Post Checkout vpsadmin	2026-09-14T11:05:32.9213146Z [command]/nix/store/nly4cml071i82515r89rpdw38z55wjqd-git-2.54.0/bin/git version
Run selected ci-tagged tests	Post Checkout vpsadmin	2026-09-14T11:05:32.9360179Z git version 2.54.0
Run selected ci-tagged tests	Post Checkout vpsadmin	2026-09-14T11:05:32.9473256Z Temporarily overriding HOME='/run/github-runner/runner/_temp/47b77ad1-9981-4ec8-b345-feeef45a4f88' before making global git config changes
Run selected ci-tagged tests	Post Checkout vpsadmin	2026-09-14T11:05:32.9476998Z Adding repository directory to the temporary git global config as a safe directory
Run selected ci-tagged tests	Post Checkout vpsadmin	2026-09-14T11:05:32.9487728Z [command]/nix/store/nly4cml071i82515r89rpdw38z55wjqd-git-2.54.0/bin/git config --global --add safe.directory /run/github-runner/runner/vpsadmin/vpsadmin
Run selected ci-tagged tests	Post Checkout vpsadmin	2026-09-14T11:05:32.9570594Z Removing SSH command configuration
Run selected ci-tagged tests	Post Checkout vpsadmin	2026-09-14T11:05:32.9589718Z [command]/nix/store/nly4cml071i82515r89rpdw38z55wjqd-git-2.54.0/bin/git config --local --name-only --get-regexp core\.sshCommand
Run selected ci-tagged tests	Post Checkout vpsadmin	2026-09-14T11:05:32.9769440Z [command]/nix/store/nly4cml071i82515r89rpdw38z55wjqd-git-2.54.0/bin/git submodule foreach --recursive sh -c "git config --local --name-only --get-regexp 'core\.sshCommand' && git config --local --unset-all 'core.sshCommand' || :"
Run selected ci-tagged tests	Post Checkout vpsadmin	2026-09-14T11:05:33.0832240Z Removing HTTP extra header
Run selected ci-tagged tests	Post Checkout vpsadmin	2026-09-14T11:05:33.0845989Z [command]/nix/store/nly4cml071i82515r89rpdw38z55wjqd-git-2.54.0/bin/git config --local --name-only --get-regexp http\.https\:\/\/github\.com\/\.extraheader
Run selected ci-tagged tests	Post Checkout vpsadmin	2026-09-14T11:05:33.0986039Z [command]/nix/store/nly4cml071i82515r89rpdw38z55wjqd-git-2.54.0/bin/git submodule foreach --recursive sh -c "git config --local --name-only --get-regexp 'http\.https\:\/\/github\.com\/\.extraheader' && git config --local --unset-all 'http.https://github.com/.extraheader' || :"
Run selected ci-tagged tests	Post Checkout vpsadmin	2026-09-14T11:05:33.1925514Z Removing includeIf entries pointing to credentials config files
Run selected ci-tagged tests	Post Checkout vpsadmin	2026-09-14T11:05:33.1951519Z [command]/nix/store/nly4cml071i82515r89rpdw38z55wjqd-git-2.54.0/bin/git config --local --name-only --get-regexp ^includeIf\.gitdir:
Run selected ci-tagged tests	Post Checkout vpsadmin	2026-09-14T11:05:33.2070290Z includeif.gitdir:/run/github-runner/runner/vpsadmin/vpsadmin/.git.path
Run selected ci-tagged tests	Post Checkout vpsadmin	2026-09-14T11:05:33.2072848Z includeif.gitdir:/run/github-runner/runner/vpsadmin/vpsadmin/.git/worktrees/*.path
Run selected ci-tagged tests	Post Checkout vpsadmin	2026-09-14T11:05:33.2074617Z includeif.gitdir:/github/workspace/.git.path
Run selected ci-tagged tests	Post Checkout vpsadmin	2026-09-14T11:05:33.2075925Z includeif.gitdir:/github/workspace/.git/worktrees/*.path
Run selected ci-tagged tests	Post Checkout vpsadmin	2026-09-14T11:05:33.2101549Z [command]/nix/store/nly4cml071i82515r89rpdw38z55wjqd-git-2.54.0/bin/git config --local --get-all includeif.gitdir:/run/github-runner/runner/vpsadmin/vpsadmin/.git.path
Run selected ci-tagged tests	Post Checkout vpsadmin	2026-09-14T11:05:33.2172834Z /run/github-runner/runner/_temp/git-credentials-784d0b34-cb6f-4764-9d19-9604f65292f4.config
Run selected ci-tagged tests	Post Checkout vpsadmin	2026-09-14T11:05:33.2206845Z [command]/nix/store/nly4cml071i82515r89rpdw38z55wjqd-git-2.54.0/bin/git config --local --unset includeif.gitdir:/run/github-runner/runner/vpsadmin/vpsadmin/.git.path \/run\/github\-runner\/runner\/_temp\/git\-credentials\-784d0b34\-cb6f\-4764\-9d19\-9604f65292f4\.config
Run selected ci-tagged tests	Post Checkout vpsadmin	2026-09-14T11:05:33.2350134Z [command]/nix/store/nly4cml071i82515r89rpdw38z55wjqd-git-2.54.0/bin/git config --local --get-all includeif.gitdir:/run/github-runner/runner/vpsadmin/vpsadmin/.git/worktrees/*.path
Run selected ci-tagged tests	Post Checkout vpsadmin	2026-09-14T11:05:33.2427271Z /run/github-runner/runner/_temp/git-credentials-784d0b34-cb6f-4764-9d19-9604f65292f4.config
Run selected ci-tagged tests	Post Checkout vpsadmin	2026-09-14T11:05:33.2457948Z [command]/nix/store/nly4cml071i82515r89rpdw38z55wjqd-git-2.54.0/bin/git config --local --unset includeif.gitdir:/run/github-runner/runner/vpsadmin/vpsadmin/.git/worktrees/*.path \/run\/github\-runner\/runner\/_temp\/git\-credentials\-784d0b34\-cb6f\-4764\-9d19\-9604f65292f4\.config
Run selected ci-tagged tests	Post Checkout vpsadmin	2026-09-14T11:05:33.2603544Z [command]/nix/store/nly4cml071i82515r89rpdw38z55wjqd-git-2.54.0/bin/git config --local --get-all includeif.gitdir:/github/workspace/.git.path
Run selected ci-tagged tests	Post Checkout vpsadmin	2026-09-14T11:05:33.2691482Z /github/runner_temp/git-credentials-784d0b34-cb6f-4764-9d19-9604f65292f4.config
Run selected ci-tagged tests	Post Checkout vpsadmin	2026-09-14T11:05:33.2716259Z [command]/nix/store/nly4cml071i82515r89rpdw38z55wjqd-git-2.54.0/bin/git config --local --unset includeif.gitdir:/github/workspace/.git.path \/github\/runner_temp\/git\-credentials\-784d0b34\-cb6f\-4764\-9d19\-9604f65292f4\.config
Run selected ci-tagged tests	Post Checkout vpsadmin	2026-09-14T11:05:33.2871375Z [command]/nix/store/nly4cml071i82515r89rpdw38z55wjqd-git-2.54.0/bin/git config --local --get-all includeif.gitdir:/github/workspace/.git/worktrees/*.path
Run selected ci-tagged tests	Post Checkout vpsadmin	2026-09-14T11:05:33.2962721Z /github/runner_temp/git-credentials-784d0b34-cb6f-4764-9d19-9604f65292f4.config
Run selected ci-tagged tests	Post Checkout vpsadmin	2026-09-14T11:05:33.2990077Z [command]/nix/store/nly4cml071i82515r89rpdw38z55wjqd-git-2.54.0/bin/git config --local --unset includeif.gitdir:/github/workspace/.git/worktrees/*.path \/github\/runner_temp\/git\-credentials\-784d0b34\-cb6f\-4764\-9d19\-9604f65292f4\.config
Run selected ci-tagged tests	Post Checkout vpsadmin	2026-09-14T11:05:33.3146859Z [command]/nix/store/nly4cml071i82515r89rpdw38z55wjqd-git-2.54.0/bin/git submodule foreach --recursive git config --local --show-origin --name-only --get-regexp remote.origin.url
Run selected ci-tagged tests	Post Checkout vpsadmin	2026-09-14T11:05:33.4127162Z Removing credentials config '/run/github-runner/runner/_temp/git-credentials-784d0b34-cb6f-4764-9d19-9604f65292f4.config'
Run selected ci-tagged tests	Complete runner	﻿2026-09-14T11:05:33.4452328Z A job completed hook has been configured by the self-hosted runner administrator
Run selected ci-tagged tests	Complete runner	2026-09-14T11:05:33.4492083Z ##[group]Run '/nix/store/10h95s0bwjpj3811h99j036bxyrhk9g5-github-runner-job-completed.sh'
Run selected ci-tagged tests	Complete runner	2026-09-14T11:05:33.4500676Z shell: /nix/store/pkf547jp8a92k4wmxikkyby58w10pysr-bash-interactive-5.3p9/bin/bash --noprofile --norc -e -o pipefail {0}
Run selected ci-tagged tests	Complete runner	2026-09-14T11:05:33.4503521Z ##[endgroup]
Run selected ci-tagged tests	Complete runner	2026-09-14T11:05:33.4745100Z Cleared the GitHub runner job marker; Nix garbage collection can resume
Run selected ci-tagged tests	Complete job	﻿2026-09-14T11:05:33.4972221Z Cleaning up orphan processes
Run selected ci-tagged tests	Complete job	2026-09-14T11:05:33.5334036Z Terminate orphan process: pid (10911) (executor.rb:165)
Run selected ci-tagged tests	Complete job	2026-09-14T11:05:33.5421732Z Terminate orphan process: pid (11026) (virtiofsd)
Run selected ci-tagged tests	Complete job	2026-09-14T11:05:33.5507125Z Terminate orphan process: pid (11028) (virtiofsd)
Run selected ci-tagged tests	Complete job	2026-09-14T11:05:33.5588143Z Terminate orphan process: pid (11030) (qemu-kvm)
Run selected ci-tagged tests	Complete job	2026-09-14T11:05:33.5670527Z Terminate orphan process: pid (11034) (virtiofsd)
Run selected ci-tagged tests	Complete job	2026-09-14T11:05:33.5752946Z Terminate orphan process: pid (11036) (virtiofsd)
Run selected ci-tagged tests	Complete job	2026-09-14T11:05:33.5832277Z Terminate orphan process: pid (11050) (qemu-kvm)
Run selected ci-tagged tests	Complete job	2026-09-14T11:05:33.5914874Z Terminate orphan process: pid (11054) (virtiofsd)
Run selected ci-tagged tests	Complete job	2026-09-14T11:05:33.5999794Z Terminate orphan process: pid (11056) (virtiofsd)
Run selected ci-tagged tests	Complete job	2026-09-14T11:05:33.6080145Z Terminate orphan process: pid (11066) (qemu-kvm)
Run selected ci-tagged tests	Complete job	2026-09-14T11:05:33.6191017Z Terminate orphan process: pid (11389) (executor.rb:165)
Run selected ci-tagged tests	Complete job	2026-09-14T11:05:33.6271541Z Terminate orphan process: pid (11484) (virtiofsd)
Run selected ci-tagged tests	Complete job	2026-09-14T11:05:33.6351387Z Terminate orphan process: pid (11486) (virtiofsd)
Run selected ci-tagged tests	Complete job	2026-09-14T11:05:33.6430872Z Terminate orphan process: pid (11488) (qemu-kvm)
Run selected ci-tagged tests	Complete job	2026-09-14T11:05:33.6510943Z Terminate orphan process: pid (11492) (virtiofsd)
Run selected ci-tagged tests	Complete job	2026-09-14T11:05:33.6597227Z Terminate orphan process: pid (11494) (virtiofsd)
Run selected ci-tagged tests	Complete job	2026-09-14T11:05:33.6687509Z Terminate orphan process: pid (11508) (qemu-kvm)
Run selected ci-tagged tests	Complete job	2026-09-14T11:05:33.6819909Z Terminate orphan process: pid (11525) (executor.rb:165)
Run selected ci-tagged tests	Complete job	2026-09-14T11:05:33.6957389Z Terminate orphan process: pid (11639) (virtiofsd)
Run selected ci-tagged tests	Complete job	2026-09-14T11:05:33.7053365Z Terminate orphan process: pid (11641) (virtiofsd)
Run selected ci-tagged tests	Complete job	2026-09-14T11:05:33.7195398Z Terminate orphan process: pid (11643) (qemu-kvm)
Run selected ci-tagged tests	Complete job	2026-09-14T11:05:33.7334732Z Terminate orphan process: pid (11647) (virtiofsd)
Run selected ci-tagged tests	Complete job	2026-09-14T11:05:33.7431092Z Terminate orphan process: pid (11649) (virtiofsd)
Run selected ci-tagged tests	Complete job	2026-09-14T11:05:33.7510243Z Terminate orphan process: pid (11664) (qemu-kvm)
Run selected ci-tagged tests	Complete job	2026-09-14T11:05:33.7592672Z Terminate orphan process: pid (11668) (virtiofsd)
Run selected ci-tagged tests	Complete job	2026-09-14T11:05:33.7707232Z Terminate orphan process: pid (11670) (virtiofsd)
Run selected ci-tagged tests	Complete job	2026-09-14T11:05:33.7793958Z Terminate orphan process: pid (11680) (qemu-kvm)
Run selected ci-tagged tests	Complete job	2026-09-14T11:05:33.7873454Z Terminate orphan process: pid (11869) (executor.rb:165)
Run selected ci-tagged tests	Complete job	2026-09-14T11:05:33.7963051Z Terminate orphan process: pid (11965) (virtiofsd)
Run selected ci-tagged tests	Complete job	2026-09-14T11:05:33.8031130Z Terminate orphan process: pid (11967) (virtiofsd)
Run selected ci-tagged tests	Complete job	2026-09-14T11:05:33.8098920Z Terminate orphan process: pid (11970) (qemu-kvm)
Run selected ci-tagged tests	Complete job	2026-09-14T11:05:33.8167104Z Terminate orphan process: pid (11974) (virtiofsd)
Run selected ci-tagged tests	Complete job	2026-09-14T11:05:33.8235558Z Terminate orphan process: pid (11976) (virtiofsd)
Run selected ci-tagged tests	Complete job	2026-09-14T11:05:33.8304791Z Terminate orphan process: pid (11991) (qemu-kvm)
Run selected ci-tagged tests	Complete job	2026-09-14T11:05:33.8434848Z Terminate orphan process: pid (4179226) (ruby)
Run selected ci-tagged tests	Complete job	2026-09-14T11:05:33.8574596Z Terminate orphan process: pid (4179227) (tee)
