Run selected ci-tagged tests	Set up job	﻿2026-09-14T09:18:38.5490762Z Current runner version: '2.336.0'
Run selected ci-tagged tests	Set up job	2026-09-14T09:18:38.5507724Z Runner name: 'gh-runner2.int.vpsadminos.org'
Run selected ci-tagged tests	Set up job	2026-09-14T09:18:38.5509853Z Runner group name: 'vpsadminos runners'
Run selected ci-tagged tests	Set up job	2026-09-14T09:18:38.5511718Z Machine name: 'gh-runner2'
Run selected ci-tagged tests	Set up job	2026-09-14T09:18:38.5516934Z ##[group]GITHUB_TOKEN Permissions
Run selected ci-tagged tests	Set up job	2026-09-14T09:18:38.5521647Z Contents: read
Run selected ci-tagged tests	Set up job	2026-09-14T09:18:38.5522964Z Metadata: read
Run selected ci-tagged tests	Set up job	2026-09-14T09:18:38.5524015Z ##[endgroup]
Run selected ci-tagged tests	Set up job	2026-09-14T09:18:38.5529120Z Secret source: Actions
Run selected ci-tagged tests	Set up job	2026-09-14T09:18:38.5530985Z Cache mode: write
Run selected ci-tagged tests	Set up job	2026-09-14T09:18:38.5532729Z Prepare workflow directory
Run selected ci-tagged tests	Set up job	2026-09-14T09:18:38.6555250Z Prepare all required actions
Run selected ci-tagged tests	Set up job	2026-09-14T09:18:38.6667416Z Getting action download info
Run selected ci-tagged tests	Set up job	2026-09-14T09:18:39.2409032Z Download action repository 'actions/checkout@v7' (SHA:3d3c42e5aac5ba805825da76410c181273ba90b1)
Run selected ci-tagged tests	Set up job	2026-09-14T09:18:39.6834729Z Download action repository 'vpsfreecz/vpsadminos@staging' (SHA:c065fa2f8485399737e20e8ef9e44299d0766654)
Run selected ci-tagged tests	Set up job	2026-09-14T09:18:41.0736240Z Getting action download info
Run selected ci-tagged tests	Set up job	2026-09-14T09:18:41.2602530Z Download action repository 'actions/upload-artifact@v7' (SHA:043fb46d1a93c77aae656e7c1c64a875d1fc6a0a)
Run selected ci-tagged tests	Set up job	2026-09-14T09:18:42.0372975Z Complete job name: Run selected ci-tagged tests
Run selected ci-tagged tests	Set up runner	﻿2026-09-14T09:18:42.2334772Z A job started hook has been configured by the self-hosted runner administrator
Run selected ci-tagged tests	Set up runner	2026-09-14T09:18:42.2756630Z ##[group]Run '/nix/store/mbn3hvv6asg9kz979g5sjrmmr7f4kbyk-github-runner-job-started.sh'
Run selected ci-tagged tests	Set up runner	2026-09-14T09:18:42.2780378Z shell: /nix/store/pkf547jp8a92k4wmxikkyby58w10pysr-bash-interactive-5.3p9/bin/bash --noprofile --norc -e -o pipefail {0}
Run selected ci-tagged tests	Set up runner	2026-09-14T09:18:42.2787092Z ##[endgroup]
Run selected ci-tagged tests	Set up runner	2026-09-14T09:18:42.3323381Z Marked the GitHub runner job active; Nix garbage collection is deferred
Run selected ci-tagged tests	Checkout vpsadmin	﻿2026-09-14T09:18:42.4697408Z ##[group]Run actions/checkout@v7
Run selected ci-tagged tests	Checkout vpsadmin	2026-09-14T09:18:42.4701707Z with:
Run selected ci-tagged tests	Checkout vpsadmin	2026-09-14T09:18:42.4704716Z   fetch-depth: 0
Run selected ci-tagged tests	Checkout vpsadmin	2026-09-14T09:18:42.4708204Z   repository: vpsfreecz/vpsadmin
Run selected ci-tagged tests	Checkout vpsadmin	2026-09-14T09:18:42.4741762Z   token: ***
Run selected ci-tagged tests	Checkout vpsadmin	2026-09-14T09:18:42.4744919Z   ssh-strict: true
Run selected ci-tagged tests	Checkout vpsadmin	2026-09-14T09:18:42.4748885Z   ssh-user: git
Run selected ci-tagged tests	Checkout vpsadmin	2026-09-14T09:18:42.4752346Z   persist-credentials: true
Run selected ci-tagged tests	Checkout vpsadmin	2026-09-14T09:18:42.4756036Z   clean: true
Run selected ci-tagged tests	Checkout vpsadmin	2026-09-14T09:18:42.4759590Z   sparse-checkout-cone-mode: true
Run selected ci-tagged tests	Checkout vpsadmin	2026-09-14T09:18:42.4763552Z   fetch-tags: false
Run selected ci-tagged tests	Checkout vpsadmin	2026-09-14T09:18:42.4766895Z   show-progress: true
Run selected ci-tagged tests	Checkout vpsadmin	2026-09-14T09:18:42.4770340Z   lfs: false
Run selected ci-tagged tests	Checkout vpsadmin	2026-09-14T09:18:42.4773375Z   submodules: false
Run selected ci-tagged tests	Checkout vpsadmin	2026-09-14T09:18:42.4776735Z   set-safe-directory: true
Run selected ci-tagged tests	Checkout vpsadmin	2026-09-14T09:18:42.4780695Z   allow-unsafe-pr-checkout: false
Run selected ci-tagged tests	Checkout vpsadmin	2026-09-14T09:18:42.4784594Z ##[endgroup]
Run selected ci-tagged tests	Checkout vpsadmin	2026-09-14T09:18:42.8135819Z Syncing repository: vpsfreecz/vpsadmin
Run selected ci-tagged tests	Checkout vpsadmin	2026-09-14T09:18:42.8146188Z ##[group]Getting Git version info
Run selected ci-tagged tests	Checkout vpsadmin	2026-09-14T09:18:42.8151901Z Working directory is '/run/github-runner/runner/vpsadmin/vpsadmin'
Run selected ci-tagged tests	Checkout vpsadmin	2026-09-14T09:18:42.8162591Z [command]/nix/store/nly4cml071i82515r89rpdw38z55wjqd-git-2.54.0/bin/git version
Run selected ci-tagged tests	Checkout vpsadmin	2026-09-14T09:18:42.8168995Z git version 2.54.0
Run selected ci-tagged tests	Checkout vpsadmin	2026-09-14T09:18:42.8180958Z ##[endgroup]
Run selected ci-tagged tests	Checkout vpsadmin	2026-09-14T09:18:42.8202644Z Temporarily overriding HOME='/run/github-runner/runner/_temp/f5611c08-03df-45a6-8c14-04e46e7fb048' before making global git config changes
Run selected ci-tagged tests	Checkout vpsadmin	2026-09-14T09:18:42.8214074Z Adding repository directory to the temporary git global config as a safe directory
Run selected ci-tagged tests	Checkout vpsadmin	2026-09-14T09:18:42.8226066Z [command]/nix/store/nly4cml071i82515r89rpdw38z55wjqd-git-2.54.0/bin/git config --global --add safe.directory /run/github-runner/runner/vpsadmin/vpsadmin
Run selected ci-tagged tests	Checkout vpsadmin	2026-09-14T09:18:42.8302310Z [command]/nix/store/nly4cml071i82515r89rpdw38z55wjqd-git-2.54.0/bin/git config --local --get remote.origin.url
Run selected ci-tagged tests	Checkout vpsadmin	2026-09-14T09:18:42.8354358Z https://github.com/vpsfreecz/vpsadmin
Run selected ci-tagged tests	Checkout vpsadmin	2026-09-14T09:18:42.8387346Z ##[group]Removing previously created refs, to avoid conflicts
Run selected ci-tagged tests	Checkout vpsadmin	2026-09-14T09:18:42.8402046Z [command]/nix/store/nly4cml071i82515r89rpdw38z55wjqd-git-2.54.0/bin/git rev-parse --symbolic-full-name --verify --quiet HEAD
Run selected ci-tagged tests	Checkout vpsadmin	2026-09-14T09:18:42.8453414Z refs/heads/master
Run selected ci-tagged tests	Checkout vpsadmin	2026-09-14T09:18:42.8478550Z [command]/nix/store/nly4cml071i82515r89rpdw38z55wjqd-git-2.54.0/bin/git checkout --detach
Run selected ci-tagged tests	Checkout vpsadmin	2026-09-14T09:18:42.9041902Z HEAD is now at 791ab3aa8 api: share the public password length requirement
Run selected ci-tagged tests	Checkout vpsadmin	2026-09-14T09:18:42.9187647Z [command]/nix/store/nly4cml071i82515r89rpdw38z55wjqd-git-2.54.0/bin/git branch --delete --force master
Run selected ci-tagged tests	Checkout vpsadmin	2026-09-14T09:18:42.9270276Z Deleted branch master (was 791ab3aa8).
Run selected ci-tagged tests	Checkout vpsadmin	2026-09-14T09:18:42.9475342Z ##[endgroup]
Run selected ci-tagged tests	Checkout vpsadmin	2026-09-14T09:18:42.9486019Z [command]/nix/store/nly4cml071i82515r89rpdw38z55wjqd-git-2.54.0/bin/git submodule status
Run selected ci-tagged tests	Checkout vpsadmin	2026-09-14T09:18:43.0393948Z ##[group]Cleaning the repository
Run selected ci-tagged tests	Checkout vpsadmin	2026-09-14T09:18:43.0400764Z [command]/nix/store/nly4cml071i82515r89rpdw38z55wjqd-git-2.54.0/bin/git clean -ffdx
Run selected ci-tagged tests	Checkout vpsadmin	2026-09-14T09:18:43.0615139Z Removing changed-files.txt
Run selected ci-tagged tests	Checkout vpsadmin	2026-09-14T09:18:43.0622762Z Removing selected-tests.txt
Run selected ci-tagged tests	Checkout vpsadmin	2026-09-14T09:18:43.0642506Z [command]/nix/store/nly4cml071i82515r89rpdw38z55wjqd-git-2.54.0/bin/git reset --hard HEAD
Run selected ci-tagged tests	Checkout vpsadmin	2026-09-14T09:18:43.1058817Z HEAD is now at 791ab3aa8 api: share the public password length requirement
Run selected ci-tagged tests	Checkout vpsadmin	2026-09-14T09:18:43.1079336Z ##[endgroup]
Run selected ci-tagged tests	Checkout vpsadmin	2026-09-14T09:18:43.1084851Z ##[group]Disabling automatic garbage collection
Run selected ci-tagged tests	Checkout vpsadmin	2026-09-14T09:18:43.1091486Z [command]/nix/store/nly4cml071i82515r89rpdw38z55wjqd-git-2.54.0/bin/git config --local gc.auto 0
Run selected ci-tagged tests	Checkout vpsadmin	2026-09-14T09:18:43.1168786Z ##[endgroup]
Run selected ci-tagged tests	Checkout vpsadmin	2026-09-14T09:18:43.1173816Z ##[group]Setting up auth
Run selected ci-tagged tests	Checkout vpsadmin	2026-09-14T09:18:43.1177447Z Removing SSH command configuration
Run selected ci-tagged tests	Checkout vpsadmin	2026-09-14T09:18:43.1185441Z [command]/nix/store/nly4cml071i82515r89rpdw38z55wjqd-git-2.54.0/bin/git config --local --name-only --get-regexp core\.sshCommand
Run selected ci-tagged tests	Checkout vpsadmin	2026-09-14T09:18:43.1302670Z [command]/nix/store/nly4cml071i82515r89rpdw38z55wjqd-git-2.54.0/bin/git submodule foreach --recursive sh -c "git config --local --name-only --get-regexp 'core\.sshCommand' && git config --local --unset-all 'core.sshCommand' || :"
Run selected ci-tagged tests	Checkout vpsadmin	2026-09-14T09:18:43.2267958Z Removing HTTP extra header
Run selected ci-tagged tests	Checkout vpsadmin	2026-09-14T09:18:43.2281934Z [command]/nix/store/nly4cml071i82515r89rpdw38z55wjqd-git-2.54.0/bin/git config --local --name-only --get-regexp http\.https\:\/\/github\.com\/\.extraheader
Run selected ci-tagged tests	Checkout vpsadmin	2026-09-14T09:18:43.2411829Z [command]/nix/store/nly4cml071i82515r89rpdw38z55wjqd-git-2.54.0/bin/git submodule foreach --recursive sh -c "git config --local --name-only --get-regexp 'http\.https\:\/\/github\.com\/\.extraheader' && git config --local --unset-all 'http.https://github.com/.extraheader' || :"
Run selected ci-tagged tests	Checkout vpsadmin	2026-09-14T09:18:43.3368490Z Removing includeIf entries pointing to credentials config files
Run selected ci-tagged tests	Checkout vpsadmin	2026-09-14T09:18:43.3380552Z [command]/nix/store/nly4cml071i82515r89rpdw38z55wjqd-git-2.54.0/bin/git config --local --name-only --get-regexp ^includeIf\.gitdir:
Run selected ci-tagged tests	Checkout vpsadmin	2026-09-14T09:18:43.3497255Z [command]/nix/store/nly4cml071i82515r89rpdw38z55wjqd-git-2.54.0/bin/git submodule foreach --recursive git config --local --show-origin --name-only --get-regexp remote.origin.url
Run selected ci-tagged tests	Checkout vpsadmin	2026-09-14T09:18:43.4435836Z [command]/nix/store/nly4cml071i82515r89rpdw38z55wjqd-git-2.54.0/bin/git config --file /run/github-runner/runner/_temp/git-credentials-13dd3722-7d16-43e9-9377-0f436c8300a5.config http.https://github.com/.extraheader AUTHORIZATION: basic ***
Run selected ci-tagged tests	Checkout vpsadmin	2026-09-14T09:18:43.4527457Z [command]/nix/store/nly4cml071i82515r89rpdw38z55wjqd-git-2.54.0/bin/git config --local includeIf.gitdir:/run/github-runner/runner/vpsadmin/vpsadmin/.git.path /run/github-runner/runner/_temp/git-credentials-13dd3722-7d16-43e9-9377-0f436c8300a5.config
Run selected ci-tagged tests	Checkout vpsadmin	2026-09-14T09:18:43.4603139Z [command]/nix/store/nly4cml071i82515r89rpdw38z55wjqd-git-2.54.0/bin/git config --local includeIf.gitdir:/run/github-runner/runner/vpsadmin/vpsadmin/.git/worktrees/*.path /run/github-runner/runner/_temp/git-credentials-13dd3722-7d16-43e9-9377-0f436c8300a5.config
Run selected ci-tagged tests	Checkout vpsadmin	2026-09-14T09:18:43.4690192Z [command]/nix/store/nly4cml071i82515r89rpdw38z55wjqd-git-2.54.0/bin/git config --local includeIf.gitdir:/github/workspace/.git.path /github/runner_temp/git-credentials-13dd3722-7d16-43e9-9377-0f436c8300a5.config
Run selected ci-tagged tests	Checkout vpsadmin	2026-09-14T09:18:43.4784031Z [command]/nix/store/nly4cml071i82515r89rpdw38z55wjqd-git-2.54.0/bin/git config --local includeIf.gitdir:/github/workspace/.git/worktrees/*.path /github/runner_temp/git-credentials-13dd3722-7d16-43e9-9377-0f436c8300a5.config
Run selected ci-tagged tests	Checkout vpsadmin	2026-09-14T09:18:43.4853346Z ##[endgroup]
Run selected ci-tagged tests	Checkout vpsadmin	2026-09-14T09:18:43.4858307Z ##[group]Fetching the repository
Run selected ci-tagged tests	Checkout vpsadmin	2026-09-14T09:18:43.4872841Z [command]/nix/store/nly4cml071i82515r89rpdw38z55wjqd-git-2.54.0/bin/git -c protocol.version=2 fetch --no-tags --prune --no-recurse-submodules origin +refs/heads/*:refs/remotes/origin/* +refs/tags/*:refs/tags/*
Run selected ci-tagged tests	Checkout vpsadmin	2026-09-14T09:18:44.3564036Z From https://github.com/vpsfreecz/vpsadmin
Run selected ci-tagged tests	Checkout vpsadmin	2026-09-14T09:18:44.3574327Z  * [new branch]          2026-09-14-kernel-history-fix -> origin/2026-09-14-kernel-history-fix
Run selected ci-tagged tests	Checkout vpsadmin	2026-09-14T09:18:44.3670370Z [command]/nix/store/nly4cml071i82515r89rpdw38z55wjqd-git-2.54.0/bin/git branch --list --remote origin/2026-09-14-kernel-history-fix
Run selected ci-tagged tests	Checkout vpsadmin	2026-09-14T09:18:44.3749984Z   origin/2026-09-14-kernel-history-fix
Run selected ci-tagged tests	Checkout vpsadmin	2026-09-14T09:18:44.3781068Z [command]/nix/store/nly4cml071i82515r89rpdw38z55wjqd-git-2.54.0/bin/git rev-parse refs/remotes/origin/2026-09-14-kernel-history-fix
Run selected ci-tagged tests	Checkout vpsadmin	2026-09-14T09:18:44.3844284Z 2a312616b0bf10465c33bbca97c79b31b22e8ec8
Run selected ci-tagged tests	Checkout vpsadmin	2026-09-14T09:18:44.3861728Z ##[endgroup]
Run selected ci-tagged tests	Checkout vpsadmin	2026-09-14T09:18:44.3870301Z ##[group]Determining the checkout info
Run selected ci-tagged tests	Checkout vpsadmin	2026-09-14T09:18:44.3879828Z ##[endgroup]
Run selected ci-tagged tests	Checkout vpsadmin	2026-09-14T09:18:44.3888565Z [command]/nix/store/nly4cml071i82515r89rpdw38z55wjqd-git-2.54.0/bin/git sparse-checkout disable
Run selected ci-tagged tests	Checkout vpsadmin	2026-09-14T09:18:44.4058002Z [command]/nix/store/nly4cml071i82515r89rpdw38z55wjqd-git-2.54.0/bin/git config --local --unset-all extensions.worktreeConfig
Run selected ci-tagged tests	Checkout vpsadmin	2026-09-14T09:18:44.4151428Z ##[group]Checking out the ref
Run selected ci-tagged tests	Checkout vpsadmin	2026-09-14T09:18:44.4167823Z [command]/nix/store/nly4cml071i82515r89rpdw38z55wjqd-git-2.54.0/bin/git checkout --progress --force -B 2026-09-14-kernel-history-fix refs/remotes/origin/2026-09-14-kernel-history-fix
Run selected ci-tagged tests	Checkout vpsadmin	2026-09-14T09:18:44.4471632Z Previous HEAD position was 791ab3aa8 api: share the public password length requirement
Run selected ci-tagged tests	Checkout vpsadmin	2026-09-14T09:18:44.4508394Z Switched to a new branch '2026-09-14-kernel-history-fix'
Run selected ci-tagged tests	Checkout vpsadmin	2026-09-14T09:18:44.4520275Z branch '2026-09-14-kernel-history-fix' set up to track 'origin/2026-09-14-kernel-history-fix'.
Run selected ci-tagged tests	Checkout vpsadmin	2026-09-14T09:18:44.4542958Z ##[endgroup]
Run selected ci-tagged tests	Checkout vpsadmin	2026-09-14T09:18:44.4645108Z [command]/nix/store/nly4cml071i82515r89rpdw38z55wjqd-git-2.54.0/bin/git log -1 --format=%H
Run selected ci-tagged tests	Checkout vpsadmin	2026-09-14T09:18:44.4724466Z 2a312616b0bf10465c33bbca97c79b31b22e8ec8
Run selected ci-tagged tests	Select integration tests	﻿2026-09-14T09:18:44.5438425Z ##[group]Run set -euo pipefail
Run selected ci-tagged tests	Select integration tests	2026-09-14T09:18:44.5442215Z ^[[36;1mset -euo pipefail^[[0m
Run selected ci-tagged tests	Select integration tests	2026-09-14T09:18:44.5445201Z ^[[36;1m^[[0m
Run selected ci-tagged tests	Select integration tests	2026-09-14T09:18:44.5447830Z ^[[36;1mwrite_selection() {^[[0m
Run selected ci-tagged tests	Select integration tests	2026-09-14T09:18:44.5450950Z ^[[36;1m  {^[[0m
Run selected ci-tagged tests	Select integration tests	2026-09-14T09:18:44.5453717Z ^[[36;1m    echo "mode=$1"^[[0m
Run selected ci-tagged tests	Select integration tests	2026-09-14T09:18:44.5456807Z ^[[36;1m    echo "filter=$2"^[[0m
Run selected ci-tagged tests	Select integration tests	2026-09-14T09:18:44.5460025Z ^[[36;1m    echo "reason=$3"^[[0m
Run selected ci-tagged tests	Select integration tests	2026-09-14T09:18:44.5463118Z ^[[36;1m    echo "tags="^[[0m
Run selected ci-tagged tests	Select integration tests	2026-09-14T09:18:44.5466169Z ^[[36;1m  } >> "$GITHUB_OUTPUT"^[[0m
Run selected ci-tagged tests	Select integration tests	2026-09-14T09:18:44.5469689Z ^[[36;1m}^[[0m
Run selected ci-tagged tests	Select integration tests	2026-09-14T09:18:44.5472173Z ^[[36;1m^[[0m
Run selected ci-tagged tests	Select integration tests	2026-09-14T09:18:44.5475833Z ^[[36;1mif [[ "$EVENT_NAME" == "schedule" || "$DISPATCH_MODE" == "full" ]]; then^[[0m
Run selected ci-tagged tests	Select integration tests	2026-09-14T09:18:44.5481393Z ^[[36;1m  write_selection "full" "tag=ci" "scheduled or manual full run"^[[0m
Run selected ci-tagged tests	Select integration tests	2026-09-14T09:18:44.5485820Z ^[[36;1m  exit 0^[[0m
Run selected ci-tagged tests	Select integration tests	2026-09-14T09:18:44.5488422Z ^[[36;1mfi^[[0m
Run selected ci-tagged tests	Select integration tests	2026-09-14T09:18:44.5491030Z ^[[36;1m^[[0m
Run selected ci-tagged tests	Select integration tests	2026-09-14T09:18:44.5494129Z ^[[36;1mzero_rev="0000000000000000000000000000000000000000"^[[0m
Run selected ci-tagged tests	Select integration tests	2026-09-14T09:18:44.5497986Z ^[[36;1mbase=""^[[0m
Run selected ci-tagged tests	Select integration tests	2026-09-14T09:18:44.5500765Z ^[[36;1m^[[0m
Run selected ci-tagged tests	Select integration tests	2026-09-14T09:18:44.5504267Z ^[[36;1mif [[ -n "$EVENT_BEFORE" && "$EVENT_BEFORE" != "$zero_rev" ]]; then^[[0m
Run selected ci-tagged tests	Select integration tests	2026-09-14T09:18:44.5508777Z ^[[36;1m  base="$EVENT_BEFORE"^[[0m
Run selected ci-tagged tests	Select integration tests	2026-09-14T09:18:44.5511844Z ^[[36;1m^[[0m
Run selected ci-tagged tests	Select integration tests	2026-09-14T09:18:44.5515108Z ^[[36;1m  if ! git cat-file -e "${base}^{commit}" 2>/dev/null; then^[[0m
Run selected ci-tagged tests	Select integration tests	2026-09-14T09:18:44.5519207Z ^[[36;1m    base=""^[[0m
Run selected ci-tagged tests	Select integration tests	2026-09-14T09:18:44.5521921Z ^[[36;1m  fi^[[0m
Run selected ci-tagged tests	Select integration tests	2026-09-14T09:18:44.5524465Z ^[[36;1mfi^[[0m
Run selected ci-tagged tests	Select integration tests	2026-09-14T09:18:44.5526941Z ^[[36;1m^[[0m
Run selected ci-tagged tests	Select integration tests	2026-09-14T09:18:44.5529637Z ^[[36;1mif [[ -z "$base" ]]; then^[[0m
Run selected ci-tagged tests	Select integration tests	2026-09-14T09:18:44.5533032Z ^[[36;1m  git fetch --no-tags origin \^[[0m
Run selected ci-tagged tests	Select integration tests	2026-09-14T09:18:44.5538530Z ^[[36;1m    "+refs/heads/${DEFAULT_BRANCH}:refs/remotes/origin/${DEFAULT_BRANCH}"^[[0m
Run selected ci-tagged tests	Select integration tests	2026-09-14T09:18:44.5544421Z ^[[36;1m  base="$(git merge-base "$HEAD_SHA" "origin/${DEFAULT_BRANCH}" || true)"^[[0m
Run selected ci-tagged tests	Select integration tests	2026-09-14T09:18:44.5548931Z ^[[36;1mfi^[[0m
Run selected ci-tagged tests	Select integration tests	2026-09-14T09:18:44.5551446Z ^[[36;1m^[[0m
Run selected ci-tagged tests	Select integration tests	2026-09-14T09:18:44.5554049Z ^[[36;1mif [[ -z "$base" ]]; then^[[0m
Run selected ci-tagged tests	Select integration tests	2026-09-14T09:18:44.5558253Z ^[[36;1m  write_selection "full" "tag=ci" "unable to determine diff base"^[[0m
Run selected ci-tagged tests	Select integration tests	2026-09-14T09:18:44.5562616Z ^[[36;1m  exit 0^[[0m
Run selected ci-tagged tests	Select integration tests	2026-09-14T09:18:44.5565171Z ^[[36;1mfi^[[0m
Run selected ci-tagged tests	Select integration tests	2026-09-14T09:18:44.5567627Z ^[[36;1m^[[0m
Run selected ci-tagged tests	Select integration tests	2026-09-14T09:18:44.5571424Z ^[[36;1mgit diff --name-only "$base" "$HEAD_SHA" | sort -u > changed-files.txt^[[0m
Run selected ci-tagged tests	Select integration tests	2026-09-14T09:18:44.5575778Z ^[[36;1m^[[0m
Run selected ci-tagged tests	Select integration tests	2026-09-14T09:18:44.5579933Z ^[[36;1mnix shell --inputs-from . nixpkgs#ruby_3_4 -c ruby tools/select_ci_tests.rb \^[[0m
Run selected ci-tagged tests	Select integration tests	2026-09-14T09:18:44.5585069Z ^[[36;1m  --changed-files changed-files.txt \^[[0m
Run selected ci-tagged tests	Select integration tests	2026-09-14T09:18:44.5589003Z ^[[36;1m  --github-output "$GITHUB_OUTPUT"^[[0m
Run selected ci-tagged tests	Select integration tests	2026-09-14T09:18:44.5606817Z shell: /nix/store/pkf547jp8a92k4wmxikkyby58w10pysr-bash-interactive-5.3p9/bin/bash -e {0}
Run selected ci-tagged tests	Select integration tests	2026-09-14T09:18:44.5613974Z env:
Run selected ci-tagged tests	Select integration tests	2026-09-14T09:18:44.5616720Z   DEFAULT_BRANCH: master
Run selected ci-tagged tests	Select integration tests	2026-09-14T09:18:44.5619888Z   DISPATCH_MODE: 
Run selected ci-tagged tests	Select integration tests	2026-09-14T09:18:44.5623008Z   EVENT_BEFORE: 0000000000000000000000000000000000000000
Run selected ci-tagged tests	Select integration tests	2026-09-14T09:18:44.5626554Z   EVENT_NAME: push
Run selected ci-tagged tests	Select integration tests	2026-09-14T09:18:44.5629821Z   HEAD_SHA: 2a312616b0bf10465c33bbca97c79b31b22e8ec8
Run selected ci-tagged tests	Select integration tests	2026-09-14T09:18:44.5633633Z ##[endgroup]
Run selected ci-tagged tests	Select integration tests	2026-09-14T09:18:47.4802211Z mode=full
Run selected ci-tagged tests	Select integration tests	2026-09-14T09:18:47.4803763Z filter=tag=ci
Run selected ci-tagged tests	Select integration tests	2026-09-14T09:18:47.4805726Z reason=full rule matched api/db/migrate/20260914120000_add_node_kernel_event_last_confirmed_at.rb
Run selected ci-tagged tests	Preview selected tests	﻿2026-09-14T09:18:47.5233223Z ##[group]Run set -euo pipefail
Run selected ci-tagged tests	Preview selected tests	2026-09-14T09:18:47.5234801Z ^[[36;1mset -euo pipefail^[[0m
Run selected ci-tagged tests	Preview selected tests	2026-09-14T09:18:47.5235819Z ^[[36;1m^[[0m
Run selected ci-tagged tests	Preview selected tests	2026-09-14T09:18:47.5237082Z ^[[36;1mfilter="tag=ci"^[[0m
Run selected ci-tagged tests	Preview selected tests	2026-09-14T09:18:47.5238328Z ^[[36;1mmode="full"^[[0m
Run selected ci-tagged tests	Preview selected tests	2026-09-14T09:18:47.5240570Z ^[[36;1mreason="full rule matched api/db/migrate/20260914120000_add_node_kernel_event_last_confirmed_at.rb"^[[0m
Run selected ci-tagged tests	Preview selected tests	2026-09-14T09:18:47.5242787Z ^[[36;1m./test-runner.sh ls --filter "$filter" | tee selected-tests.txt^[[0m
Run selected ci-tagged tests	Preview selected tests	2026-09-14T09:18:47.5244575Z ^[[36;1mcount="$(grep -cve '^[[:space:]]*$' selected-tests.txt || true)"^[[0m
Run selected ci-tagged tests	Preview selected tests	2026-09-14T09:18:47.5245973Z ^[[36;1m^[[0m
Run selected ci-tagged tests	Preview selected tests	2026-09-14T09:18:47.5247015Z ^[[36;1mif [[ "$count" -eq 0 && "$mode" == "selected" ]]; then^[[0m
Run selected ci-tagged tests	Preview selected tests	2026-09-14T09:18:47.5248895Z ^[[36;1m  filter="tag=ci"^[[0m
Run selected ci-tagged tests	Preview selected tests	2026-09-14T09:18:47.5250056Z ^[[36;1m  mode="full"^[[0m
Run selected ci-tagged tests	Preview selected tests	2026-09-14T09:18:47.5251398Z ^[[36;1m  reason="selector matched zero tests; falling back to full CI"^[[0m
Run selected ci-tagged tests	Preview selected tests	2026-09-14T09:18:47.5252807Z ^[[36;1m^[[0m
Run selected ci-tagged tests	Preview selected tests	2026-09-14T09:18:47.5254003Z ^[[36;1m  ./test-runner.sh ls --filter "$filter" | tee selected-tests.txt^[[0m
Run selected ci-tagged tests	Preview selected tests	2026-09-14T09:18:47.5256098Z ^[[36;1m  count="$(grep -cve '^[[:space:]]*$' selected-tests.txt || true)"^[[0m
Run selected ci-tagged tests	Preview selected tests	2026-09-14T09:18:47.5258833Z ^[[36;1mfi^[[0m
Run selected ci-tagged tests	Preview selected tests	2026-09-14T09:18:47.5259785Z ^[[36;1m^[[0m
Run selected ci-tagged tests	Preview selected tests	2026-09-14T09:18:47.5260617Z ^[[36;1m{^[[0m
Run selected ci-tagged tests	Preview selected tests	2026-09-14T09:18:47.5261465Z ^[[36;1m  echo "mode=$mode"^[[0m
Run selected ci-tagged tests	Preview selected tests	2026-09-14T09:18:47.5262509Z ^[[36;1m  echo "filter=$filter"^[[0m
Run selected ci-tagged tests	Preview selected tests	2026-09-14T09:18:47.5263594Z ^[[36;1m  echo "reason=$reason"^[[0m
Run selected ci-tagged tests	Preview selected tests	2026-09-14T09:18:47.5264733Z ^[[36;1m  echo "count=$count"^[[0m
Run selected ci-tagged tests	Preview selected tests	2026-09-14T09:18:47.5265765Z ^[[36;1m} >> "$GITHUB_OUTPUT"^[[0m
Run selected ci-tagged tests	Preview selected tests	2026-09-14T09:18:47.5266738Z ^[[36;1m^[[0m
Run selected ci-tagged tests	Preview selected tests	2026-09-14T09:18:47.5267543Z ^[[36;1m{^[[0m
Run selected ci-tagged tests	Preview selected tests	2026-09-14T09:18:47.5268760Z ^[[36;1m  echo "### CI integration test selection"^[[0m
Run selected ci-tagged tests	Preview selected tests	2026-09-14T09:18:47.5270089Z ^[[36;1m  echo ""^[[0m
Run selected ci-tagged tests	Preview selected tests	2026-09-14T09:18:47.5271007Z ^[[36;1m  echo "- Mode: $mode"^[[0m
Run selected ci-tagged tests	Preview selected tests	2026-09-14T09:18:47.5272087Z ^[[36;1m  echo "- Filter: \`$filter\`"^[[0m
Run selected ci-tagged tests	Preview selected tests	2026-09-14T09:18:47.5273260Z ^[[36;1m  echo "- Selected scripts: $count"^[[0m
Run selected ci-tagged tests	Preview selected tests	2026-09-14T09:18:47.5274463Z ^[[36;1m  echo "- Reason: $reason"^[[0m
Run selected ci-tagged tests	Preview selected tests	2026-09-14T09:18:47.5275833Z ^[[36;1m  echo "- Stop after first unexpected result: \`false\`"^[[0m
Run selected ci-tagged tests	Preview selected tests	2026-09-14T09:18:47.5277149Z ^[[36;1m  echo ""^[[0m
Run selected ci-tagged tests	Preview selected tests	2026-09-14T09:18:47.5282625Z ^[[36;1m  echo "<details><summary>Selected test scripts</summary>"^[[0m
Run selected ci-tagged tests	Preview selected tests	2026-09-14T09:18:47.5284001Z ^[[36;1m  echo ""^[[0m
Run selected ci-tagged tests	Preview selected tests	2026-09-14T09:18:47.5284900Z ^[[36;1m  echo '```'^[[0m
Run selected ci-tagged tests	Preview selected tests	2026-09-14T09:18:47.5285871Z ^[[36;1m  cat selected-tests.txt^[[0m
Run selected ci-tagged tests	Preview selected tests	2026-09-14T09:18:47.5286909Z ^[[36;1m  echo '```'^[[0m
Run selected ci-tagged tests	Preview selected tests	2026-09-14T09:18:47.5287822Z ^[[36;1m  echo ""^[[0m
Run selected ci-tagged tests	Preview selected tests	2026-09-14T09:18:47.5289011Z ^[[36;1m  echo "</details>"^[[0m
Run selected ci-tagged tests	Preview selected tests	2026-09-14T09:18:47.5290399Z ^[[36;1m} >> "$GITHUB_STEP_SUMMARY"^[[0m
Run selected ci-tagged tests	Preview selected tests	2026-09-14T09:18:47.5299414Z shell: /nix/store/pkf547jp8a92k4wmxikkyby58w10pysr-bash-interactive-5.3p9/bin/bash -e {0}
Run selected ci-tagged tests	Preview selected tests	2026-09-14T09:18:47.5301362Z ##[endgroup]
Run selected ci-tagged tests	Preview selected tests	2026-09-14T09:18:57.2126536Z this derivation will be built:
Run selected ci-tagged tests	Preview selected tests	2026-09-14T09:18:57.2128284Z   /nix/store/2yr4lczivjdyhjxdds27jx9gfv3mviky-test-runner-repository-source.drv
Run selected ci-tagged tests	Preview selected tests	2026-09-14T09:18:57.2837073Z building '/nix/store/2yr4lczivjdyhjxdds27jx9gfv3mviky-test-runner-repository-source.drv'...
Run selected ci-tagged tests	Preview selected tests	2026-09-14T09:21:01.2083046Z admin/cluster-resource-package-assignment
Run selected ci-tagged tests	Preview selected tests	2026-09-14T09:21:01.2085188Z admin/dataset-plan-lifecycle
Run selected ci-tagged tests	Preview selected tests	2026-09-14T09:21:01.2086185Z admin/environment-defaults-propagation
Run selected ci-tagged tests	Preview selected tests	2026-09-14T09:21:01.2087221Z admin/location-network-primary-switch
Run selected ci-tagged tests	Preview selected tests	2026-09-14T09:21:01.2088806Z admin/nodectl-read-and-queue-control
Run selected ci-tagged tests	Preview selected tests	2026-09-14T09:21:01.2092192Z admin/nodectl-refresh-and-runtime-state
Run selected ci-tagged tests	Preview selected tests	2026-09-14T09:21:01.2093782Z admin/remote-mount-state
Run selected ci-tagged tests	Preview selected tests	2026-09-14T09:21:01.2094854Z admin/scheduler-socket-control
Run selected ci-tagged tests	Preview selected tests	2026-09-14T09:21:01.2096010Z alerts/incident-report-process
Run selected ci-tagged tests	Preview selected tests	2026-09-14T09:21:01.2097081Z alerts/lifetime-and-daily-report
Run selected ci-tagged tests	Preview selected tests	2026-09-14T09:21:01.2098129Z alerts/oom-report-notify-and-prune
Run selected ci-tagged tests	Preview selected tests	2026-09-14T09:21:01.2099500Z client/snapshot-download
Run selected ci-tagged tests	Preview selected tests	2026-09-14T09:21:01.2100343Z cluster/1-node
Run selected ci-tagged tests	Preview selected tests	2026-09-14T09:21:01.2101147Z cluster/2-node
Run selected ci-tagged tests	Preview selected tests	2026-09-14T09:21:01.2101976Z cluster/generate-migration-keys
Run selected ci-tagged tests	Preview selected tests	2026-09-14T09:21:01.2104048Z cluster/node-evacuate-basic
Run selected ci-tagged tests	Preview selected tests	2026-09-14T09:21:01.2104956Z cluster/node-evacuate-concurrency
Run selected ci-tagged tests	Preview selected tests	2026-09-14T09:21:01.2105917Z console-router
Run selected ci-tagged tests	Preview selected tests	2026-09-14T09:21:01.2106753Z dns/secondary-transfer-errors
Run selected ci-tagged tests	Preview selected tests	2026-09-14T09:21:01.2107779Z dns/server-zone-lifecycle
Run selected ci-tagged tests	Preview selected tests	2026-09-14T09:21:01.2108910Z dns/zone-transfer-config
Run selected ci-tagged tests	Preview selected tests	2026-09-14T09:21:01.2109830Z download-mounter
Run selected ci-tagged tests	Preview selected tests	2026-09-14T09:21:01.2110722Z network/export-enable-disable-hosts
Run selected ci-tagged tests	Preview selected tests	2026-09-14T09:21:01.2111829Z network/export-lifecycle
Run selected ci-tagged tests	Preview selected tests	2026-09-14T09:21:01.2112794Z network/network-interface-lifecycle
Run selected ci-tagged tests	Preview selected tests	2026-09-14T09:21:01.2113962Z network/network-interface-routes-and-host-ips
Run selected ci-tagged tests	Preview selected tests	2026-09-14T09:21:01.2115239Z network/network-interface-shaper-and-rename
Run selected ci-tagged tests	Preview selected tests	2026-09-14T09:21:01.2116307Z node/register
Run selected ci-tagged tests	Preview selected tests	2026-09-14T09:21:01.2117140Z pool/create
Run selected ci-tagged tests	Preview selected tests	2026-09-14T09:21:01.2117911Z services-up
Run selected ci-tagged tests	Preview selected tests	2026-09-14T09:21:01.2118855Z storage/backup-full-incremental
Run selected ci-tagged tests	Preview selected tests	2026-09-14T09:21:01.2120002Z storage/backup-full-incremental-remote
Run selected ci-tagged tests	Preview selected tests	2026-09-14T09:21:01.2121321Z storage/backup-multiple-destinations-diverged-remote
Run selected ci-tagged tests	Preview selected tests	2026-09-14T09:21:01.2122706Z storage/backup-multiple-destinations-remote
Run selected ci-tagged tests	Preview selected tests	2026-09-14T09:21:01.2123932Z storage/backup-remote-interrupted-recv
Run selected ci-tagged tests	Preview selected tests	2026-09-14T09:21:01.2125093Z storage/backup-remote-interrupted-send
Run selected ci-tagged tests	Preview selected tests	2026-09-14T09:21:01.2126193Z storage/branching-destroy
Run selected ci-tagged tests	Preview selected tests	2026-09-14T09:21:01.2127151Z storage/branching-rotation
Run selected ci-tagged tests	Preview selected tests	2026-09-14T09:21:01.2128185Z storage/branching-shared-snapshot-prune
Run selected ci-tagged tests	Preview selected tests	2026-09-14T09:21:01.2129431Z storage/complex-destroy-order
Run selected ci-tagged tests	Preview selected tests	2026-09-14T09:21:01.2130555Z storage/complex-rotation-order-pending
Run selected ci-tagged tests	Preview selected tests	2026-09-14T09:21:01.2131846Z storage/dataset-destroy-after-rollback-history
Run selected ci-tagged tests	Preview selected tests	2026-09-14T09:21:01.2133112Z storage/dataset-destroy-complex-history
Run selected ci-tagged tests	Preview selected tests	2026-09-14T09:21:01.2134180Z storage/dataset-migrate-remote
Run selected ci-tagged tests	Preview selected tests	2026-09-14T09:21:01.2135245Z storage/dataset-migrate-retain-source
Run selected ci-tagged tests	Preview selected tests	2026-09-14T09:21:01.2136310Z storage/dataset-migrate-rsync-remote
Run selected ci-tagged tests	Preview selected tests	2026-09-14T09:21:01.2137424Z storage/dataset-migrate-same-node
Run selected ci-tagged tests	Preview selected tests	2026-09-14T09:21:01.2138569Z storage/dataset-migrate-same-node-with-exports
Run selected ci-tagged tests	Preview selected tests	2026-09-14T09:21:01.2139832Z storage/group-snapshot
Run selected ci-tagged tests	Preview selected tests	2026-09-14T09:21:01.2140774Z storage/history-divergence-new-tree
Run selected ci-tagged tests	Preview selected tests	2026-09-14T09:21:01.2141856Z storage/repeated-rollback-branching
Run selected ci-tagged tests	Preview selected tests	2026-09-14T09:21:01.2142922Z storage/restore-after-reinstall-remote
Run selected ci-tagged tests	Preview selected tests	2026-09-14T09:21:01.2146007Z storage/restore-after-reinstall-with-descendants-remote
Run selected ci-tagged tests	Preview selected tests	2026-09-14T09:21:01.2147337Z storage/restore-remote-interrupted-recv
Run selected ci-tagged tests	Preview selected tests	2026-09-14T09:21:01.2148454Z storage/rollback-across-trees
Run selected ci-tagged tests	Preview selected tests	2026-09-14T09:21:01.2149628Z storage/rollback-dependent-branch-rotation
Run selected ci-tagged tests	Preview selected tests	2026-09-14T09:21:01.2150779Z storage/rollback-from-backup
Run selected ci-tagged tests	Preview selected tests	2026-09-14T09:21:01.2151826Z storage/rollback-from-remote-backup
Run selected ci-tagged tests	Preview selected tests	2026-09-14T09:21:01.2152926Z storage/rollback-with-descendants
Run selected ci-tagged tests	Preview selected tests	2026-09-14T09:21:01.2154035Z storage/snapshot-download-full-archive
Run selected ci-tagged tests	Preview selected tests	2026-09-14T09:21:01.2155346Z storage/snapshot-download-full-stream
Run selected ci-tagged tests	Preview selected tests	2026-09-14T09:21:01.2156903Z storage/snapshot-download-incremental-branch-mismatch
Run selected ci-tagged tests	Preview selected tests	2026-09-14T09:21:01.2158341Z storage/snapshot-download-incremental-stream
Run selected ci-tagged tests	Preview selected tests	2026-09-14T09:21:01.2159765Z storage/snapshot-download-incremental-transfer
Run selected ci-tagged tests	Preview selected tests	2026-09-14T09:21:01.2160972Z storage/snapshot-download-remove
Run selected ci-tagged tests	Preview selected tests	2026-09-14T09:21:01.2162375Z storage/source-rotation-after-backup-prune
Run selected ci-tagged tests	Preview selected tests	2026-09-14T09:21:01.2163583Z storage/topology-fixture-replay
Run selected ci-tagged tests	Preview selected tests	2026-09-14T09:21:01.2164650Z storage/topology-fixture-roundtrip
Run selected ci-tagged tests	Preview selected tests	2026-09-14T09:21:01.2165736Z storage/topology-reconciliation
Run selected ci-tagged tests	Preview selected tests	2026-09-14T09:21:01.2166873Z storage/vps-hard-delete-after-complex-history
Run selected ci-tagged tests	Preview selected tests	2026-09-14T09:21:01.2168363Z storage/vps-hard-delete-complex-history-with-descendants
Run selected ci-tagged tests	Preview selected tests	2026-09-14T09:21:01.2169762Z supervisor/runtime-ingestion
Run selected ci-tagged tests	Preview selected tests	2026-09-14T09:21:01.2170727Z tasks/auth-session-housekeeping
Run selected ci-tagged tests	Preview selected tests	2026-09-14T09:21:01.2171819Z tasks/dataset-expansion-enforce-and-resolve
Run selected ci-tagged tests	Preview selected tests	2026-09-14T09:21:01.2172848Z tasks/dns-reverse-record-check
Run selected ci-tagged tests	Preview selected tests	2026-09-14T09:21:01.2173832Z tasks/prometheus-export
Run selected ci-tagged tests	Preview selected tests	2026-09-14T09:21:01.2174676Z tx/chain-lifecycle
Run selected ci-tagged tests	Preview selected tests	2026-09-14T09:21:01.2175395Z tx/invalid-signature
Run selected ci-tagged tests	Preview selected tests	2026-09-14T09:21:01.2176157Z tx/keep-going-final-state
Run selected ci-tagged tests	Preview selected tests	2026-09-14T09:21:01.2177751Z tx/manual-confirmations
Run selected ci-tagged tests	Preview selected tests	2026-09-14T09:21:01.2178872Z tx/release-retry-resolve
Run selected ci-tagged tests	Preview selected tests	2026-09-14T09:21:01.2179786Z tx/rollback-state-machine
Run selected ci-tagged tests	Preview selected tests	2026-09-14T09:21:01.2180802Z user/create-with-initial-vps
Run selected ci-tagged tests	Preview selected tests	2026-09-14T09:21:01.2181817Z user/hard-delete-cascade
Run selected ci-tagged tests	Preview selected tests	2026-09-14T09:21:01.2182771Z user/soft-delete-revive-auth
Run selected ci-tagged tests	Preview selected tests	2026-09-14T09:21:01.2183719Z user/suspend-resume-cascade
Run selected ci-tagged tests	Preview selected tests	2026-09-14T09:21:01.2184724Z user/user-namespace-lifecycle
Run selected ci-tagged tests	Preview selected tests	2026-09-14T09:21:01.2185669Z vps/autostart-monitoring
Run selected ci-tagged tests	Preview selected tests	2026-09-14T09:21:01.2186624Z vps/clone-different-owner
Run selected ci-tagged tests	Preview selected tests	2026-09-14T09:21:01.2187552Z vps/clone-remote
Run selected ci-tagged tests	Preview selected tests	2026-09-14T09:21:01.2188443Z vps/clone-remote-consistent
Run selected ci-tagged tests	Preview selected tests	2026-09-14T09:21:01.2189630Z vps/clone-remote-consistent-keep-snapshots
Run selected ci-tagged tests	Preview selected tests	2026-09-14T09:21:01.2190859Z vps/clone-same-node
Run selected ci-tagged tests	Preview selected tests	2026-09-14T09:21:01.2191816Z vps/clone-with-descendants-and-mounts
Run selected ci-tagged tests	Preview selected tests	2026-09-14T09:21:01.2192866Z vps/create
Run selected ci-tagged tests	Preview selected tests	2026-09-14T09:21:01.2193742Z vps/deploy-public-key-and-user-data
Run selected ci-tagged tests	Preview selected tests	2026-09-14T09:21:01.2194832Z vps/expand-and-shrink-dataset
Run selected ci-tagged tests	Preview selected tests	2026-09-14T09:21:01.2195849Z vps/hard-delete-basic
Run selected ci-tagged tests	Preview selected tests	2026-09-14T09:21:01.2196688Z vps/migrate
Run selected ci-tagged tests	Preview selected tests	2026-09-14T09:21:01.2197495Z vps/migrate-no-start
Run selected ci-tagged tests	Preview selected tests	2026-09-14T09:21:01.2198393Z vps/migrate-skip-start
Run selected ci-tagged tests	Preview selected tests	2026-09-14T09:21:01.2199459Z vps/migrate-with-data-check
Run selected ci-tagged tests	Preview selected tests	2026-09-14T09:21:01.2200547Z vps/migrate-with-open-maintenance-window
Run selected ci-tagged tests	Preview selected tests	2026-09-14T09:21:01.2201844Z vps/migrate-with-subdataset-mounts
Run selected ci-tagged tests	Preview selected tests	2026-09-14T09:21:01.2202887Z vps/mount-lifecycle
Run selected ci-tagged tests	Preview selected tests	2026-09-14T09:21:01.2203744Z vps/passwd
Run selected ci-tagged tests	Preview selected tests	2026-09-14T09:21:01.2204638Z vps/reinstall
Run selected ci-tagged tests	Preview selected tests	2026-09-14T09:21:01.2205556Z vps/reinstall-with-user-data-and-keys
Run selected ci-tagged tests	Preview selected tests	2026-09-14T09:21:01.2206603Z vps/replace-no-start
Run selected ci-tagged tests	Preview selected tests	2026-09-14T09:21:01.2207534Z vps/replace-remote
Run selected ci-tagged tests	Preview selected tests	2026-09-14T09:21:01.2208405Z vps/replace-same-node
Run selected ci-tagged tests	Preview selected tests	2026-09-14T09:21:01.2209748Z vps/replace-with-backups
Run selected ci-tagged tests	Preview selected tests	2026-09-14T09:21:01.2210786Z vps/replace-with-backups-remote
Run selected ci-tagged tests	Preview selected tests	2026-09-14T09:21:01.2211895Z vps/replace-with-descendants-and-mounts
Run selected ci-tagged tests	Preview selected tests	2026-09-14T09:21:01.2213144Z vps/start-stop-restart-boot
Run selected ci-tagged tests	Preview selected tests	2026-09-14T09:21:01.2214139Z vps/swap-across-locations
Run selected ci-tagged tests	Preview selected tests	2026-09-14T09:21:01.2215146Z vps/update-resources-and-features
Run selected ci-tagged tests	Preview selected tests	2026-09-14T09:21:01.2216176Z webui#admin-cluster
Run selected ci-tagged tests	Preview selected tests	2026-09-14T09:21:01.2217028Z webui#auth
Run selected ci-tagged tests	Preview selected tests	2026-09-14T09:21:01.2217876Z webui#jumpto
Run selected ci-tagged tests	Preview selected tests	2026-09-14T09:21:01.2218785Z webui#misc-pages
Run selected ci-tagged tests	Preview selected tests	2026-09-14T09:21:01.2220337Z webui#navigation-readonly
Run selected ci-tagged tests	Preview selected tests	2026-09-14T09:21:01.2221297Z webui#networking-dns
Run selected ci-tagged tests	Preview selected tests	2026-09-14T09:21:01.2222175Z webui#security-advisories
Run selected ci-tagged tests	Preview selected tests	2026-09-14T09:21:01.2223159Z webui#storage-backup-export
Run selected ci-tagged tests	Preview selected tests	2026-09-14T09:21:01.2224220Z webui#support-pages
Run selected ci-tagged tests	Preview selected tests	2026-09-14T09:21:01.2225084Z webui#transactions
Run selected ci-tagged tests	Preview selected tests	2026-09-14T09:21:01.2225928Z webui#userns
Run selected ci-tagged tests	Preview selected tests	2026-09-14T09:21:01.2226739Z webui#users-admin
Run selected ci-tagged tests	Preview selected tests	2026-09-14T09:21:01.2227611Z webui#users-self-service
Run selected ci-tagged tests	Preview selected tests	2026-09-14T09:21:01.2228535Z webui#vps-admin-core
Run selected ci-tagged tests	Preview selected tests	2026-09-14T09:21:01.2229494Z webui#vps-admin-ops
Run selected ci-tagged tests	Preview selected tests	2026-09-14T09:21:01.2230331Z webui#vps-lifecycle
Run selected ci-tagged tests	Preview selected tests	2026-09-14T09:21:01.2231153Z webui#vps-user-core
Run selected ci-tagged tests	Preview selected tests	2026-09-14T09:21:01.2231971Z webui#vps-user-ops
Run selected ci-tagged tests	Prepare test state	﻿2026-09-14T09:21:01.2796077Z ##[group]Run vpsfreecz/vpsadminos/.github/actions/prepare-test-state@staging
Run selected ci-tagged tests	Prepare test state	2026-09-14T09:21:01.2798317Z ##[endgroup]
Run selected ci-tagged tests	Prepare test state	2026-09-14T09:21:01.3047666Z ##[start-action display=Run bash "$GITHUB_ACTION_PATH/prepare-test-state.bash";id=prepare-tests.prepare]
Run selected ci-tagged tests	Prepare test state	2026-09-14T09:21:01.3144787Z ##[group]Run bash "$GITHUB_ACTION_PATH/prepare-test-state.bash"
Run selected ci-tagged tests	Prepare test state	2026-09-14T09:21:01.3147776Z ^[[36;1mbash "$GITHUB_ACTION_PATH/prepare-test-state.bash"^[[0m
Run selected ci-tagged tests	Prepare test state	2026-09-14T09:21:01.3157840Z shell: /nix/store/pkf547jp8a92k4wmxikkyby58w10pysr-bash-interactive-5.3p9/bin/bash --noprofile --norc -e -o pipefail {0}
Run selected ci-tagged tests	Prepare test state	2026-09-14T09:21:01.3160134Z env:
Run selected ci-tagged tests	Prepare test state	2026-09-14T09:21:01.3160946Z   TEST_STATE_REPOSITORY_ID: 19884793
Run selected ci-tagged tests	Prepare test state	2026-09-14T09:21:01.3161975Z   TEST_STATE_RUN_ID: 34827227475
Run selected ci-tagged tests	Prepare test state	2026-09-14T09:21:01.3163728Z   TEST_STATE_RUN_ATTEMPT: 1
Run selected ci-tagged tests	Prepare test state	2026-09-14T09:21:01.3164708Z ##[endgroup]
Run selected ci-tagged tests	Prepare test state	2026-09-14T09:21:01.3439757Z Prepared test-runner state directory: /tmp/os-test-runner-19884793-34827227475-1
Run selected ci-tagged tests	Prepare test state	2026-09-14T09:21:01.3506261Z ##[end-action id=prepare-tests.prepare;outcome=success;conclusion=success;duration_ms=45]
Run selected ci-tagged tests	Run tests	﻿2026-09-14T09:21:01.3704486Z ##[group]Run set -o pipefail
Run selected ci-tagged tests	Run tests	2026-09-14T09:21:01.3705967Z ^[[36;1mset -o pipefail^[[0m
Run selected ci-tagged tests	Run tests	2026-09-14T09:21:01.3706743Z ^[[36;1m^[[0m
Run selected ci-tagged tests	Run tests	2026-09-14T09:21:01.3707336Z ^[[36;1margs=(^[[0m
Run selected ci-tagged tests	Run tests	2026-09-14T09:21:01.3707990Z ^[[36;1m  test^[[0m
Run selected ci-tagged tests	Run tests	2026-09-14T09:21:01.3708981Z ^[[36;1m  --state-dir "$TEST_RUNNER_STATE_DIR"^[[0m
Run selected ci-tagged tests	Run tests	2026-09-14T09:21:01.3709945Z ^[[36;1m  -f^[[0m
Run selected ci-tagged tests	Run tests	2026-09-14T09:21:01.3710590Z ^[[36;1m  --jobs auto^[[0m
Run selected ci-tagged tests	Run tests	2026-09-14T09:21:01.3711673Z ^[[36;1m  --filter "tag=ci"^[[0m
Run selected ci-tagged tests	Run tests	2026-09-14T09:21:01.3712443Z ^[[36;1m)^[[0m
Run selected ci-tagged tests	Run tests	2026-09-14T09:21:01.3713029Z ^[[36;1m^[[0m
Run selected ci-tagged tests	Run tests	2026-09-14T09:21:01.3713926Z ^[[36;1mif [[ "$STOP_ON_FAILURE" == "true" ]]; then^[[0m
Run selected ci-tagged tests	Run tests	2026-09-14T09:21:01.3715128Z ^[[36;1m  args+=(--stop-on-failure)^[[0m
Run selected ci-tagged tests	Run tests	2026-09-14T09:21:01.3716139Z ^[[36;1mfi^[[0m
Run selected ci-tagged tests	Run tests	2026-09-14T09:21:01.3717226Z ^[[36;1m^[[0m
Run selected ci-tagged tests	Run tests	2026-09-14T09:21:01.3718440Z ^[[36;1m./test-runner.sh "${args[@]}" | tee "$TEST_RUNNER_STATE_DIR/test.log"^[[0m
Run selected ci-tagged tests	Run tests	2026-09-14T09:21:01.3727173Z shell: /nix/store/pkf547jp8a92k4wmxikkyby58w10pysr-bash-interactive-5.3p9/bin/bash -e {0}
Run selected ci-tagged tests	Run tests	2026-09-14T09:21:01.3729755Z env:
Run selected ci-tagged tests	Run tests	2026-09-14T09:21:01.3730907Z   TEST_RUNNER_STATE_DIR: /tmp/os-test-runner-19884793-34827227475-1
Run selected ci-tagged tests	Run tests	2026-09-14T09:21:01.3732282Z   STOP_ON_FAILURE: false
Run selected ci-tagged tests	Run tests	2026-09-14T09:21:01.3733296Z ##[endgroup]
Run selected ci-tagged tests	Run tests	2026-09-14T09:21:09.5436209Z this derivation will be built:
Run selected ci-tagged tests	Run tests	2026-09-14T09:21:09.5438399Z   /nix/store/dzkrcg13dqdjd7pn1dggk1z9z9qc0sc6-test-runner-repository-source.drv
Run selected ci-tagged tests	Run tests	2026-09-14T09:21:09.6173326Z building '/nix/store/dzkrcg13dqdjd7pn1dggk1z9z9qc0sc6-test-runner-repository-source.drv'...
Run selected ci-tagged tests	Run tests	2026-09-14T09:23:21.9717842Z The following test scripts will be run:
Run selected ci-tagged tests	Run tests	2026-09-14T09:23:21.9719947Z   admin/cluster-resource-package-assignment
Run selected ci-tagged tests	Run tests	2026-09-14T09:23:21.9721521Z   admin/dataset-plan-lifecycle
Run selected ci-tagged tests	Run tests	2026-09-14T09:23:21.9722962Z   admin/environment-defaults-propagation
Run selected ci-tagged tests	Run tests	2026-09-14T09:23:21.9724586Z   admin/location-network-primary-switch
Run selected ci-tagged tests	Run tests	2026-09-14T09:23:21.9726107Z   admin/nodectl-read-and-queue-control
Run selected ci-tagged tests	Run tests	2026-09-14T09:23:21.9727613Z   admin/nodectl-refresh-and-runtime-state
Run selected ci-tagged tests	Run tests	2026-09-14T09:23:21.9729269Z   admin/remote-mount-state
Run selected ci-tagged tests	Run tests	2026-09-14T09:23:21.9730764Z   admin/scheduler-socket-control
Run selected ci-tagged tests	Run tests	2026-09-14T09:23:21.9732171Z   alerts/incident-report-process
Run selected ci-tagged tests	Run tests	2026-09-14T09:23:21.9733562Z   alerts/lifetime-and-daily-report
Run selected ci-tagged tests	Run tests	2026-09-14T09:23:21.9738133Z   alerts/oom-report-notify-and-prune
Run selected ci-tagged tests	Run tests	2026-09-14T09:23:21.9739758Z   client/snapshot-download
Run selected ci-tagged tests	Run tests	2026-09-14T09:23:21.9741023Z   cluster/1-node
Run selected ci-tagged tests	Run tests	2026-09-14T09:23:21.9742177Z   cluster/2-node
Run selected ci-tagged tests	Run tests	2026-09-14T09:23:21.9743575Z   cluster/generate-migration-keys
Run selected ci-tagged tests	Run tests	2026-09-14T09:23:21.9744979Z   cluster/node-evacuate-basic
Run selected ci-tagged tests	Run tests	2026-09-14T09:23:21.9746373Z   cluster/node-evacuate-concurrency
Run selected ci-tagged tests	Run tests	2026-09-14T09:23:21.9747725Z   console-router
Run selected ci-tagged tests	Run tests	2026-09-14T09:23:21.9749322Z   dns/secondary-transfer-errors
Run selected ci-tagged tests	Run tests	2026-09-14T09:23:21.9750664Z   dns/server-zone-lifecycle
Run selected ci-tagged tests	Run tests	2026-09-14T09:23:21.9751922Z   dns/zone-transfer-config
Run selected ci-tagged tests	Run tests	2026-09-14T09:23:21.9753260Z   download-mounter
Run selected ci-tagged tests	Run tests	2026-09-14T09:23:21.9754485Z   network/export-enable-disable-hosts
Run selected ci-tagged tests	Run tests	2026-09-14T09:23:21.9755942Z   network/export-lifecycle
Run selected ci-tagged tests	Run tests	2026-09-14T09:23:21.9757260Z   network/network-interface-lifecycle
Run selected ci-tagged tests	Run tests	2026-09-14T09:23:21.9759027Z   network/network-interface-routes-and-host-ips
Run selected ci-tagged tests	Run tests	2026-09-14T09:23:21.9760777Z   network/network-interface-shaper-and-rename
Run selected ci-tagged tests	Run tests	2026-09-14T09:23:21.9762290Z   node/register
Run selected ci-tagged tests	Run tests	2026-09-14T09:23:21.9763383Z   pool/create
Run selected ci-tagged tests	Run tests	2026-09-14T09:23:21.9764396Z   services-up
Run selected ci-tagged tests	Run tests	2026-09-14T09:23:21.9765514Z   storage/backup-full-incremental
Run selected ci-tagged tests	Run tests	2026-09-14T09:23:21.9766961Z   storage/backup-full-incremental-remote
Run selected ci-tagged tests	Run tests	2026-09-14T09:23:21.9768986Z   storage/backup-multiple-destinations-diverged-remote
Run selected ci-tagged tests	Run tests	2026-09-14T09:23:21.9770805Z   storage/backup-multiple-destinations-remote
Run selected ci-tagged tests	Run tests	2026-09-14T09:23:21.9772495Z   storage/backup-remote-interrupted-recv
Run selected ci-tagged tests	Run tests	2026-09-14T09:23:21.9774058Z   storage/backup-remote-interrupted-send
Run selected ci-tagged tests	Run tests	2026-09-14T09:23:21.9775530Z   storage/branching-destroy
Run selected ci-tagged tests	Run tests	2026-09-14T09:23:21.9776819Z   storage/branching-rotation
Run selected ci-tagged tests	Run tests	2026-09-14T09:23:21.9778227Z   storage/branching-shared-snapshot-prune
Run selected ci-tagged tests	Run tests	2026-09-14T09:23:21.9779883Z   storage/complex-destroy-order
Run selected ci-tagged tests	Run tests	2026-09-14T09:23:21.9782234Z   storage/complex-rotation-order-pending
Run selected ci-tagged tests	Run tests	2026-09-14T09:23:21.9783852Z   storage/dataset-destroy-after-rollback-history
Run selected ci-tagged tests	Run tests	2026-09-14T09:23:21.9785503Z   storage/dataset-destroy-complex-history
Run selected ci-tagged tests	Run tests	2026-09-14T09:23:21.9787075Z   storage/dataset-migrate-remote
Run selected ci-tagged tests	Run tests	2026-09-14T09:23:21.9788433Z   storage/dataset-migrate-retain-source
Run selected ci-tagged tests	Run tests	2026-09-14T09:23:21.9790093Z   storage/dataset-migrate-rsync-remote
Run selected ci-tagged tests	Run tests	2026-09-14T09:23:21.9791606Z   storage/dataset-migrate-same-node
Run selected ci-tagged tests	Run tests	2026-09-14T09:23:21.9793188Z   storage/dataset-migrate-same-node-with-exports
Run selected ci-tagged tests	Run tests	2026-09-14T09:23:21.9794803Z   storage/group-snapshot
Run selected ci-tagged tests	Run tests	2026-09-14T09:23:21.9796103Z   storage/history-divergence-new-tree
Run selected ci-tagged tests	Run tests	2026-09-14T09:23:21.9797590Z   storage/repeated-rollback-branching
Run selected ci-tagged tests	Run tests	2026-09-14T09:23:21.9799339Z   storage/restore-after-reinstall-remote
Run selected ci-tagged tests	Run tests	2026-09-14T09:23:21.9801175Z   storage/restore-after-reinstall-with-descendants-remote
Run selected ci-tagged tests	Run tests	2026-09-14T09:23:21.9803037Z   storage/restore-remote-interrupted-recv
Run selected ci-tagged tests	Run tests	2026-09-14T09:23:21.9804638Z   storage/rollback-across-trees
Run selected ci-tagged tests	Run tests	2026-09-14T09:23:21.9806158Z   storage/rollback-dependent-branch-rotation
Run selected ci-tagged tests	Run tests	2026-09-14T09:23:21.9807715Z   storage/rollback-from-backup
Run selected ci-tagged tests	Run tests	2026-09-14T09:23:21.9809234Z   storage/rollback-from-remote-backup
Run selected ci-tagged tests	Run tests	2026-09-14T09:23:21.9810699Z   storage/rollback-with-descendants
Run selected ci-tagged tests	Run tests	2026-09-14T09:23:21.9812130Z   storage/snapshot-download-full-archive
Run selected ci-tagged tests	Run tests	2026-09-14T09:23:21.9813568Z   storage/snapshot-download-full-stream
Run selected ci-tagged tests	Run tests	2026-09-14T09:23:21.9815172Z   storage/snapshot-download-incremental-branch-mismatch
Run selected ci-tagged tests	Run tests	2026-09-14T09:23:21.9816923Z   storage/snapshot-download-incremental-stream
Run selected ci-tagged tests	Run tests	2026-09-14T09:23:21.9818801Z   storage/snapshot-download-incremental-transfer
Run selected ci-tagged tests	Run tests	2026-09-14T09:23:21.9820585Z   storage/snapshot-download-remove
Run selected ci-tagged tests	Run tests	2026-09-14T09:23:21.9822134Z   storage/source-rotation-after-backup-prune
Run selected ci-tagged tests	Run tests	2026-09-14T09:23:21.9823742Z   storage/topology-fixture-replay
Run selected ci-tagged tests	Run tests	2026-09-14T09:23:21.9825171Z   storage/topology-fixture-roundtrip
Run selected ci-tagged tests	Run tests	2026-09-14T09:23:21.9826584Z   storage/topology-reconciliation
Run selected ci-tagged tests	Run tests	2026-09-14T09:23:21.9828066Z   storage/vps-hard-delete-after-complex-history
Run selected ci-tagged tests	Run tests	2026-09-14T09:23:21.9830192Z   storage/vps-hard-delete-complex-history-with-descendants
Run selected ci-tagged tests	Run tests	2026-09-14T09:23:21.9831945Z   supervisor/runtime-ingestion
Run selected ci-tagged tests	Run tests	2026-09-14T09:23:21.9833225Z   tasks/auth-session-housekeeping
Run selected ci-tagged tests	Run tests	2026-09-14T09:23:21.9835660Z   tasks/dataset-expansion-enforce-and-resolve
Run selected ci-tagged tests	Run tests	2026-09-14T09:23:21.9837270Z   tasks/dns-reverse-record-check
Run selected ci-tagged tests	Run tests	2026-09-14T09:23:21.9838898Z   tasks/prometheus-export
Run selected ci-tagged tests	Run tests	2026-09-14T09:23:21.9840130Z   tx/chain-lifecycle
Run selected ci-tagged tests	Run tests	2026-09-14T09:23:21.9841285Z   tx/invalid-signature
Run selected ci-tagged tests	Run tests	2026-09-14T09:23:21.9842492Z   tx/keep-going-final-state
Run selected ci-tagged tests	Run tests	2026-09-14T09:23:21.9843767Z   tx/manual-confirmations
Run selected ci-tagged tests	Run tests	2026-09-14T09:23:21.9845024Z   tx/release-retry-resolve
Run selected ci-tagged tests	Run tests	2026-09-14T09:23:21.9846293Z   tx/rollback-state-machine
Run selected ci-tagged tests	Run tests	2026-09-14T09:23:21.9847594Z   user/create-with-initial-vps
Run selected ci-tagged tests	Run tests	2026-09-14T09:23:21.9849052Z   user/hard-delete-cascade
Run selected ci-tagged tests	Run tests	2026-09-14T09:23:21.9850319Z   user/soft-delete-revive-auth
Run selected ci-tagged tests	Run tests	2026-09-14T09:23:21.9851574Z   user/suspend-resume-cascade
Run selected ci-tagged tests	Run tests	2026-09-14T09:23:21.9852917Z   user/user-namespace-lifecycle
Run selected ci-tagged tests	Run tests	2026-09-14T09:23:21.9854309Z   vps/autostart-monitoring
Run selected ci-tagged tests	Run tests	2026-09-14T09:23:21.9855571Z   vps/clone-different-owner
Run selected ci-tagged tests	Run tests	2026-09-14T09:23:21.9856826Z   vps/clone-remote
Run selected ci-tagged tests	Run tests	2026-09-14T09:23:21.9858012Z   vps/clone-remote-consistent
Run selected ci-tagged tests	Run tests	2026-09-14T09:23:21.9859653Z   vps/clone-remote-consistent-keep-snapshots
Run selected ci-tagged tests	Run tests	2026-09-14T09:23:21.9861230Z   vps/clone-same-node
Run selected ci-tagged tests	Run tests	2026-09-14T09:23:21.9862504Z   vps/clone-with-descendants-and-mounts
Run selected ci-tagged tests	Run tests	2026-09-14T09:23:21.9863922Z   vps/create
Run selected ci-tagged tests	Run tests	2026-09-14T09:23:21.9865094Z   vps/deploy-public-key-and-user-data
Run selected ci-tagged tests	Run tests	2026-09-14T09:23:21.9866558Z   vps/expand-and-shrink-dataset
Run selected ci-tagged tests	Run tests	2026-09-14T09:23:21.9867969Z   vps/hard-delete-basic
Run selected ci-tagged tests	Run tests	2026-09-14T09:23:21.9869250Z   vps/migrate
Run selected ci-tagged tests	Run tests	2026-09-14T09:23:21.9870347Z   vps/migrate-no-start
Run selected ci-tagged tests	Run tests	2026-09-14T09:23:21.9871560Z   vps/migrate-skip-start
Run selected ci-tagged tests	Run tests	2026-09-14T09:23:21.9872850Z   vps/migrate-with-data-check
Run selected ci-tagged tests	Run tests	2026-09-14T09:23:21.9874296Z   vps/migrate-with-open-maintenance-window
Run selected ci-tagged tests	Run tests	2026-09-14T09:23:21.9875854Z   vps/migrate-with-subdataset-mounts
Run selected ci-tagged tests	Run tests	2026-09-14T09:23:21.9878122Z   vps/mount-lifecycle
Run selected ci-tagged tests	Run tests	2026-09-14T09:23:21.9879440Z   vps/passwd
Run selected ci-tagged tests	Run tests	2026-09-14T09:23:21.9880475Z   vps/reinstall
Run selected ci-tagged tests	Run tests	2026-09-14T09:23:21.9881651Z   vps/reinstall-with-user-data-and-keys
Run selected ci-tagged tests	Run tests	2026-09-14T09:23:21.9883144Z   vps/replace-no-start
Run selected ci-tagged tests	Run tests	2026-09-14T09:23:21.9884378Z   vps/replace-remote
Run selected ci-tagged tests	Run tests	2026-09-14T09:23:21.9885521Z   vps/replace-same-node
Run selected ci-tagged tests	Run tests	2026-09-14T09:23:21.9886717Z   vps/replace-with-backups
Run selected ci-tagged tests	Run tests	2026-09-14T09:23:21.9888046Z   vps/replace-with-backups-remote
Run selected ci-tagged tests	Run tests	2026-09-14T09:23:21.9889722Z   vps/replace-with-descendants-and-mounts
Run selected ci-tagged tests	Run tests	2026-09-14T09:23:21.9891269Z   vps/start-stop-restart-boot
Run selected ci-tagged tests	Run tests	2026-09-14T09:23:21.9892589Z   vps/swap-across-locations
Run selected ci-tagged tests	Run tests	2026-09-14T09:23:21.9893867Z   vps/update-resources-and-features
Run selected ci-tagged tests	Run tests	2026-09-14T09:23:21.9895248Z   webui#admin-cluster
Run selected ci-tagged tests	Run tests	2026-09-14T09:23:21.9896418Z   webui#auth
Run selected ci-tagged tests	Run tests	2026-09-14T09:23:21.9897464Z   webui#jumpto
Run selected ci-tagged tests	Run tests	2026-09-14T09:23:21.9898778Z   webui#misc-pages
Run selected ci-tagged tests	Run tests	2026-09-14T09:23:21.9899953Z   webui#navigation-readonly
Run selected ci-tagged tests	Run tests	2026-09-14T09:23:21.9901227Z   webui#networking-dns
Run selected ci-tagged tests	Run tests	2026-09-14T09:23:21.9902449Z   webui#security-advisories
Run selected ci-tagged tests	Run tests	2026-09-14T09:23:21.9903717Z   webui#storage-backup-export
Run selected ci-tagged tests	Run tests	2026-09-14T09:23:21.9905002Z   webui#support-pages
Run selected ci-tagged tests	Run tests	2026-09-14T09:23:21.9906159Z   webui#transactions
Run selected ci-tagged tests	Run tests	2026-09-14T09:23:21.9907282Z   webui#userns
Run selected ci-tagged tests	Run tests	2026-09-14T09:23:21.9908547Z   webui#users-admin
Run selected ci-tagged tests	Run tests	2026-09-14T09:23:21.9909834Z   webui#users-self-service
Run selected ci-tagged tests	Run tests	2026-09-14T09:23:21.9911026Z   webui#vps-admin-core
Run selected ci-tagged tests	Run tests	2026-09-14T09:23:21.9912137Z   webui#vps-admin-ops
Run selected ci-tagged tests	Run tests	2026-09-14T09:23:21.9913225Z   webui#vps-lifecycle
Run selected ci-tagged tests	Run tests	2026-09-14T09:23:21.9914350Z   webui#vps-user-core
Run selected ci-tagged tests	Run tests	2026-09-14T09:23:21.9915437Z   webui#vps-user-ops
Run selected ci-tagged tests	Run tests	2026-09-14T09:23:21.9916116Z 
Run selected ci-tagged tests	Run tests	2026-09-14T09:23:21.9917273Z [2026-09-14 11:23:21 +0200] Running 135 scripts of 118 tests, at most 118 tests at a time (auto)
Run selected ci-tagged tests	Run tests	2026-09-14T09:23:21.9922021Z [2026-09-14 11:23:21 +0200] Resource detection: memory assigned=96.0 GiB, available-at-start=95.3 GiB, reserve=8.0 GiB, limit=87.3 GiB; shm assigned=123.7 GiB, available-at-start=123.7 GiB, reserve=8.0 GiB, limit=115.7 GiB
Run selected ci-tagged tests	Run tests	2026-09-14T09:23:21.9926655Z [2026-09-14 11:23:21 +0200] Resource limits: memory=0 MiB/87.3 GiB, shm=0 MiB/115.7 GiB, cpus=0/63, running=0
Run selected ci-tagged tests	Run tests	2026-09-14T09:23:21.9929544Z [2026-09-14 11:23:21 +0200] State directory is /tmp/os-test-runner-19884793-34827227475-1
Run selected ci-tagged tests	Run tests	2026-09-14T09:23:22.0327526Z [2026-09-14 11:23:22 +0200] Reserved resources for 'storage/branching-destroy': machines=3, memory=24.0 GiB, shm=24.0 GiB, cpus=16; pool: memory=24.0 GiB/87.3 GiB, shm=24.0 GiB/115.7 GiB, cpus=16/63, running=1
Run selected ci-tagged tests	Run tests	2026-09-14T09:23:22.0414045Z [2026-09-14 11:23:22 +0200] [1/118] Running test 'storage/branching-destroy' (#default)
Run selected ci-tagged tests	Run tests	2026-09-14T09:23:22.0417338Z [2026-09-14 11:23:22 +0200] Reserved resources for 'user/user-namespace-lifecycle': machines=2, memory=16.0 GiB, shm=16.0 GiB, cpus=12; pool: memory=40.0 GiB/87.3 GiB, shm=40.0 GiB/115.7 GiB, cpus=28/63, running=2
Run selected ci-tagged tests	Run tests	2026-09-14T09:23:22.0468094Z [2026-09-14 11:23:22 +0200] [2/118] Running test 'user/user-namespace-lifecycle' (#default)
Run selected ci-tagged tests	Run tests	2026-09-14T09:23:22.0470774Z [2026-09-14 11:23:22 +0200] Reserved resources for 'storage/rollback-from-remote-backup': machines=3, memory=24.0 GiB, shm=24.0 GiB, cpus=16; pool: memory=64.0 GiB/87.3 GiB, shm=64.0 GiB/115.7 GiB, cpus=44/63, running=3
Run selected ci-tagged tests	Run tests	2026-09-14T09:23:22.0473067Z [2026-09-14 11:23:22 +0200] [3/118] Running test 'storage/rollback-from-remote-backup' (#default)
Run selected ci-tagged tests	Run tests	2026-09-14T09:23:22.0475256Z [2026-09-14 11:23:22 +0200] Reserved resources for 'vps/autostart-monitoring': machines=2, memory=16.0 GiB, shm=16.0 GiB, cpus=12; pool: memory=80.0 GiB/87.3 GiB, shm=80.0 GiB/115.7 GiB, cpus=56/63, running=4
Run selected ci-tagged tests	Run tests	2026-09-14T09:23:22.0477266Z [2026-09-14 11:23:22 +0200] [4/118] Running test 'vps/autostart-monitoring' (#default)
Run selected ci-tagged tests	Run tests	2026-09-14T09:23:22.0480288Z [2026-09-14 11:23:22 +0200] Reserved resources for 'storage/topology-fixture-replay': machines=0, memory=0 MiB, shm=0 MiB, cpus=0; pool: memory=80.0 GiB/87.3 GiB, shm=80.0 GiB/115.7 GiB, cpus=56/63, running=5
Run selected ci-tagged tests	Run tests	2026-09-14T09:23:22.0482376Z [2026-09-14 11:23:22 +0200] [7/118] Running test 'storage/topology-fixture-replay' (#default)
Run selected ci-tagged tests	Run tests	2026-09-14T09:23:22.0486470Z [2026-09-14 11:23:22 +0200] Waiting for resources: pool: memory=80.0 GiB/87.3 GiB, shm=80.0 GiB/115.7 GiB, cpus=56/63, running=5; pending: dns/zone-transfer-config (machines=2, memory=10.0 GiB, shm=10.0 GiB, cpus=10), storage/restore-after-reinstall-with-descendants-remote (machines=3, memory=24.0 GiB, shm=24.0 GiB, cpus=16), console-router (machines=2, memory=16.0 GiB, shm=16.0 GiB, cpus=12)
Run selected ci-tagged tests	Run tests	2026-09-14T09:23:24.7263216Z [2026-09-14 11:23:24 +0200] [7/118] Example [1/2] 'topology fixture replay has committed fixtures to replay' succeeded in 0.0 seconds
Run selected ci-tagged tests	Run tests	2026-09-14T09:23:24.7353958Z [2026-09-14 11:23:24 +0200] [7/118] Example [2/2] 'topology fixture replay validates synthetic-good-topology.json' succeeded in 0.01 seconds
Run selected ci-tagged tests	Run tests	2026-09-14T09:23:24.7714378Z [2026-09-14 11:23:24 +0200] [7/118] Test 'storage/topology-fixture-replay' successful in 2.73 seconds
Run selected ci-tagged tests	Run tests	2026-09-14T09:28:22.0396222Z [2026-09-14 11:28:22 +0200] Status: passing; 1 succeeded as expected, 0 failed as expected, 0 unexpectedly failed, 0 unexpectedly succeeded; 4 running, 113 remaining
Run selected ci-tagged tests	Run tests	2026-09-14T09:33:22.0305336Z [2026-09-14 11:33:22 +0200] Status: passing; 1 succeeded as expected, 0 failed as expected, 0 unexpectedly failed, 0 unexpectedly succeeded; 4 running, 113 remaining
Run selected ci-tagged tests	Run tests	2026-09-14T09:34:46.6218441Z [2026-09-14 11:34:46 +0200] [3/118] Example [1/4] 'rollback from remote backup creates a VPS with primary storage on node1 and backup storage on node2' succeeded in 154.99 seconds
Run selected ci-tagged tests	Run tests	2026-09-14T09:34:51.8030036Z [2026-09-14 11:34:51 +0200] [1/118] Example [1/2] 'destroying branched backup history creates a VPS with primary storage on node1 and backup storage on node2' succeeded in 148.27 seconds
Run selected ci-tagged tests	Run tests	2026-09-14T09:36:13.7196729Z [2026-09-14 11:36:13 +0200] [4/118] Example [1/1] 'VPS auto-start reconciliation reports the VPS that fails to start and clears it after recovery' succeeded in 268.32 seconds
Run selected ci-tagged tests	Run tests	2026-09-14T09:36:16.8146357Z [2026-09-14 11:36:16 +0200] [2/118] Example [1/1] 'user namespace lifecycle uses the namespace map on the node and frees it after disuse' succeeded in 214.7 seconds
Run selected ci-tagged tests	Run tests	2026-09-14T09:37:06.0735110Z [2026-09-14 11:37:06 +0200] [2/118] Test 'user/user-namespace-lifecycle' successful in 824.03 seconds
Run selected ci-tagged tests	Run tests	2026-09-14T09:37:06.0739292Z [2026-09-14 11:37:06 +0200] Reserved resources for 'dns/zone-transfer-config': machines=2, memory=10.0 GiB, shm=10.0 GiB, cpus=10; pool: memory=74.0 GiB/87.3 GiB, shm=74.0 GiB/115.7 GiB, cpus=54/63, running=4
Run selected ci-tagged tests	Run tests	2026-09-14T09:37:06.0756877Z [2026-09-14 11:37:06 +0200] [5/118] Running test 'dns/zone-transfer-config' (#default)
Run selected ci-tagged tests	Run tests	2026-09-14T09:37:06.0798348Z [2026-09-14 11:37:06 +0200] Reserved resources for 'services-up': machines=1, memory=8.0 GiB, shm=8.0 GiB, cpus=8; pool: memory=82.0 GiB/87.3 GiB, shm=82.0 GiB/115.7 GiB, cpus=62/63, running=5
Run selected ci-tagged tests	Run tests	2026-09-14T09:37:06.0801874Z [2026-09-14 11:37:06 +0200] [12/118] Running test 'services-up' (#default)
Run selected ci-tagged tests	Run tests	2026-09-14T09:37:06.0835544Z [2026-09-14 11:37:06 +0200] Waiting for resources: pool: memory=82.0 GiB/87.3 GiB, shm=82.0 GiB/115.7 GiB, cpus=62/63, running=5; pending: storage/restore-after-reinstall-with-descendants-remote (machines=3, memory=24.0 GiB, shm=24.0 GiB, cpus=16), console-router (machines=2, memory=16.0 GiB, shm=16.0 GiB, cpus=12), storage/snapshot-download-incremental-stream (machines=2, memory=16.0 GiB, shm=16.0 GiB, cpus=12)
Run selected ci-tagged tests	Run tests	2026-09-14T09:38:22.0309457Z [2026-09-14 11:38:22 +0200] Status: passing; 2 succeeded as expected, 0 failed as expected, 0 unexpectedly failed, 0 unexpectedly succeeded; 5 running, 111 remaining
Run selected ci-tagged tests	Run tests	2026-09-14T09:39:01.3524428Z [2026-09-14 11:39:01 +0200] [3/118] Example [2/4] 'rollback from remote backup builds remote backup history and rolls back to the middle snapshot' succeeded in 254.73 seconds
Run selected ci-tagged tests	Run tests	2026-09-14T09:39:06.9402083Z [2026-09-14 11:39:06 +0200] [3/118] Example [3/4] 'rollback from remote backup records rollback branching on the remote backup dataset' succeeded in 5.58 seconds
Run selected ci-tagged tests	Run tests	2026-09-14T09:39:36.9768122Z [2026-09-14 11:39:36 +0200] [3/118] Example [4/4] 'rollback from remote backup continues future backups on the new head branch over the remote send path' succeeded in 30.03 seconds
Run selected ci-tagged tests	Run tests	2026-09-14T09:40:16.3110036Z [2026-09-14 11:40:16 +0200] [3/118] Test 'storage/rollback-from-remote-backup' successful in 1014.27 seconds
Run selected ci-tagged tests	Run tests	2026-09-14T09:40:16.3116381Z [2026-09-14 11:40:16 +0200] Reserved resources for 'storage/restore-after-reinstall-with-descendants-remote': machines=3, memory=24.0 GiB, shm=24.0 GiB, cpus=16; pool: memory=82.0 GiB/87.3 GiB, shm=82.0 GiB/115.7 GiB, cpus=62/63, running=5
Run selected ci-tagged tests	Run tests	2026-09-14T09:40:16.3144184Z [2026-09-14 11:40:16 +0200] [6/118] Running test 'storage/restore-after-reinstall-with-descendants-remote' (#default)
Run selected ci-tagged tests	Run tests	2026-09-14T09:40:16.3218371Z [2026-09-14 11:40:16 +0200] Waiting for resources: pool: memory=82.0 GiB/87.3 GiB, shm=82.0 GiB/115.7 GiB, cpus=62/63, running=5; pending: console-router (machines=2, memory=16.0 GiB, shm=16.0 GiB, cpus=12), storage/snapshot-download-incremental-stream (machines=2, memory=16.0 GiB, shm=16.0 GiB, cpus=12), admin/nodectl-read-and-queue-control (machines=2, memory=16.0 GiB, shm=16.0 GiB, cpus=12)
Run selected ci-tagged tests	Run tests	2026-09-14T09:40:52.6380179Z [2026-09-14 11:40:52 +0200] [12/118] Example [1/28] 'service varnish is running' succeeded in 15.09 seconds
Run selected ci-tagged tests	Run tests	2026-09-14T09:40:52.6677265Z [2026-09-14 11:40:52 +0200] [12/118] Example [2/28] 'service haproxy is running' succeeded in 0.03 seconds
Run selected ci-tagged tests	Run tests	2026-09-14T09:41:32.0975817Z [2026-09-14 11:41:32 +0200] [4/118] Test 'vps/autostart-monitoring' successful in 1090.05 seconds
Run selected ci-tagged tests	Run tests	2026-09-14T09:41:32.0984390Z [2026-09-14 11:41:32 +0200] Reserved resources for 'console-router': machines=2, memory=16.0 GiB, shm=16.0 GiB, cpus=12; pool: memory=82.0 GiB/87.3 GiB, shm=82.0 GiB/115.7 GiB, cpus=62/63, running=5
Run selected ci-tagged tests	Run tests	2026-09-14T09:41:32.1049361Z [2026-09-14 11:41:32 +0200] [8/118] Running test 'console-router' (#default)
Run selected ci-tagged tests	Run tests	2026-09-14T09:41:32.1157474Z [2026-09-14 11:41:32 +0200] Waiting for resources: pool: memory=82.0 GiB/87.3 GiB, shm=82.0 GiB/115.7 GiB, cpus=62/63, running=5; pending: storage/snapshot-download-incremental-stream (machines=2, memory=16.0 GiB, shm=16.0 GiB, cpus=12), admin/nodectl-read-and-queue-control (machines=2, memory=16.0 GiB, shm=16.0 GiB, cpus=12), storage/snapshot-download-full-stream (machines=2, memory=16.0 GiB, shm=16.0 GiB, cpus=12)
Run selected ci-tagged tests	Run tests	2026-09-14T09:41:52.6480914Z [2026-09-14 11:41:52 +0200] [12/118] Example [3/28] 'service supervisor is running' succeeded in 59.98 seconds
Run selected ci-tagged tests	Run tests	2026-09-14T09:41:55.7644499Z [2026-09-14 11:41:55 +0200] [12/118] Example [4/28] 'service password recovery worker is running' succeeded in 3.12 seconds
Run selected ci-tagged tests	Run tests	2026-09-14T09:41:55.7912665Z [2026-09-14 11:41:55 +0200] [12/118] Example [5/28] 'service nginx is running' succeeded in 0.03 seconds
Run selected ci-tagged tests	Run tests	2026-09-14T09:41:55.8219094Z [2026-09-14 11:41:55 +0200] [12/118] Example [6/28] 'service scheduler is running' succeeded in 0.03 seconds
Run selected ci-tagged tests	Run tests	2026-09-14T09:41:55.8522807Z [2026-09-14 11:41:55 +0200] [12/118] Example [7/28] 'service console-router is running' succeeded in 0.03 seconds
Run selected ci-tagged tests	Run tests	2026-09-14T09:41:55.9212361Z [2026-09-14 11:41:55 +0200] [12/118] Example [8/28] 'service console-router is responding through nginx/haproxy' succeeded in 0.07 seconds
Run selected ci-tagged tests	Run tests	2026-09-14T09:41:55.9595292Z [2026-09-14 11:41:55 +0200] [12/118] Example [9/28] 'service console-router is responding directly' succeeded in 0.04 seconds
Run selected ci-tagged tests	Run tests	2026-09-14T09:41:57.6561958Z [2026-09-14 11:41:57 +0200] [12/118] Example [10/28] 'service rabbitmq is responding' succeeded in 1.7 seconds
Run selected ci-tagged tests	Run tests	2026-09-14T09:41:57.6864446Z [2026-09-14 11:41:57 +0200] [12/118] Example [11/28] 'service rabbitmq is running' succeeded in 0.03 seconds
Run selected ci-tagged tests	Run tests	2026-09-14T09:41:57.7682204Z [2026-09-14 11:41:57 +0200] [12/118] Example [12/28] 'service mariadb is responding' succeeded in 0.08 seconds
Run selected ci-tagged tests	Run tests	2026-09-14T09:41:57.8811246Z [2026-09-14 11:41:57 +0200] [12/118] Example [13/28] 'service mariadb is populated' succeeded in 0.11 seconds
Run selected ci-tagged tests	Run tests	2026-09-14T09:41:58.0090390Z [2026-09-14 11:41:58 +0200] [12/118] Example [14/28] 'service mariadb has built-in mail templates' succeeded in 0.13 seconds
Run selected ci-tagged tests	Run tests	2026-09-14T09:41:58.0390235Z [2026-09-14 11:41:58 +0200] [12/118] Example [15/28] 'service mariadb is running' succeeded in 0.03 seconds
Run selected ci-tagged tests	Run tests	2026-09-14T09:41:58.0624807Z [2026-09-14 11:41:58 +0200] [12/118] Example [16/28] 'service mariadb is set up' succeeded in 0.03 seconds
Run selected ci-tagged tests	Run tests	2026-09-14T09:41:58.3468387Z [2026-09-14 11:41:58 +0200] [12/118] Example [17/28] 'service mailer node container is running' succeeded in 0.28 seconds
Run selected ci-tagged tests	Run tests	2026-09-14T09:43:03.7472019Z [2026-09-14 11:43:03 +0200] [12/118] Example [18/28] 'service mailer node nodectld reports running state' succeeded in 65.4 seconds
Run selected ci-tagged tests	Run tests	2026-09-14T09:43:04.2591977Z [2026-09-14 11:43:04 +0200] [12/118] Example [19/28] 'service mailer node mailpit API is responding' succeeded in 0.51 seconds
Run selected ci-tagged tests	Run tests	2026-09-14T09:43:04.2839601Z [2026-09-14 11:43:04 +0200] [12/118] Example [20/28] 'service redis is responding' succeeded in 0.02 seconds
Run selected ci-tagged tests	Run tests	2026-09-14T09:43:04.3093935Z [2026-09-14 11:43:04 +0200] [12/118] Example [21/28] 'service redis is running' succeeded in 0.03 seconds
Run selected ci-tagged tests	Run tests	2026-09-14T09:43:08.2499662Z [2026-09-14 11:43:08 +0200] [12/118] Example [22/28] 'service webui is responding directly' succeeded in 3.94 seconds
Run selected ci-tagged tests	Run tests	2026-09-14T09:43:08.4590156Z [2026-09-14 11:43:08 +0200] [12/118] Example [23/28] 'service webui does not serve private application files directly' succeeded in 0.21 seconds
Run selected ci-tagged tests	Run tests	2026-09-14T09:43:11.3581423Z [2026-09-14 11:43:11 +0200] [12/118] Example [24/28] 'service webui is responding through varnish/haproxy' succeeded in 2.9 seconds
Run selected ci-tagged tests	Run tests	2026-09-14T09:43:14.3258000Z [2026-09-14 11:43:14 +0200] [12/118] Example [25/28] 'service webui serves public entrypoints and assets directly' succeeded in 2.97 seconds
Run selected ci-tagged tests	Run tests	2026-09-14T09:43:19.1487967Z [2026-09-14 11:43:19 +0200] [12/118] Example [26/28] 'service api is responding' succeeded in 4.82 seconds
Run selected ci-tagged tests	Run tests	2026-09-14T09:43:19.1821732Z [2026-09-14 11:43:19 +0200] [12/118] Example [27/28] 'service api is running' succeeded in 0.03 seconds
Run selected ci-tagged tests	Run tests	2026-09-14T09:43:19.2117125Z [2026-09-14 11:43:19 +0200] [12/118] Example [28/28] 'system is running' succeeded in 0.03 seconds
Run selected ci-tagged tests	Run tests	2026-09-14T09:43:22.0317473Z [2026-09-14 11:43:22 +0200] Status: passing; 4 succeeded as expected, 0 failed as expected, 0 unexpectedly failed, 0 unexpectedly succeeded; 5 running, 109 remaining
Run selected ci-tagged tests	Run tests	2026-09-14T09:43:24.9349527Z [2026-09-14 11:43:24 +0200] [1/118] Example [2/2] 'destroying branched backup history destroys branched snapshots in dependency-safe order until the backup dataset is gone' succeeded in 513.13 seconds
Run selected ci-tagged tests	Run tests	2026-09-14T09:43:31.7854207Z [2026-09-14 11:43:31 +0200] [5/118] Example [1/1] 'dns zone transfer config adds and removes transfer peers from generated config' succeeded in 45.95 seconds
Run selected ci-tagged tests	Run tests	2026-09-14T09:43:32.3234053Z [2026-09-14 11:43:32 +0200] [12/118] Test 'services-up' successful in 386.24 seconds
Run selected ci-tagged tests	Run tests	2026-09-14T09:43:32.3243677Z [2026-09-14 11:43:32 +0200] Waiting for resources: pool: memory=74.0 GiB/87.3 GiB, shm=74.0 GiB/115.7 GiB, cpus=54/63, running=4; pending: storage/snapshot-download-incremental-stream (machines=2, memory=16.0 GiB, shm=16.0 GiB, cpus=12), admin/nodectl-read-and-queue-control (machines=2, memory=16.0 GiB, shm=16.0 GiB, cpus=12), storage/snapshot-download-full-stream (machines=2, memory=16.0 GiB, shm=16.0 GiB, cpus=12)
Run selected ci-tagged tests	Run tests	2026-09-14T09:43:49.3215482Z [2026-09-14 11:43:49 +0200] [5/118] Test 'dns/zone-transfer-config' successful in 403.25 seconds
Run selected ci-tagged tests	Run tests	2026-09-14T09:43:49.3222028Z [2026-09-14 11:43:49 +0200] Reserved resources for 'storage/snapshot-download-incremental-stream': machines=2, memory=16.0 GiB, shm=16.0 GiB, cpus=12; pool: memory=80.0 GiB/87.3 GiB, shm=80.0 GiB/115.7 GiB, cpus=56/63, running=4
Run selected ci-tagged tests	Run tests	2026-09-14T09:43:49.3246221Z [2026-09-14 11:43:49 +0200] [9/118] Running test 'storage/snapshot-download-incremental-stream' (#default)
Run selected ci-tagged tests	Run tests	2026-09-14T09:44:03.7429651Z [2026-09-14 11:44:03 +0200] [1/118] Test 'storage/branching-destroy' successful in 1241.7 seconds
Run selected ci-tagged tests	Run tests	2026-09-14T09:44:03.7433258Z [2026-09-14 11:44:03 +0200] Reserved resources for 'admin/nodectl-read-and-queue-control': machines=2, memory=16.0 GiB, shm=16.0 GiB, cpus=12; pool: memory=72.0 GiB/87.3 GiB, shm=72.0 GiB/115.7 GiB, cpus=52/63, running=4
Run selected ci-tagged tests	Run tests	2026-09-14T09:44:03.7461806Z [2026-09-14 11:44:03 +0200] [10/118] Running test 'admin/nodectl-read-and-queue-control' (#default)
Run selected ci-tagged tests	Run tests	2026-09-14T09:44:03.7532139Z [2026-09-14 11:44:03 +0200] Reserved resources for 'tasks/dns-reverse-record-check': machines=2, memory=10.0 GiB, shm=10.0 GiB, cpus=10; pool: memory=82.0 GiB/87.3 GiB, shm=82.0 GiB/115.7 GiB, cpus=62/63, running=5
Run selected ci-tagged tests	Run tests	2026-09-14T09:44:03.7535433Z [2026-09-14 11:44:03 +0200] [49/118] Running test 'tasks/dns-reverse-record-check' (#default)
Run selected ci-tagged tests	Run tests	2026-09-14T09:48:04.8000233Z [2026-09-14 11:48:04 +0200] [49/118] Example [1/1] 'DNS reverse-record task succeeds for matching live PTR answers and fails after DB-only drift' succeeded in 55.65 seconds
Run selected ci-tagged tests	Run tests	2026-09-14T09:48:21.9804379Z [2026-09-14 11:48:21 +0200] [49/118] Test 'tasks/dns-reverse-record-check' successful in 258.23 seconds
Run selected ci-tagged tests	Run tests	2026-09-14T09:48:21.9811611Z [2026-09-14 11:48:21 +0200] Reserved resources for 'dns/server-zone-lifecycle': machines=2, memory=10.0 GiB, shm=10.0 GiB, cpus=10; pool: memory=82.0 GiB/87.3 GiB, shm=82.0 GiB/115.7 GiB, cpus=62/63, running=5
Run selected ci-tagged tests	Run tests	2026-09-14T09:48:21.9833710Z [2026-09-14 11:48:21 +0200] [58/118] Running test 'dns/server-zone-lifecycle' (#default)
Run selected ci-tagged tests	Run tests	2026-09-14T09:48:21.9901590Z [2026-09-14 11:48:21 +0200] Waiting for resources: pool: memory=82.0 GiB/87.3 GiB, shm=82.0 GiB/115.7 GiB, cpus=62/63, running=5; pending: storage/snapshot-download-full-stream (machines=2, memory=16.0 GiB, shm=16.0 GiB, cpus=12), cluster/generate-migration-keys (machines=3, memory=24.0 GiB, shm=24.0 GiB, cpus=16), storage/restore-remote-interrupted-recv (machines=3, memory=24.0 GiB, shm=24.0 GiB, cpus=16)
Run selected ci-tagged tests	Run tests	2026-09-14T09:48:22.0319185Z [2026-09-14 11:48:22 +0200] Status: passing; 8 succeeded as expected, 0 failed as expected, 0 unexpectedly failed, 0 unexpectedly succeeded; 5 running, 105 remaining
Run selected ci-tagged tests	Run tests	2026-09-14T09:49:03.0387144Z [2026-09-14 11:49:03 +0200] [9/118] Example [1/1] 'incremental stream snapshot download creates a stream from a local shared history' succeeded in 101.51 seconds
Run selected ci-tagged tests	Run tests	2026-09-14T09:49:08.1941657Z [2026-09-14 11:49:08 +0200] [8/118] Example [1/1] 'remote console router logs in through the console and runs a command' succeeded in 251.17 seconds
Run selected ci-tagged tests	Run tests	2026-09-14T09:49:35.8907862Z [2026-09-14 11:49:35 +0200] [8/118] Test 'console-router' successful in 483.79 seconds
Run selected ci-tagged tests	Run tests	2026-09-14T09:49:35.8912190Z [2026-09-14 11:49:35 +0200] Reserved resources for 'storage/snapshot-download-full-stream': machines=2, memory=16.0 GiB, shm=16.0 GiB, cpus=12; pool: memory=82.0 GiB/87.3 GiB, shm=82.0 GiB/115.7 GiB, cpus=62/63, running=5
Run selected ci-tagged tests	Run tests	2026-09-14T09:49:35.8938882Z [2026-09-14 11:49:35 +0200] [11/118] Running test 'storage/snapshot-download-full-stream' (#default)
Run selected ci-tagged tests	Run tests	2026-09-14T09:49:35.8989172Z [2026-09-14 11:49:35 +0200] Waiting for resources: pool: memory=82.0 GiB/87.3 GiB, shm=82.0 GiB/115.7 GiB, cpus=62/63, running=5; pending: cluster/generate-migration-keys (machines=3, memory=24.0 GiB, shm=24.0 GiB, cpus=16), storage/restore-remote-interrupted-recv (machines=3, memory=24.0 GiB, shm=24.0 GiB, cpus=16), storage/branching-rotation (machines=3, memory=24.0 GiB, shm=24.0 GiB, cpus=16)
Run selected ci-tagged tests	Run tests	2026-09-14T09:49:51.4283243Z [2026-09-14 11:49:51 +0200] [9/118] Test 'storage/snapshot-download-incremental-stream' successful in 362.1 seconds
Run selected ci-tagged tests	Run tests	2026-09-14T09:49:51.4287692Z [2026-09-14 11:49:51 +0200] Reserved resources for 'admin/scheduler-socket-control': machines=2, memory=16.0 GiB, shm=16.0 GiB, cpus=12; pool: memory=82.0 GiB/87.3 GiB, shm=82.0 GiB/115.7 GiB, cpus=62/63, running=5
Run selected ci-tagged tests	Run tests	2026-09-14T09:49:51.4312230Z [2026-09-14 11:49:51 +0200] [16/118] Running test 'admin/scheduler-socket-control' (#default)
Run selected ci-tagged tests	Run tests	2026-09-14T09:51:34.7816440Z [2026-09-14 11:51:34 +0200] [6/118] Example [1/1] 'restore after reinstall with descendants from remote backup restores the root dataset while preserving current descendants on the primary node' succeeded in 443.19 seconds
Run selected ci-tagged tests	Run tests	2026-09-14T09:52:14.6087613Z [2026-09-14 11:52:14 +0200] [6/118] Test 'storage/restore-after-reinstall-with-descendants-remote' successful in 718.29 seconds
Run selected ci-tagged tests	Run tests	2026-09-14T09:52:14.6096854Z [2026-09-14 11:52:14 +0200] Reserved resources for 'cluster/generate-migration-keys': machines=3, memory=24.0 GiB, shm=24.0 GiB, cpus=16; pool: memory=82.0 GiB/87.3 GiB, shm=82.0 GiB/115.7 GiB, cpus=62/63, running=5
Run selected ci-tagged tests	Run tests	2026-09-14T09:52:14.6119828Z [2026-09-14 11:52:14 +0200] [13/118] Running test 'cluster/generate-migration-keys' (#default)
Run selected ci-tagged tests	Run tests	2026-09-14T09:52:14.6188510Z [2026-09-14 11:52:14 +0200] Waiting for resources: pool: memory=82.0 GiB/87.3 GiB, shm=82.0 GiB/115.7 GiB, cpus=62/63, running=5; pending: storage/restore-remote-interrupted-recv (machines=3, memory=24.0 GiB, shm=24.0 GiB, cpus=16), storage/branching-rotation (machines=3, memory=24.0 GiB, shm=24.0 GiB, cpus=16), storage/backup-remote-interrupted-send (machines=3, memory=24.0 GiB, shm=24.0 GiB, cpus=16)
Run selected ci-tagged tests	Run tests	2026-09-14T09:52:30.9151559Z [2026-09-14 11:52:30 +0200] [58/118] Example [1/2] 'dns server zone lifecycle creates, updates, and destroys runtime zone state' succeeded in 72.4 seconds
Run selected ci-tagged tests	Run tests	2026-09-14T09:53:20.3942428Z [2026-09-14 11:53:20 +0200] [10/118] Example [1/1] 'nodectl read and queue control reads runtime state and controls the VPS queue' succeeded in 349.2 seconds
Run selected ci-tagged tests	Run tests	2026-09-14T09:53:22.0325457Z [2026-09-14 11:53:22 +0200] Status: passing; 11 succeeded as expected, 0 failed as expected, 0 unexpectedly failed, 0 unexpectedly succeeded; 5 running, 102 remaining
Run selected ci-tagged tests	Run tests	2026-09-14T09:53:45.0245501Z [2026-09-14 11:53:45 +0200] [10/118] Test 'admin/nodectl-read-and-queue-control' successful in 581.28 seconds
Run selected ci-tagged tests	Run tests	2026-09-14T09:53:45.0252942Z [2026-09-14 11:53:45 +0200] Reserved resources for 'network/network-interface-shaper-and-rename': machines=2, memory=16.0 GiB, shm=16.0 GiB, cpus=12; pool: memory=82.0 GiB/87.3 GiB, shm=82.0 GiB/115.7 GiB, cpus=62/63, running=5
Run selected ci-tagged tests	Run tests	2026-09-14T09:53:45.0282061Z [2026-09-14 11:53:45 +0200] [19/118] Running test 'network/network-interface-shaper-and-rename' (#default)
Run selected ci-tagged tests	Run tests	2026-09-14T09:53:45.0343332Z [2026-09-14 11:53:45 +0200] Waiting for resources: pool: memory=82.0 GiB/87.3 GiB, shm=82.0 GiB/115.7 GiB, cpus=62/63, running=5; pending: storage/restore-remote-interrupted-recv (machines=3, memory=24.0 GiB, shm=24.0 GiB, cpus=16), storage/branching-rotation (machines=3, memory=24.0 GiB, shm=24.0 GiB, cpus=16), storage/backup-remote-interrupted-send (machines=3, memory=24.0 GiB, shm=24.0 GiB, cpus=16)
Run selected ci-tagged tests	Run tests	2026-09-14T09:54:35.2724328Z [2026-09-14 11:54:35 +0200] [11/118] Example [1/1] 'full stream snapshot download writes a gzip-compressed ZFS send stream' succeeded in 75.67 seconds
Run selected ci-tagged tests	Run tests	2026-09-14T09:54:46.5108505Z [2026-09-14 11:54:46 +0200] [16/118] Example [1/1] 'scheduler socket control reloads and runs a registered group-snapshot task' succeeded in 90.33 seconds
Run selected ci-tagged tests	Run tests	2026-09-14T09:55:10.3364241Z [2026-09-14 11:55:10 +0200] [16/118] Test 'admin/scheduler-socket-control' successful in 318.9 seconds
Run selected ci-tagged tests	Run tests	2026-09-14T09:55:10.3371754Z [2026-09-14 11:55:10 +0200] Reserved resources for 'vps/clone-same-node': machines=2, memory=16.0 GiB, shm=16.0 GiB, cpus=12; pool: memory=82.0 GiB/87.3 GiB, shm=82.0 GiB/115.7 GiB, cpus=62/63, running=5
Run selected ci-tagged tests	Run tests	2026-09-14T09:55:10.3401950Z [2026-09-14 11:55:10 +0200] [21/118] Running test 'vps/clone-same-node' (#default)
Run selected ci-tagged tests	Run tests	2026-09-14T09:55:10.3465963Z [2026-09-14 11:55:10 +0200] Waiting for resources: pool: memory=82.0 GiB/87.3 GiB, shm=82.0 GiB/115.7 GiB, cpus=62/63, running=5; pending: storage/restore-remote-interrupted-recv (machines=3, memory=24.0 GiB, shm=24.0 GiB, cpus=16), storage/branching-rotation (machines=3, memory=24.0 GiB, shm=24.0 GiB, cpus=16), storage/backup-remote-interrupted-send (machines=3, memory=24.0 GiB, shm=24.0 GiB, cpus=16)
Run selected ci-tagged tests	Run tests	2026-09-14T09:55:27.4323335Z [2026-09-14 11:55:27 +0200] [11/118] Test 'storage/snapshot-download-full-stream' successful in 351.54 seconds
Run selected ci-tagged tests	Run tests	2026-09-14T09:55:27.4325698Z [2026-09-14 11:55:27 +0200] Reserved resources for 'tx/manual-confirmations': machines=2, memory=16.0 GiB, shm=16.0 GiB, cpus=12; pool: memory=82.0 GiB/87.3 GiB, shm=82.0 GiB/115.7 GiB, cpus=62/63, running=5
Run selected ci-tagged tests	Run tests	2026-09-14T09:55:27.4356208Z [2026-09-14 11:55:27 +0200] [22/118] Running test 'tx/manual-confirmations' (#default)
Run selected ci-tagged tests	Run tests	2026-09-14T09:55:41.9241358Z [2026-09-14 11:55:41 +0200] [58/118] Example [2/2] 'dns server zone lifecycle serves all supported user primary-zone record types and rejects invalid values' succeeded in 191.01 seconds
Run selected ci-tagged tests	Run tests	2026-09-14T09:56:22.3545045Z [2026-09-14 11:56:22 +0200] [58/118] Test 'dns/server-zone-lifecycle' successful in 480.37 seconds
Run selected ci-tagged tests	Run tests	2026-09-14T09:56:22.3550387Z [2026-09-14 11:56:22 +0200] Reserved resources for 'dns/secondary-transfer-errors': machines=2, memory=10.0 GiB, shm=10.0 GiB, cpus=10; pool: memory=82.0 GiB/87.3 GiB, shm=82.0 GiB/115.7 GiB, cpus=62/63, running=5
Run selected ci-tagged tests	Run tests	2026-09-14T09:56:22.3579586Z [2026-09-14 11:56:22 +0200] [112/118] Running test 'dns/secondary-transfer-errors' (#default)
Run selected ci-tagged tests	Run tests	2026-09-14T09:56:22.3672083Z [2026-09-14 11:56:22 +0200] Waiting for resources: pool: memory=82.0 GiB/87.3 GiB, shm=82.0 GiB/115.7 GiB, cpus=62/63, running=5; pending: storage/restore-remote-interrupted-recv (machines=3, memory=24.0 GiB, shm=24.0 GiB, cpus=16), storage/branching-rotation (machines=3, memory=24.0 GiB, shm=24.0 GiB, cpus=16), storage/backup-remote-interrupted-send (machines=3, memory=24.0 GiB, shm=24.0 GiB, cpus=16)
Run selected ci-tagged tests	Run tests	2026-09-14T09:58:05.2463350Z [2026-09-14 11:58:05 +0200] [13/118] Example [1/1] 'cluster generate_migration_keys generates send keys on eligible pools and persists public keys' succeeded in 132.32 seconds
Run selected ci-tagged tests	Run tests	2026-09-14T09:58:22.0329369Z [2026-09-14 11:58:22 +0200] Status: passing; 15 succeeded as expected, 0 failed as expected, 0 unexpectedly failed, 0 unexpectedly succeeded; 5 running, 98 remaining
Run selected ci-tagged tests	Run tests	2026-09-14T09:58:28.5806402Z [2026-09-14 11:58:28 +0200] [22/118] Example [1/11] 'manual confirmations lists pending confirmations through nodectl' succeeded in 1.25 seconds
Run selected ci-tagged tests	Run tests	2026-09-14T09:58:30.1523217Z [2026-09-14 11:58:30 +0200] [22/118] Example [2/11] 'manual confirmations confirms create_type on execute success' succeeded in 1.57 seconds
Run selected ci-tagged tests	Run tests	2026-09-14T09:58:31.4298457Z [2026-09-14 11:58:31 +0200] [22/118] Example [3/11] 'manual confirmations deletes create_type rows on rollback' succeeded in 1.28 seconds
Run selected ci-tagged tests	Run tests	2026-09-14T09:58:32.3146139Z [2026-09-14 11:58:32 +0200] [22/118] Example [4/11] 'manual confirmations deletes just_create_type rows on rollback' succeeded in 0.88 seconds
Run selected ci-tagged tests	Run tests	2026-09-14T09:58:33.5478274Z [2026-09-14 11:58:33 +0200] [22/118] Example [5/11] 'manual confirmations restores edit_before_type rows on rollback' succeeded in 1.23 seconds
Run selected ci-tagged tests	Run tests	2026-09-14T09:58:34.7878153Z [2026-09-14 11:58:34 +0200] [22/118] Example [6/11] 'manual confirmations applies edit_after_type rows on execute success' succeeded in 1.24 seconds
Run selected ci-tagged tests	Run tests	2026-09-14T09:58:36.0522345Z [2026-09-14 11:58:36 +0200] [22/118] Example [7/11] 'manual confirmations deletes destroy_type rows on execute success' succeeded in 1.26 seconds
Run selected ci-tagged tests	Run tests	2026-09-14T09:58:37.2303956Z [2026-09-14 11:58:37 +0200] [22/118] Example [8/11] 'manual confirmations keeps destroy_type rows and confirms them on rollback' succeeded in 1.18 seconds
Run selected ci-tagged tests	Run tests	2026-09-14T09:58:38.4930936Z [2026-09-14 11:58:38 +0200] [22/118] Example [9/11] 'manual confirmations deletes just_destroy_type rows on execute success' succeeded in 1.26 seconds
Run selected ci-tagged tests	Run tests	2026-09-14T09:58:39.7246602Z [2026-09-14 11:58:39 +0200] [22/118] Example [10/11] 'manual confirmations applies decrement_type rows on execute success' succeeded in 1.23 seconds
Run selected ci-tagged tests	Run tests	2026-09-14T09:58:40.9819278Z [2026-09-14 11:58:40 +0200] [22/118] Example [11/11] 'manual confirmations applies increment_type rows on execute success' succeeded in 1.26 seconds
Run selected ci-tagged tests	Run tests	2026-09-14T09:58:42.9542279Z [2026-09-14 11:58:42 +0200] [13/118] Test 'cluster/generate-migration-keys' successful in 388.34 seconds
Run selected ci-tagged tests	Run tests	2026-09-14T09:58:42.9559841Z [2026-09-14 11:58:42 +0200] Reserved resources for 'storage/restore-remote-interrupted-recv': machines=3, memory=24.0 GiB, shm=24.0 GiB, cpus=16; pool: memory=82.0 GiB/87.3 GiB, shm=82.0 GiB/115.7 GiB, cpus=62/63, running=5
Run selected ci-tagged tests	Run tests	2026-09-14T09:58:42.9585371Z [2026-09-14 11:58:42 +0200] [14/118] Running test 'storage/restore-remote-interrupted-recv' (#default)
Run selected ci-tagged tests	Run tests	2026-09-14T09:58:42.9634256Z [2026-09-14 11:58:42 +0200] Waiting for resources: pool: memory=82.0 GiB/87.3 GiB, shm=82.0 GiB/115.7 GiB, cpus=62/63, running=5; pending: storage/branching-rotation (machines=3, memory=24.0 GiB, shm=24.0 GiB, cpus=16), storage/backup-remote-interrupted-send (machines=3, memory=24.0 GiB, shm=24.0 GiB, cpus=16), storage/dataset-migrate-retain-source (machines=3, memory=24.0 GiB, shm=24.0 GiB, cpus=16)
Run selected ci-tagged tests	Run tests	2026-09-14T09:59:01.6742520Z [2026-09-14 11:59:01 +0200] [22/118] Test 'tx/manual-confirmations' successful in 214.24 seconds
Run selected ci-tagged tests	Run tests	2026-09-14T09:59:01.6749363Z [2026-09-14 11:59:01 +0200] Reserved resources for 'user/create-with-initial-vps': machines=2, memory=16.0 GiB, shm=16.0 GiB, cpus=12; pool: memory=82.0 GiB/87.3 GiB, shm=82.0 GiB/115.7 GiB, cpus=62/63, running=5
Run selected ci-tagged tests	Run tests	2026-09-14T09:59:01.6773475Z [2026-09-14 11:59:01 +0200] [25/118] Running test 'user/create-with-initial-vps' (#default)
Run selected ci-tagged tests	Run tests	2026-09-14T10:00:47.9485853Z [2026-09-14 12:00:47 +0200] [112/118] Example [1/2] 'DNS secondary transfer errors records every normalized transfer failure and recovery' succeeded in 77.65 seconds
Run selected ci-tagged tests	Run tests	2026-09-14T10:01:08.0941811Z [2026-09-14 12:01:08 +0200] [112/118] Example [2/2] 'DNS secondary transfer errors prunes old transfer logs while keeping latest transfer fields' succeeded in 20.15 seconds
Run selected ci-tagged tests	Run tests	2026-09-14T10:01:24.5692241Z [2026-09-14 12:01:24 +0200] [112/118] Test 'dns/secondary-transfer-errors' successful in 302.21 seconds
Run selected ci-tagged tests	Run tests	2026-09-14T10:01:24.5699793Z [2026-09-14 12:01:24 +0200] Waiting for resources: pool: memory=72.0 GiB/87.3 GiB, shm=72.0 GiB/115.7 GiB, cpus=52/63, running=4; pending: storage/branching-rotation (machines=3, memory=24.0 GiB, shm=24.0 GiB, cpus=16), storage/backup-remote-interrupted-send (machines=3, memory=24.0 GiB, shm=24.0 GiB, cpus=16), storage/dataset-migrate-retain-source (machines=3, memory=24.0 GiB, shm=24.0 GiB, cpus=16)
Run selected ci-tagged tests	Run tests	2026-09-14T10:01:34.1091500Z [2026-09-14 12:01:34 +0200] [19/118] Example [1/1] 'network interface shaper and rename updates the shaper and renames the routed interface' succeeded in 261.76 seconds
Run selected ci-tagged tests	Run tests	2026-09-14T10:01:57.4312116Z ##[error]The operation was canceled.
Run selected ci-tagged tests	Upload full test logs	﻿2026-09-14T10:01:57.4726870Z ##[group]Run vpsfreecz/vpsadminos/.github/actions/upload-test-logs@staging
Run selected ci-tagged tests	Upload full test logs	2026-09-14T10:01:57.4729767Z with:
Run selected ci-tagged tests	Upload full test logs	2026-09-14T10:01:57.4732972Z   name: vpsadmin-test-logs-34827227475
Run selected ci-tagged tests	Upload full test logs	2026-09-14T10:01:57.4736460Z   paths: /tmp/os-test-runner-19884793-34827227475-1/**/*.log
Run selected ci-tagged tests	Upload full test logs	/tmp/os-test-runner-19884793-34827227475-1/**/*.txt
Run selected ci-tagged tests	Upload full test logs	
Run selected ci-tagged tests	Upload full test logs	2026-09-14T10:01:57.4745323Z   retention-days: 14
Run selected ci-tagged tests	Upload full test logs	2026-09-14T10:01:57.4747247Z   if-no-files-found: error
Run selected ci-tagged tests	Upload full test logs	2026-09-14T10:01:57.4748865Z env:
Run selected ci-tagged tests	Upload full test logs	2026-09-14T10:01:57.4750196Z   TEST_RUNNER_STATE_DIR: /tmp/os-test-runner-19884793-34827227475-1
Run selected ci-tagged tests	Upload full test logs	2026-09-14T10:01:57.4752108Z ##[endgroup]
Run selected ci-tagged tests	Upload full test logs	2026-09-14T10:01:57.4767463Z ##[start-action display=Upload logs;id=upload-test-logs.__actions_upload-artifact]
Run selected ci-tagged tests	Upload full test logs	2026-09-14T10:01:57.4914600Z ##[group]Run actions/upload-artifact@v7
Run selected ci-tagged tests	Upload full test logs	2026-09-14T10:01:57.4916164Z with:
Run selected ci-tagged tests	Upload full test logs	2026-09-14T10:01:57.4917458Z   name: vpsadmin-test-logs-34827227475
Run selected ci-tagged tests	Upload full test logs	2026-09-14T10:01:57.4920556Z   path: /tmp/os-test-runner-19884793-34827227475-1/**/*.log
Run selected ci-tagged tests	Upload full test logs	/tmp/os-test-runner-19884793-34827227475-1/**/*.txt
Run selected ci-tagged tests	Upload full test logs	
Run selected ci-tagged tests	Upload full test logs	2026-09-14T10:01:57.4923759Z   retention-days: 14
Run selected ci-tagged tests	Upload full test logs	2026-09-14T10:01:57.4924545Z   if-no-files-found: error
Run selected ci-tagged tests	Upload full test logs	2026-09-14T10:01:57.4925946Z   compression-level: 6
Run selected ci-tagged tests	Upload full test logs	2026-09-14T10:01:57.4927308Z   overwrite: false
Run selected ci-tagged tests	Upload full test logs	2026-09-14T10:01:57.4928436Z   include-hidden-files: false
Run selected ci-tagged tests	Upload full test logs	2026-09-14T10:01:57.4929996Z   archive: true
Run selected ci-tagged tests	Upload full test logs	2026-09-14T10:01:57.4931187Z env:
Run selected ci-tagged tests	Upload full test logs	2026-09-14T10:01:57.4932851Z   TEST_RUNNER_STATE_DIR: /tmp/os-test-runner-19884793-34827227475-1
Run selected ci-tagged tests	Upload full test logs	2026-09-14T10:01:57.4934485Z ##[endgroup]
Run selected ci-tagged tests	Upload full test logs	2026-09-14T10:01:58.4075959Z With the provided path, there will be 225 files uploaded
Run selected ci-tagged tests	Upload full test logs	2026-09-14T10:01:58.4091547Z Artifact name is valid!
Run selected ci-tagged tests	Upload full test logs	2026-09-14T10:01:58.4098122Z Root directory input is valid!
Run selected ci-tagged tests	Upload full test logs	2026-09-14T10:01:59.0673116Z Uploading artifact: vpsadmin-test-logs-34827227475.zip
Run selected ci-tagged tests	Upload full test logs	2026-09-14T10:01:59.0843307Z Beginning upload of artifact content to blob storage
Run selected ci-tagged tests	Upload full test logs	2026-09-14T10:02:01.4266824Z Uploaded bytes 1517093
Run selected ci-tagged tests	Upload full test logs	2026-09-14T10:02:01.5433972Z Finished uploading artifact content to blob storage!
Run selected ci-tagged tests	Upload full test logs	2026-09-14T10:02:01.5436285Z SHA256 digest of uploaded artifact is dfcd6ce9cd686e968b0d1ff46d1c4568a830a7c4025191b2b26accc67f6051d3
Run selected ci-tagged tests	Upload full test logs	2026-09-14T10:02:01.5438249Z Finalizing artifact upload
Run selected ci-tagged tests	Upload full test logs	2026-09-14T10:02:02.0688048Z Artifact vpsadmin-test-logs-34827227475 successfully finalized. Artifact ID 10341892964
Run selected ci-tagged tests	Upload full test logs	2026-09-14T10:02:02.0691490Z Artifact vpsadmin-test-logs-34827227475 has been successfully uploaded! Final size is 1517093 bytes. Artifact ID is 10341892964
Run selected ci-tagged tests	Upload full test logs	2026-09-14T10:02:02.0698454Z Artifact download URL: https://github.com/vpsfreecz/vpsadmin/actions/runs/34827227475/artifacts/10341892964
Run selected ci-tagged tests	Upload full test logs	2026-09-14T10:02:02.1198225Z ##[end-action id=upload-test-logs.__actions_upload-artifact;outcome=success;conclusion=success;duration_ms=4642]
Run selected ci-tagged tests	Evaluate test results	﻿2026-09-14T10:02:02.1469254Z ##[group]Run vpsfreecz/vpsadminos/.github/actions/evaluate-test-results@staging
Run selected ci-tagged tests	Evaluate test results	2026-09-14T10:02:02.1472126Z with:
Run selected ci-tagged tests	Evaluate test results	2026-09-14T10:02:02.1474159Z   log-file: /tmp/os-test-runner-19884793-34827227475-1/test.log
Run selected ci-tagged tests	Evaluate test results	2026-09-14T10:02:02.1476356Z env:
Run selected ci-tagged tests	Evaluate test results	2026-09-14T10:02:02.1478493Z   TEST_RUNNER_STATE_DIR: /tmp/os-test-runner-19884793-34827227475-1
Run selected ci-tagged tests	Evaluate test results	2026-09-14T10:02:02.1480957Z ##[endgroup]
Run selected ci-tagged tests	Evaluate test results	2026-09-14T10:02:02.1563917Z ##[start-action display=Run set -euo pipefail;id=__vpsfreecz_vpsadminos.evaluate]
Run selected ci-tagged tests	Evaluate test results	2026-09-14T10:02:02.1634639Z ##[group]Run set -euo pipefail
Run selected ci-tagged tests	Evaluate test results	2026-09-14T10:02:02.1636458Z ^[[36;1mset -euo pipefail^[[0m
Run selected ci-tagged tests	Evaluate test results	2026-09-14T10:02:02.1638204Z ^[[36;1m^[[0m
Run selected ci-tagged tests	Evaluate test results	2026-09-14T10:02:02.1639997Z ^[[36;1mlog_file="/tmp/os-test-runner-19884793-34827227475-1/test.log"^[[0m
Run selected ci-tagged tests	Evaluate test results	2026-09-14T10:02:02.1641757Z ^[[36;1m^[[0m
Run selected ci-tagged tests	Evaluate test results	2026-09-14T10:02:02.1643031Z ^[[36;1mif [ ! -f "$log_file" ]; then^[[0m
Run selected ci-tagged tests	Evaluate test results	2026-09-14T10:02:02.1645007Z ^[[36;1m  echo "::error::Test log '$log_file' not found"^[[0m
Run selected ci-tagged tests	Evaluate test results	2026-09-14T10:02:02.1646691Z ^[[36;1m  exit 1^[[0m
Run selected ci-tagged tests	Evaluate test results	2026-09-14T10:02:02.1648949Z ^[[36;1mfi^[[0m
Run selected ci-tagged tests	Evaluate test results	2026-09-14T10:02:02.1650487Z ^[[36;1m^[[0m
Run selected ci-tagged tests	Evaluate test results	2026-09-14T10:02:02.1652190Z ^[[36;1m# Disable pipefail while grepping so missing matches do not fail the step^[[0m
Run selected ci-tagged tests	Evaluate test results	2026-09-14T10:02:02.1654332Z ^[[36;1mset +o pipefail^[[0m
Run selected ci-tagged tests	Evaluate test results	2026-09-14T10:02:02.1656306Z ^[[36;1mEXPECTED_SUCCESSFUL=$(grep -oP "\d+ tests successful" "$log_file" | cut -f1 -d ' ')^[[0m
Run selected ci-tagged tests	Evaluate test results	2026-09-14T10:02:02.1659073Z ^[[36;1mEXPECTED_FAILED=$(grep -oP "\d+ tests failed as expected" "$log_file" | cut -f1 -d ' ')^[[0m
Run selected ci-tagged tests	Evaluate test results	2026-09-14T10:02:02.1661917Z ^[[36;1mUNEXPECTED_FAILED=$(grep -oP "\d+ tests should have succeeded" "$log_file" | cut -f1 -d ' ')^[[0m
Run selected ci-tagged tests	Evaluate test results	2026-09-14T10:02:02.1666043Z ^[[36;1mUNEXPECTED_SUCCESSFUL=$(grep -oP "\d+ tests should have failed" "$log_file" | cut -f1 -d ' ')^[[0m
Run selected ci-tagged tests	Evaluate test results	2026-09-14T10:02:02.1668267Z ^[[36;1mset -o pipefail^[[0m
Run selected ci-tagged tests	Evaluate test results	2026-09-14T10:02:02.1669819Z ^[[36;1m^[[0m
Run selected ci-tagged tests	Evaluate test results	2026-09-14T10:02:02.1671782Z ^[[36;1mecho "expected_successful=${EXPECTED_SUCCESSFUL:-0}" >>"$GITHUB_OUTPUT"^[[0m
Run selected ci-tagged tests	Evaluate test results	2026-09-14T10:02:02.1674152Z ^[[36;1mecho "expected_failed=${EXPECTED_FAILED:-0}" >>"$GITHUB_OUTPUT"^[[0m
Run selected ci-tagged tests	Evaluate test results	2026-09-14T10:02:02.1677014Z ^[[36;1mecho "unexpected_failed=${UNEXPECTED_FAILED:-0}" >>"$GITHUB_OUTPUT"^[[0m
Run selected ci-tagged tests	Evaluate test results	2026-09-14T10:02:02.1679594Z ^[[36;1mecho "unexpected_successful=${UNEXPECTED_SUCCESSFUL:-0}" >>"$GITHUB_OUTPUT"^[[0m
Run selected ci-tagged tests	Evaluate test results	2026-09-14T10:02:02.1681830Z ^[[36;1m^[[0m
Run selected ci-tagged tests	Evaluate test results	2026-09-14T10:02:02.1683109Z ^[[36;1m{^[[0m
Run selected ci-tagged tests	Evaluate test results	2026-09-14T10:02:02.1684469Z ^[[36;1m  echo '### Test summary'^[[0m
Run selected ci-tagged tests	Evaluate test results	2026-09-14T10:02:02.1685947Z ^[[36;1m  echo ""^[[0m
Run selected ci-tagged tests	Evaluate test results	2026-09-14T10:02:02.1687646Z ^[[36;1m  echo "| Result | Count |"^[[0m
Run selected ci-tagged tests	Evaluate test results	2026-09-14T10:02:02.1689283Z ^[[36;1m  echo "|--------|-------|"^[[0m
Run selected ci-tagged tests	Evaluate test results	2026-09-14T10:02:02.1691140Z ^[[36;1m  echo "| ✅ Successful (expected) | ${EXPECTED_SUCCESSFUL:-0} |"^[[0m
Run selected ci-tagged tests	Evaluate test results	2026-09-14T10:02:02.1693291Z ^[[36;1m  echo "| ⚠️ Failed (expected) | ${EXPECTED_FAILED:-0} |"^[[0m
Run selected ci-tagged tests	Evaluate test results	2026-09-14T10:02:02.1695592Z ^[[36;1m  echo "| ❌ Failed (unexpected) | ${UNEXPECTED_FAILED:-0} |"^[[0m
Run selected ci-tagged tests	Evaluate test results	2026-09-14T10:02:02.1697766Z ^[[36;1m  echo "| ❌ Successful (unexpected) | ${UNEXPECTED_SUCCESSFUL:-0} |"^[[0m
Run selected ci-tagged tests	Evaluate test results	2026-09-14T10:02:02.1699914Z ^[[36;1m  echo ""^[[0m
Run selected ci-tagged tests	Evaluate test results	2026-09-14T10:02:02.1701380Z ^[[36;1m} >>"$GITHUB_STEP_SUMMARY"^[[0m
Run selected ci-tagged tests	Evaluate test results	2026-09-14T10:02:02.1703172Z ^[[36;1m^[[0m
Run selected ci-tagged tests	Evaluate test results	2026-09-14T10:02:02.1704955Z ^[[36;1mif [ "${UNEXPECTED_FAILED:-0}" -gt 0 ] || [ "${UNEXPECTED_SUCCESSFUL:-0}" -gt 0 ]; then^[[0m
Run selected ci-tagged tests	Evaluate test results	2026-09-14T10:02:02.1709173Z ^[[36;1m  echo "::error::${UNEXPECTED_FAILED:-0} tests unexpectedly failed, ${UNEXPECTED_SUCCESSFUL:-0} tests unexpectedly succeeded"^[[0m
Run selected ci-tagged tests	Evaluate test results	2026-09-14T10:02:02.1711940Z ^[[36;1m  exit 1^[[0m
Run selected ci-tagged tests	Evaluate test results	2026-09-14T10:02:02.1713339Z ^[[36;1mfi^[[0m
Run selected ci-tagged tests	Evaluate test results	2026-09-14T10:02:02.1731011Z shell: /nix/store/pkf547jp8a92k4wmxikkyby58w10pysr-bash-interactive-5.3p9/bin/bash --noprofile --norc -e -o pipefail {0}
Run selected ci-tagged tests	Evaluate test results	2026-09-14T10:02:02.1734128Z env:
Run selected ci-tagged tests	Evaluate test results	2026-09-14T10:02:02.1735676Z   TEST_RUNNER_STATE_DIR: /tmp/os-test-runner-19884793-34827227475-1
Run selected ci-tagged tests	Evaluate test results	2026-09-14T10:02:02.1737899Z ##[endgroup]
Run selected ci-tagged tests	Evaluate test results	2026-09-14T10:02:02.2334042Z ##[end-action id=__vpsfreecz_vpsadminos.evaluate;outcome=success;conclusion=success;duration_ms=76]
Run selected ci-tagged tests	Summarise test logs	﻿2026-09-14T10:02:02.2496153Z ##[group]Run vpsfreecz/vpsadminos/.github/actions/summarise-test-logs@staging
Run selected ci-tagged tests	Summarise test logs	2026-09-14T10:02:02.2497609Z with:
Run selected ci-tagged tests	Summarise test logs	2026-09-14T10:02:02.2498477Z   logs-root: /tmp/os-test-runner-19884793-34827227475-1
Run selected ci-tagged tests	Summarise test logs	2026-09-14T10:02:02.2499744Z   tail-lines: 200
Run selected ci-tagged tests	Summarise test logs	2026-09-14T10:02:02.2500436Z   max-bytes: 921600
Run selected ci-tagged tests	Summarise test logs	2026-09-14T10:02:02.2501097Z env:
Run selected ci-tagged tests	Summarise test logs	2026-09-14T10:02:02.2502014Z   TEST_RUNNER_STATE_DIR: /tmp/os-test-runner-19884793-34827227475-1
Run selected ci-tagged tests	Summarise test logs	2026-09-14T10:02:02.2503166Z ##[endgroup]
Run selected ci-tagged tests	Summarise test logs	2026-09-14T10:02:02.2604831Z ##[start-action display=Run bash "$GITHUB_ACTION_PATH/summarise-test-logs.bash";id=__vpsfreecz_vpsadminos_2.__run]
Run selected ci-tagged tests	Summarise test logs	2026-09-14T10:02:02.2650112Z ##[group]Run bash "$GITHUB_ACTION_PATH/summarise-test-logs.bash"
Run selected ci-tagged tests	Summarise test logs	2026-09-14T10:02:02.2651597Z ^[[36;1mbash "$GITHUB_ACTION_PATH/summarise-test-logs.bash"^[[0m
Run selected ci-tagged tests	Summarise test logs	2026-09-14T10:02:02.2659283Z shell: /nix/store/pkf547jp8a92k4wmxikkyby58w10pysr-bash-interactive-5.3p9/bin/bash --noprofile --norc -e -o pipefail {0}
Run selected ci-tagged tests	Summarise test logs	2026-09-14T10:02:02.2661165Z env:
Run selected ci-tagged tests	Summarise test logs	2026-09-14T10:02:02.2662045Z   TEST_RUNNER_STATE_DIR: /tmp/os-test-runner-19884793-34827227475-1
Run selected ci-tagged tests	Summarise test logs	2026-09-14T10:02:02.2663425Z   LOGS_ROOT: /tmp/os-test-runner-19884793-34827227475-1
Run selected ci-tagged tests	Summarise test logs	2026-09-14T10:02:02.2664413Z   TAIL_LINES: 200
Run selected ci-tagged tests	Summarise test logs	2026-09-14T10:02:02.2665092Z   MAX_SUMMARY_BYTES: 921600
Run selected ci-tagged tests	Summarise test logs	2026-09-14T10:02:02.2665855Z ##[endgroup]
Run selected ci-tagged tests	Summarise test logs	2026-09-14T10:02:02.4874577Z ##[end-action id=__vpsfreecz_vpsadminos_2.__run;outcome=success;conclusion=success;duration_ms=226]
Run selected ci-tagged tests	Cleanup test state	﻿2026-09-14T10:02:02.5043866Z ##[group]Run vpsfreecz/vpsadminos/.github/actions/cleanup-test-state@staging
Run selected ci-tagged tests	Cleanup test state	2026-09-14T10:02:02.5045287Z with:
Run selected ci-tagged tests	Cleanup test state	2026-09-14T10:02:02.5046193Z   state-directory: /tmp/os-test-runner-19884793-34827227475-1
Run selected ci-tagged tests	Cleanup test state	2026-09-14T10:02:02.5051396Z   prepare-outcome: success
Run selected ci-tagged tests	Cleanup test state	2026-09-14T10:02:02.5052239Z   test-outcome: cancelled
Run selected ci-tagged tests	Cleanup test state	2026-09-14T10:02:02.5053014Z   upload-outcome: success
Run selected ci-tagged tests	Cleanup test state	2026-09-14T10:02:02.5053745Z env:
Run selected ci-tagged tests	Cleanup test state	2026-09-14T10:02:02.5054679Z   TEST_RUNNER_STATE_DIR: /tmp/os-test-runner-19884793-34827227475-1
Run selected ci-tagged tests	Cleanup test state	2026-09-14T10:02:02.5056102Z ##[endgroup]
Run selected ci-tagged tests	Cleanup test state	2026-09-14T10:02:02.5073466Z ##[start-action display=Run bash "$GITHUB_ACTION_PATH/cleanup-test-state.bash";id=__vpsfreecz_vpsadminos_3.__run]
Run selected ci-tagged tests	Cleanup test state	2026-09-14T10:02:02.5119441Z ##[group]Run bash "$GITHUB_ACTION_PATH/cleanup-test-state.bash"
Run selected ci-tagged tests	Cleanup test state	2026-09-14T10:02:02.5121315Z ^[[36;1mbash "$GITHUB_ACTION_PATH/cleanup-test-state.bash"^[[0m
Run selected ci-tagged tests	Cleanup test state	2026-09-14T10:02:02.5132344Z shell: /nix/store/pkf547jp8a92k4wmxikkyby58w10pysr-bash-interactive-5.3p9/bin/bash --noprofile --norc -e -o pipefail {0}
Run selected ci-tagged tests	Cleanup test state	2026-09-14T10:02:02.5134353Z env:
Run selected ci-tagged tests	Cleanup test state	2026-09-14T10:02:02.5135264Z   TEST_RUNNER_STATE_DIR: /tmp/os-test-runner-19884793-34827227475-1
Run selected ci-tagged tests	Cleanup test state	2026-09-14T10:02:02.5136738Z   TEST_STATE_DIRECTORY: /tmp/os-test-runner-19884793-34827227475-1
Run selected ci-tagged tests	Cleanup test state	2026-09-14T10:02:02.5137969Z   TEST_STATE_PREPARE_OUTCOME: success
Run selected ci-tagged tests	Cleanup test state	2026-09-14T10:02:02.5139063Z   TEST_STATE_TEST_OUTCOME: cancelled
Run selected ci-tagged tests	Cleanup test state	2026-09-14T10:02:02.5139960Z   TEST_STATE_UPLOAD_OUTCOME: success
Run selected ci-tagged tests	Cleanup test state	2026-09-14T10:02:02.5140869Z   TEST_STATE_REPOSITORY_ID: 19884793
Run selected ci-tagged tests	Cleanup test state	2026-09-14T10:02:02.5141736Z   TEST_STATE_RUN_ID: 34827227475
Run selected ci-tagged tests	Cleanup test state	2026-09-14T10:02:02.5142564Z   TEST_STATE_RUN_ATTEMPT: 1
Run selected ci-tagged tests	Cleanup test state	2026-09-14T10:02:02.5143372Z ##[endgroup]
Run selected ci-tagged tests	Cleanup test state	2026-09-14T10:02:02.5717893Z Removed test-runner state directory: /tmp/os-test-runner-19884793-34827227475-1
Run selected ci-tagged tests	Cleanup test state	2026-09-14T10:02:02.5746182Z ##[end-action id=__vpsfreecz_vpsadminos_3.__run;outcome=success;conclusion=success;duration_ms=67]
Run selected ci-tagged tests	Post Checkout vpsadmin	﻿2026-09-14T10:02:02.6064769Z Post job cleanup.
Run selected ci-tagged tests	Post Checkout vpsadmin	2026-09-14T10:02:02.9041777Z [command]/nix/store/nly4cml071i82515r89rpdw38z55wjqd-git-2.54.0/bin/git version
Run selected ci-tagged tests	Post Checkout vpsadmin	2026-09-14T10:02:02.9242769Z git version 2.54.0
Run selected ci-tagged tests	Post Checkout vpsadmin	2026-09-14T10:02:02.9389069Z Temporarily overriding HOME='/run/github-runner/runner/_temp/411565c0-c2a3-4137-9380-03d7cc9362aa' before making global git config changes
Run selected ci-tagged tests	Post Checkout vpsadmin	2026-09-14T10:02:02.9392223Z Adding repository directory to the temporary git global config as a safe directory
Run selected ci-tagged tests	Post Checkout vpsadmin	2026-09-14T10:02:02.9402265Z [command]/nix/store/nly4cml071i82515r89rpdw38z55wjqd-git-2.54.0/bin/git config --global --add safe.directory /run/github-runner/runner/vpsadmin/vpsadmin
Run selected ci-tagged tests	Post Checkout vpsadmin	2026-09-14T10:02:02.9500191Z Removing SSH command configuration
Run selected ci-tagged tests	Post Checkout vpsadmin	2026-09-14T10:02:02.9516252Z [command]/nix/store/nly4cml071i82515r89rpdw38z55wjqd-git-2.54.0/bin/git config --local --name-only --get-regexp core\.sshCommand
Run selected ci-tagged tests	Post Checkout vpsadmin	2026-09-14T10:02:02.9673309Z [command]/nix/store/nly4cml071i82515r89rpdw38z55wjqd-git-2.54.0/bin/git submodule foreach --recursive sh -c "git config --local --name-only --get-regexp 'core\.sshCommand' && git config --local --unset-all 'core.sshCommand' || :"
Run selected ci-tagged tests	Post Checkout vpsadmin	2026-09-14T10:02:03.0674298Z Removing HTTP extra header
Run selected ci-tagged tests	Post Checkout vpsadmin	2026-09-14T10:02:03.0686173Z [command]/nix/store/nly4cml071i82515r89rpdw38z55wjqd-git-2.54.0/bin/git config --local --name-only --get-regexp http\.https\:\/\/github\.com\/\.extraheader
Run selected ci-tagged tests	Post Checkout vpsadmin	2026-09-14T10:02:03.0811785Z [command]/nix/store/nly4cml071i82515r89rpdw38z55wjqd-git-2.54.0/bin/git submodule foreach --recursive sh -c "git config --local --name-only --get-regexp 'http\.https\:\/\/github\.com\/\.extraheader' && git config --local --unset-all 'http.https://github.com/.extraheader' || :"
Run selected ci-tagged tests	Post Checkout vpsadmin	2026-09-14T10:02:03.1684000Z Removing includeIf entries pointing to credentials config files
Run selected ci-tagged tests	Post Checkout vpsadmin	2026-09-14T10:02:03.1701825Z [command]/nix/store/nly4cml071i82515r89rpdw38z55wjqd-git-2.54.0/bin/git config --local --name-only --get-regexp ^includeIf\.gitdir:
Run selected ci-tagged tests	Post Checkout vpsadmin	2026-09-14T10:02:03.1805088Z includeif.gitdir:/run/github-runner/runner/vpsadmin/vpsadmin/.git.path
Run selected ci-tagged tests	Post Checkout vpsadmin	2026-09-14T10:02:03.1807023Z includeif.gitdir:/run/github-runner/runner/vpsadmin/vpsadmin/.git/worktrees/*.path
Run selected ci-tagged tests	Post Checkout vpsadmin	2026-09-14T10:02:03.1808748Z includeif.gitdir:/github/workspace/.git.path
Run selected ci-tagged tests	Post Checkout vpsadmin	2026-09-14T10:02:03.1809972Z includeif.gitdir:/github/workspace/.git/worktrees/*.path
Run selected ci-tagged tests	Post Checkout vpsadmin	2026-09-14T10:02:03.1826579Z [command]/nix/store/nly4cml071i82515r89rpdw38z55wjqd-git-2.54.0/bin/git config --local --get-all includeif.gitdir:/run/github-runner/runner/vpsadmin/vpsadmin/.git.path
Run selected ci-tagged tests	Post Checkout vpsadmin	2026-09-14T10:02:03.1885628Z /run/github-runner/runner/_temp/git-credentials-13dd3722-7d16-43e9-9377-0f436c8300a5.config
Run selected ci-tagged tests	Post Checkout vpsadmin	2026-09-14T10:02:03.1909635Z [command]/nix/store/nly4cml071i82515r89rpdw38z55wjqd-git-2.54.0/bin/git config --local --unset includeif.gitdir:/run/github-runner/runner/vpsadmin/vpsadmin/.git.path \/run\/github\-runner\/runner\/_temp\/git\-credentials\-13dd3722\-7d16\-43e9\-9377\-0f436c8300a5\.config
Run selected ci-tagged tests	Post Checkout vpsadmin	2026-09-14T10:02:03.2050467Z [command]/nix/store/nly4cml071i82515r89rpdw38z55wjqd-git-2.54.0/bin/git config --local --get-all includeif.gitdir:/run/github-runner/runner/vpsadmin/vpsadmin/.git/worktrees/*.path
Run selected ci-tagged tests	Post Checkout vpsadmin	2026-09-14T10:02:03.2111389Z /run/github-runner/runner/_temp/git-credentials-13dd3722-7d16-43e9-9377-0f436c8300a5.config
Run selected ci-tagged tests	Post Checkout vpsadmin	2026-09-14T10:02:03.2132853Z [command]/nix/store/nly4cml071i82515r89rpdw38z55wjqd-git-2.54.0/bin/git config --local --unset includeif.gitdir:/run/github-runner/runner/vpsadmin/vpsadmin/.git/worktrees/*.path \/run\/github\-runner\/runner\/_temp\/git\-credentials\-13dd3722\-7d16\-43e9\-9377\-0f436c8300a5\.config
Run selected ci-tagged tests	Post Checkout vpsadmin	2026-09-14T10:02:03.2271992Z [command]/nix/store/nly4cml071i82515r89rpdw38z55wjqd-git-2.54.0/bin/git config --local --get-all includeif.gitdir:/github/workspace/.git.path
Run selected ci-tagged tests	Post Checkout vpsadmin	2026-09-14T10:02:03.2338256Z /github/runner_temp/git-credentials-13dd3722-7d16-43e9-9377-0f436c8300a5.config
Run selected ci-tagged tests	Post Checkout vpsadmin	2026-09-14T10:02:03.2356180Z [command]/nix/store/nly4cml071i82515r89rpdw38z55wjqd-git-2.54.0/bin/git config --local --unset includeif.gitdir:/github/workspace/.git.path \/github\/runner_temp\/git\-credentials\-13dd3722\-7d16\-43e9\-9377\-0f436c8300a5\.config
Run selected ci-tagged tests	Post Checkout vpsadmin	2026-09-14T10:02:03.2467168Z [command]/nix/store/nly4cml071i82515r89rpdw38z55wjqd-git-2.54.0/bin/git config --local --get-all includeif.gitdir:/github/workspace/.git/worktrees/*.path
Run selected ci-tagged tests	Post Checkout vpsadmin	2026-09-14T10:02:03.2533918Z /github/runner_temp/git-credentials-13dd3722-7d16-43e9-9377-0f436c8300a5.config
Run selected ci-tagged tests	Post Checkout vpsadmin	2026-09-14T10:02:03.2553374Z [command]/nix/store/nly4cml071i82515r89rpdw38z55wjqd-git-2.54.0/bin/git config --local --unset includeif.gitdir:/github/workspace/.git/worktrees/*.path \/github\/runner_temp\/git\-credentials\-13dd3722\-7d16\-43e9\-9377\-0f436c8300a5\.config
Run selected ci-tagged tests	Post Checkout vpsadmin	2026-09-14T10:02:03.2651884Z [command]/nix/store/nly4cml071i82515r89rpdw38z55wjqd-git-2.54.0/bin/git submodule foreach --recursive git config --local --show-origin --name-only --get-regexp remote.origin.url
Run selected ci-tagged tests	Post Checkout vpsadmin	2026-09-14T10:02:03.3546139Z Removing credentials config '/run/github-runner/runner/_temp/git-credentials-13dd3722-7d16-43e9-9377-0f436c8300a5.config'
Run selected ci-tagged tests	Complete runner	﻿2026-09-14T10:02:03.3877600Z A job completed hook has been configured by the self-hosted runner administrator
Run selected ci-tagged tests	Complete runner	2026-09-14T10:02:03.3931811Z ##[group]Run '/nix/store/10h95s0bwjpj3811h99j036bxyrhk9g5-github-runner-job-completed.sh'
Run selected ci-tagged tests	Complete runner	2026-09-14T10:02:03.3941288Z shell: /nix/store/pkf547jp8a92k4wmxikkyby58w10pysr-bash-interactive-5.3p9/bin/bash --noprofile --norc -e -o pipefail {0}
Run selected ci-tagged tests	Complete runner	2026-09-14T10:02:03.3945815Z ##[endgroup]
Run selected ci-tagged tests	Complete runner	2026-09-14T10:02:03.4229294Z Cleared the GitHub runner job marker; Nix garbage collection can resume
Run selected ci-tagged tests	Complete job	﻿2026-09-14T10:02:03.4448159Z Cleaning up orphan processes
Run selected ci-tagged tests	Complete job	2026-09-14T10:02:03.4782256Z Terminate orphan process: pid (4117533) (ruby)
Run selected ci-tagged tests	Complete job	2026-09-14T10:02:03.4929529Z Terminate orphan process: pid (4117534) (tee)
Run selected ci-tagged tests	Complete job	2026-09-14T10:02:03.5022902Z Terminate orphan process: pid (4177589) (executor.rb:165)
Run selected ci-tagged tests	Complete job	2026-09-14T10:02:03.5230168Z Terminate orphan process: pid (4177747) (executor.rb:165)
Run selected ci-tagged tests	Complete job	2026-09-14T10:02:03.5309680Z Terminate orphan process: pid (4177865) (virtiofsd)
Run selected ci-tagged tests	Complete job	2026-09-14T10:02:03.5415142Z Terminate orphan process: pid (4177867) (virtiofsd)
Run selected ci-tagged tests	Complete job	2026-09-14T10:02:03.5495408Z Terminate orphan process: pid (4177874) (qemu-kvm)
Run selected ci-tagged tests	Complete job	2026-09-14T10:02:03.5575707Z Terminate orphan process: pid (4177878) (virtiofsd)
Run selected ci-tagged tests	Complete job	2026-09-14T10:02:03.5653590Z Terminate orphan process: pid (4177880) (virtiofsd)
Run selected ci-tagged tests	Complete job	2026-09-14T10:02:03.5731040Z Terminate orphan process: pid (4177895) (qemu-kvm)
Run selected ci-tagged tests	Complete job	2026-09-14T10:02:03.5807423Z Terminate orphan process: pid (4178189) (executor.rb:165)
Run selected ci-tagged tests	Complete job	2026-09-14T10:02:03.5892128Z Terminate orphan process: pid (4178223) (executor.rb:165)
Run selected ci-tagged tests	Complete job	2026-09-14T10:02:03.5971528Z Terminate orphan process: pid (4178351) (virtiofsd)
Run selected ci-tagged tests	Complete job	2026-09-14T10:02:03.6057710Z Terminate orphan process: pid (4178353) (virtiofsd)
Run selected ci-tagged tests	Complete job	2026-09-14T10:02:03.6167588Z Terminate orphan process: pid (4178356) (qemu-kvm)
Run selected ci-tagged tests	Complete job	2026-09-14T10:02:03.6267637Z Terminate orphan process: pid (4178360) (virtiofsd)
Run selected ci-tagged tests	Complete job	2026-09-14T10:02:03.6363616Z Terminate orphan process: pid (4178362) (virtiofsd)
Run selected ci-tagged tests	Complete job	2026-09-14T10:02:03.6457777Z Terminate orphan process: pid (4178376) (qemu-kvm)
Run selected ci-tagged tests	Complete job	2026-09-14T10:02:03.6564918Z Terminate orphan process: pid (4178380) (virtiofsd)
Run selected ci-tagged tests	Complete job	2026-09-14T10:02:03.6747833Z Terminate orphan process: pid (4178382) (virtiofsd)
Run selected ci-tagged tests	Complete job	2026-09-14T10:02:03.6834313Z Terminate orphan process: pid (4178392) (qemu-kvm)
Run selected ci-tagged tests	Complete job	2026-09-14T10:02:03.6941953Z Terminate orphan process: pid (4178407) (virtiofsd)
Run selected ci-tagged tests	Complete job	2026-09-14T10:02:03.7045992Z Terminate orphan process: pid (4178409) (virtiofsd)
Run selected ci-tagged tests	Complete job	2026-09-14T10:02:03.7123012Z Terminate orphan process: pid (4178414) (qemu-kvm)
Run selected ci-tagged tests	Complete job	2026-09-14T10:02:03.7202099Z Terminate orphan process: pid (4178418) (virtiofsd)
Run selected ci-tagged tests	Complete job	2026-09-14T10:02:03.7346185Z Terminate orphan process: pid (4178420) (virtiofsd)
Run selected ci-tagged tests	Complete job	2026-09-14T10:02:03.7479150Z Terminate orphan process: pid (4178440) (qemu-kvm)
