Run selected ci-tagged tests	Set up job	﻿2026-09-14T11:04:24.9867657Z Current runner version: '2.336.0'
Run selected ci-tagged tests	Set up job	2026-09-14T11:04:24.9878516Z Runner name: 'gh-runner1.int.vpsadminos.org'
Run selected ci-tagged tests	Set up job	2026-09-14T11:04:24.9879776Z Runner group name: 'vpsadminos runners'
Run selected ci-tagged tests	Set up job	2026-09-14T11:04:24.9880986Z Machine name: 'gh-runner1'
Run selected ci-tagged tests	Set up job	2026-09-14T11:04:24.9884288Z ##[group]GITHUB_TOKEN Permissions
Run selected ci-tagged tests	Set up job	2026-09-14T11:04:24.9887298Z Contents: read
Run selected ci-tagged tests	Set up job	2026-09-14T11:04:24.9888057Z Metadata: read
Run selected ci-tagged tests	Set up job	2026-09-14T11:04:24.9888793Z ##[endgroup]
Run selected ci-tagged tests	Set up job	2026-09-14T11:04:24.9892095Z Secret source: Actions
Run selected ci-tagged tests	Set up job	2026-09-14T11:04:24.9893507Z Cache mode: write
Run selected ci-tagged tests	Set up job	2026-09-14T11:04:24.9894565Z Prepare workflow directory
Run selected ci-tagged tests	Set up job	2026-09-14T11:04:25.1318616Z Prepare all required actions
Run selected ci-tagged tests	Set up job	2026-09-14T11:04:25.1436947Z Getting action download info
Run selected ci-tagged tests	Set up job	2026-09-14T11:04:25.6808337Z Download action repository 'actions/checkout@v7' (SHA:3d3c42e5aac5ba805825da76410c181273ba90b1)
Run selected ci-tagged tests	Set up job	2026-09-14T11:04:26.0766718Z Download action repository 'vpsfreecz/vpsadminos@staging' (SHA:c065fa2f8485399737e20e8ef9e44299d0766654)
Run selected ci-tagged tests	Set up job	2026-09-14T11:04:26.9718559Z Getting action download info
Run selected ci-tagged tests	Set up job	2026-09-14T11:04:27.1613406Z Download action repository 'actions/upload-artifact@v7' (SHA:043fb46d1a93c77aae656e7c1c64a875d1fc6a0a)
Run selected ci-tagged tests	Set up job	2026-09-14T11:04:27.6905006Z Complete job name: Run selected ci-tagged tests
Run selected ci-tagged tests	Set up runner	﻿2026-09-14T11:04:27.7551857Z A job started hook has been configured by the self-hosted runner administrator
Run selected ci-tagged tests	Set up runner	2026-09-14T11:04:27.7744094Z ##[group]Run '/nix/store/mbn3hvv6asg9kz979g5sjrmmr7f4kbyk-github-runner-job-started.sh'
Run selected ci-tagged tests	Set up runner	2026-09-14T11:04:27.7757155Z shell: /nix/store/pkf547jp8a92k4wmxikkyby58w10pysr-bash-interactive-5.3p9/bin/bash --noprofile --norc -e -o pipefail {0}
Run selected ci-tagged tests	Set up runner	2026-09-14T11:04:27.7760977Z ##[endgroup]
Run selected ci-tagged tests	Set up runner	2026-09-14T11:04:27.8263878Z Marked the GitHub runner job active; Nix garbage collection is deferred
Run selected ci-tagged tests	Checkout vpsadmin	﻿2026-09-14T11:04:27.8846667Z ##[group]Run actions/checkout@v7
Run selected ci-tagged tests	Checkout vpsadmin	2026-09-14T11:04:27.8848200Z with:
Run selected ci-tagged tests	Checkout vpsadmin	2026-09-14T11:04:27.8849402Z   fetch-depth: 0
Run selected ci-tagged tests	Checkout vpsadmin	2026-09-14T11:04:27.8850692Z   repository: vpsfreecz/vpsadmin
Run selected ci-tagged tests	Checkout vpsadmin	2026-09-14T11:04:27.8864418Z   token: ***
Run selected ci-tagged tests	Checkout vpsadmin	2026-09-14T11:04:27.8865575Z   ssh-strict: true
Run selected ci-tagged tests	Checkout vpsadmin	2026-09-14T11:04:27.8866794Z   ssh-user: git
Run selected ci-tagged tests	Checkout vpsadmin	2026-09-14T11:04:27.8868198Z   persist-credentials: true
Run selected ci-tagged tests	Checkout vpsadmin	2026-09-14T11:04:27.8869611Z   clean: true
Run selected ci-tagged tests	Checkout vpsadmin	2026-09-14T11:04:27.8870833Z   sparse-checkout-cone-mode: true
Run selected ci-tagged tests	Checkout vpsadmin	2026-09-14T11:04:27.8872295Z   fetch-tags: false
Run selected ci-tagged tests	Checkout vpsadmin	2026-09-14T11:04:27.8873499Z   show-progress: true
Run selected ci-tagged tests	Checkout vpsadmin	2026-09-14T11:04:27.8874699Z   lfs: false
Run selected ci-tagged tests	Checkout vpsadmin	2026-09-14T11:04:27.8875801Z   submodules: false
Run selected ci-tagged tests	Checkout vpsadmin	2026-09-14T11:04:27.8877482Z   set-safe-directory: true
Run selected ci-tagged tests	Checkout vpsadmin	2026-09-14T11:04:27.8878888Z   allow-unsafe-pr-checkout: false
Run selected ci-tagged tests	Checkout vpsadmin	2026-09-14T11:04:27.8880447Z ##[endgroup]
Run selected ci-tagged tests	Checkout vpsadmin	2026-09-14T11:04:28.0467468Z Syncing repository: vpsfreecz/vpsadmin
Run selected ci-tagged tests	Checkout vpsadmin	2026-09-14T11:04:28.0471259Z ##[group]Getting Git version info
Run selected ci-tagged tests	Checkout vpsadmin	2026-09-14T11:04:28.0473258Z Working directory is '/run/github-runner/runner/vpsadmin/vpsadmin'
Run selected ci-tagged tests	Checkout vpsadmin	2026-09-14T11:04:28.0476941Z [command]/nix/store/nly4cml071i82515r89rpdw38z55wjqd-git-2.54.0/bin/git version
Run selected ci-tagged tests	Checkout vpsadmin	2026-09-14T11:04:28.0479349Z git version 2.54.0
Run selected ci-tagged tests	Checkout vpsadmin	2026-09-14T11:04:28.0483588Z ##[endgroup]
Run selected ci-tagged tests	Checkout vpsadmin	2026-09-14T11:04:28.0492090Z Temporarily overriding HOME='/run/github-runner/runner/_temp/78e22af3-9522-450d-a79c-9f1d561105f4' before making global git config changes
Run selected ci-tagged tests	Checkout vpsadmin	2026-09-14T11:04:28.0496158Z Adding repository directory to the temporary git global config as a safe directory
Run selected ci-tagged tests	Checkout vpsadmin	2026-09-14T11:04:28.0500576Z [command]/nix/store/nly4cml071i82515r89rpdw38z55wjqd-git-2.54.0/bin/git config --global --add safe.directory /run/github-runner/runner/vpsadmin/vpsadmin
Run selected ci-tagged tests	Checkout vpsadmin	2026-09-14T11:04:28.0506986Z [command]/nix/store/nly4cml071i82515r89rpdw38z55wjqd-git-2.54.0/bin/git config --local --get remote.origin.url
Run selected ci-tagged tests	Checkout vpsadmin	2026-09-14T11:04:28.0510067Z https://github.com/vpsfreecz/vpsadmin
Run selected ci-tagged tests	Checkout vpsadmin	2026-09-14T11:04:28.0514217Z ##[group]Removing previously created refs, to avoid conflicts
Run selected ci-tagged tests	Checkout vpsadmin	2026-09-14T11:04:28.0517605Z [command]/nix/store/nly4cml071i82515r89rpdw38z55wjqd-git-2.54.0/bin/git rev-parse --symbolic-full-name --verify --quiet HEAD
Run selected ci-tagged tests	Checkout vpsadmin	2026-09-14T11:04:28.0541063Z refs/heads/2026-09-13-auth-email
Run selected ci-tagged tests	Checkout vpsadmin	2026-09-14T11:04:28.0553106Z [command]/nix/store/nly4cml071i82515r89rpdw38z55wjqd-git-2.54.0/bin/git checkout --detach
Run selected ci-tagged tests	Checkout vpsadmin	2026-09-14T11:04:28.0827335Z HEAD is now at f7a4b68d8 webui: expose email verification in profile settings
Run selected ci-tagged tests	Checkout vpsadmin	2026-09-14T11:04:28.0898056Z [command]/nix/store/nly4cml071i82515r89rpdw38z55wjqd-git-2.54.0/bin/git branch --delete --force 2026-09-13-auth-email
Run selected ci-tagged tests	Checkout vpsadmin	2026-09-14T11:04:28.0929169Z Deleted branch 2026-09-13-auth-email (was f7a4b68d8).
Run selected ci-tagged tests	Checkout vpsadmin	2026-09-14T11:04:28.1020297Z ##[endgroup]
Run selected ci-tagged tests	Checkout vpsadmin	2026-09-14T11:04:28.1026354Z [command]/nix/store/nly4cml071i82515r89rpdw38z55wjqd-git-2.54.0/bin/git submodule status
Run selected ci-tagged tests	Checkout vpsadmin	2026-09-14T11:04:28.1814041Z ##[group]Cleaning the repository
Run selected ci-tagged tests	Checkout vpsadmin	2026-09-14T11:04:28.1820943Z [command]/nix/store/nly4cml071i82515r89rpdw38z55wjqd-git-2.54.0/bin/git clean -ffdx
Run selected ci-tagged tests	Checkout vpsadmin	2026-09-14T11:04:28.2013189Z Removing changed-files.txt
Run selected ci-tagged tests	Checkout vpsadmin	2026-09-14T11:04:28.2017430Z Removing selected-tests.txt
Run selected ci-tagged tests	Checkout vpsadmin	2026-09-14T11:04:28.2034125Z [command]/nix/store/nly4cml071i82515r89rpdw38z55wjqd-git-2.54.0/bin/git reset --hard HEAD
Run selected ci-tagged tests	Checkout vpsadmin	2026-09-14T11:04:28.2301021Z HEAD is now at f7a4b68d8 webui: expose email verification in profile settings
Run selected ci-tagged tests	Checkout vpsadmin	2026-09-14T11:04:28.2318455Z ##[endgroup]
Run selected ci-tagged tests	Checkout vpsadmin	2026-09-14T11:04:28.2329826Z ##[group]Disabling automatic garbage collection
Run selected ci-tagged tests	Checkout vpsadmin	2026-09-14T11:04:28.2344861Z [command]/nix/store/nly4cml071i82515r89rpdw38z55wjqd-git-2.54.0/bin/git config --local gc.auto 0
Run selected ci-tagged tests	Checkout vpsadmin	2026-09-14T11:04:28.2398182Z ##[endgroup]
Run selected ci-tagged tests	Checkout vpsadmin	2026-09-14T11:04:28.2402666Z ##[group]Setting up auth
Run selected ci-tagged tests	Checkout vpsadmin	2026-09-14T11:04:28.2405825Z Removing SSH command configuration
Run selected ci-tagged tests	Checkout vpsadmin	2026-09-14T11:04:28.2412955Z [command]/nix/store/nly4cml071i82515r89rpdw38z55wjqd-git-2.54.0/bin/git config --local --name-only --get-regexp core\.sshCommand
Run selected ci-tagged tests	Checkout vpsadmin	2026-09-14T11:04:28.2524926Z [command]/nix/store/nly4cml071i82515r89rpdw38z55wjqd-git-2.54.0/bin/git submodule foreach --recursive sh -c "git config --local --name-only --get-regexp 'core\.sshCommand' && git config --local --unset-all 'core.sshCommand' || :"
Run selected ci-tagged tests	Checkout vpsadmin	2026-09-14T11:04:28.3386299Z Removing HTTP extra header
Run selected ci-tagged tests	Checkout vpsadmin	2026-09-14T11:04:28.3400120Z [command]/nix/store/nly4cml071i82515r89rpdw38z55wjqd-git-2.54.0/bin/git config --local --name-only --get-regexp http\.https\:\/\/github\.com\/\.extraheader
Run selected ci-tagged tests	Checkout vpsadmin	2026-09-14T11:04:28.3513642Z [command]/nix/store/nly4cml071i82515r89rpdw38z55wjqd-git-2.54.0/bin/git submodule foreach --recursive sh -c "git config --local --name-only --get-regexp 'http\.https\:\/\/github\.com\/\.extraheader' && git config --local --unset-all 'http.https://github.com/.extraheader' || :"
Run selected ci-tagged tests	Checkout vpsadmin	2026-09-14T11:04:28.4374586Z Removing includeIf entries pointing to credentials config files
Run selected ci-tagged tests	Checkout vpsadmin	2026-09-14T11:04:28.4387278Z [command]/nix/store/nly4cml071i82515r89rpdw38z55wjqd-git-2.54.0/bin/git config --local --name-only --get-regexp ^includeIf\.gitdir:
Run selected ci-tagged tests	Checkout vpsadmin	2026-09-14T11:04:28.4518420Z [command]/nix/store/nly4cml071i82515r89rpdw38z55wjqd-git-2.54.0/bin/git submodule foreach --recursive git config --local --show-origin --name-only --get-regexp remote.origin.url
Run selected ci-tagged tests	Checkout vpsadmin	2026-09-14T11:04:28.5445212Z [command]/nix/store/nly4cml071i82515r89rpdw38z55wjqd-git-2.54.0/bin/git config --file /run/github-runner/runner/_temp/git-credentials-0c8141f8-b846-4da2-8ac7-dcaf22587cdd.config http.https://github.com/.extraheader AUTHORIZATION: basic ***
Run selected ci-tagged tests	Checkout vpsadmin	2026-09-14T11:04:28.5541320Z [command]/nix/store/nly4cml071i82515r89rpdw38z55wjqd-git-2.54.0/bin/git config --local includeIf.gitdir:/run/github-runner/runner/vpsadmin/vpsadmin/.git.path /run/github-runner/runner/_temp/git-credentials-0c8141f8-b846-4da2-8ac7-dcaf22587cdd.config
Run selected ci-tagged tests	Checkout vpsadmin	2026-09-14T11:04:28.5618077Z [command]/nix/store/nly4cml071i82515r89rpdw38z55wjqd-git-2.54.0/bin/git config --local includeIf.gitdir:/run/github-runner/runner/vpsadmin/vpsadmin/.git/worktrees/*.path /run/github-runner/runner/_temp/git-credentials-0c8141f8-b846-4da2-8ac7-dcaf22587cdd.config
Run selected ci-tagged tests	Checkout vpsadmin	2026-09-14T11:04:28.5683306Z [command]/nix/store/nly4cml071i82515r89rpdw38z55wjqd-git-2.54.0/bin/git config --local includeIf.gitdir:/github/workspace/.git.path /github/runner_temp/git-credentials-0c8141f8-b846-4da2-8ac7-dcaf22587cdd.config
Run selected ci-tagged tests	Checkout vpsadmin	2026-09-14T11:04:28.5761451Z [command]/nix/store/nly4cml071i82515r89rpdw38z55wjqd-git-2.54.0/bin/git config --local includeIf.gitdir:/github/workspace/.git/worktrees/*.path /github/runner_temp/git-credentials-0c8141f8-b846-4da2-8ac7-dcaf22587cdd.config
Run selected ci-tagged tests	Checkout vpsadmin	2026-09-14T11:04:28.5827170Z ##[endgroup]
Run selected ci-tagged tests	Checkout vpsadmin	2026-09-14T11:04:28.5838866Z ##[group]Fetching the repository
Run selected ci-tagged tests	Checkout vpsadmin	2026-09-14T11:04:28.5849708Z [command]/nix/store/nly4cml071i82515r89rpdw38z55wjqd-git-2.54.0/bin/git -c protocol.version=2 fetch --no-tags --prune --no-recurse-submodules origin +refs/heads/*:refs/remotes/origin/* +refs/tags/*:refs/tags/*
Run selected ci-tagged tests	Checkout vpsadmin	2026-09-14T11:04:29.3523724Z From https://github.com/vpsfreecz/vpsadmin
Run selected ci-tagged tests	Checkout vpsadmin	2026-09-14T11:04:29.3534732Z    f7a4b68d8..ddd01f59c  2026-09-13-auth-email -> origin/2026-09-13-auth-email
Run selected ci-tagged tests	Checkout vpsadmin	2026-09-14T11:04:29.3546884Z  + b851ea971...337c9257f 2026-09-14-kernel-history-fix -> origin/2026-09-14-kernel-history-fix  (forced update)
Run selected ci-tagged tests	Checkout vpsadmin	2026-09-14T11:04:29.3590351Z [command]/nix/store/nly4cml071i82515r89rpdw38z55wjqd-git-2.54.0/bin/git branch --list --remote origin/2026-09-14-kernel-history-fix
Run selected ci-tagged tests	Checkout vpsadmin	2026-09-14T11:04:29.3668882Z   origin/2026-09-14-kernel-history-fix
Run selected ci-tagged tests	Checkout vpsadmin	2026-09-14T11:04:29.3690139Z [command]/nix/store/nly4cml071i82515r89rpdw38z55wjqd-git-2.54.0/bin/git rev-parse refs/remotes/origin/2026-09-14-kernel-history-fix
Run selected ci-tagged tests	Checkout vpsadmin	2026-09-14T11:04:29.3733600Z 337c9257f5e11f36afe81eba4951e267b83e2fc7
Run selected ci-tagged tests	Checkout vpsadmin	2026-09-14T11:04:29.3743739Z ##[endgroup]
Run selected ci-tagged tests	Checkout vpsadmin	2026-09-14T11:04:29.3748281Z ##[group]Determining the checkout info
Run selected ci-tagged tests	Checkout vpsadmin	2026-09-14T11:04:29.3753106Z ##[endgroup]
Run selected ci-tagged tests	Checkout vpsadmin	2026-09-14T11:04:29.3756981Z [command]/nix/store/nly4cml071i82515r89rpdw38z55wjqd-git-2.54.0/bin/git sparse-checkout disable
Run selected ci-tagged tests	Checkout vpsadmin	2026-09-14T11:04:29.3909635Z [command]/nix/store/nly4cml071i82515r89rpdw38z55wjqd-git-2.54.0/bin/git config --local --unset-all extensions.worktreeConfig
Run selected ci-tagged tests	Checkout vpsadmin	2026-09-14T11:04:29.3989338Z ##[group]Checking out the ref
Run selected ci-tagged tests	Checkout vpsadmin	2026-09-14T11:04:29.3999041Z [command]/nix/store/nly4cml071i82515r89rpdw38z55wjqd-git-2.54.0/bin/git checkout --progress --force -B 2026-09-14-kernel-history-fix refs/remotes/origin/2026-09-14-kernel-history-fix
Run selected ci-tagged tests	Checkout vpsadmin	2026-09-14T11:04:29.4279997Z Previous HEAD position was f7a4b68d8 webui: expose email verification in profile settings
Run selected ci-tagged tests	Checkout vpsadmin	2026-09-14T11:04:29.4298067Z Switched to a new branch '2026-09-14-kernel-history-fix'
Run selected ci-tagged tests	Checkout vpsadmin	2026-09-14T11:04:29.4303224Z branch '2026-09-14-kernel-history-fix' set up to track 'origin/2026-09-14-kernel-history-fix'.
Run selected ci-tagged tests	Checkout vpsadmin	2026-09-14T11:04:29.4317827Z ##[endgroup]
Run selected ci-tagged tests	Checkout vpsadmin	2026-09-14T11:04:29.4423752Z [command]/nix/store/nly4cml071i82515r89rpdw38z55wjqd-git-2.54.0/bin/git log -1 --format=%H
Run selected ci-tagged tests	Checkout vpsadmin	2026-09-14T11:04:29.4466800Z 337c9257f5e11f36afe81eba4951e267b83e2fc7
Run selected ci-tagged tests	Select integration tests	﻿2026-09-14T11:04:29.4877054Z ##[group]Run set -euo pipefail
Run selected ci-tagged tests	Select integration tests	2026-09-14T11:04:29.4881256Z ^[[36;1mset -euo pipefail^[[0m
Run selected ci-tagged tests	Select integration tests	2026-09-14T11:04:29.4884354Z ^[[36;1m^[[0m
Run selected ci-tagged tests	Select integration tests	2026-09-14T11:04:29.4887261Z ^[[36;1mwrite_selection() {^[[0m
Run selected ci-tagged tests	Select integration tests	2026-09-14T11:04:29.4890596Z ^[[36;1m  {^[[0m
Run selected ci-tagged tests	Select integration tests	2026-09-14T11:04:29.4893522Z ^[[36;1m    echo "mode=$1"^[[0m
Run selected ci-tagged tests	Select integration tests	2026-09-14T11:04:29.4896691Z ^[[36;1m    echo "filter=$2"^[[0m
Run selected ci-tagged tests	Select integration tests	2026-09-14T11:04:29.4899960Z ^[[36;1m    echo "reason=$3"^[[0m
Run selected ci-tagged tests	Select integration tests	2026-09-14T11:04:29.4903071Z ^[[36;1m    echo "tags="^[[0m
Run selected ci-tagged tests	Select integration tests	2026-09-14T11:04:29.4906215Z ^[[36;1m  } >> "$GITHUB_OUTPUT"^[[0m
Run selected ci-tagged tests	Select integration tests	2026-09-14T11:04:29.4909467Z ^[[36;1m}^[[0m
Run selected ci-tagged tests	Select integration tests	2026-09-14T11:04:29.4912233Z ^[[36;1m^[[0m
Run selected ci-tagged tests	Select integration tests	2026-09-14T11:04:29.4915767Z ^[[36;1mif [[ "$EVENT_NAME" == "schedule" || "$DISPATCH_MODE" == "full" ]]; then^[[0m
Run selected ci-tagged tests	Select integration tests	2026-09-14T11:04:29.4920404Z ^[[36;1m  write_selection "full" "tag=ci" "scheduled or manual full run"^[[0m
Run selected ci-tagged tests	Select integration tests	2026-09-14T11:04:29.4924233Z ^[[36;1m  exit 0^[[0m
Run selected ci-tagged tests	Select integration tests	2026-09-14T11:04:29.4927071Z ^[[36;1mfi^[[0m
Run selected ci-tagged tests	Select integration tests	2026-09-14T11:04:29.4929984Z ^[[36;1m^[[0m
Run selected ci-tagged tests	Select integration tests	2026-09-14T11:04:29.4933153Z ^[[36;1mzero_rev="0000000000000000000000000000000000000000"^[[0m
Run selected ci-tagged tests	Select integration tests	2026-09-14T11:04:29.4936810Z ^[[36;1mbase=""^[[0m
Run selected ci-tagged tests	Select integration tests	2026-09-14T11:04:29.4939746Z ^[[36;1m^[[0m
Run selected ci-tagged tests	Select integration tests	2026-09-14T11:04:29.4943178Z ^[[36;1mif [[ -n "$EVENT_BEFORE" && "$EVENT_BEFORE" != "$zero_rev" ]]; then^[[0m
Run selected ci-tagged tests	Select integration tests	2026-09-14T11:04:29.4947412Z ^[[36;1m  base="$EVENT_BEFORE"^[[0m
Run selected ci-tagged tests	Select integration tests	2026-09-14T11:04:29.4950735Z ^[[36;1m^[[0m
Run selected ci-tagged tests	Select integration tests	2026-09-14T11:04:29.4954044Z ^[[36;1m  if ! git cat-file -e "${base}^{commit}" 2>/dev/null; then^[[0m
Run selected ci-tagged tests	Select integration tests	2026-09-14T11:04:29.4957750Z ^[[36;1m    base=""^[[0m
Run selected ci-tagged tests	Select integration tests	2026-09-14T11:04:29.4960980Z ^[[36;1m  fi^[[0m
Run selected ci-tagged tests	Select integration tests	2026-09-14T11:04:29.4964708Z ^[[36;1mfi^[[0m
Run selected ci-tagged tests	Select integration tests	2026-09-14T11:04:29.4966124Z ^[[36;1m^[[0m
Run selected ci-tagged tests	Select integration tests	2026-09-14T11:04:29.4967569Z ^[[36;1mif [[ -z "$base" ]]; then^[[0m
Run selected ci-tagged tests	Select integration tests	2026-09-14T11:04:29.4969372Z ^[[36;1m  git fetch --no-tags origin \^[[0m
Run selected ci-tagged tests	Select integration tests	2026-09-14T11:04:29.4971413Z ^[[36;1m    "+refs/heads/${DEFAULT_BRANCH}:refs/remotes/origin/${DEFAULT_BRANCH}"^[[0m
Run selected ci-tagged tests	Select integration tests	2026-09-14T11:04:29.4973778Z ^[[36;1m  base="$(git merge-base "$HEAD_SHA" "origin/${DEFAULT_BRANCH}" || true)"^[[0m
Run selected ci-tagged tests	Select integration tests	2026-09-14T11:04:29.4975748Z ^[[36;1mfi^[[0m
Run selected ci-tagged tests	Select integration tests	2026-09-14T11:04:29.4977172Z ^[[36;1m^[[0m
Run selected ci-tagged tests	Select integration tests	2026-09-14T11:04:29.4978629Z ^[[36;1mif [[ -z "$base" ]]; then^[[0m
Run selected ci-tagged tests	Select integration tests	2026-09-14T11:04:29.4980651Z ^[[36;1m  write_selection "full" "tag=ci" "unable to determine diff base"^[[0m
Run selected ci-tagged tests	Select integration tests	2026-09-14T11:04:29.4982601Z ^[[36;1m  exit 0^[[0m
Run selected ci-tagged tests	Select integration tests	2026-09-14T11:04:29.4984038Z ^[[36;1mfi^[[0m
Run selected ci-tagged tests	Select integration tests	2026-09-14T11:04:29.4985440Z ^[[36;1m^[[0m
Run selected ci-tagged tests	Select integration tests	2026-09-14T11:04:29.4987241Z ^[[36;1mgit diff --name-only "$base" "$HEAD_SHA" | sort -u > changed-files.txt^[[0m
Run selected ci-tagged tests	Select integration tests	2026-09-14T11:04:29.4989289Z ^[[36;1m^[[0m
Run selected ci-tagged tests	Select integration tests	2026-09-14T11:04:29.4991144Z ^[[36;1mnix shell --inputs-from . nixpkgs#ruby_3_4 -c ruby tools/select_ci_tests.rb \^[[0m
Run selected ci-tagged tests	Select integration tests	2026-09-14T11:04:29.4993388Z ^[[36;1m  --changed-files changed-files.txt \^[[0m
Run selected ci-tagged tests	Select integration tests	2026-09-14T11:04:29.4995207Z ^[[36;1m  --github-output "$GITHUB_OUTPUT"^[[0m
Run selected ci-tagged tests	Select integration tests	2026-09-14T11:04:29.5003905Z shell: /nix/store/pkf547jp8a92k4wmxikkyby58w10pysr-bash-interactive-5.3p9/bin/bash -e {0}
Run selected ci-tagged tests	Select integration tests	2026-09-14T11:04:29.5006149Z env:
Run selected ci-tagged tests	Select integration tests	2026-09-14T11:04:29.5007606Z   DEFAULT_BRANCH: master
Run selected ci-tagged tests	Select integration tests	2026-09-14T11:04:29.5009126Z   DISPATCH_MODE: 
Run selected ci-tagged tests	Select integration tests	2026-09-14T11:04:29.5010897Z   EVENT_BEFORE: feaa152436cf66e980c4e53f86a541bb10daae16
Run selected ci-tagged tests	Select integration tests	2026-09-14T11:04:29.5012683Z   EVENT_NAME: push
Run selected ci-tagged tests	Select integration tests	2026-09-14T11:04:29.5014304Z   HEAD_SHA: 337c9257f5e11f36afe81eba4951e267b83e2fc7
Run selected ci-tagged tests	Select integration tests	2026-09-14T11:04:29.5016023Z ##[endgroup]
Run selected ci-tagged tests	Select integration tests	2026-09-14T11:04:30.8364901Z mode=full
Run selected ci-tagged tests	Select integration tests	2026-09-14T11:04:30.8366163Z filter=tag=ci
Run selected ci-tagged tests	Select integration tests	2026-09-14T11:04:30.8368014Z reason=full rule matched api/db/migrate/20260914120000_add_node_kernel_event_last_confirmed_at.rb
Run selected ci-tagged tests	Preview selected tests	﻿2026-09-14T11:04:30.8608631Z ##[group]Run set -euo pipefail
Run selected ci-tagged tests	Preview selected tests	2026-09-14T11:04:30.8609405Z ^[[36;1mset -euo pipefail^[[0m
Run selected ci-tagged tests	Preview selected tests	2026-09-14T11:04:30.8609766Z ^[[36;1m^[[0m
Run selected ci-tagged tests	Preview selected tests	2026-09-14T11:04:30.8610058Z ^[[36;1mfilter="tag=ci"^[[0m
Run selected ci-tagged tests	Preview selected tests	2026-09-14T11:04:30.8610398Z ^[[36;1mmode="full"^[[0m
Run selected ci-tagged tests	Preview selected tests	2026-09-14T11:04:30.8611073Z ^[[36;1mreason="full rule matched api/db/migrate/20260914120000_add_node_kernel_event_last_confirmed_at.rb"^[[0m
Run selected ci-tagged tests	Preview selected tests	2026-09-14T11:04:30.8612003Z ^[[36;1m./test-runner.sh ls --filter "$filter" | tee selected-tests.txt^[[0m
Run selected ci-tagged tests	Preview selected tests	2026-09-14T11:04:30.8612716Z ^[[36;1mcount="$(grep -cve '^[[:space:]]*$' selected-tests.txt || true)"^[[0m
Run selected ci-tagged tests	Preview selected tests	2026-09-14T11:04:30.8613279Z ^[[36;1m^[[0m
Run selected ci-tagged tests	Preview selected tests	2026-09-14T11:04:30.8613668Z ^[[36;1mif [[ "$count" -eq 0 && "$mode" == "selected" ]]; then^[[0m
Run selected ci-tagged tests	Preview selected tests	2026-09-14T11:04:30.8614169Z ^[[36;1m  filter="tag=ci"^[[0m
Run selected ci-tagged tests	Preview selected tests	2026-09-14T11:04:30.8614530Z ^[[36;1m  mode="full"^[[0m
Run selected ci-tagged tests	Preview selected tests	2026-09-14T11:04:30.8615046Z ^[[36;1m  reason="selector matched zero tests; falling back to full CI"^[[0m
Run selected ci-tagged tests	Preview selected tests	2026-09-14T11:04:30.8615601Z ^[[36;1m^[[0m
Run selected ci-tagged tests	Preview selected tests	2026-09-14T11:04:30.8616048Z ^[[36;1m  ./test-runner.sh ls --filter "$filter" | tee selected-tests.txt^[[0m
Run selected ci-tagged tests	Preview selected tests	2026-09-14T11:04:30.8616825Z ^[[36;1m  count="$(grep -cve '^[[:space:]]*$' selected-tests.txt || true)"^[[0m
Run selected ci-tagged tests	Preview selected tests	2026-09-14T11:04:30.8617366Z ^[[36;1mfi^[[0m
Run selected ci-tagged tests	Preview selected tests	2026-09-14T11:04:30.8617643Z ^[[36;1m^[[0m
Run selected ci-tagged tests	Preview selected tests	2026-09-14T11:04:30.8617919Z ^[[36;1m{^[[0m
Run selected ci-tagged tests	Preview selected tests	2026-09-14T11:04:30.8618215Z ^[[36;1m  echo "mode=$mode"^[[0m
Run selected ci-tagged tests	Preview selected tests	2026-09-14T11:04:30.8618587Z ^[[36;1m  echo "filter=$filter"^[[0m
Run selected ci-tagged tests	Preview selected tests	2026-09-14T11:04:30.8618984Z ^[[36;1m  echo "reason=$reason"^[[0m
Run selected ci-tagged tests	Preview selected tests	2026-09-14T11:04:30.8619446Z ^[[36;1m  echo "count=$count"^[[0m
Run selected ci-tagged tests	Preview selected tests	2026-09-14T11:04:30.8619833Z ^[[36;1m} >> "$GITHUB_OUTPUT"^[[0m
Run selected ci-tagged tests	Preview selected tests	2026-09-14T11:04:30.8620187Z ^[[36;1m^[[0m
Run selected ci-tagged tests	Preview selected tests	2026-09-14T11:04:30.8620460Z ^[[36;1m{^[[0m
Run selected ci-tagged tests	Preview selected tests	2026-09-14T11:04:30.8620836Z ^[[36;1m  echo "### CI integration test selection"^[[0m
Run selected ci-tagged tests	Preview selected tests	2026-09-14T11:04:30.8621319Z ^[[36;1m  echo ""^[[0m
Run selected ci-tagged tests	Preview selected tests	2026-09-14T11:04:30.8621649Z ^[[36;1m  echo "- Mode: $mode"^[[0m
Run selected ci-tagged tests	Preview selected tests	2026-09-14T11:04:30.8622061Z ^[[36;1m  echo "- Filter: \`$filter\`"^[[0m
Run selected ci-tagged tests	Preview selected tests	2026-09-14T11:04:30.8622502Z ^[[36;1m  echo "- Selected scripts: $count"^[[0m
Run selected ci-tagged tests	Preview selected tests	2026-09-14T11:04:30.8622960Z ^[[36;1m  echo "- Reason: $reason"^[[0m
Run selected ci-tagged tests	Preview selected tests	2026-09-14T11:04:30.8625317Z ^[[36;1m  echo "- Stop after first unexpected result: \`false\`"^[[0m
Run selected ci-tagged tests	Preview selected tests	2026-09-14T11:04:30.8625843Z ^[[36;1m  echo ""^[[0m
Run selected ci-tagged tests	Preview selected tests	2026-09-14T11:04:30.8626284Z ^[[36;1m  echo "<details><summary>Selected test scripts</summary>"^[[0m
Run selected ci-tagged tests	Preview selected tests	2026-09-14T11:04:30.8626804Z ^[[36;1m  echo ""^[[0m
Run selected ci-tagged tests	Preview selected tests	2026-09-14T11:04:30.8627117Z ^[[36;1m  echo '```'^[[0m
Run selected ci-tagged tests	Preview selected tests	2026-09-14T11:04:30.8627462Z ^[[36;1m  cat selected-tests.txt^[[0m
Run selected ci-tagged tests	Preview selected tests	2026-09-14T11:04:30.8627840Z ^[[36;1m  echo '```'^[[0m
Run selected ci-tagged tests	Preview selected tests	2026-09-14T11:04:30.8628149Z ^[[36;1m  echo ""^[[0m
Run selected ci-tagged tests	Preview selected tests	2026-09-14T11:04:30.8628465Z ^[[36;1m  echo "</details>"^[[0m
Run selected ci-tagged tests	Preview selected tests	2026-09-14T11:04:30.8628836Z ^[[36;1m} >> "$GITHUB_STEP_SUMMARY"^[[0m
Run selected ci-tagged tests	Preview selected tests	2026-09-14T11:04:30.8632161Z shell: /nix/store/pkf547jp8a92k4wmxikkyby58w10pysr-bash-interactive-5.3p9/bin/bash -e {0}
Run selected ci-tagged tests	Preview selected tests	2026-09-14T11:04:30.8632922Z ##[endgroup]
Run selected ci-tagged tests	Preview selected tests	2026-09-14T11:04:34.4742996Z this derivation will be built:
Run selected ci-tagged tests	Preview selected tests	2026-09-14T11:04:34.4745519Z   /nix/store/39011lfn1mwcbvv0whd5srl2q4xzw8mw-test-runner-repository-source.drv
Run selected ci-tagged tests	Preview selected tests	2026-09-14T11:04:34.5227718Z building '/nix/store/39011lfn1mwcbvv0whd5srl2q4xzw8mw-test-runner-repository-source.drv'...
Run selected ci-tagged tests	Preview selected tests	2026-09-14T11:06:13.4481837Z admin/cluster-resource-package-assignment
Run selected ci-tagged tests	Preview selected tests	2026-09-14T11:06:13.4483372Z admin/dataset-plan-lifecycle
Run selected ci-tagged tests	Preview selected tests	2026-09-14T11:06:13.4484596Z admin/environment-defaults-propagation
Run selected ci-tagged tests	Preview selected tests	2026-09-14T11:06:13.4485936Z admin/location-network-primary-switch
Run selected ci-tagged tests	Preview selected tests	2026-09-14T11:06:13.4487271Z admin/nodectl-read-and-queue-control
Run selected ci-tagged tests	Preview selected tests	2026-09-14T11:06:13.4488563Z admin/nodectl-refresh-and-runtime-state
Run selected ci-tagged tests	Preview selected tests	2026-09-14T11:06:13.4490335Z admin/remote-mount-state
Run selected ci-tagged tests	Preview selected tests	2026-09-14T11:06:13.4491416Z admin/scheduler-socket-control
Run selected ci-tagged tests	Preview selected tests	2026-09-14T11:06:13.4492546Z alerts/incident-report-process
Run selected ci-tagged tests	Preview selected tests	2026-09-14T11:06:13.4493710Z alerts/lifetime-and-daily-report
Run selected ci-tagged tests	Preview selected tests	2026-09-14T11:06:13.4494902Z alerts/oom-report-notify-and-prune
Run selected ci-tagged tests	Preview selected tests	2026-09-14T11:06:13.4496053Z client/snapshot-download
Run selected ci-tagged tests	Preview selected tests	2026-09-14T11:06:13.4496996Z cluster/1-node
Run selected ci-tagged tests	Preview selected tests	2026-09-14T11:06:13.4497805Z cluster/2-node
Run selected ci-tagged tests	Preview selected tests	2026-09-14T11:06:13.4498701Z cluster/generate-migration-keys
Run selected ci-tagged tests	Preview selected tests	2026-09-14T11:06:13.4501078Z cluster/node-evacuate-basic
Run selected ci-tagged tests	Preview selected tests	2026-09-14T11:06:13.4502190Z cluster/node-evacuate-concurrency
Run selected ci-tagged tests	Preview selected tests	2026-09-14T11:06:13.4503280Z console-router
Run selected ci-tagged tests	Preview selected tests	2026-09-14T11:06:13.4504189Z dns/secondary-transfer-errors
Run selected ci-tagged tests	Preview selected tests	2026-09-14T11:06:13.4505278Z dns/server-zone-lifecycle
Run selected ci-tagged tests	Preview selected tests	2026-09-14T11:06:13.4506313Z dns/zone-transfer-config
Run selected ci-tagged tests	Preview selected tests	2026-09-14T11:06:13.4507280Z download-mounter
Run selected ci-tagged tests	Preview selected tests	2026-09-14T11:06:13.4508237Z network/export-enable-disable-hosts
Run selected ci-tagged tests	Preview selected tests	2026-09-14T11:06:13.4509623Z network/export-lifecycle
Run selected ci-tagged tests	Preview selected tests	2026-09-14T11:06:13.4510682Z network/network-interface-lifecycle
Run selected ci-tagged tests	Preview selected tests	2026-09-14T11:06:13.4512032Z network/network-interface-routes-and-host-ips
Run selected ci-tagged tests	Preview selected tests	2026-09-14T11:06:13.4513588Z network/network-interface-shaper-and-rename
Run selected ci-tagged tests	Preview selected tests	2026-09-14T11:06:13.4514848Z node/register
Run selected ci-tagged tests	Preview selected tests	2026-09-14T11:06:13.4515631Z pool/create
Run selected ci-tagged tests	Preview selected tests	2026-09-14T11:06:13.4516456Z services-up
Run selected ci-tagged tests	Preview selected tests	2026-09-14T11:06:13.4517315Z storage/backup-full-incremental
Run selected ci-tagged tests	Preview selected tests	2026-09-14T11:06:13.4518533Z storage/backup-full-incremental-remote
Run selected ci-tagged tests	Preview selected tests	2026-09-14T11:06:13.4520160Z storage/backup-multiple-destinations-diverged-remote
Run selected ci-tagged tests	Preview selected tests	2026-09-14T11:06:13.4521826Z storage/backup-multiple-destinations-remote
Run selected ci-tagged tests	Preview selected tests	2026-09-14T11:06:13.4523227Z storage/backup-remote-interrupted-recv
Run selected ci-tagged tests	Preview selected tests	2026-09-14T11:06:13.4524531Z storage/backup-remote-interrupted-send
Run selected ci-tagged tests	Preview selected tests	2026-09-14T11:06:13.4525743Z storage/branching-destroy
Run selected ci-tagged tests	Preview selected tests	2026-09-14T11:06:13.4526758Z storage/branching-rotation
Run selected ci-tagged tests	Preview selected tests	2026-09-14T11:06:13.4527875Z storage/branching-shared-snapshot-prune
Run selected ci-tagged tests	Preview selected tests	2026-09-14T11:06:13.4529130Z storage/complex-destroy-order
Run selected ci-tagged tests	Preview selected tests	2026-09-14T11:06:13.4530446Z storage/complex-rotation-order-pending
Run selected ci-tagged tests	Preview selected tests	2026-09-14T11:06:13.4531846Z storage/dataset-destroy-after-rollback-history
Run selected ci-tagged tests	Preview selected tests	2026-09-14T11:06:13.4533326Z storage/dataset-destroy-complex-history
Run selected ci-tagged tests	Preview selected tests	2026-09-14T11:06:13.4534584Z storage/dataset-migrate-remote
Run selected ci-tagged tests	Preview selected tests	2026-09-14T11:06:13.4535745Z storage/dataset-migrate-retain-source
Run selected ci-tagged tests	Preview selected tests	2026-09-14T11:06:13.4537008Z storage/dataset-migrate-rsync-remote
Run selected ci-tagged tests	Preview selected tests	2026-09-14T11:06:13.4538236Z storage/dataset-migrate-same-node
Run selected ci-tagged tests	Preview selected tests	2026-09-14T11:06:13.4539668Z storage/dataset-migrate-same-node-with-exports
Run selected ci-tagged tests	Preview selected tests	2026-09-14T11:06:13.4541024Z storage/group-snapshot
Run selected ci-tagged tests	Preview selected tests	2026-09-14T11:06:13.4544044Z storage/history-divergence-new-tree
Run selected ci-tagged tests	Preview selected tests	2026-09-14T11:06:13.4613576Z storage/repeated-rollback-branching
Run selected ci-tagged tests	Preview selected tests	2026-09-14T11:06:13.4614194Z storage/restore-after-reinstall-remote
Run selected ci-tagged tests	Preview selected tests	2026-09-14T11:06:13.4614848Z storage/restore-after-reinstall-with-descendants-remote
Run selected ci-tagged tests	Preview selected tests	2026-09-14T11:06:13.4615539Z storage/restore-remote-interrupted-recv
Run selected ci-tagged tests	Preview selected tests	2026-09-14T11:06:13.4616089Z storage/rollback-across-trees
Run selected ci-tagged tests	Preview selected tests	2026-09-14T11:06:13.4616597Z storage/rollback-dependent-branch-rotation
Run selected ci-tagged tests	Preview selected tests	2026-09-14T11:06:13.4617143Z storage/rollback-from-backup
Run selected ci-tagged tests	Preview selected tests	2026-09-14T11:06:13.4617623Z storage/rollback-from-remote-backup
Run selected ci-tagged tests	Preview selected tests	2026-09-14T11:06:13.4618129Z storage/rollback-with-descendants
Run selected ci-tagged tests	Preview selected tests	2026-09-14T11:06:13.4618635Z storage/snapshot-download-full-archive
Run selected ci-tagged tests	Preview selected tests	2026-09-14T11:06:13.4619167Z storage/snapshot-download-full-stream
Run selected ci-tagged tests	Preview selected tests	2026-09-14T11:06:13.4619887Z storage/snapshot-download-incremental-branch-mismatch
Run selected ci-tagged tests	Preview selected tests	2026-09-14T11:06:13.4620586Z storage/snapshot-download-incremental-stream
Run selected ci-tagged tests	Preview selected tests	2026-09-14T11:06:13.4621245Z storage/snapshot-download-incremental-transfer
Run selected ci-tagged tests	Preview selected tests	2026-09-14T11:06:13.4621864Z storage/snapshot-download-remove
Run selected ci-tagged tests	Preview selected tests	2026-09-14T11:06:13.4622488Z storage/source-rotation-after-backup-prune
Run selected ci-tagged tests	Preview selected tests	2026-09-14T11:06:13.4623043Z storage/topology-fixture-replay
Run selected ci-tagged tests	Preview selected tests	2026-09-14T11:06:13.4623532Z storage/topology-fixture-roundtrip
Run selected ci-tagged tests	Preview selected tests	2026-09-14T11:06:13.4624025Z storage/topology-reconciliation
Run selected ci-tagged tests	Preview selected tests	2026-09-14T11:06:13.4624551Z storage/vps-hard-delete-after-complex-history
Run selected ci-tagged tests	Preview selected tests	2026-09-14T11:06:13.4625301Z storage/vps-hard-delete-complex-history-with-descendants
Run selected ci-tagged tests	Preview selected tests	2026-09-14T11:06:13.4625950Z supervisor/runtime-ingestion
Run selected ci-tagged tests	Preview selected tests	2026-09-14T11:06:13.4626420Z tasks/auth-session-housekeeping
Run selected ci-tagged tests	Preview selected tests	2026-09-14T11:06:13.4626935Z tasks/dataset-expansion-enforce-and-resolve
Run selected ci-tagged tests	Preview selected tests	2026-09-14T11:06:13.4627490Z tasks/dns-reverse-record-check
Run selected ci-tagged tests	Preview selected tests	2026-09-14T11:06:13.4627944Z tasks/prometheus-export
Run selected ci-tagged tests	Preview selected tests	2026-09-14T11:06:13.4628341Z tx/chain-lifecycle
Run selected ci-tagged tests	Preview selected tests	2026-09-14T11:06:13.4628710Z tx/invalid-signature
Run selected ci-tagged tests	Preview selected tests	2026-09-14T11:06:13.4629105Z tx/keep-going-final-state
Run selected ci-tagged tests	Preview selected tests	2026-09-14T11:06:13.4630165Z tx/manual-confirmations
Run selected ci-tagged tests	Preview selected tests	2026-09-14T11:06:13.4630582Z tx/release-retry-resolve
Run selected ci-tagged tests	Preview selected tests	2026-09-14T11:06:13.4631002Z tx/rollback-state-machine
Run selected ci-tagged tests	Preview selected tests	2026-09-14T11:06:13.4631437Z user/create-with-initial-vps
Run selected ci-tagged tests	Preview selected tests	2026-09-14T11:06:13.4631894Z user/hard-delete-cascade
Run selected ci-tagged tests	Preview selected tests	2026-09-14T11:06:13.4632320Z user/soft-delete-revive-auth
Run selected ci-tagged tests	Preview selected tests	2026-09-14T11:06:13.4632768Z user/suspend-resume-cascade
Run selected ci-tagged tests	Preview selected tests	2026-09-14T11:06:13.4633213Z user/user-namespace-lifecycle
Run selected ci-tagged tests	Preview selected tests	2026-09-14T11:06:13.4633663Z vps/autostart-monitoring
Run selected ci-tagged tests	Preview selected tests	2026-09-14T11:06:13.4634092Z vps/clone-different-owner
Run selected ci-tagged tests	Preview selected tests	2026-09-14T11:06:13.4634496Z vps/clone-remote
Run selected ci-tagged tests	Preview selected tests	2026-09-14T11:06:13.4634876Z vps/clone-remote-consistent
Run selected ci-tagged tests	Preview selected tests	2026-09-14T11:06:13.4635372Z vps/clone-remote-consistent-keep-snapshots
Run selected ci-tagged tests	Preview selected tests	2026-09-14T11:06:13.4635900Z vps/clone-same-node
Run selected ci-tagged tests	Preview selected tests	2026-09-14T11:06:13.4636320Z vps/clone-with-descendants-and-mounts
Run selected ci-tagged tests	Preview selected tests	2026-09-14T11:06:13.4636811Z vps/create
Run selected ci-tagged tests	Preview selected tests	2026-09-14T11:06:13.4637189Z vps/deploy-public-key-and-user-data
Run selected ci-tagged tests	Preview selected tests	2026-09-14T11:06:13.4637704Z vps/expand-and-shrink-dataset
Run selected ci-tagged tests	Preview selected tests	2026-09-14T11:06:13.4638150Z vps/hard-delete-basic
Run selected ci-tagged tests	Preview selected tests	2026-09-14T11:06:13.4638527Z vps/migrate
Run selected ci-tagged tests	Preview selected tests	2026-09-14T11:06:13.4638861Z vps/migrate-no-start
Run selected ci-tagged tests	Preview selected tests	2026-09-14T11:06:13.4639314Z vps/migrate-skip-start
Run selected ci-tagged tests	Preview selected tests	2026-09-14T11:06:13.4639728Z vps/migrate-with-data-check
Run selected ci-tagged tests	Preview selected tests	2026-09-14T11:06:13.4640221Z vps/migrate-with-open-maintenance-window
Run selected ci-tagged tests	Preview selected tests	2026-09-14T11:06:13.4640782Z vps/migrate-with-subdataset-mounts
Run selected ci-tagged tests	Preview selected tests	2026-09-14T11:06:13.4641258Z vps/mount-lifecycle
Run selected ci-tagged tests	Preview selected tests	2026-09-14T11:06:13.4641625Z vps/passwd
Run selected ci-tagged tests	Preview selected tests	2026-09-14T11:06:13.4641968Z vps/reinstall
Run selected ci-tagged tests	Preview selected tests	2026-09-14T11:06:13.4642363Z vps/reinstall-with-user-data-and-keys
Run selected ci-tagged tests	Preview selected tests	2026-09-14T11:06:13.4642857Z vps/replace-no-start
Run selected ci-tagged tests	Preview selected tests	2026-09-14T11:06:13.4643239Z vps/replace-remote
Run selected ci-tagged tests	Preview selected tests	2026-09-14T11:06:13.4643609Z vps/replace-same-node
Run selected ci-tagged tests	Preview selected tests	2026-09-14T11:06:13.4644002Z vps/replace-with-backups
Run selected ci-tagged tests	Preview selected tests	2026-09-14T11:06:13.4644435Z vps/replace-with-backups-remote
Run selected ci-tagged tests	Preview selected tests	2026-09-14T11:06:13.4644944Z vps/replace-with-descendants-and-mounts
Run selected ci-tagged tests	Preview selected tests	2026-09-14T11:06:13.4645466Z vps/start-stop-restart-boot
Run selected ci-tagged tests	Preview selected tests	2026-09-14T11:06:13.4645899Z vps/swap-across-locations
Run selected ci-tagged tests	Preview selected tests	2026-09-14T11:06:13.4646354Z vps/update-resources-and-features
Run selected ci-tagged tests	Preview selected tests	2026-09-14T11:06:13.4647212Z webui#admin-cluster
Run selected ci-tagged tests	Preview selected tests	2026-09-14T11:06:13.4647563Z webui#auth
Run selected ci-tagged tests	Preview selected tests	2026-09-14T11:06:13.4647881Z webui#jumpto
Run selected ci-tagged tests	Preview selected tests	2026-09-14T11:06:13.4648217Z webui#misc-pages
Run selected ci-tagged tests	Preview selected tests	2026-09-14T11:06:13.4648588Z webui#navigation-readonly
Run selected ci-tagged tests	Preview selected tests	2026-09-14T11:06:13.4648998Z webui#networking-dns
Run selected ci-tagged tests	Preview selected tests	2026-09-14T11:06:13.4649452Z webui#security-advisories
Run selected ci-tagged tests	Preview selected tests	2026-09-14T11:06:13.4649879Z webui#storage-backup-export
Run selected ci-tagged tests	Preview selected tests	2026-09-14T11:06:13.4650308Z webui#support-pages
Run selected ci-tagged tests	Preview selected tests	2026-09-14T11:06:13.4650678Z webui#transactions
Run selected ci-tagged tests	Preview selected tests	2026-09-14T11:06:13.4651032Z webui#userns
Run selected ci-tagged tests	Preview selected tests	2026-09-14T11:06:13.4651364Z webui#users-admin
Run selected ci-tagged tests	Preview selected tests	2026-09-14T11:06:13.4651749Z webui#users-self-service
Run selected ci-tagged tests	Preview selected tests	2026-09-14T11:06:13.4652150Z webui#vps-admin-core
Run selected ci-tagged tests	Preview selected tests	2026-09-14T11:06:13.4652524Z webui#vps-admin-ops
Run selected ci-tagged tests	Preview selected tests	2026-09-14T11:06:13.4652887Z webui#vps-lifecycle
Run selected ci-tagged tests	Preview selected tests	2026-09-14T11:06:13.4653250Z webui#vps-user-core
Run selected ci-tagged tests	Preview selected tests	2026-09-14T11:06:13.4653613Z webui#vps-user-ops
Run selected ci-tagged tests	Prepare test state	﻿2026-09-14T11:06:13.4996174Z ##[group]Run vpsfreecz/vpsadminos/.github/actions/prepare-test-state@staging
Run selected ci-tagged tests	Prepare test state	2026-09-14T11:06:13.4996955Z ##[endgroup]
Run selected ci-tagged tests	Prepare test state	2026-09-14T11:06:13.5091745Z ##[start-action display=Run bash "$GITHUB_ACTION_PATH/prepare-test-state.bash";id=prepare-tests.prepare]
Run selected ci-tagged tests	Prepare test state	2026-09-14T11:06:13.5122493Z ##[group]Run bash "$GITHUB_ACTION_PATH/prepare-test-state.bash"
Run selected ci-tagged tests	Prepare test state	2026-09-14T11:06:13.5123164Z ^[[36;1mbash "$GITHUB_ACTION_PATH/prepare-test-state.bash"^[[0m
Run selected ci-tagged tests	Prepare test state	2026-09-14T11:06:13.5126583Z shell: /nix/store/pkf547jp8a92k4wmxikkyby58w10pysr-bash-interactive-5.3p9/bin/bash --noprofile --norc -e -o pipefail {0}
Run selected ci-tagged tests	Prepare test state	2026-09-14T11:06:13.5127493Z env:
Run selected ci-tagged tests	Prepare test state	2026-09-14T11:06:13.5127787Z   TEST_STATE_REPOSITORY_ID: 19884793
Run selected ci-tagged tests	Prepare test state	2026-09-14T11:06:13.5128181Z   TEST_STATE_RUN_ID: 34836306209
Run selected ci-tagged tests	Prepare test state	2026-09-14T11:06:13.5128552Z   TEST_STATE_RUN_ATTEMPT: 1
Run selected ci-tagged tests	Prepare test state	2026-09-14T11:06:13.5128887Z ##[endgroup]
Run selected ci-tagged tests	Prepare test state	2026-09-14T11:06:13.5364768Z Prepared test-runner state directory: /tmp/os-test-runner-19884793-34836306209-1
Run selected ci-tagged tests	Prepare test state	2026-09-14T11:06:13.5421290Z ##[end-action id=prepare-tests.prepare;outcome=success;conclusion=success;duration_ms=32]
Run selected ci-tagged tests	Run tests	﻿2026-09-14T11:06:13.5560640Z ##[group]Run set -o pipefail
Run selected ci-tagged tests	Run tests	2026-09-14T11:06:13.5561170Z ^[[36;1mset -o pipefail^[[0m
Run selected ci-tagged tests	Run tests	2026-09-14T11:06:13.5561560Z ^[[36;1m^[[0m
Run selected ci-tagged tests	Run tests	2026-09-14T11:06:13.5561879Z ^[[36;1margs=(^[[0m
Run selected ci-tagged tests	Run tests	2026-09-14T11:06:13.5562213Z ^[[36;1m  test^[[0m
Run selected ci-tagged tests	Run tests	2026-09-14T11:06:13.5562608Z ^[[36;1m  --state-dir "$TEST_RUNNER_STATE_DIR"^[[0m
Run selected ci-tagged tests	Run tests	2026-09-14T11:06:13.5563118Z ^[[36;1m  -f^[[0m
Run selected ci-tagged tests	Run tests	2026-09-14T11:06:13.5563457Z ^[[36;1m  --jobs auto^[[0m
Run selected ci-tagged tests	Run tests	2026-09-14T11:06:13.5563855Z ^[[36;1m  --filter "tag=ci"^[[0m
Run selected ci-tagged tests	Run tests	2026-09-14T11:06:13.5564264Z ^[[36;1m)^[[0m
Run selected ci-tagged tests	Run tests	2026-09-14T11:06:13.5564574Z ^[[36;1m^[[0m
Run selected ci-tagged tests	Run tests	2026-09-14T11:06:13.5564961Z ^[[36;1mif [[ "$STOP_ON_FAILURE" == "true" ]]; then^[[0m
Run selected ci-tagged tests	Run tests	2026-09-14T11:06:13.5565511Z ^[[36;1m  args+=(--stop-on-failure)^[[0m
Run selected ci-tagged tests	Run tests	2026-09-14T11:06:13.5565960Z ^[[36;1mfi^[[0m
Run selected ci-tagged tests	Run tests	2026-09-14T11:06:13.5566273Z ^[[36;1m^[[0m
Run selected ci-tagged tests	Run tests	2026-09-14T11:06:13.5566795Z ^[[36;1m./test-runner.sh "${args[@]}" | tee "$TEST_RUNNER_STATE_DIR/test.log"^[[0m
Run selected ci-tagged tests	Run tests	2026-09-14T11:06:13.5570475Z shell: /nix/store/pkf547jp8a92k4wmxikkyby58w10pysr-bash-interactive-5.3p9/bin/bash -e {0}
Run selected ci-tagged tests	Run tests	2026-09-14T11:06:13.5571382Z env:
Run selected ci-tagged tests	Run tests	2026-09-14T11:06:13.5571880Z   TEST_RUNNER_STATE_DIR: /tmp/os-test-runner-19884793-34836306209-1
Run selected ci-tagged tests	Run tests	2026-09-14T11:06:13.5572525Z   STOP_ON_FAILURE: false
Run selected ci-tagged tests	Run tests	2026-09-14T11:06:13.5572914Z ##[endgroup]
Run selected ci-tagged tests	Run tests	2026-09-14T11:06:17.2471941Z this derivation will be built:
Run selected ci-tagged tests	Run tests	2026-09-14T11:06:17.2474138Z   /nix/store/zzdassmgq6xyigcjpf04fkcqwq550b1f-test-runner-repository-source.drv
Run selected ci-tagged tests	Run tests	2026-09-14T11:06:17.2987951Z building '/nix/store/zzdassmgq6xyigcjpf04fkcqwq550b1f-test-runner-repository-source.drv'...
Run selected ci-tagged tests	Run tests	2026-09-14T11:07:56.5814170Z The following test scripts will be run:
Run selected ci-tagged tests	Run tests	2026-09-14T11:07:56.5815730Z   admin/cluster-resource-package-assignment
Run selected ci-tagged tests	Run tests	2026-09-14T11:07:56.5817128Z   admin/dataset-plan-lifecycle
Run selected ci-tagged tests	Run tests	2026-09-14T11:07:56.5818342Z   admin/environment-defaults-propagation
Run selected ci-tagged tests	Run tests	2026-09-14T11:07:56.5819924Z   admin/location-network-primary-switch
Run selected ci-tagged tests	Run tests	2026-09-14T11:07:56.5821236Z   admin/nodectl-read-and-queue-control
Run selected ci-tagged tests	Run tests	2026-09-14T11:07:56.5822535Z   admin/nodectl-refresh-and-runtime-state
Run selected ci-tagged tests	Run tests	2026-09-14T11:07:56.5823819Z   admin/remote-mount-state
Run selected ci-tagged tests	Run tests	2026-09-14T11:07:56.5827732Z   admin/scheduler-socket-control
Run selected ci-tagged tests	Run tests	2026-09-14T11:07:56.5829127Z   alerts/incident-report-process
Run selected ci-tagged tests	Run tests	2026-09-14T11:07:56.5830440Z   alerts/lifetime-and-daily-report
Run selected ci-tagged tests	Run tests	2026-09-14T11:07:56.5831659Z   alerts/oom-report-notify-and-prune
Run selected ci-tagged tests	Run tests	2026-09-14T11:07:56.5832850Z   client/snapshot-download
Run selected ci-tagged tests	Run tests	2026-09-14T11:07:56.5833810Z   cluster/1-node
Run selected ci-tagged tests	Run tests	2026-09-14T11:07:56.5834634Z   cluster/2-node
Run selected ci-tagged tests	Run tests	2026-09-14T11:07:56.5835582Z   cluster/generate-migration-keys
Run selected ci-tagged tests	Run tests	2026-09-14T11:07:56.5836730Z   cluster/node-evacuate-basic
Run selected ci-tagged tests	Run tests	2026-09-14T11:07:56.5837840Z   cluster/node-evacuate-concurrency
Run selected ci-tagged tests	Run tests	2026-09-14T11:07:56.5838945Z   console-router
Run selected ci-tagged tests	Run tests	2026-09-14T11:07:56.5840113Z   dns/secondary-transfer-errors
Run selected ci-tagged tests	Run tests	2026-09-14T11:07:56.5841201Z   dns/server-zone-lifecycle
Run selected ci-tagged tests	Run tests	2026-09-14T11:07:56.5842226Z   dns/zone-transfer-config
Run selected ci-tagged tests	Run tests	2026-09-14T11:07:56.5843197Z   download-mounter
Run selected ci-tagged tests	Run tests	2026-09-14T11:07:56.5844162Z   network/export-enable-disable-hosts
Run selected ci-tagged tests	Run tests	2026-09-14T11:07:56.5845347Z   network/export-lifecycle
Run selected ci-tagged tests	Run tests	2026-09-14T11:07:56.5846411Z   network/network-interface-lifecycle
Run selected ci-tagged tests	Run tests	2026-09-14T11:07:56.5847843Z   network/network-interface-routes-and-host-ips
Run selected ci-tagged tests	Run tests	2026-09-14T11:07:56.5849485Z   network/network-interface-shaper-and-rename
Run selected ci-tagged tests	Run tests	2026-09-14T11:07:56.5850749Z   node/register
Run selected ci-tagged tests	Run tests	2026-09-14T11:07:56.5851540Z   pool/create
Run selected ci-tagged tests	Run tests	2026-09-14T11:07:56.5852340Z   services-up
Run selected ci-tagged tests	Run tests	2026-09-14T11:07:56.5853216Z   storage/backup-full-incremental
Run selected ci-tagged tests	Run tests	2026-09-14T11:07:56.5854430Z   storage/backup-full-incremental-remote
Run selected ci-tagged tests	Run tests	2026-09-14T11:07:56.5855991Z   storage/backup-multiple-destinations-diverged-remote
Run selected ci-tagged tests	Run tests	2026-09-14T11:07:56.5857650Z   storage/backup-multiple-destinations-remote
Run selected ci-tagged tests	Run tests	2026-09-14T11:07:56.5859075Z   storage/backup-remote-interrupted-recv
Run selected ci-tagged tests	Run tests	2026-09-14T11:07:56.5860524Z   storage/backup-remote-interrupted-send
Run selected ci-tagged tests	Run tests	2026-09-14T11:07:56.5861774Z   storage/branching-destroy
Run selected ci-tagged tests	Run tests	2026-09-14T11:07:56.5862809Z   storage/branching-rotation
Run selected ci-tagged tests	Run tests	2026-09-14T11:07:56.5863961Z   storage/branching-shared-snapshot-prune
Run selected ci-tagged tests	Run tests	2026-09-14T11:07:56.5865248Z   storage/complex-destroy-order
Run selected ci-tagged tests	Run tests	2026-09-14T11:07:56.5867224Z   storage/complex-rotation-order-pending
Run selected ci-tagged tests	Run tests	2026-09-14T11:07:56.5868670Z   storage/dataset-destroy-after-rollback-history
Run selected ci-tagged tests	Run tests	2026-09-14T11:07:56.5870257Z   storage/dataset-destroy-complex-history
Run selected ci-tagged tests	Run tests	2026-09-14T11:07:56.5871532Z   storage/dataset-migrate-remote
Run selected ci-tagged tests	Run tests	2026-09-14T11:07:56.5872725Z   storage/dataset-migrate-retain-source
Run selected ci-tagged tests	Run tests	2026-09-14T11:07:56.5874026Z   storage/dataset-migrate-rsync-remote
Run selected ci-tagged tests	Run tests	2026-09-14T11:07:56.5875291Z   storage/dataset-migrate-same-node
Run selected ci-tagged tests	Run tests	2026-09-14T11:07:56.5876639Z   storage/dataset-migrate-same-node-with-exports
Run selected ci-tagged tests	Run tests	2026-09-14T11:07:56.5877998Z   storage/group-snapshot
Run selected ci-tagged tests	Run tests	2026-09-14T11:07:56.5879060Z   storage/history-divergence-new-tree
Run selected ci-tagged tests	Run tests	2026-09-14T11:07:56.5880418Z   storage/repeated-rollback-branching
Run selected ci-tagged tests	Run tests	2026-09-14T11:07:56.5881683Z   storage/restore-after-reinstall-remote
Run selected ci-tagged tests	Run tests	2026-09-14T11:07:56.5883255Z   storage/restore-after-reinstall-with-descendants-remote
Run selected ci-tagged tests	Run tests	2026-09-14T11:07:56.5884906Z   storage/restore-remote-interrupted-recv
Run selected ci-tagged tests	Run tests	2026-09-14T11:07:56.5886181Z   storage/rollback-across-trees
Run selected ci-tagged tests	Run tests	2026-09-14T11:07:56.5887421Z   storage/rollback-dependent-branch-rotation
Run selected ci-tagged tests	Run tests	2026-09-14T11:07:56.5888770Z   storage/rollback-from-backup
Run selected ci-tagged tests	Run tests	2026-09-14T11:07:56.5890013Z   storage/rollback-from-remote-backup
Run selected ci-tagged tests	Run tests	2026-09-14T11:07:56.5891240Z   storage/rollback-with-descendants
Run selected ci-tagged tests	Run tests	2026-09-14T11:07:56.5892474Z   storage/snapshot-download-full-archive
Run selected ci-tagged tests	Run tests	2026-09-14T11:07:56.5893769Z   storage/snapshot-download-full-stream
Run selected ci-tagged tests	Run tests	2026-09-14T11:07:56.5895292Z   storage/snapshot-download-incremental-branch-mismatch
Run selected ci-tagged tests	Run tests	2026-09-14T11:07:56.5896962Z   storage/snapshot-download-incremental-stream
Run selected ci-tagged tests	Run tests	2026-09-14T11:07:56.5898517Z   storage/snapshot-download-incremental-transfer
Run selected ci-tagged tests	Run tests	2026-09-14T11:07:56.5900067Z   storage/snapshot-download-remove
Run selected ci-tagged tests	Run tests	2026-09-14T11:07:56.5901373Z   storage/source-rotation-after-backup-prune
Run selected ci-tagged tests	Run tests	2026-09-14T11:07:56.5902732Z   storage/topology-fixture-replay
Run selected ci-tagged tests	Run tests	2026-09-14T11:07:56.5903925Z   storage/topology-fixture-roundtrip
Run selected ci-tagged tests	Run tests	2026-09-14T11:07:56.5905141Z   storage/topology-reconciliation
Run selected ci-tagged tests	Run tests	2026-09-14T11:07:56.5906432Z   storage/vps-hard-delete-after-complex-history
Run selected ci-tagged tests	Run tests	2026-09-14T11:07:56.5908435Z   storage/vps-hard-delete-complex-history-with-descendants
Run selected ci-tagged tests	Run tests	2026-09-14T11:07:56.5909319Z   supervisor/runtime-ingestion
Run selected ci-tagged tests	Run tests	2026-09-14T11:07:56.5909899Z   tasks/auth-session-housekeeping
Run selected ci-tagged tests	Run tests	2026-09-14T11:07:56.5910556Z   tasks/dataset-expansion-enforce-and-resolve
Run selected ci-tagged tests	Run tests	2026-09-14T11:07:56.5911253Z   tasks/dns-reverse-record-check
Run selected ci-tagged tests	Run tests	2026-09-14T11:07:56.5911822Z   tasks/prometheus-export
Run selected ci-tagged tests	Run tests	2026-09-14T11:07:56.5912322Z   tx/chain-lifecycle
Run selected ci-tagged tests	Run tests	2026-09-14T11:07:56.5912800Z   tx/invalid-signature
Run selected ci-tagged tests	Run tests	2026-09-14T11:07:56.5913293Z   tx/keep-going-final-state
Run selected ci-tagged tests	Run tests	2026-09-14T11:07:56.5913820Z   tx/manual-confirmations
Run selected ci-tagged tests	Run tests	2026-09-14T11:07:56.5914338Z   tx/release-retry-resolve
Run selected ci-tagged tests	Run tests	2026-09-14T11:07:56.5914877Z   tx/rollback-state-machine
Run selected ci-tagged tests	Run tests	2026-09-14T11:07:56.5915421Z   user/create-with-initial-vps
Run selected ci-tagged tests	Run tests	2026-09-14T11:07:56.5915981Z   user/hard-delete-cascade
Run selected ci-tagged tests	Run tests	2026-09-14T11:07:56.5916509Z   user/soft-delete-revive-auth
Run selected ci-tagged tests	Run tests	2026-09-14T11:07:56.5917067Z   user/suspend-resume-cascade
Run selected ci-tagged tests	Run tests	2026-09-14T11:07:56.5917636Z   user/user-namespace-lifecycle
Run selected ci-tagged tests	Run tests	2026-09-14T11:07:56.5918213Z   vps/autostart-monitoring
Run selected ci-tagged tests	Run tests	2026-09-14T11:07:56.5918762Z   vps/clone-different-owner
Run selected ci-tagged tests	Run tests	2026-09-14T11:07:56.5919340Z   vps/clone-remote
Run selected ci-tagged tests	Run tests	2026-09-14T11:07:56.5919820Z   vps/clone-remote-consistent
Run selected ci-tagged tests	Run tests	2026-09-14T11:07:56.5920449Z   vps/clone-remote-consistent-keep-snapshots
Run selected ci-tagged tests	Run tests	2026-09-14T11:07:56.5921112Z   vps/clone-same-node
Run selected ci-tagged tests	Run tests	2026-09-14T11:07:56.5921644Z   vps/clone-with-descendants-and-mounts
Run selected ci-tagged tests	Run tests	2026-09-14T11:07:56.5922238Z   vps/create
Run selected ci-tagged tests	Run tests	2026-09-14T11:07:56.5922708Z   vps/deploy-public-key-and-user-data
Run selected ci-tagged tests	Run tests	2026-09-14T11:07:56.5923353Z   vps/expand-and-shrink-dataset
Run selected ci-tagged tests	Run tests	2026-09-14T11:07:56.5923905Z   vps/hard-delete-basic
Run selected ci-tagged tests	Run tests	2026-09-14T11:07:56.5924371Z   vps/migrate
Run selected ci-tagged tests	Run tests	2026-09-14T11:07:56.5924819Z   vps/migrate-no-start
Run selected ci-tagged tests	Run tests	2026-09-14T11:07:56.5925304Z   vps/migrate-skip-start
Run selected ci-tagged tests	Run tests	2026-09-14T11:07:56.5925818Z   vps/migrate-with-data-check
Run selected ci-tagged tests	Run tests	2026-09-14T11:07:56.5926426Z   vps/migrate-with-open-maintenance-window
Run selected ci-tagged tests	Run tests	2026-09-14T11:07:56.5927117Z   vps/migrate-with-subdataset-mounts
Run selected ci-tagged tests	Run tests	2026-09-14T11:07:56.5928086Z   vps/mount-lifecycle
Run selected ci-tagged tests	Run tests	2026-09-14T11:07:56.5928545Z   vps/passwd
Run selected ci-tagged tests	Run tests	2026-09-14T11:07:56.5928948Z   vps/reinstall
Run selected ci-tagged tests	Run tests	2026-09-14T11:07:56.5929498Z   vps/reinstall-with-user-data-and-keys
Run selected ci-tagged tests	Run tests	2026-09-14T11:07:56.5930111Z   vps/replace-no-start
Run selected ci-tagged tests	Run tests	2026-09-14T11:07:56.5930586Z   vps/replace-remote
Run selected ci-tagged tests	Run tests	2026-09-14T11:07:56.5931052Z   vps/replace-same-node
Run selected ci-tagged tests	Run tests	2026-09-14T11:07:56.5931568Z   vps/replace-with-backups
Run selected ci-tagged tests	Run tests	2026-09-14T11:07:56.5932118Z   vps/replace-with-backups-remote
Run selected ci-tagged tests	Run tests	2026-09-14T11:07:56.5932760Z   vps/replace-with-descendants-and-mounts
Run selected ci-tagged tests	Run tests	2026-09-14T11:07:56.5933429Z   vps/start-stop-restart-boot
Run selected ci-tagged tests	Run tests	2026-09-14T11:07:56.5933978Z   vps/swap-across-locations
Run selected ci-tagged tests	Run tests	2026-09-14T11:07:56.5934539Z   vps/update-resources-and-features
Run selected ci-tagged tests	Run tests	2026-09-14T11:07:56.5935124Z   webui#admin-cluster
Run selected ci-tagged tests	Run tests	2026-09-14T11:07:56.5935568Z   webui#auth
Run selected ci-tagged tests	Run tests	2026-09-14T11:07:56.5935968Z   webui#jumpto
Run selected ci-tagged tests	Run tests	2026-09-14T11:07:56.5936381Z   webui#misc-pages
Run selected ci-tagged tests	Run tests	2026-09-14T11:07:56.5936841Z   webui#navigation-readonly
Run selected ci-tagged tests	Run tests	2026-09-14T11:07:56.5937369Z   webui#networking-dns
Run selected ci-tagged tests	Run tests	2026-09-14T11:07:56.5937859Z   webui#security-advisories
Run selected ci-tagged tests	Run tests	2026-09-14T11:07:56.5938402Z   webui#storage-backup-export
Run selected ci-tagged tests	Run tests	2026-09-14T11:07:56.5938938Z   webui#support-pages
Run selected ci-tagged tests	Run tests	2026-09-14T11:07:56.5939456Z   webui#transactions
Run selected ci-tagged tests	Run tests	2026-09-14T11:07:56.5939897Z   webui#userns
Run selected ci-tagged tests	Run tests	2026-09-14T11:07:56.5940406Z   webui#users-admin
Run selected ci-tagged tests	Run tests	2026-09-14T11:07:56.5940866Z   webui#users-self-service
Run selected ci-tagged tests	Run tests	2026-09-14T11:07:56.5941365Z   webui#vps-admin-core
Run selected ci-tagged tests	Run tests	2026-09-14T11:07:56.5941837Z   webui#vps-admin-ops
Run selected ci-tagged tests	Run tests	2026-09-14T11:07:56.5942300Z   webui#vps-lifecycle
Run selected ci-tagged tests	Run tests	2026-09-14T11:07:56.5942756Z   webui#vps-user-core
Run selected ci-tagged tests	Run tests	2026-09-14T11:07:56.5943217Z   webui#vps-user-ops
Run selected ci-tagged tests	Run tests	2026-09-14T11:07:56.5943515Z 
Run selected ci-tagged tests	Run tests	2026-09-14T11:07:56.5945953Z [2026-09-14 13:07:56 +0200] Running 135 scripts of 118 tests, at most 118 tests at a time (auto)
Run selected ci-tagged tests	Run tests	2026-09-14T11:07:56.5948227Z [2026-09-14 13:07:56 +0200] Resource detection: memory assigned=100.0 GiB, available-at-start=98.6 GiB, reserve=8.0 GiB, limit=90.6 GiB; shm assigned=375.1 GiB, available-at-start=375.1 GiB, reserve=8.0 GiB, limit=367.1 GiB
Run selected ci-tagged tests	Run tests	2026-09-14T11:07:56.5950658Z [2026-09-14 13:07:56 +0200] Resource limits: memory=0 MiB/90.6 GiB, shm=0 MiB/367.1 GiB, cpus=0/72, running=0
Run selected ci-tagged tests	Run tests	2026-09-14T11:07:56.5952606Z [2026-09-14 13:07:56 +0200] State directory is /tmp/os-test-runner-19884793-34836306209-1
Run selected ci-tagged tests	Run tests	2026-09-14T11:07:56.6170526Z [2026-09-14 13:07:56 +0200] Reserved resources for 'vps/replace-with-backups-remote': machines=3, memory=24.0 GiB, shm=24.0 GiB, cpus=16; pool: memory=24.0 GiB/90.6 GiB, shm=24.0 GiB/367.1 GiB, cpus=16/72, running=1
Run selected ci-tagged tests	Run tests	2026-09-14T11:07:56.6257626Z [2026-09-14 13:07:56 +0200] [1/118] Running test 'vps/replace-with-backups-remote' (#default)
Run selected ci-tagged tests	Run tests	2026-09-14T11:07:56.6262077Z [2026-09-14 13:07:56 +0200] Reserved resources for 'storage/restore-after-reinstall-with-descendants-remote': machines=3, memory=24.0 GiB, shm=24.0 GiB, cpus=16; pool: memory=48.0 GiB/90.6 GiB, shm=48.0 GiB/367.1 GiB, cpus=32/72, running=2
Run selected ci-tagged tests	Run tests	2026-09-14T11:07:56.6265707Z [2026-09-14 13:07:56 +0200] [2/118] Running test 'storage/restore-after-reinstall-with-descendants-remote' (#default)
Run selected ci-tagged tests	Run tests	2026-09-14T11:07:56.6268811Z [2026-09-14 13:07:56 +0200] Reserved resources for 'dns/zone-transfer-config': machines=2, memory=10.0 GiB, shm=10.0 GiB, cpus=10; pool: memory=58.0 GiB/90.6 GiB, shm=58.0 GiB/367.1 GiB, cpus=42/72, running=3
Run selected ci-tagged tests	Run tests	2026-09-14T11:07:56.6271618Z [2026-09-14 13:07:56 +0200] [3/118] Running test 'dns/zone-transfer-config' (#default)
Run selected ci-tagged tests	Run tests	2026-09-14T11:07:56.6274374Z [2026-09-14 13:07:56 +0200] Reserved resources for 'tasks/dns-reverse-record-check': machines=2, memory=10.0 GiB, shm=10.0 GiB, cpus=10; pool: memory=68.0 GiB/90.6 GiB, shm=68.0 GiB/367.1 GiB, cpus=52/72, running=4
Run selected ci-tagged tests	Run tests	2026-09-14T11:07:56.6277167Z [2026-09-14 13:07:56 +0200] [4/118] Running test 'tasks/dns-reverse-record-check' (#default)
Run selected ci-tagged tests	Run tests	2026-09-14T11:07:56.6279961Z [2026-09-14 13:07:56 +0200] Reserved resources for 'vps/replace-same-node': machines=2, memory=16.0 GiB, shm=16.0 GiB, cpus=12; pool: memory=84.0 GiB/90.6 GiB, shm=84.0 GiB/367.1 GiB, cpus=64/72, running=5
Run selected ci-tagged tests	Run tests	2026-09-14T11:07:56.6282540Z [2026-09-14 13:07:56 +0200] [5/118] Running test 'vps/replace-same-node' (#default)
Run selected ci-tagged tests	Run tests	2026-09-14T11:07:56.6288283Z [2026-09-14 13:07:56 +0200] Reserved resources for 'storage/topology-fixture-replay': machines=0, memory=0 MiB, shm=0 MiB, cpus=0; pool: memory=84.0 GiB/90.6 GiB, shm=84.0 GiB/367.1 GiB, cpus=64/72, running=6
Run selected ci-tagged tests	Run tests	2026-09-14T11:07:56.6291270Z [2026-09-14 13:07:56 +0200] [113/118] Running test 'storage/topology-fixture-replay' (#default)
Run selected ci-tagged tests	Run tests	2026-09-14T11:07:56.6305600Z [2026-09-14 13:07:56 +0200] Waiting for resources: pool: memory=84.0 GiB/90.6 GiB, shm=84.0 GiB/367.1 GiB, cpus=64/72, running=6; pending: storage/complex-destroy-order (machines=3, memory=24.0 GiB, shm=24.0 GiB, cpus=16), tx/keep-going-final-state (machines=2, memory=16.0 GiB, shm=16.0 GiB, cpus=12), tx/chain-lifecycle (machines=2, memory=16.0 GiB, shm=16.0 GiB, cpus=12)
Run selected ci-tagged tests	Run tests	2026-09-14T11:07:57.9022171Z [2026-09-14 13:07:57 +0200] [113/118] Example [1/2] 'topology fixture replay has committed fixtures to replay' succeeded in 0.0 seconds
Run selected ci-tagged tests	Run tests	2026-09-14T11:07:57.9058137Z [2026-09-14 13:07:57 +0200] [113/118] Example [2/2] 'topology fixture replay validates synthetic-good-topology.json' succeeded in 0.0 seconds
Run selected ci-tagged tests	Run tests	2026-09-14T11:07:57.9277601Z [2026-09-14 13:07:57 +0200] [113/118] Test 'storage/topology-fixture-replay' successful in 1.3 seconds
Run selected ci-tagged tests	Run tests	2026-09-14T11:12:12.2100721Z [2026-09-14 13:12:12 +0200] [3/118] Example [1/1] 'dns zone transfer config adds and removes transfer peers from generated config' succeeded in 31.11 seconds
Run selected ci-tagged tests	Run tests	2026-09-14T11:12:16.5001717Z [2026-09-14 13:12:16 +0200] [4/118] Example [1/1] 'DNS reverse-record task succeeds for matching live PTR answers and fails after DB-only drift' succeeded in 37.67 seconds
Run selected ci-tagged tests	Run tests	2026-09-14T11:12:30.1031593Z [2026-09-14 13:12:30 +0200] [4/118] Test 'tasks/dns-reverse-record-check' successful in 273.48 seconds
Run selected ci-tagged tests	Run tests	2026-09-14T11:12:30.1036544Z [2026-09-14 13:12:30 +0200] Reserved resources for 'tx/keep-going-final-state': machines=2, memory=16.0 GiB, shm=16.0 GiB, cpus=12; pool: memory=90.0 GiB/90.6 GiB, shm=90.0 GiB/367.1 GiB, cpus=66/72, running=5
Run selected ci-tagged tests	Run tests	2026-09-14T11:12:30.1052986Z [2026-09-14 13:12:30 +0200] [7/118] Running test 'tx/keep-going-final-state' (#default)
Run selected ci-tagged tests	Run tests	2026-09-14T11:12:30.1121057Z [2026-09-14 13:12:30 +0200] Waiting for resources: pool: memory=90.0 GiB/90.6 GiB, shm=90.0 GiB/367.1 GiB, cpus=66/72, running=5; pending: storage/complex-destroy-order (machines=3, memory=24.0 GiB, shm=24.0 GiB, cpus=16), tx/chain-lifecycle (machines=2, memory=16.0 GiB, shm=16.0 GiB, cpus=12), admin/environment-defaults-propagation (machines=2, memory=16.0 GiB, shm=16.0 GiB, cpus=12)
Run selected ci-tagged tests	Run tests	2026-09-14T11:12:40.1291677Z [2026-09-14 13:12:40 +0200] [3/118] Test 'dns/zone-transfer-config' successful in 283.5 seconds
Run selected ci-tagged tests	Run tests	2026-09-14T11:12:40.1294414Z [2026-09-14 13:12:40 +0200] Reserved resources for 'dns/secondary-transfer-errors': machines=2, memory=10.0 GiB, shm=10.0 GiB, cpus=10; pool: memory=90.0 GiB/90.6 GiB, shm=90.0 GiB/367.1 GiB, cpus=66/72, running=5
Run selected ci-tagged tests	Run tests	2026-09-14T11:12:40.1323071Z [2026-09-14 13:12:40 +0200] [48/118] Running test 'dns/secondary-transfer-errors' (#default)
Run selected ci-tagged tests	Run tests	2026-09-14T11:12:56.6146595Z [2026-09-14 13:12:56 +0200] Status: passing; 3 succeeded as expected, 0 failed as expected, 0 unexpectedly failed, 0 unexpectedly succeeded; 5 running, 110 remaining
Run selected ci-tagged tests	Run tests	2026-09-14T11:14:53.5711295Z [2026-09-14 13:14:53 +0200] [7/118] Example [1/2] 'keep-going final state keeps the synthetic chain queued while the queue is paused' succeeded in 0.09 seconds
Run selected ci-tagged tests	Run tests	2026-09-14T11:15:01.5986407Z [2026-09-14 13:15:01 +0200] [7/118] Example [2/2] 'keep-going final state keeps going after the middle failure and closes as done' succeeded in 8.03 seconds
Run selected ci-tagged tests	Run tests	2026-09-14T11:15:23.2706941Z [2026-09-14 13:15:23 +0200] [48/118] Example [1/2] 'DNS secondary transfer errors records every normalized transfer failure and recovery' succeeded in 50.11 seconds
Run selected ci-tagged tests	Run tests	2026-09-14T11:15:32.4946818Z [2026-09-14 13:15:32 +0200] [7/118] Test 'tx/keep-going-final-state' successful in 182.39 seconds
Run selected ci-tagged tests	Run tests	2026-09-14T11:15:32.4952672Z [2026-09-14 13:15:32 +0200] Reserved resources for 'tx/chain-lifecycle': machines=2, memory=16.0 GiB, shm=16.0 GiB, cpus=12; pool: memory=90.0 GiB/90.6 GiB, shm=90.0 GiB/367.1 GiB, cpus=66/72, running=5
Run selected ci-tagged tests	Run tests	2026-09-14T11:15:32.4972499Z [2026-09-14 13:15:32 +0200] [8/118] Running test 'tx/chain-lifecycle' (#default)
Run selected ci-tagged tests	Run tests	2026-09-14T11:15:32.5016987Z [2026-09-14 13:15:32 +0200] Waiting for resources: pool: memory=90.0 GiB/90.6 GiB, shm=90.0 GiB/367.1 GiB, cpus=66/72, running=5; pending: storage/complex-destroy-order (machines=3, memory=24.0 GiB, shm=24.0 GiB, cpus=16), admin/environment-defaults-propagation (machines=2, memory=16.0 GiB, shm=16.0 GiB, cpus=12), vps/create (machines=2, memory=16.0 GiB, shm=16.0 GiB, cpus=12)
Run selected ci-tagged tests	Run tests	2026-09-14T11:15:35.2976431Z [2026-09-14 13:15:35 +0200] [48/118] Example [2/2] 'DNS secondary transfer errors prunes old transfer logs while keeping latest transfer fields' succeeded in 12.03 seconds
Run selected ci-tagged tests	Run tests	2026-09-14T11:15:49.1945401Z [2026-09-14 13:15:49 +0200] [48/118] Test 'dns/secondary-transfer-errors' successful in 189.06 seconds
Run selected ci-tagged tests	Run tests	2026-09-14T11:15:49.1947660Z [2026-09-14 13:15:49 +0200] Reserved resources for 'dns/server-zone-lifecycle': machines=2, memory=10.0 GiB, shm=10.0 GiB, cpus=10; pool: memory=90.0 GiB/90.6 GiB, shm=90.0 GiB/367.1 GiB, cpus=66/72, running=5
Run selected ci-tagged tests	Run tests	2026-09-14T11:15:49.1970215Z [2026-09-14 13:15:49 +0200] [77/118] Running test 'dns/server-zone-lifecycle' (#default)
Run selected ci-tagged tests	Run tests	2026-09-14T11:17:06.1956395Z [2026-09-14 13:17:06 +0200] [1/118] Example [1/1] 'remote VPS replace with backups moves backup history and keeps database state aligned with ZFS' succeeded in 269.59 seconds
Run selected ci-tagged tests	Run tests	2026-09-14T11:17:29.1959885Z [2026-09-14 13:17:29 +0200] [2/118] Example [1/1] 'restore after reinstall with descendants from remote backup restores the root dataset while preserving current descendants on the primary node' succeeded in 297.56 seconds
Run selected ci-tagged tests	Run tests	2026-09-14T11:17:31.0596875Z [2026-09-14 13:17:31 +0200] [1/118] Test 'vps/replace-with-backups-remote' successful in 574.43 seconds
Run selected ci-tagged tests	Run tests	2026-09-14T11:17:31.0610173Z [2026-09-14 13:17:31 +0200] Reserved resources for 'storage/complex-destroy-order': machines=3, memory=24.0 GiB, shm=24.0 GiB, cpus=16; pool: memory=90.0 GiB/90.6 GiB, shm=90.0 GiB/367.1 GiB, cpus=66/72, running=5
Run selected ci-tagged tests	Run tests	2026-09-14T11:17:31.0634757Z [2026-09-14 13:17:31 +0200] [6/118] Running test 'storage/complex-destroy-order' (#default)
Run selected ci-tagged tests	Run tests	2026-09-14T11:17:31.0677749Z [2026-09-14 13:17:31 +0200] Waiting for resources: pool: memory=90.0 GiB/90.6 GiB, shm=90.0 GiB/367.1 GiB, cpus=66/72, running=5; pending: admin/environment-defaults-propagation (machines=2, memory=16.0 GiB, shm=16.0 GiB, cpus=12), vps/create (machines=2, memory=16.0 GiB, shm=16.0 GiB, cpus=12), network/network-interface-routes-and-host-ips (machines=2, memory=16.0 GiB, shm=16.0 GiB, cpus=12)
Run selected ci-tagged tests	Run tests	2026-09-14T11:17:55.1866110Z [2026-09-14 13:17:55 +0200] [8/118] Example [1/5] 'transaction chain lifecycle creates a storage pool' succeeded in 11.36 seconds
Run selected ci-tagged tests	Run tests	2026-09-14T11:17:56.0960706Z [2026-09-14 13:17:56 +0200] [2/118] Test 'storage/restore-after-reinstall-with-descendants-remote' successful in 599.47 seconds
Run selected ci-tagged tests	Run tests	2026-09-14T11:17:56.0967583Z [2026-09-14 13:17:56 +0200] Reserved resources for 'admin/environment-defaults-propagation': machines=2, memory=16.0 GiB, shm=16.0 GiB, cpus=12; pool: memory=82.0 GiB/90.6 GiB, shm=82.0 GiB/367.1 GiB, cpus=62/72, running=5
Run selected ci-tagged tests	Run tests	2026-09-14T11:17:56.0987023Z [2026-09-14 13:17:56 +0200] [9/118] Running test 'admin/environment-defaults-propagation' (#default)
Run selected ci-tagged tests	Run tests	2026-09-14T11:17:56.1053328Z [2026-09-14 13:17:56 +0200] Reserved resources for 'services-up': machines=1, memory=8.0 GiB, shm=8.0 GiB, cpus=8; pool: memory=90.0 GiB/90.6 GiB, shm=90.0 GiB/367.1 GiB, cpus=70/72, running=6
Run selected ci-tagged tests	Run tests	2026-09-14T11:17:56.1057344Z [2026-09-14 13:17:56 +0200] [103/118] Running test 'services-up' (#default)
Run selected ci-tagged tests	Run tests	2026-09-14T11:17:56.6152791Z [2026-09-14 13:17:56 +0200] Status: passing; 7 succeeded as expected, 0 failed as expected, 0 unexpectedly failed, 0 unexpectedly succeeded; 6 running, 105 remaining
Run selected ci-tagged tests	Run tests	2026-09-14T11:18:11.8980090Z [2026-09-14 13:18:11 +0200] [5/118] Example [1/1] 'same-node VPS replace creates a replacement in another pool without remote send steps' succeeded in 347.4 seconds
Run selected ci-tagged tests	Run tests	2026-09-14T11:18:20.3498018Z [2026-09-14 13:18:20 +0200] [77/118] Example [1/2] 'dns server zone lifecycle creates, updates, and destroys runtime zone state' succeeded in 51.63 seconds
Run selected ci-tagged tests	Run tests	2026-09-14T11:18:31.7139882Z [2026-09-14 13:18:31 +0200] [5/118] Test 'vps/replace-same-node' successful in 635.08 seconds
Run selected ci-tagged tests	Run tests	2026-09-14T11:18:31.7145006Z [2026-09-14 13:18:31 +0200] Reserved resources for 'vps/create': machines=2, memory=16.0 GiB, shm=16.0 GiB, cpus=12; pool: memory=90.0 GiB/90.6 GiB, shm=90.0 GiB/367.1 GiB, cpus=70/72, running=6
Run selected ci-tagged tests	Run tests	2026-09-14T11:18:31.7187022Z [2026-09-14 13:18:31 +0200] [10/118] Running test 'vps/create' (#default)
Run selected ci-tagged tests	Run tests	2026-09-14T11:18:31.7239830Z [2026-09-14 13:18:31 +0200] Waiting for resources: pool: memory=90.0 GiB/90.6 GiB, shm=90.0 GiB/367.1 GiB, cpus=70/72, running=6; pending: network/network-interface-routes-and-host-ips (machines=2, memory=16.0 GiB, shm=16.0 GiB, cpus=12), vps/clone-same-node (machines=2, memory=16.0 GiB, shm=16.0 GiB, cpus=12), vps/migrate-no-start (machines=3, memory=24.0 GiB, shm=24.0 GiB, cpus=16)
Run selected ci-tagged tests	Run tests	2026-09-14T11:18:46.1992128Z [2026-09-14 13:18:46 +0200] [8/118] Example [2/5] 'transaction chain lifecycle waits for the pool to become online' succeeded in 51.01 seconds
Run selected ci-tagged tests	Run tests	2026-09-14T11:19:17.7352598Z [2026-09-14 13:19:17 +0200] [8/118] Example [3/5] 'transaction chain lifecycle creates a stopped VPS' succeeded in 31.54 seconds
Run selected ci-tagged tests	Run tests	2026-09-14T11:19:25.6511044Z [2026-09-14 13:19:25 +0200] [8/118] Example [4/5] 'transaction chain lifecycle queues the start action while the vps queue is paused' succeeded in 7.92 seconds
Run selected ci-tagged tests	Run tests	2026-09-14T11:20:23.7930682Z [2026-09-14 13:20:23 +0200] [9/118] Example [1/1] 'environment default propagation updates default user config rows only' succeeded in 3.67 seconds
Run selected ci-tagged tests	Run tests	2026-09-14T11:20:31.7332625Z [2026-09-14 13:20:31 +0200] [103/118] Example [1/28] 'system is running' succeeded in 44.92 seconds
Run selected ci-tagged tests	Run tests	2026-09-14T11:20:31.7583946Z [2026-09-14 13:20:31 +0200] [103/118] Example [2/28] 'service scheduler is running' succeeded in 0.02 seconds
Run selected ci-tagged tests	Run tests	2026-09-14T11:20:31.7851209Z [2026-09-14 13:20:31 +0200] [103/118] Example [3/28] 'service nginx is running' succeeded in 0.03 seconds
Run selected ci-tagged tests	Run tests	2026-09-14T11:20:31.8113849Z [2026-09-14 13:20:31 +0200] [103/118] Example [4/28] 'service haproxy is running' succeeded in 0.03 seconds
Run selected ci-tagged tests	Run tests	2026-09-14T11:20:31.8360936Z [2026-09-14 13:20:31 +0200] [103/118] Example [5/28] 'service varnish is running' succeeded in 0.02 seconds
Run selected ci-tagged tests	Run tests	2026-09-14T11:20:31.8546530Z [2026-09-14 13:20:31 +0200] [103/118] Example [6/28] 'service password recovery worker is running' succeeded in 0.02 seconds
Run selected ci-tagged tests	Run tests	2026-09-14T11:20:31.8724403Z [2026-09-14 13:20:31 +0200] [103/118] Example [7/28] 'service supervisor is running' succeeded in 0.02 seconds
Run selected ci-tagged tests	Run tests	2026-09-14T11:20:31.8930225Z [2026-09-14 13:20:31 +0200] [103/118] Example [8/28] 'service rabbitmq is running' succeeded in 0.02 seconds
Run selected ci-tagged tests	Run tests	2026-09-14T11:20:32.9466725Z [2026-09-14 13:20:32 +0200] [103/118] Example [9/28] 'service rabbitmq is responding' succeeded in 1.05 seconds
Run selected ci-tagged tests	Run tests	2026-09-14T11:20:32.9751110Z [2026-09-14 13:20:32 +0200] [103/118] Example [10/28] 'service redis is responding' succeeded in 0.03 seconds
Run selected ci-tagged tests	Run tests	2026-09-14T11:20:32.9991187Z [2026-09-14 13:20:32 +0200] [103/118] Example [11/28] 'service redis is running' succeeded in 0.02 seconds
Run selected ci-tagged tests	Run tests	2026-09-14T11:20:33.0266772Z [2026-09-14 13:20:33 +0200] [103/118] Example [12/28] 'service mariadb is running' succeeded in 0.03 seconds
Run selected ci-tagged tests	Run tests	2026-09-14T11:20:33.0984104Z [2026-09-14 13:20:33 +0200] [103/118] Example [13/28] 'service mariadb is responding' succeeded in 0.07 seconds
Run selected ci-tagged tests	Run tests	2026-09-14T11:20:33.1292015Z [2026-09-14 13:20:33 +0200] [103/118] Example [14/28] 'service mariadb is set up' succeeded in 0.03 seconds
Run selected ci-tagged tests	Run tests	2026-09-14T11:20:33.2197273Z [2026-09-14 13:20:33 +0200] [103/118] Example [15/28] 'service mariadb has built-in mail templates' succeeded in 0.09 seconds
Run selected ci-tagged tests	Run tests	2026-09-14T11:20:33.2880463Z [2026-09-14 13:20:33 +0200] [103/118] Example [16/28] 'service mariadb is populated' succeeded in 0.07 seconds
Run selected ci-tagged tests	Run tests	2026-09-14T11:20:33.5961961Z [2026-09-14 13:20:33 +0200] [103/118] Example [17/28] 'service mailer node mailpit API is responding' succeeded in 0.31 seconds
Run selected ci-tagged tests	Run tests	2026-09-14T11:20:41.1964789Z [2026-09-14 13:20:41 +0200] [9/118] Test 'admin/environment-defaults-propagation' successful in 165.1 seconds
Run selected ci-tagged tests	Run tests	2026-09-14T11:20:41.1970281Z [2026-09-14 13:20:41 +0200] Reserved resources for 'network/network-interface-routes-and-host-ips': machines=2, memory=16.0 GiB, shm=16.0 GiB, cpus=12; pool: memory=90.0 GiB/90.6 GiB, shm=90.0 GiB/367.1 GiB, cpus=70/72, running=6
Run selected ci-tagged tests	Run tests	2026-09-14T11:20:41.1993077Z [2026-09-14 13:20:41 +0200] [11/118] Running test 'network/network-interface-routes-and-host-ips' (#default)
Run selected ci-tagged tests	Run tests	2026-09-14T11:20:41.2057853Z [2026-09-14 13:20:41 +0200] Waiting for resources: pool: memory=90.0 GiB/90.6 GiB, shm=90.0 GiB/367.1 GiB, cpus=70/72, running=6; pending: vps/clone-same-node (machines=2, memory=16.0 GiB, shm=16.0 GiB, cpus=12), vps/migrate-no-start (machines=3, memory=24.0 GiB, shm=24.0 GiB, cpus=16), vps/start-stop-restart-boot (machines=2, memory=16.0 GiB, shm=16.0 GiB, cpus=12)
Run selected ci-tagged tests	Run tests	2026-09-14T11:20:46.9697392Z [2026-09-14 13:20:46 +0200] [10/118] Example [1/4] 'cluster responds to API requests' succeeded in 2.62 seconds
Run selected ci-tagged tests	Run tests	2026-09-14T11:20:48.1413110Z [2026-09-14 13:20:48 +0200] [77/118] Example [2/2] 'dns server zone lifecycle serves all supported user primary-zone record types and rejects invalid values' succeeded in 147.79 seconds
Run selected ci-tagged tests	Run tests	2026-09-14T11:20:58.4177812Z [2026-09-14 13:20:58 +0200] [10/118] Example [2/4] 'cluster creates storage pool' succeeded in 11.45 seconds
Run selected ci-tagged tests	Run tests	2026-09-14T11:21:25.0420985Z [2026-09-14 13:21:25 +0200] [77/118] Test 'dns/server-zone-lifecycle' successful in 335.84 seconds
Run selected ci-tagged tests	Run tests	2026-09-14T11:21:34.1520540Z [2026-09-14 13:21:34 +0200] [10/118] Example [3/4] 'cluster creates a VPS' succeeded in 35.73 seconds
Run selected ci-tagged tests	Run tests	2026-09-14T11:21:36.8693110Z [2026-09-14 13:21:36 +0200] [103/118] Example [18/28] 'service mailer node nodectld reports running state' succeeded in 63.27 seconds
Run selected ci-tagged tests	Run tests	2026-09-14T11:21:36.9873888Z [2026-09-14 13:21:36 +0200] [103/118] Example [19/28] 'service mailer node container is running' succeeded in 0.12 seconds
Run selected ci-tagged tests	Run tests	2026-09-14T11:21:37.1257283Z [2026-09-14 13:21:37 +0200] [103/118] Example [20/28] 'service webui does not serve private application files directly' succeeded in 0.14 seconds
Run selected ci-tagged tests	Run tests	2026-09-14T11:21:39.3936262Z [2026-09-14 13:21:39 +0200] [6/118] Example [1/2] 'destroying a complex multi-tree backup topology creates a VPS with primary storage on node1 and backup storage on node2' succeeded in 87.45 seconds
Run selected ci-tagged tests	Run tests	2026-09-14T11:21:39.6117239Z [2026-09-14 13:21:39 +0200] [103/118] Example [21/28] 'service webui is responding directly' succeeded in 2.49 seconds
Run selected ci-tagged tests	Run tests	2026-09-14T11:21:41.4217865Z [2026-09-14 13:21:41 +0200] [103/118] Example [22/28] 'service webui serves public entrypoints and assets directly' succeeded in 1.81 seconds
Run selected ci-tagged tests	Run tests	2026-09-14T11:21:43.1102029Z [2026-09-14 13:21:43 +0200] [103/118] Example [23/28] 'service webui is responding through varnish/haproxy' succeeded in 1.69 seconds
Run selected ci-tagged tests	Run tests	2026-09-14T11:21:43.1351324Z [2026-09-14 13:21:43 +0200] [103/118] Example [24/28] 'service console-router is running' succeeded in 0.02 seconds
Run selected ci-tagged tests	Run tests	2026-09-14T11:21:43.1783597Z [2026-09-14 13:21:43 +0200] [103/118] Example [25/28] 'service console-router is responding directly' succeeded in 0.04 seconds
Run selected ci-tagged tests	Run tests	2026-09-14T11:21:43.2147570Z [2026-09-14 13:21:43 +0200] [103/118] Example [26/28] 'service console-router is responding through nginx/haproxy' succeeded in 0.04 seconds
Run selected ci-tagged tests	Run tests	2026-09-14T11:21:45.8981879Z [2026-09-14 13:21:45 +0200] [103/118] Example [27/28] 'service api is responding' succeeded in 2.68 seconds
Run selected ci-tagged tests	Run tests	2026-09-14T11:21:45.9244013Z [2026-09-14 13:21:45 +0200] [103/118] Example [28/28] 'service api is running' succeeded in 0.03 seconds
Run selected ci-tagged tests	Run tests	2026-09-14T11:21:51.0153407Z [2026-09-14 13:21:51 +0200] [8/118] Example [5/5] 'transaction chain lifecycle resumes the queue and completes the chain' succeeded in 145.36 seconds
Run selected ci-tagged tests	Run tests	2026-09-14T11:21:56.4927044Z [2026-09-14 13:21:56 +0200] [103/118] Test 'services-up' successful in 240.39 seconds
Run selected ci-tagged tests	Run tests	2026-09-14T11:21:56.4930269Z [2026-09-14 13:21:56 +0200] Reserved resources for 'vps/clone-same-node': machines=2, memory=16.0 GiB, shm=16.0 GiB, cpus=12; pool: memory=88.0 GiB/90.6 GiB, shm=88.0 GiB/367.1 GiB, cpus=64/72, running=5
Run selected ci-tagged tests	Run tests	2026-09-14T11:21:56.4954451Z [2026-09-14 13:21:56 +0200] [12/118] Running test 'vps/clone-same-node' (#default)
Run selected ci-tagged tests	Run tests	2026-09-14T11:21:56.5013264Z [2026-09-14 13:21:56 +0200] Waiting for resources: pool: memory=88.0 GiB/90.6 GiB, shm=88.0 GiB/367.1 GiB, cpus=64/72, running=5; pending: vps/migrate-no-start (machines=3, memory=24.0 GiB, shm=24.0 GiB, cpus=16), vps/start-stop-restart-boot (machines=2, memory=16.0 GiB, shm=16.0 GiB, cpus=12), storage/restore-remote-interrupted-recv (machines=3, memory=24.0 GiB, shm=24.0 GiB, cpus=16)
Run selected ci-tagged tests	Run tests	2026-09-14T11:22:10.9440850Z [2026-09-14 13:22:10 +0200] [8/118] Test 'tx/chain-lifecycle' successful in 398.45 seconds
Run selected ci-tagged tests	Run tests	2026-09-14T11:22:10.9444336Z [2026-09-14 13:22:10 +0200] Reserved resources for 'vps/start-stop-restart-boot': machines=2, memory=16.0 GiB, shm=16.0 GiB, cpus=12; pool: memory=88.0 GiB/90.6 GiB, shm=88.0 GiB/367.1 GiB, cpus=64/72, running=5
Run selected ci-tagged tests	Run tests	2026-09-14T11:22:10.9467057Z [2026-09-14 13:22:10 +0200] [14/118] Running test 'vps/start-stop-restart-boot' (#default)
Run selected ci-tagged tests	Run tests	2026-09-14T11:22:53.8279001Z [2026-09-14 13:22:53 +0200] [10/118] Example [4/4] 'cluster starts a VPS' succeeded in 79.68 seconds
Run selected ci-tagged tests	Run tests	2026-09-14T11:22:56.6156838Z [2026-09-14 13:22:56 +0200] Status: passing; 12 succeeded as expected, 0 failed as expected, 0 unexpectedly failed, 0 unexpectedly succeeded; 5 running, 101 remaining
Run selected ci-tagged tests	Run tests	2026-09-14T11:23:13.4726865Z [2026-09-14 13:23:13 +0200] [10/118] Test 'vps/create' successful in 281.75 seconds
Run selected ci-tagged tests	Run tests	2026-09-14T11:23:13.4732089Z [2026-09-14 13:23:13 +0200] Reserved resources for 'download-mounter': machines=2, memory=16.0 GiB, shm=16.0 GiB, cpus=12; pool: memory=88.0 GiB/90.6 GiB, shm=88.0 GiB/367.1 GiB, cpus=64/72, running=5
Run selected ci-tagged tests	Run tests	2026-09-14T11:23:13.4754259Z [2026-09-14 13:23:13 +0200] [16/118] Running test 'download-mounter' (#default)
Run selected ci-tagged tests	Run tests	2026-09-14T11:23:13.4805188Z [2026-09-14 13:23:13 +0200] Waiting for resources: pool: memory=88.0 GiB/90.6 GiB, shm=88.0 GiB/367.1 GiB, cpus=64/72, running=5; pending: vps/migrate-no-start (machines=3, memory=24.0 GiB, shm=24.0 GiB, cpus=16), storage/restore-remote-interrupted-recv (machines=3, memory=24.0 GiB, shm=24.0 GiB, cpus=16), alerts/oom-report-notify-and-prune (machines=2, memory=16.0 GiB, shm=16.0 GiB, cpus=12)
Run selected ci-tagged tests	Run tests	2026-09-14T11:25:28.9566926Z [2026-09-14 13:25:28 +0200] [11/118] Example [1/1] 'network routes and host addresses adds and removes routes and host addresses on a routed interface' succeeded in 143.56 seconds
Run selected ci-tagged tests	Run tests	2026-09-14T11:26:15.1398568Z [2026-09-14 13:26:15 +0200] [11/118] Test 'network/network-interface-routes-and-host-ips' successful in 333.94 seconds
Run selected ci-tagged tests	Run tests	2026-09-14T11:26:15.1404227Z [2026-09-14 13:26:15 +0200] Reserved resources for 'alerts/oom-report-notify-and-prune': machines=2, memory=16.0 GiB, shm=16.0 GiB, cpus=12; pool: memory=88.0 GiB/90.6 GiB, shm=88.0 GiB/367.1 GiB, cpus=64/72, running=5
Run selected ci-tagged tests	Run tests	2026-09-14T11:26:15.1427030Z [2026-09-14 13:26:15 +0200] [17/118] Running test 'alerts/oom-report-notify-and-prune' (#default)
Run selected ci-tagged tests	Run tests	2026-09-14T11:26:15.1462907Z [2026-09-14 13:26:15 +0200] Waiting for resources: pool: memory=88.0 GiB/90.6 GiB, shm=88.0 GiB/367.1 GiB, cpus=64/72, running=5; pending: vps/migrate-no-start (machines=3, memory=24.0 GiB, shm=24.0 GiB, cpus=16), storage/restore-remote-interrupted-recv (machines=3, memory=24.0 GiB, shm=24.0 GiB, cpus=16), storage/rollback-dependent-branch-rotation (machines=3, memory=24.0 GiB, shm=24.0 GiB, cpus=16)
Run selected ci-tagged tests	Run tests	2026-09-14T11:27:56.6161182Z [2026-09-14 13:27:56 +0200] Status: passing; 14 succeeded as expected, 0 failed as expected, 0 unexpectedly failed, 0 unexpectedly succeeded; 5 running, 99 remaining
Run selected ci-tagged tests	Run tests	2026-09-14T11:28:04.2794363Z [2026-09-14 13:28:04 +0200] [16/118] Example [1/6] 'download mounter mounts the pool download directory and serves the healthcheck' succeeded in 54.85 seconds
Run selected ci-tagged tests	Run tests	2026-09-14T11:28:04.3387096Z [2026-09-14 13:28:04 +0200] [16/118] Example [2/6] 'download mounter serves a file from the pool download directory through the mounted frontend' succeeded in 0.06 seconds
Run selected ci-tagged tests	Run tests	2026-09-14T11:28:08.8637494Z [2026-09-14 13:28:08 +0200] [16/118] Example [3/6] 'download mounter remounts when the directory has been unmounted' succeeded in 4.52 seconds
Run selected ci-tagged tests	Run tests	2026-09-14T11:28:14.5020099Z [2026-09-14 13:28:14 +0200] [12/118] Example [1/1] 'same-node VPS clone copies the VPS into another pool on the same node' succeeded in 230.64 seconds
Run selected ci-tagged tests	Run tests	2026-09-14T11:28:17.8173170Z [2026-09-14 13:28:17 +0200] [16/118] Example [4/6] 'download mounter remounts a broken NFS mount after the export returns' succeeded in 8.95 seconds
Run selected ci-tagged tests	Run tests	2026-09-14T11:28:22.5913687Z [2026-09-14 13:28:22 +0200] [16/118] Example [5/6] 'download mounter remounts a stale mounted directory with the wrong healthcheck' succeeded in 4.77 seconds
Run selected ci-tagged tests	Run tests	2026-09-14T11:28:27.1221561Z [2026-09-14 13:28:27 +0200] [16/118] Example [6/6] 'download mounter is idempotent with a healthy mount' succeeded in 4.53 seconds
Run selected ci-tagged tests	Run tests	2026-09-14T11:28:49.1774917Z [2026-09-14 13:28:49 +0200] [6/118] Example [2/2] 'destroying a complex multi-tree backup topology destroys the backup dataset in dependency-safe order across tree switches' succeeded in 429.78 seconds
Run selected ci-tagged tests	Run tests	2026-09-14T11:29:02.0350686Z [2026-09-14 13:29:02 +0200] [12/118] Test 'vps/clone-same-node' successful in 425.54 seconds
Run selected ci-tagged tests	Run tests	2026-09-14T11:29:02.0353911Z [2026-09-14 13:29:02 +0200] Reserved resources for 'network/network-interface-shaper-and-rename': machines=2, memory=16.0 GiB, shm=16.0 GiB, cpus=12; pool: memory=88.0 GiB/90.6 GiB, shm=88.0 GiB/367.1 GiB, cpus=64/72, running=5
Run selected ci-tagged tests	Run tests	2026-09-14T11:29:02.0379102Z [2026-09-14 13:29:02 +0200] [22/118] Running test 'network/network-interface-shaper-and-rename' (#default)
Run selected ci-tagged tests	Run tests	2026-09-14T11:29:02.0436978Z [2026-09-14 13:29:02 +0200] Waiting for resources: pool: memory=88.0 GiB/90.6 GiB, shm=88.0 GiB/367.1 GiB, cpus=64/72, running=5; pending: vps/migrate-no-start (machines=3, memory=24.0 GiB, shm=24.0 GiB, cpus=16), storage/restore-remote-interrupted-recv (machines=3, memory=24.0 GiB, shm=24.0 GiB, cpus=16), storage/rollback-dependent-branch-rotation (machines=3, memory=24.0 GiB, shm=24.0 GiB, cpus=16)
Run selected ci-tagged tests	Run tests	2026-09-14T11:29:17.6341927Z [2026-09-14 13:29:17 +0200] [6/118] Test 'storage/complex-destroy-order' successful in 706.57 seconds
Run selected ci-tagged tests	Run tests	2026-09-14T11:29:17.6352495Z [2026-09-14 13:29:17 +0200] Reserved resources for 'vps/migrate-no-start': machines=3, memory=24.0 GiB, shm=24.0 GiB, cpus=16; pool: memory=88.0 GiB/90.6 GiB, shm=88.0 GiB/367.1 GiB, cpus=64/72, running=5
Run selected ci-tagged tests	Run tests	2026-09-14T11:29:17.6371922Z [2026-09-14 13:29:17 +0200] [13/118] Running test 'vps/migrate-no-start' (#default)
Run selected ci-tagged tests	Run tests	2026-09-14T11:30:41.8284811Z [2026-09-14 13:30:41 +0200] [17/118] Example [1/1] 'oom report task notifies users and prunes old reports' succeeded in 48.12 seconds
Run selected ci-tagged tests	Run tests	2026-09-14T11:30:52.2567007Z [2026-09-14 13:30:52 +0200] [14/118] Example [1/1] 'lifecycle actions runs start, stop, restart, and rescue boot end to end' succeeded in 377.78 seconds
Run selected ci-tagged tests	Run tests	2026-09-14T11:31:00.2356213Z [2026-09-14 13:31:00 +0200] [17/118] Test 'alerts/oom-report-notify-and-prune' successful in 285.09 seconds
Run selected ci-tagged tests	Run tests	2026-09-14T11:31:00.2361387Z [2026-09-14 13:31:00 +0200] Reserved resources for 'admin/remote-mount-state': machines=2, memory=16.0 GiB, shm=16.0 GiB, cpus=12; pool: memory=88.0 GiB/90.6 GiB, shm=88.0 GiB/367.1 GiB, cpus=64/72, running=5
Run selected ci-tagged tests	Run tests	2026-09-14T11:31:00.2382615Z [2026-09-14 13:31:00 +0200] [23/118] Running test 'admin/remote-mount-state' (#default)
Run selected ci-tagged tests	Run tests	2026-09-14T11:31:00.2444491Z [2026-09-14 13:31:00 +0200] Waiting for resources: pool: memory=88.0 GiB/90.6 GiB, shm=88.0 GiB/367.1 GiB, cpus=64/72, running=5; pending: storage/restore-remote-interrupted-recv (machines=3, memory=24.0 GiB, shm=24.0 GiB, cpus=16), storage/rollback-dependent-branch-rotation (machines=3, memory=24.0 GiB, shm=24.0 GiB, cpus=16), vps/swap-across-locations (machines=3, memory=24.0 GiB, shm=24.0 GiB, cpus=16)
Run selected ci-tagged tests	Run tests	2026-09-14T11:31:11.1122340Z [2026-09-14 13:31:11 +0200] [14/118] Test 'vps/start-stop-restart-boot' successful in 540.16 seconds
Run selected ci-tagged tests	Run tests	2026-09-14T11:31:11.1127030Z [2026-09-14 13:31:11 +0200] Reserved resources for 'vps/autostart-monitoring': machines=2, memory=16.0 GiB, shm=16.0 GiB, cpus=12; pool: memory=88.0 GiB/90.6 GiB, shm=88.0 GiB/367.1 GiB, cpus=64/72, running=5
Run selected ci-tagged tests	Run tests	2026-09-14T11:31:11.1149851Z [2026-09-14 13:31:11 +0200] [25/118] Running test 'vps/autostart-monitoring' (#default)
Run selected ci-tagged tests	Run tests	2026-09-14T11:32:56.6168699Z [2026-09-14 13:32:56 +0200] Status: passing; 18 succeeded as expected, 0 failed as expected, 0 unexpectedly failed, 0 unexpectedly succeeded; 5 running, 95 remaining
Run selected ci-tagged tests	Run tests	2026-09-14T11:33:37.2546230Z [2026-09-14 13:33:37 +0200] [16/118] Test 'download-mounter' successful in 623.78 seconds
Run selected ci-tagged tests	Run tests	2026-09-14T11:33:37.2548922Z [2026-09-14 13:33:37 +0200] Reserved resources for 'vps/clone-different-owner': machines=2, memory=16.0 GiB, shm=16.0 GiB, cpus=12; pool: memory=88.0 GiB/90.6 GiB, shm=88.0 GiB/367.1 GiB, cpus=64/72, running=5
Run selected ci-tagged tests	Run tests	2026-09-14T11:33:37.2578072Z [2026-09-14 13:33:37 +0200] [26/118] Running test 'vps/clone-different-owner' (#default)
Run selected ci-tagged tests	Run tests	2026-09-14T11:33:37.2638166Z [2026-09-14 13:33:37 +0200] Waiting for resources: pool: memory=88.0 GiB/90.6 GiB, shm=88.0 GiB/367.1 GiB, cpus=64/72, running=5; pending: storage/restore-remote-interrupted-recv (machines=3, memory=24.0 GiB, shm=24.0 GiB, cpus=16), storage/rollback-dependent-branch-rotation (machines=3, memory=24.0 GiB, shm=24.0 GiB, cpus=16), vps/swap-across-locations (machines=3, memory=24.0 GiB, shm=24.0 GiB, cpus=16)
Run selected ci-tagged tests	Run tests	2026-09-14T11:33:39.0371541Z [2026-09-14 13:33:39 +0200] [22/118] Example [1/1] 'network interface shaper and rename updates the shaper and renames the routed interface' succeeded in 129.57 seconds
Run selected ci-tagged tests	Run tests	2026-09-14T11:33:58.5540603Z [2026-09-14 13:33:58 +0200] [22/118] Test 'network/network-interface-shaper-and-rename' successful in 296.52 seconds
Run selected ci-tagged tests	Run tests	2026-09-14T11:33:58.5543981Z [2026-09-14 13:33:58 +0200] Reserved resources for 'tx/release-retry-resolve': machines=2, memory=16.0 GiB, shm=16.0 GiB, cpus=12; pool: memory=88.0 GiB/90.6 GiB, shm=88.0 GiB/367.1 GiB, cpus=64/72, running=5
Run selected ci-tagged tests	Run tests	2026-09-14T11:33:58.5571615Z [2026-09-14 13:33:58 +0200] [27/118] Running test 'tx/release-retry-resolve' (#default)
Run selected ci-tagged tests	Run tests	2026-09-14T11:35:36.8433348Z [2026-09-14 13:35:36 +0200] [23/118] Example [1/1] 'remote mount_state RPC updates mount state through supervisor ingestion' succeeded in 131.73 seconds
Run selected ci-tagged tests	Run tests	2026-09-14T11:35:46.6879734Z [2026-09-14 13:35:46 +0200] [13/118] Example [1/1] 'VPS migration with no_start moves the VPS to node2 without starting it on the destination' succeeded in 223.43 seconds
Run selected ci-tagged tests	Run tests	2026-09-14T11:35:56.7232597Z [2026-09-14 13:35:56 +0200] [23/118] Test 'admin/remote-mount-state' successful in 296.48 seconds
Run selected ci-tagged tests	Run tests	2026-09-14T11:35:56.7237361Z [2026-09-14 13:35:56 +0200] Reserved resources for 'admin/dataset-plan-lifecycle': machines=2, memory=16.0 GiB, shm=16.0 GiB, cpus=12; pool: memory=88.0 GiB/90.6 GiB, shm=88.0 GiB/367.1 GiB, cpus=64/72, running=5
Run selected ci-tagged tests	Run tests	2026-09-14T11:35:56.7257735Z [2026-09-14 13:35:56 +0200] [28/118] Running test 'admin/dataset-plan-lifecycle' (#default)
Run selected ci-tagged tests	Run tests	2026-09-14T11:35:56.7307344Z [2026-09-14 13:35:56 +0200] Waiting for resources: pool: memory=88.0 GiB/90.6 GiB, shm=88.0 GiB/367.1 GiB, cpus=64/72, running=5; pending: storage/restore-remote-interrupted-recv (machines=3, memory=24.0 GiB, shm=24.0 GiB, cpus=16), storage/rollback-dependent-branch-rotation (machines=3, memory=24.0 GiB, shm=24.0 GiB, cpus=16), vps/swap-across-locations (machines=3, memory=24.0 GiB, shm=24.0 GiB, cpus=16)
Run selected ci-tagged tests	Run tests	2026-09-14T11:36:11.2434776Z [2026-09-14 13:36:11 +0200] [13/118] Test 'vps/migrate-no-start' successful in 413.61 seconds
Run selected ci-tagged tests	Run tests	2026-09-14T11:36:11.2436854Z [2026-09-14 13:36:11 +0200] Reserved resources for 'storage/restore-remote-interrupted-recv': machines=3, memory=24.0 GiB, shm=24.0 GiB, cpus=16; pool: memory=88.0 GiB/90.6 GiB, shm=88.0 GiB/367.1 GiB, cpus=64/72, running=5
Run selected ci-tagged tests	Run tests	2026-09-14T11:36:11.2461122Z [2026-09-14 13:36:11 +0200] [15/118] Running test 'storage/restore-remote-interrupted-recv' (#default)
Run selected ci-tagged tests	Run tests	2026-09-14T11:36:12.0525186Z [2026-09-14 13:36:12 +0200] [27/118] Example [1/4] 'release, retry, and resolve releases chain locks and reserved ports' succeeded in 0.82 seconds
Run selected ci-tagged tests	Run tests	2026-09-14T11:36:12.7719599Z [2026-09-14 13:36:12 +0200] [27/118] Example [2/4] 'release, retry, and resolve marks failed chains as resolved' succeeded in 0.72 seconds
Run selected ci-tagged tests	Run tests	2026-09-14T11:36:13.5635473Z [2026-09-14 13:36:13 +0200] [27/118] Example [3/4] 'release, retry, and resolve retries a chain from a specific transaction' succeeded in 0.79 seconds
Run selected ci-tagged tests	Run tests	2026-09-14T11:36:14.2945928Z [2026-09-14 13:36:14 +0200] [27/118] Example [4/4] 'release, retry, and resolve retries the whole chain' succeeded in 0.73 seconds
Run selected ci-tagged tests	Run tests	2026-09-14T11:36:57.0215690Z [2026-09-14 13:36:57 +0200] [27/118] Test 'tx/release-retry-resolve' successful in 178.46 seconds
Run selected ci-tagged tests	Run tests	2026-09-14T11:36:57.0221005Z [2026-09-14 13:36:57 +0200] Reserved resources for 'vps/passwd': machines=2, memory=16.0 GiB, shm=16.0 GiB, cpus=12; pool: memory=88.0 GiB/90.6 GiB, shm=88.0 GiB/367.1 GiB, cpus=64/72, running=5
Run selected ci-tagged tests	Run tests	2026-09-14T11:36:57.0239934Z [2026-09-14 13:36:57 +0200] [29/118] Running test 'vps/passwd' (#default)
Run selected ci-tagged tests	Run tests	2026-09-14T11:36:57.0299675Z [2026-09-14 13:36:57 +0200] Waiting for resources: pool: memory=88.0 GiB/90.6 GiB, shm=88.0 GiB/367.1 GiB, cpus=64/72, running=5; pending: storage/rollback-dependent-branch-rotation (machines=3, memory=24.0 GiB, shm=24.0 GiB, cpus=16), vps/swap-across-locations (machines=3, memory=24.0 GiB, shm=24.0 GiB, cpus=16), cluster/node-evacuate-basic (machines=3, memory=24.0 GiB, shm=24.0 GiB, cpus=16)
Run selected ci-tagged tests	Run tests	2026-09-14T11:37:08.2054660Z [2026-09-14 13:37:08 +0200] [25/118] Example [1/1] 'VPS auto-start reconciliation reports the VPS that fails to start and clears it after recovery' succeeded in 199.25 seconds
Run selected ci-tagged tests	Run tests	2026-09-14T11:37:29.3248015Z [2026-09-14 13:37:29 +0200] [25/118] Test 'vps/autostart-monitoring' successful in 378.21 seconds
Run selected ci-tagged tests	Run tests	2026-09-14T11:37:29.3249832Z [2026-09-14 13:37:29 +0200] Reserved resources for 'vps/reinstall': machines=2, memory=16.0 GiB, shm=16.0 GiB, cpus=12; pool: memory=88.0 GiB/90.6 GiB, shm=88.0 GiB/367.1 GiB, cpus=64/72, running=5
Run selected ci-tagged tests	Run tests	2026-09-14T11:37:29.3271656Z [2026-09-14 13:37:29 +0200] [30/118] Running test 'vps/reinstall' (#default)
Run selected ci-tagged tests	Run tests	2026-09-14T11:37:56.6175022Z [2026-09-14 13:37:56 +0200] Status: passing; 24 succeeded as expected, 0 failed as expected, 0 unexpectedly failed, 0 unexpectedly succeeded; 5 running, 89 remaining
Run selected ci-tagged tests	Run tests	2026-09-14T11:39:31.1687308Z [2026-09-14 13:39:31 +0200] [28/118] Example [1/1] 'dataset plan lifecycle creates and removes group-snapshot plan side effects' succeeded in 71.02 seconds
Run selected ci-tagged tests	Run tests	2026-09-14T11:39:49.9228461Z [2026-09-14 13:39:49 +0200] [28/118] Test 'admin/dataset-plan-lifecycle' successful in 233.2 seconds
Run selected ci-tagged tests	Run tests	2026-09-14T11:39:49.9234859Z [2026-09-14 13:39:49 +0200] Reserved resources for 'admin/location-network-primary-switch': machines=2, memory=16.0 GiB, shm=16.0 GiB, cpus=12; pool: memory=88.0 GiB/90.6 GiB, shm=88.0 GiB/367.1 GiB, cpus=64/72, running=5
Run selected ci-tagged tests	Run tests	2026-09-14T11:39:49.9257004Z [2026-09-14 13:39:49 +0200] [35/118] Running test 'admin/location-network-primary-switch' (#default)
Run selected ci-tagged tests	Run tests	2026-09-14T11:39:49.9324984Z [2026-09-14 13:39:49 +0200] Waiting for resources: pool: memory=88.0 GiB/90.6 GiB, shm=88.0 GiB/367.1 GiB, cpus=64/72, running=5; pending: storage/rollback-dependent-branch-rotation (machines=3, memory=24.0 GiB, shm=24.0 GiB, cpus=16), vps/swap-across-locations (machines=3, memory=24.0 GiB, shm=24.0 GiB, cpus=16), cluster/node-evacuate-basic (machines=3, memory=24.0 GiB, shm=24.0 GiB, cpus=16)
Run selected ci-tagged tests	Run tests	2026-09-14T11:40:01.4936373Z [2026-09-14 13:40:01 +0200] [26/118] Example [1/1] 'same-node VPS clone to a different owner creates the clone under the destination user namespace map' succeeded in 237.74 seconds
Run selected ci-tagged tests	Run tests	2026-09-14T11:40:21.3268296Z [2026-09-14 13:40:21 +0200] [26/118] Test 'vps/clone-different-owner' successful in 404.07 seconds
Run selected ci-tagged tests	Run tests	2026-09-14T11:40:21.3273789Z [2026-09-14 13:40:21 +0200] Reserved resources for 'admin/scheduler-socket-control': machines=2, memory=16.0 GiB, shm=16.0 GiB, cpus=12; pool: memory=88.0 GiB/90.6 GiB, shm=88.0 GiB/367.1 GiB, cpus=64/72, running=5
Run selected ci-tagged tests	Run tests	2026-09-14T11:40:21.3298183Z [2026-09-14 13:40:21 +0200] [37/118] Running test 'admin/scheduler-socket-control' (#default)
Run selected ci-tagged tests	Run tests	2026-09-14T11:41:25.6288609Z [2026-09-14 13:41:25 +0200] [29/118] Example [1/1] 'standalone password reset changes the root password hash and clears the saved transaction input' succeeded in 123.6 seconds
Run selected ci-tagged tests	Run tests	2026-09-14T11:41:45.5846228Z [2026-09-14 13:41:45 +0200] [29/118] Test 'vps/passwd' successful in 288.56 seconds
Run selected ci-tagged tests	Run tests	2026-09-14T11:41:45.5852983Z [2026-09-14 13:41:45 +0200] Reserved resources for 'supervisor/runtime-ingestion': machines=2, memory=16.0 GiB, shm=16.0 GiB, cpus=12; pool: memory=88.0 GiB/90.6 GiB, shm=88.0 GiB/367.1 GiB, cpus=64/72, running=5
Run selected ci-tagged tests	Run tests	2026-09-14T11:41:45.5875094Z [2026-09-14 13:41:45 +0200] [39/118] Running test 'supervisor/runtime-ingestion' (#default)
Run selected ci-tagged tests	Run tests	2026-09-14T11:41:45.5936899Z [2026-09-14 13:41:45 +0200] Waiting for resources: pool: memory=88.0 GiB/90.6 GiB, shm=88.0 GiB/367.1 GiB, cpus=64/72, running=5; pending: storage/rollback-dependent-branch-rotation (machines=3, memory=24.0 GiB, shm=24.0 GiB, cpus=16), vps/swap-across-locations (machines=3, memory=24.0 GiB, shm=24.0 GiB, cpus=16), cluster/node-evacuate-basic (machines=3, memory=24.0 GiB, shm=24.0 GiB, cpus=16)
Run selected ci-tagged tests	Run tests	2026-09-14T11:42:26.4055216Z [2026-09-14 13:42:26 +0200] [35/118] Example [1/1] 'location-network primary switch promotes another location and clears primary on delete' succeeded in 9.98 seconds
Run selected ci-tagged tests	Run tests	2026-09-14T11:42:45.1608492Z [2026-09-14 13:42:45 +0200] [35/118] Test 'admin/location-network-primary-switch' successful in 175.23 seconds
Run selected ci-tagged tests	Run tests	2026-09-14T11:42:45.1614217Z [2026-09-14 13:42:45 +0200] Reserved resources for 'cluster/1-node': machines=2, memory=16.0 GiB, shm=16.0 GiB, cpus=12; pool: memory=88.0 GiB/90.6 GiB, shm=88.0 GiB/367.1 GiB, cpus=64/72, running=5
Run selected ci-tagged tests	Run tests	2026-09-14T11:42:45.1633453Z [2026-09-14 13:42:45 +0200] [43/118] Running test 'cluster/1-node' (#default)
Run selected ci-tagged tests	Run tests	2026-09-14T11:42:56.6177734Z [2026-09-14 13:42:56 +0200] Status: passing; 28 succeeded as expected, 0 failed as expected, 0 unexpectedly failed, 0 unexpectedly succeeded; 5 running, 85 remaining
Run selected ci-tagged tests	Run tests	2026-09-14T11:42:58.2214545Z [2026-09-14 13:42:58 +0200] [15/118] Example [1/1] 'remote restore interrupted on recv cleans up rollback state when primary receive is interrupted and retry succeeds' succeeded in 246.32 seconds
Run selected ci-tagged tests	Run tests	2026-09-14T11:43:03.5027329Z [2026-09-14 13:43:03 +0200] [30/118] Example [1/1] 'reinstall removes local snapshots, advances dataset history, and replaces the previous rootfs' succeeded in 188.83 seconds
Run selected ci-tagged tests	Run tests	2026-09-14T11:43:25.5324222Z [2026-09-14 13:43:25 +0200] [30/118] Test 'vps/reinstall' successful in 356.2 seconds
Run selected ci-tagged tests	Run tests	2026-09-14T11:43:25.5327341Z [2026-09-14 13:43:25 +0200] Reserved resources for 'storage/snapshot-download-full-archive': machines=2, memory=16.0 GiB, shm=16.0 GiB, cpus=12; pool: memory=88.0 GiB/90.6 GiB, shm=88.0 GiB/367.1 GiB, cpus=64/72, running=5
Run selected ci-tagged tests	Run tests	2026-09-14T11:43:25.5355615Z [2026-09-14 13:43:25 +0200] [44/118] Running test 'storage/snapshot-download-full-archive' (#default)
Run selected ci-tagged tests	Run tests	2026-09-14T11:43:25.5396486Z [2026-09-14 13:43:25 +0200] Waiting for resources: pool: memory=88.0 GiB/90.6 GiB, shm=88.0 GiB/367.1 GiB, cpus=64/72, running=5; pending: storage/rollback-dependent-branch-rotation (machines=3, memory=24.0 GiB, shm=24.0 GiB, cpus=16), vps/swap-across-locations (machines=3, memory=24.0 GiB, shm=24.0 GiB, cpus=16), cluster/node-evacuate-basic (machines=3, memory=24.0 GiB, shm=24.0 GiB, cpus=16)
Run selected ci-tagged tests	Run tests	2026-09-14T11:43:27.6297103Z [2026-09-14 13:43:27 +0200] [15/118] Test 'storage/restore-remote-interrupted-recv' successful in 436.38 seconds
Run selected ci-tagged tests	Run tests	2026-09-14T11:43:27.6299143Z [2026-09-14 13:43:27 +0200] Reserved resources for 'storage/rollback-dependent-branch-rotation': machines=3, memory=24.0 GiB, shm=24.0 GiB, cpus=16; pool: memory=88.0 GiB/90.6 GiB, shm=88.0 GiB/367.1 GiB, cpus=64/72, running=5
Run selected ci-tagged tests	Run tests	2026-09-14T11:43:27.6339161Z [2026-09-14 13:43:27 +0200] [18/118] Running test 'storage/rollback-dependent-branch-rotation' (#default)
Run selected ci-tagged tests	Run tests	2026-09-14T11:44:09.6504185Z [2026-09-14 13:44:09 +0200] [39/118] Example [1/11] 'supervisor status ingestion accepts a legacy node status without security evidence' succeeded in 4.36 seconds
Run selected ci-tagged tests	Run tests	2026-09-14T11:44:20.0151338Z [2026-09-14 13:44:20 +0200] [37/118] Example [1/1] 'scheduler socket control reloads and runs a registered group-snapshot task' succeeded in 89.14 seconds
Run selected ci-tagged tests	Run tests	2026-09-14T11:44:27.4705643Z [2026-09-14 13:44:27 +0200] [43/118] Example [1/2] 'cluster services API responds' succeeded in 60.49 seconds
Run selected ci-tagged tests	Run tests	2026-09-14T11:44:40.1781312Z [2026-09-14 13:44:40 +0200] [37/118] Test 'admin/scheduler-socket-control' successful in 258.85 seconds
Run selected ci-tagged tests	Run tests	2026-09-14T11:44:40.1797042Z [2026-09-14 13:44:40 +0200] Reserved resources for 'vps/replace-with-backups': machines=2, memory=16.0 GiB, shm=16.0 GiB, cpus=12; pool: memory=88.0 GiB/90.6 GiB, shm=88.0 GiB/367.1 GiB, cpus=64/72, running=5
Run selected ci-tagged tests	Run tests	2026-09-14T11:44:40.1820704Z [2026-09-14 13:44:40 +0200] [45/118] Running test 'vps/replace-with-backups' (#default)
Run selected ci-tagged tests	Run tests	2026-09-14T11:44:40.1930945Z [2026-09-14 13:44:40 +0200] Waiting for resources: pool: memory=88.0 GiB/90.6 GiB, shm=88.0 GiB/367.1 GiB, cpus=64/72, running=5; pending: vps/swap-across-locations (machines=3, memory=24.0 GiB, shm=24.0 GiB, cpus=16), cluster/node-evacuate-basic (machines=3, memory=24.0 GiB, shm=24.0 GiB, cpus=16), storage/branching-shared-snapshot-prune (machines=3, memory=24.0 GiB, shm=24.0 GiB, cpus=16)
Run selected ci-tagged tests	Run tests	2026-09-14T11:45:09.0186714Z [2026-09-14 13:45:09 +0200] [43/118] Example [2/2] 'cluster node nodectld is running' succeeded in 41.55 seconds
Run selected ci-tagged tests	Run tests	2026-09-14T11:45:18.9920710Z [2026-09-14 13:45:18 +0200] [39/118] Example [2/11] 'supervisor status ingestion retains stable kernel confirmations across restart and repairs disposable history' succeeded in 69.34 seconds
Run selected ci-tagged tests	Run tests	2026-09-14T11:45:22.0617099Z [2026-09-14 13:45:22 +0200] [39/118] Example [3/11] 'supervisor status ingestion ingests VPS status' succeeded in 3.07 seconds
Run selected ci-tagged tests	Run tests	2026-09-14T11:45:32.0404389Z [2026-09-14 13:45:32 +0200] [39/118] Example [4/11] 'supervisor storage ingestion ingests storage status batches and updates disk totals' succeeded in 9.98 seconds
Run selected ci-tagged tests	Run tests	2026-09-14T11:45:38.2766727Z [2026-09-14 13:45:38 +0200] [39/118] Example [5/11] 'supervisor storage ingestion ingests dataset expansion events' succeeded in 6.24 seconds
Run selected ci-tagged tests	Run tests	2026-09-14T11:45:41.4113048Z [2026-09-14 13:45:41 +0200] [39/118] Example [6/11] 'supervisor network ingestion ingests network monitor snapshots' succeeded in 3.13 seconds
Run selected ci-tagged tests	Run tests	2026-09-14T11:45:47.7231714Z [2026-09-14 13:45:47 +0200] [39/118] Example [7/11] 'supervisor network ingestion ingests accounting buckets additively' succeeded in 6.31 seconds
Run selected ci-tagged tests	Run tests	2026-09-14T11:45:49.9651191Z [2026-09-14 13:45:49 +0200] [43/118] Test 'cluster/1-node' successful in 184.8 seconds
Run selected ci-tagged tests	Run tests	2026-09-14T11:45:49.9655668Z [2026-09-14 13:45:49 +0200] Reserved resources for 'storage/snapshot-download-full-stream': machines=2, memory=16.0 GiB, shm=16.0 GiB, cpus=12; pool: memory=88.0 GiB/90.6 GiB, shm=88.0 GiB/367.1 GiB, cpus=64/72, running=5
Run selected ci-tagged tests	Run tests	2026-09-14T11:45:49.9674679Z [2026-09-14 13:45:49 +0200] [49/118] Running test 'storage/snapshot-download-full-stream' (#default)
Run selected ci-tagged tests	Run tests	2026-09-14T11:45:49.9722835Z [2026-09-14 13:45:49 +0200] Waiting for resources: pool: memory=88.0 GiB/90.6 GiB, shm=88.0 GiB/367.1 GiB, cpus=64/72, running=5; pending: vps/swap-across-locations (machines=3, memory=24.0 GiB, shm=24.0 GiB, cpus=16), cluster/node-evacuate-basic (machines=3, memory=24.0 GiB, shm=24.0 GiB, cpus=16), storage/branching-shared-snapshot-prune (machines=3, memory=24.0 GiB, shm=24.0 GiB, cpus=16)
Run selected ci-tagged tests	Run tests	2026-09-14T11:45:56.8979901Z [2026-09-14 13:45:56 +0200] [39/118] Example [8/11] 'supervisor mount ingestion creates, updates, and deletes export mounts to match the payload' succeeded in 9.17 seconds
Run selected ci-tagged tests	Run tests	2026-09-14T11:46:03.3098908Z [2026-09-14 13:46:03 +0200] [39/118] Example [9/11] 'supervisor mount ingestion updates VPS mount state from mount reports' succeeded in 6.41 seconds
Run selected ci-tagged tests	Run tests	2026-09-14T11:46:12.7685091Z [2026-09-14 13:46:12 +0200] [39/118] Example [10/11] 'supervisor VPS event ingestion marks halt events and logs reboot events' succeeded in 9.46 seconds
Run selected ci-tagged tests	Run tests	2026-09-14T11:46:15.8794879Z [2026-09-14 13:46:15 +0200] [39/118] Example [11/11] 'supervisor VPS event ingestion creates incident reports for oomd stop events' succeeded in 3.11 seconds
Run selected ci-tagged tests	Run tests	2026-09-14T11:46:59.1496889Z [2026-09-14 13:46:59 +0200] [39/118] Test 'supervisor/runtime-ingestion' successful in 313.56 seconds
Run selected ci-tagged tests	Run tests	2026-09-14T11:46:59.1509891Z [2026-09-14 13:46:59 +0200] Reserved resources for 'admin/nodectl-refresh-and-runtime-state': machines=2, memory=16.0 GiB, shm=16.0 GiB, cpus=12; pool: memory=88.0 GiB/90.6 GiB, shm=88.0 GiB/367.1 GiB, cpus=64/72, running=5
Run selected ci-tagged tests	Run tests	2026-09-14T11:46:59.1524296Z [2026-09-14 13:46:59 +0200] [53/118] Running test 'admin/nodectl-refresh-and-runtime-state' (#default)
Run selected ci-tagged tests	Run tests	2026-09-14T11:46:59.1587113Z [2026-09-14 13:46:59 +0200] Waiting for resources: pool: memory=88.0 GiB/90.6 GiB, shm=88.0 GiB/367.1 GiB, cpus=64/72, running=5; pending: vps/swap-across-locations (machines=3, memory=24.0 GiB, shm=24.0 GiB, cpus=16), cluster/node-evacuate-basic (machines=3, memory=24.0 GiB, shm=24.0 GiB, cpus=16), storage/branching-shared-snapshot-prune (machines=3, memory=24.0 GiB, shm=24.0 GiB, cpus=16)
Run selected ci-tagged tests	Run tests	2026-09-14T11:47:24.3130434Z [2026-09-14 13:47:24 +0200] [44/118] Example [1/1] 'archive snapshot download writes a ready tarball and exposes it through the download row' succeeded in 74.86 seconds
Run selected ci-tagged tests	Run tests	2026-09-14T11:47:42.8018025Z [2026-09-14 13:47:42 +0200] [44/118] Test 'storage/snapshot-download-full-archive' successful in 257.27 seconds
Run selected ci-tagged tests	Run tests	2026-09-14T11:47:42.8020179Z [2026-09-14 13:47:42 +0200] Reserved resources for 'storage/group-snapshot': machines=2, memory=16.0 GiB, shm=16.0 GiB, cpus=12; pool: memory=88.0 GiB/90.6 GiB, shm=88.0 GiB/367.1 GiB, cpus=64/72, running=5
Run selected ci-tagged tests	Run tests	2026-09-14T11:47:42.8041166Z [2026-09-14 13:47:42 +0200] [54/118] Running test 'storage/group-snapshot' (#default)
Run selected ci-tagged tests	Run tests	2026-09-14T11:47:56.6182591Z [2026-09-14 13:47:56 +0200] Status: passing; 34 succeeded as expected, 0 failed as expected, 0 unexpectedly failed, 0 unexpectedly succeeded; 5 running, 79 remaining
Run selected ci-tagged tests	Run tests	2026-09-14T11:47:57.2259868Z [2026-09-14 13:47:57 +0200] [18/118] Example [1/4] 'rotation after rollback back to a dependent backup branch creates a VPS with primary storage on node1 and backup storage on node2' succeeded in 92.12 seconds
Run selected ci-tagged tests	Run tests	2026-09-14T11:49:26.8951097Z [2026-09-14 13:49:26 +0200] [53/118] Example [1/1] 'nodectl refresh and runtime state refreshes node status and keeps read-only RPCs healthy' succeeded in 2.02 seconds
Run selected ci-tagged tests	Run tests	2026-09-14T11:49:35.5490434Z [2026-09-14 13:49:35 +0200] [49/118] Example [1/1] 'full stream snapshot download writes a gzip-compressed ZFS send stream' succeeded in 75.29 seconds
Run selected ci-tagged tests	Run tests	2026-09-14T11:49:44.5288317Z [2026-09-14 13:49:44 +0200] [53/118] Test 'admin/nodectl-refresh-and-runtime-state' successful in 165.38 seconds
Run selected ci-tagged tests	Run tests	2026-09-14T11:49:44.5294762Z [2026-09-14 13:49:44 +0200] Reserved resources for 'vps/deploy-public-key-and-user-data': machines=2, memory=16.0 GiB, shm=16.0 GiB, cpus=12; pool: memory=88.0 GiB/90.6 GiB, shm=88.0 GiB/367.1 GiB, cpus=64/72, running=5
Run selected ci-tagged tests	Run tests	2026-09-14T11:49:44.5313467Z [2026-09-14 13:49:44 +0200] [56/118] Running test 'vps/deploy-public-key-and-user-data' (#default)
Run selected ci-tagged tests	Run tests	2026-09-14T11:49:44.5370908Z [2026-09-14 13:49:44 +0200] Waiting for resources: pool: memory=88.0 GiB/90.6 GiB, shm=88.0 GiB/367.1 GiB, cpus=64/72, running=5; pending: vps/swap-across-locations (machines=3, memory=24.0 GiB, shm=24.0 GiB, cpus=16), cluster/node-evacuate-basic (machines=3, memory=24.0 GiB, shm=24.0 GiB, cpus=16), storage/branching-shared-snapshot-prune (machines=3, memory=24.0 GiB, shm=24.0 GiB, cpus=16)
Run selected ci-tagged tests	Run tests	2026-09-14T11:49:54.0219568Z [2026-09-14 13:49:54 +0200] [49/118] Test 'storage/snapshot-download-full-stream' successful in 244.05 seconds
Run selected ci-tagged tests	Run tests	2026-09-14T11:49:54.0224967Z [2026-09-14 13:49:54 +0200] Reserved resources for 'tasks/prometheus-export': machines=2, memory=16.0 GiB, shm=16.0 GiB, cpus=12; pool: memory=88.0 GiB/90.6 GiB, shm=88.0 GiB/367.1 GiB, cpus=64/72, running=5
Run selected ci-tagged tests	Run tests	2026-09-14T11:49:54.0245343Z [2026-09-14 13:49:54 +0200] [57/118] Running test 'tasks/prometheus-export' (#default)
Run selected ci-tagged tests	Run tests	2026-09-14T11:50:20.3950438Z [2026-09-14 13:50:20 +0200] [45/118] Example [1/1] 'same-node VPS replace with backups moves backup history and keeps future backups incremental' succeeded in 184.94 seconds
Run selected ci-tagged tests	Run tests	2026-09-14T11:50:38.7073810Z [2026-09-14 13:50:38 +0200] [45/118] Test 'vps/replace-with-backups' successful in 358.52 seconds
Run selected ci-tagged tests	Run tests	2026-09-14T11:50:38.7076301Z [2026-09-14 13:50:38 +0200] Reserved resources for 'user/user-namespace-lifecycle': machines=2, memory=16.0 GiB, shm=16.0 GiB, cpus=12; pool: memory=88.0 GiB/90.6 GiB, shm=88.0 GiB/367.1 GiB, cpus=64/72, running=5
Run selected ci-tagged tests	Run tests	2026-09-14T11:50:38.7102869Z [2026-09-14 13:50:38 +0200] [60/118] Running test 'user/user-namespace-lifecycle' (#default)
Run selected ci-tagged tests	Run tests	2026-09-14T11:51:21.0382634Z [2026-09-14 13:51:21 +0200] [54/118] Example [1/1] 'group snapshot creates one grouped snapshot transaction for multiple datasets' succeeded in 68.37 seconds
Run selected ci-tagged tests	Run tests	2026-09-14T11:51:39.2136452Z [2026-09-14 13:51:39 +0200] [54/118] Test 'storage/group-snapshot' successful in 236.41 seconds
Run selected ci-tagged tests	Run tests	2026-09-14T11:51:39.2141549Z [2026-09-14 13:51:39 +0200] Reserved resources for 'tx/manual-confirmations': machines=2, memory=16.0 GiB, shm=16.0 GiB, cpus=12; pool: memory=88.0 GiB/90.6 GiB, shm=88.0 GiB/367.1 GiB, cpus=64/72, running=5
Run selected ci-tagged tests	Run tests	2026-09-14T11:51:39.2161613Z [2026-09-14 13:51:39 +0200] [64/118] Running test 'tx/manual-confirmations' (#default)
Run selected ci-tagged tests	Run tests	2026-09-14T11:51:39.2201529Z [2026-09-14 13:51:39 +0200] Waiting for resources: pool: memory=88.0 GiB/90.6 GiB, shm=88.0 GiB/367.1 GiB, cpus=64/72, running=5; pending: vps/swap-across-locations (machines=3, memory=24.0 GiB, shm=24.0 GiB, cpus=16), cluster/node-evacuate-basic (machines=3, memory=24.0 GiB, shm=24.0 GiB, cpus=16), storage/branching-shared-snapshot-prune (machines=3, memory=24.0 GiB, shm=24.0 GiB, cpus=16)
Run selected ci-tagged tests	Run tests	2026-09-14T11:52:56.6189104Z [2026-09-14 13:52:56 +0200] Status: passing; 38 succeeded as expected, 0 failed as expected, 0 unexpectedly failed, 0 unexpectedly succeeded; 5 running, 75 remaining
Run selected ci-tagged tests	Run tests	2026-09-14T11:53:39.6838587Z [2026-09-14 13:53:39 +0200] [18/118] Example [2/4] 'rotation after rollback back to a dependent backup branch backs up snapshots on a branch that remains a ZFS clone after rollback' succeeded in 342.46 seconds
Run selected ci-tagged tests	Run tests	2026-09-14T11:53:39.7793047Z [2026-09-14 13:53:39 +0200] [18/118] Example [3/4] 'rotation after rollback back to a dependent backup branch records appended backup snapshots as dependents of the clone origin' succeeded in 0.1 seconds
Run selected ci-tagged tests	Run tests	2026-09-14T11:53:45.2932559Z [2026-09-14 13:53:45 +0200] [57/118] Example [1/1] 'Prometheus export task writes representative base metrics to EXPORT_FILE' succeeded in 34.01 seconds
Run selected ci-tagged tests	Run tests	2026-09-14T11:53:50.8902189Z [2026-09-14 13:53:50 +0200] [64/118] Example [1/11] 'manual confirmations lists pending confirmations through nodectl' succeeded in 0.6 seconds
Run selected ci-tagged tests	Run tests	2026-09-14T11:53:51.6156297Z [2026-09-14 13:53:51 +0200] [64/118] Example [2/11] 'manual confirmations confirms create_type on execute success' succeeded in 0.73 seconds
Run selected ci-tagged tests	Run tests	2026-09-14T11:53:52.2948540Z [2026-09-14 13:53:52 +0200] [64/118] Example [3/11] 'manual confirmations deletes create_type rows on rollback' succeeded in 0.68 seconds
Run selected ci-tagged tests	Run tests	2026-09-14T11:53:53.1057670Z [2026-09-14 13:53:53 +0200] [64/118] Example [4/11] 'manual confirmations deletes just_create_type rows on rollback' succeeded in 0.81 seconds
Run selected ci-tagged tests	Run tests	2026-09-14T11:53:53.8462362Z [2026-09-14 13:53:53 +0200] [64/118] Example [5/11] 'manual confirmations restores edit_before_type rows on rollback' succeeded in 0.74 seconds
Run selected ci-tagged tests	Run tests	2026-09-14T11:53:54.5086536Z [2026-09-14 13:53:54 +0200] [64/118] Example [6/11] 'manual confirmations applies edit_after_type rows on execute success' succeeded in 0.66 seconds
Run selected ci-tagged tests	Run tests	2026-09-14T11:53:55.1767175Z [2026-09-14 13:53:55 +0200] [64/118] Example [7/11] 'manual confirmations deletes destroy_type rows on execute success' succeeded in 0.67 seconds
Run selected ci-tagged tests	Run tests	2026-09-14T11:53:55.9258370Z [2026-09-14 13:53:55 +0200] [64/118] Example [8/11] 'manual confirmations keeps destroy_type rows and confirms them on rollback' succeeded in 0.75 seconds
Run selected ci-tagged tests	Run tests	2026-09-14T11:53:56.5972310Z [2026-09-14 13:53:56 +0200] [64/118] Example [9/11] 'manual confirmations deletes just_destroy_type rows on execute success' succeeded in 0.67 seconds
Run selected ci-tagged tests	Run tests	2026-09-14T11:53:57.2559752Z [2026-09-14 13:53:57 +0200] [64/118] Example [10/11] 'manual confirmations applies decrement_type rows on execute success' succeeded in 0.66 seconds
Run selected ci-tagged tests	Run tests	2026-09-14T11:53:57.8983756Z [2026-09-14 13:53:57 +0200] [64/118] Example [11/11] 'manual confirmations applies increment_type rows on execute success' succeeded in 0.64 seconds
Run selected ci-tagged tests	Run tests	2026-09-14T11:54:03.7361655Z [2026-09-14 13:54:03 +0200] [57/118] Test 'tasks/prometheus-export' successful in 249.71 seconds
Run selected ci-tagged tests	Run tests	2026-09-14T11:54:03.7367984Z [2026-09-14 13:54:03 +0200] Reserved resources for 'storage/snapshot-download-incremental-stream': machines=2, memory=16.0 GiB, shm=16.0 GiB, cpus=12; pool: memory=88.0 GiB/90.6 GiB, shm=88.0 GiB/367.1 GiB, cpus=64/72, running=5
Run selected ci-tagged tests	Run tests	2026-09-14T11:54:03.7389427Z [2026-09-14 13:54:03 +0200] [71/118] Running test 'storage/snapshot-download-incremental-stream' (#default)
Run selected ci-tagged tests	Run tests	2026-09-14T11:54:03.7454083Z [2026-09-14 13:54:03 +0200] Waiting for resources: pool: memory=88.0 GiB/90.6 GiB, shm=88.0 GiB/367.1 GiB, cpus=64/72, running=5; pending: vps/swap-across-locations (machines=3, memory=24.0 GiB, shm=24.0 GiB, cpus=16), cluster/node-evacuate-basic (machines=3, memory=24.0 GiB, shm=24.0 GiB, cpus=16), storage/branching-shared-snapshot-prune (machines=3, memory=24.0 GiB, shm=24.0 GiB, cpus=16)
Run selected ci-tagged tests	Run tests	2026-09-14T11:54:07.5465703Z [2026-09-14 13:54:07 +0200] [18/118] Example [4/4] 'rotation after rollback back to a dependent backup branch rotates the clone origin only after the dependent branch is gone' succeeded in 27.77 seconds
Run selected ci-tagged tests	Run tests	2026-09-14T11:54:29.6781178Z [2026-09-14 13:54:29 +0200] [64/118] Test 'tx/manual-confirmations' successful in 170.46 seconds
Run selected ci-tagged tests	Run tests	2026-09-14T11:54:29.6790183Z [2026-09-14 13:54:29 +0200] Reserved resources for 'node/register': machines=2, memory=16.0 GiB, shm=16.0 GiB, cpus=12; pool: memory=88.0 GiB/90.6 GiB, shm=88.0 GiB/367.1 GiB, cpus=64/72, running=5
Run selected ci-tagged tests	Run tests	2026-09-14T11:54:29.6811484Z [2026-09-14 13:54:29 +0200] [72/118] Running test 'node/register' (#default)
Run selected ci-tagged tests	Run tests	2026-09-14T11:54:34.4757662Z [2026-09-14 13:54:34 +0200] [18/118] Test 'storage/rollback-dependent-branch-rotation' successful in 666.84 seconds
Run selected ci-tagged tests	Run tests	2026-09-14T11:54:34.4760933Z [2026-09-14 13:54:34 +0200] Reserved resources for 'vps/swap-across-locations': machines=3, memory=24.0 GiB, shm=24.0 GiB, cpus=16; pool: memory=88.0 GiB/90.6 GiB, shm=88.0 GiB/367.1 GiB, cpus=64/72, running=5
Run selected ci-tagged tests	Run tests	2026-09-14T11:54:34.4794450Z [2026-09-14 13:54:34 +0200] [19/118] Running test 'vps/swap-across-locations' (#default)
Run selected ci-tagged tests	Run tests	2026-09-14T11:54:41.5638181Z [2026-09-14 13:54:41 +0200] [56/118] Example [1/1] 'standalone key and user-data deployment deploys the key once and writes the script payload into the guest rootfs' succeeded in 152.74 seconds
Run selected ci-tagged tests	Run tests	2026-09-14T11:55:01.9118290Z [2026-09-14 13:55:01 +0200] [56/118] Test 'vps/deploy-public-key-and-user-data' successful in 317.38 seconds
Run selected ci-tagged tests	Run tests	2026-09-14T11:55:01.9121499Z [2026-09-14 13:55:01 +0200] Reserved resources for 'vps/mount-lifecycle': machines=2, memory=16.0 GiB, shm=16.0 GiB, cpus=12; pool: memory=88.0 GiB/90.6 GiB, shm=88.0 GiB/367.1 GiB, cpus=64/72, running=5
Run selected ci-tagged tests	Run tests	2026-09-14T11:55:01.9146538Z [2026-09-14 13:55:01 +0200] [75/118] Running test 'vps/mount-lifecycle' (#default)
Run selected ci-tagged tests	Run tests	2026-09-14T11:56:55.3375714Z [2026-09-14 13:56:55 +0200] [72/118] Example [1/5] 'node boots and imports pool' succeeded in 32.36 seconds
Run selected ci-tagged tests	Run tests	2026-09-14T11:56:55.3972563Z [2026-09-14 13:56:55 +0200] [72/118] Example [2/5] 'node reaches services over socket network' succeeded in 0.06 seconds
Run selected ci-tagged tests	Run tests	2026-09-14T11:57:14.2666746Z [2026-09-14 13:57:14 +0200] [72/118] Example [3/5] 'registration waits for the api server' succeeded in 18.87 seconds
Run selected ci-tagged tests	Run tests	2026-09-14T11:57:16.0573585Z [2026-09-14 13:57:16 +0200] [72/118] Example [4/5] 'registration creates rabbitmq user' succeeded in 1.79 seconds
Run selected ci-tagged tests	Run tests	2026-09-14T11:57:27.0201448Z [2026-09-14 13:57:27 +0200] [60/118] Example [1/1] 'user namespace lifecycle uses the namespace map on the node and frees it after disuse' succeeded in 196.32 seconds
Run selected ci-tagged tests	Run tests	2026-09-14T11:57:46.2767500Z [2026-09-14 13:57:46 +0200] [60/118] Test 'user/user-namespace-lifecycle' successful in 427.57 seconds
Run selected ci-tagged tests	Run tests	2026-09-14T11:57:46.2774411Z [2026-09-14 13:57:46 +0200] Reserved resources for 'console-router': machines=2, memory=16.0 GiB, shm=16.0 GiB, cpus=12; pool: memory=88.0 GiB/90.6 GiB, shm=88.0 GiB/367.1 GiB, cpus=64/72, running=5
Run selected ci-tagged tests	Run tests	2026-09-14T11:57:46.2797247Z [2026-09-14 13:57:46 +0200] [78/118] Running test 'console-router' (#default)
Run selected ci-tagged tests	Run tests	2026-09-14T11:57:46.2846489Z [2026-09-14 13:57:46 +0200] Waiting for resources: pool: memory=88.0 GiB/90.6 GiB, shm=88.0 GiB/367.1 GiB, cpus=64/72, running=5; pending: cluster/node-evacuate-basic (machines=3, memory=24.0 GiB, shm=24.0 GiB, cpus=16), storage/branching-shared-snapshot-prune (machines=3, memory=24.0 GiB, shm=24.0 GiB, cpus=16), vps/replace-with-descendants-and-mounts (machines=3, memory=24.0 GiB, shm=24.0 GiB, cpus=16)
Run selected ci-tagged tests	Run tests	2026-09-14T11:57:55.8016278Z [2026-09-14 13:57:55 +0200] [71/118] Example [1/1] 'incremental stream snapshot download creates a stream from a local shared history' succeeded in 83.72 seconds
Run selected ci-tagged tests	Run tests	2026-09-14T11:57:56.6197091Z [2026-09-14 13:57:56 +0200] Status: passing; 43 succeeded as expected, 0 failed as expected, 0 unexpectedly failed, 0 unexpectedly succeeded; 5 running, 70 remaining
Run selected ci-tagged tests	Run tests	2026-09-14T11:58:15.6876996Z [2026-09-14 13:58:15 +0200] [71/118] Test 'storage/snapshot-download-incremental-stream' successful in 251.95 seconds
Run selected ci-tagged tests	Run tests	2026-09-14T11:58:15.6882348Z [2026-09-14 13:58:15 +0200] Reserved resources for 'network/export-enable-disable-hosts': machines=2, memory=16.0 GiB, shm=16.0 GiB, cpus=12; pool: memory=88.0 GiB/90.6 GiB, shm=88.0 GiB/367.1 GiB, cpus=64/72, running=5
Run selected ci-tagged tests	Run tests	2026-09-14T11:58:15.6905525Z [2026-09-14 13:58:15 +0200] [79/118] Running test 'network/export-enable-disable-hosts' (#default)
Run selected ci-tagged tests	Run tests	2026-09-14T12:00:28.7990622Z [2026-09-14 14:00:28 +0200] [75/118] Example [1/1] 'mount lifecycle creates, updates, and destroys a regular subdataset mount end to end' succeeded in 182.12 seconds
Run selected ci-tagged tests	Run tests	2026-09-14T12:00:49.0721678Z [2026-09-14 14:00:49 +0200] [75/118] Test 'vps/mount-lifecycle' successful in 347.16 seconds
Run selected ci-tagged tests	Run tests	2026-09-14T12:00:49.0726459Z [2026-09-14 14:00:49 +0200] Reserved resources for 'admin/nodectl-read-and-queue-control': machines=2, memory=16.0 GiB, shm=16.0 GiB, cpus=12; pool: memory=88.0 GiB/90.6 GiB, shm=88.0 GiB/367.1 GiB, cpus=64/72, running=5
Run selected ci-tagged tests	Run tests	2026-09-14T12:00:49.0748653Z [2026-09-14 14:00:49 +0200] [80/118] Running test 'admin/nodectl-read-and-queue-control' (#default)
Run selected ci-tagged tests	Run tests	2026-09-14T12:00:49.0811766Z [2026-09-14 14:00:49 +0200] Waiting for resources: pool: memory=88.0 GiB/90.6 GiB, shm=88.0 GiB/367.1 GiB, cpus=64/72, running=5; pending: cluster/node-evacuate-basic (machines=3, memory=24.0 GiB, shm=24.0 GiB, cpus=16), storage/branching-shared-snapshot-prune (machines=3, memory=24.0 GiB, shm=24.0 GiB, cpus=16), vps/replace-with-descendants-and-mounts (machines=3, memory=24.0 GiB, shm=24.0 GiB, cpus=16)
Run selected ci-tagged tests	Run tests	2026-09-14T12:01:28.4595286Z [2026-09-14 14:01:28 +0200] [72/118] Example [5/5] 'registration registers node and starts nodectld' succeeded in 252.4 seconds
Run selected ci-tagged tests	Run tests	2026-09-14T12:01:45.8687877Z [2026-09-14 14:01:45 +0200] [72/118] Test 'node/register' successful in 436.19 seconds
Run selected ci-tagged tests	Run tests	2026-09-14T12:01:45.8694283Z [2026-09-14 14:01:45 +0200] Reserved resources for 'storage/rollback-from-backup': machines=2, memory=16.0 GiB, shm=16.0 GiB, cpus=12; pool: memory=88.0 GiB/90.6 GiB, shm=88.0 GiB/367.1 GiB, cpus=64/72, running=5
Run selected ci-tagged tests	Run tests	2026-09-14T12:01:45.8712580Z [2026-09-14 14:01:45 +0200] [81/118] Running test 'storage/rollback-from-backup' (#default)
Run selected ci-tagged tests	Run tests	2026-09-14T12:02:23.3462915Z [2026-09-14 14:02:23 +0200] [78/118] Example [1/1] 'remote console router logs in through the console and runs a command' succeeded in 126.49 seconds
Run selected ci-tagged tests	Run tests	2026-09-14T12:02:43.5143812Z [2026-09-14 14:02:43 +0200] [78/118] Test 'console-router' successful in 297.23 seconds
Run selected ci-tagged tests	Run tests	2026-09-14T12:02:43.5154689Z [2026-09-14 14:02:43 +0200] Reserved resources for 'user/soft-delete-revive-auth': machines=2, memory=16.0 GiB, shm=16.0 GiB, cpus=12; pool: memory=88.0 GiB/90.6 GiB, shm=88.0 GiB/367.1 GiB, cpus=64/72, running=5
Run selected ci-tagged tests	Run tests	2026-09-14T12:02:43.5177789Z [2026-09-14 14:02:43 +0200] [82/118] Running test 'user/soft-delete-revive-auth' (#default)
Run selected ci-tagged tests	Run tests	2026-09-14T12:02:43.5238496Z [2026-09-14 14:02:43 +0200] Waiting for resources: pool: memory=88.0 GiB/90.6 GiB, shm=88.0 GiB/367.1 GiB, cpus=64/72, running=5; pending: cluster/node-evacuate-basic (machines=3, memory=24.0 GiB, shm=24.0 GiB, cpus=16), storage/branching-shared-snapshot-prune (machines=3, memory=24.0 GiB, shm=24.0 GiB, cpus=16), vps/replace-with-descendants-and-mounts (machines=3, memory=24.0 GiB, shm=24.0 GiB, cpus=16)
Run selected ci-tagged tests	Run tests	2026-09-14T12:02:46.7511073Z [2026-09-14 14:02:46 +0200] [79/118] Example [1/1] 'export runtime updates enables, disables, and edits export hosts without losing runtime state' succeeded in 115.6 seconds
Run selected ci-tagged tests	Run tests	2026-09-14T12:02:56.6202328Z [2026-09-14 14:02:56 +0200] Status: passing; 47 succeeded as expected, 0 failed as expected, 0 unexpectedly failed, 0 unexpectedly succeeded; 5 running, 66 remaining
Run selected ci-tagged tests	Run tests	2026-09-14T12:03:29.8212399Z [2026-09-14 14:03:29 +0200] [79/118] Test 'network/export-enable-disable-hosts' successful in 314.13 seconds
Run selected ci-tagged tests	Run tests	2026-09-14T12:03:29.8217481Z [2026-09-14 14:03:29 +0200] Reserved resources for 'vps/reinstall-with-user-data-and-keys': machines=2, memory=16.0 GiB, shm=16.0 GiB, cpus=12; pool: memory=88.0 GiB/90.6 GiB, shm=88.0 GiB/367.1 GiB, cpus=64/72, running=5
Run selected ci-tagged tests	Run tests	2026-09-14T12:03:29.8242485Z [2026-09-14 14:03:29 +0200] [83/118] Running test 'vps/reinstall-with-user-data-and-keys' (#default)
Run selected ci-tagged tests	Run tests	2026-09-14T12:05:08.4836126Z [2026-09-14 14:05:08 +0200] [19/118] Example [1/1] 'swap across locations moves both VPSes to the opposite nodes and swaps their IP assignments' succeeded in 472.08 seconds
Run selected ci-tagged tests	Run tests	2026-09-14T12:05:42.1747245Z [2026-09-14 14:05:42 +0200] [81/118] Example [1/4] 'rollback from backup creates primary and backup pools and a VPS with a backup DatasetInPool' succeeded in 98.04 seconds
Run selected ci-tagged tests	Run tests	2026-09-14T12:06:02.2706561Z [2026-09-14 14:06:02 +0200] [19/118] Test 'vps/swap-across-locations' successful in 687.79 seconds
Run selected ci-tagged tests	Run tests	2026-09-14T12:06:02.2712876Z [2026-09-14 14:06:02 +0200] Reserved resources for 'cluster/node-evacuate-basic': machines=3, memory=24.0 GiB, shm=24.0 GiB, cpus=16; pool: memory=88.0 GiB/90.6 GiB, shm=88.0 GiB/367.1 GiB, cpus=64/72, running=5
Run selected ci-tagged tests	Run tests	2026-09-14T12:06:02.2735496Z [2026-09-14 14:06:02 +0200] [20/118] Running test 'cluster/node-evacuate-basic' (#default)
Run selected ci-tagged tests	Run tests	2026-09-14T12:06:02.2798255Z [2026-09-14 14:06:02 +0200] Waiting for resources: pool: memory=88.0 GiB/90.6 GiB, shm=88.0 GiB/367.1 GiB, cpus=64/72, running=5; pending: storage/branching-shared-snapshot-prune (machines=3, memory=24.0 GiB, shm=24.0 GiB, cpus=16), vps/replace-with-descendants-and-mounts (machines=3, memory=24.0 GiB, shm=24.0 GiB, cpus=16), storage/backup-remote-interrupted-recv (machines=3, memory=24.0 GiB, shm=24.0 GiB, cpus=16)
Run selected ci-tagged tests	Run tests	2026-09-14T12:07:03.1870691Z [2026-09-14 14:07:03 +0200] [80/118] Example [1/1] 'nodectl read and queue control reads runtime state and controls the VPS queue' succeeded in 230.1 seconds
Run selected ci-tagged tests	Run tests	2026-09-14T12:07:08.6322390Z [2026-09-14 14:07:08 +0200] [81/118] Example [2/4] 'rollback from backup creates three backups and then rolls back to the middle snapshot' succeeded in 86.46 seconds
Run selected ci-tagged tests	Run tests	2026-09-14T12:07:09.0160757Z [2026-09-14 14:07:09 +0200] [81/118] Example [3/4] 'rollback from backup creates a new head branch and records restore metadata' succeeded in 0.38 seconds
Run selected ci-tagged tests	Run tests	2026-09-14T12:07:27.7285609Z [2026-09-14 14:07:27 +0200] [81/118] Example [4/4] 'rollback from backup continues future backups on the new head branch' succeeded in 18.71 seconds
Run selected ci-tagged tests	Run tests	2026-09-14T12:07:47.8959937Z [2026-09-14 14:07:47 +0200] [80/118] Test 'admin/nodectl-read-and-queue-control' successful in 418.82 seconds
Run selected ci-tagged tests	Run tests	2026-09-14T12:07:47.8965788Z [2026-09-14 14:07:47 +0200] Reserved resources for 'tasks/dataset-expansion-enforce-and-resolve': machines=2, memory=16.0 GiB, shm=16.0 GiB, cpus=12; pool: memory=88.0 GiB/90.6 GiB, shm=88.0 GiB/367.1 GiB, cpus=64/72, running=5
Run selected ci-tagged tests	Run tests	2026-09-14T12:07:47.8985504Z [2026-09-14 14:07:47 +0200] [84/118] Running test 'tasks/dataset-expansion-enforce-and-resolve' (#default)
Run selected ci-tagged tests	Run tests	2026-09-14T12:07:47.9044661Z [2026-09-14 14:07:47 +0200] Waiting for resources: pool: memory=88.0 GiB/90.6 GiB, shm=88.0 GiB/367.1 GiB, cpus=64/72, running=5; pending: storage/branching-shared-snapshot-prune (machines=3, memory=24.0 GiB, shm=24.0 GiB, cpus=16), vps/replace-with-descendants-and-mounts (machines=3, memory=24.0 GiB, shm=24.0 GiB, cpus=16), storage/backup-remote-interrupted-recv (machines=3, memory=24.0 GiB, shm=24.0 GiB, cpus=16)
Run selected ci-tagged tests	Run tests	2026-09-14T12:07:56.6210315Z [2026-09-14 14:07:56 +0200] Status: passing; 50 succeeded as expected, 0 failed as expected, 0 unexpectedly failed, 0 unexpectedly succeeded; 5 running, 63 remaining
Run selected ci-tagged tests	Run tests	2026-09-14T12:08:14.9242668Z [2026-09-14 14:08:14 +0200] [81/118] Test 'storage/rollback-from-backup' successful in 389.05 seconds
Run selected ci-tagged tests	Run tests	2026-09-14T12:08:14.9247541Z [2026-09-14 14:08:14 +0200] Reserved resources for 'storage/dataset-migrate-same-node': machines=2, memory=16.0 GiB, shm=16.0 GiB, cpus=12; pool: memory=88.0 GiB/90.6 GiB, shm=88.0 GiB/367.1 GiB, cpus=64/72, running=5
Run selected ci-tagged tests	Run tests	2026-09-14T12:08:14.9271316Z [2026-09-14 14:08:14 +0200] [86/118] Running test 'storage/dataset-migrate-same-node' (#default)
Run selected ci-tagged tests	Run tests	2026-09-14T12:09:32.4384442Z [2026-09-14 14:09:32 +0200] [83/118] Example [1/1] 'reinstall with user data and keys redeploys auto-add keys and executes script user data after reinstall' succeeded in 217.32 seconds
Run selected ci-tagged tests	Run tests	2026-09-14T12:09:52.1290461Z [2026-09-14 14:09:52 +0200] [83/118] Test 'vps/reinstall-with-user-data-and-keys' successful in 382.3 seconds
Run selected ci-tagged tests	Run tests	2026-09-14T12:09:52.1295454Z [2026-09-14 14:09:52 +0200] Reserved resources for 'tx/rollback-state-machine': machines=2, memory=16.0 GiB, shm=16.0 GiB, cpus=12; pool: memory=88.0 GiB/90.6 GiB, shm=88.0 GiB/367.1 GiB, cpus=64/72, running=5
Run selected ci-tagged tests	Run tests	2026-09-14T12:09:52.1320026Z [2026-09-14 14:09:52 +0200] [87/118] Running test 'tx/rollback-state-machine' (#default)
Run selected ci-tagged tests	Run tests	2026-09-14T12:09:52.1383186Z [2026-09-14 14:09:52 +0200] Waiting for resources: pool: memory=88.0 GiB/90.6 GiB, shm=88.0 GiB/367.1 GiB, cpus=64/72, running=5; pending: storage/branching-shared-snapshot-prune (machines=3, memory=24.0 GiB, shm=24.0 GiB, cpus=16), vps/replace-with-descendants-and-mounts (machines=3, memory=24.0 GiB, shm=24.0 GiB, cpus=16), storage/backup-remote-interrupted-recv (machines=3, memory=24.0 GiB, shm=24.0 GiB, cpus=16)
Run selected ci-tagged tests	Run tests	2026-09-14T12:10:35.0921987Z [2026-09-14 14:10:35 +0200] [82/118] Example [1/1] 'user soft-delete, auth closure, and revive rejects auth after soft-delete and revives VPS/export state' succeeded in 264.39 seconds
Run selected ci-tagged tests	Run tests	2026-09-14T12:10:54.7353029Z [2026-09-14 14:10:54 +0200] [82/118] Test 'user/soft-delete-revive-auth' successful in 491.22 seconds
Run selected ci-tagged tests	Run tests	2026-09-14T12:10:54.7358041Z [2026-09-14 14:10:54 +0200] Reserved resources for 'vps/hard-delete-basic': machines=2, memory=16.0 GiB, shm=16.0 GiB, cpus=12; pool: memory=88.0 GiB/90.6 GiB, shm=88.0 GiB/367.1 GiB, cpus=64/72, running=5
Run selected ci-tagged tests	Run tests	2026-09-14T12:10:54.7380679Z [2026-09-14 14:10:54 +0200] [88/118] Running test 'vps/hard-delete-basic' (#default)
Run selected ci-tagged tests	Run tests	2026-09-14T12:10:54.7418535Z [2026-09-14 14:10:54 +0200] Waiting for resources: pool: memory=88.0 GiB/90.6 GiB, shm=88.0 GiB/367.1 GiB, cpus=64/72, running=5; pending: storage/branching-shared-snapshot-prune (machines=3, memory=24.0 GiB, shm=24.0 GiB, cpus=16), vps/replace-with-descendants-and-mounts (machines=3, memory=24.0 GiB, shm=24.0 GiB, cpus=16), storage/backup-remote-interrupted-recv (machines=3, memory=24.0 GiB, shm=24.0 GiB, cpus=16)
Run selected ci-tagged tests	Run tests	2026-09-14T12:12:03.9663597Z [2026-09-14 14:12:03 +0200] [87/118] Example [1/2] 'rollback state machine keeps the synthetic chain queued while the queue is paused' succeeded in 0.16 seconds
Run selected ci-tagged tests	Run tests	2026-09-14T12:12:13.4474275Z [2026-09-14 14:12:13 +0200] [86/118] Example [1/1] 'same-node dataset migration moves the dataset between primary pools on one node' succeeded in 91.85 seconds
Run selected ci-tagged tests	Run tests	2026-09-14T12:12:55.4894535Z [2026-09-14 14:12:55 +0200] [86/118] Test 'storage/dataset-migrate-same-node' successful in 280.56 seconds
Run selected ci-tagged tests	Run tests	2026-09-14T12:12:55.4902515Z [2026-09-14 14:12:55 +0200] Reserved resources for 'storage/snapshot-download-remove': machines=2, memory=16.0 GiB, shm=16.0 GiB, cpus=12; pool: memory=88.0 GiB/90.6 GiB, shm=88.0 GiB/367.1 GiB, cpus=64/72, running=5
Run selected ci-tagged tests	Run tests	2026-09-14T12:12:55.4917919Z [2026-09-14 14:12:55 +0200] [92/118] Running test 'storage/snapshot-download-remove' (#default)
Run selected ci-tagged tests	Run tests	2026-09-14T12:12:55.4970570Z [2026-09-14 14:12:55 +0200] Waiting for resources: pool: memory=88.0 GiB/90.6 GiB, shm=88.0 GiB/367.1 GiB, cpus=64/72, running=5; pending: storage/branching-shared-snapshot-prune (machines=3, memory=24.0 GiB, shm=24.0 GiB, cpus=16), vps/replace-with-descendants-and-mounts (machines=3, memory=24.0 GiB, shm=24.0 GiB, cpus=16), storage/backup-remote-interrupted-recv (machines=3, memory=24.0 GiB, shm=24.0 GiB, cpus=16)
Run selected ci-tagged tests	Run tests	2026-09-14T12:12:56.6214059Z [2026-09-14 14:12:56 +0200] Status: passing; 54 succeeded as expected, 0 failed as expected, 0 unexpectedly failed, 0 unexpectedly succeeded; 5 running, 59 remaining
Run selected ci-tagged tests	Run tests	2026-09-14T12:13:16.6104500Z [2026-09-14 14:13:16 +0200] [87/118] Example [2/2] 'rollback state machine rolls the chain back and closes it as failed' succeeded in 72.64 seconds
Run selected ci-tagged tests	Run tests	2026-09-14T12:13:57.4047165Z [2026-09-14 14:13:57 +0200] [87/118] Test 'tx/rollback-state-machine' successful in 245.27 seconds
Run selected ci-tagged tests	Run tests	2026-09-14T12:13:57.4052730Z [2026-09-14 14:13:57 +0200] Reserved resources for 'alerts/lifetime-and-daily-report': machines=2, memory=16.0 GiB, shm=16.0 GiB, cpus=12; pool: memory=88.0 GiB/90.6 GiB, shm=88.0 GiB/367.1 GiB, cpus=64/72, running=5
Run selected ci-tagged tests	Run tests	2026-09-14T12:13:57.4080130Z [2026-09-14 14:13:57 +0200] [95/118] Running test 'alerts/lifetime-and-daily-report' (#default)
Run selected ci-tagged tests	Run tests	2026-09-14T12:13:57.4139448Z [2026-09-14 14:13:57 +0200] Waiting for resources: pool: memory=88.0 GiB/90.6 GiB, shm=88.0 GiB/367.1 GiB, cpus=64/72, running=5; pending: storage/branching-shared-snapshot-prune (machines=3, memory=24.0 GiB, shm=24.0 GiB, cpus=16), vps/replace-with-descendants-and-mounts (machines=3, memory=24.0 GiB, shm=24.0 GiB, cpus=16), storage/backup-remote-interrupted-recv (machines=3, memory=24.0 GiB, shm=24.0 GiB, cpus=16)
Run selected ci-tagged tests	Run tests	2026-09-14T12:14:13.9038745Z [2026-09-14 14:14:13 +0200] [84/118] Example [1/1] 'dataset expansion enforcement tasks stops an over-quota VPS and shrinks the dataset after usage drops' succeeded in 190.21 seconds
Run selected ci-tagged tests	Run tests	2026-09-14T12:14:33.5480413Z [2026-09-14 14:14:33 +0200] [84/118] Test 'tasks/dataset-expansion-enforce-and-resolve' successful in 405.65 seconds
Run selected ci-tagged tests	Run tests	2026-09-14T12:14:33.5483944Z [2026-09-14 14:14:33 +0200] Reserved resources for 'network/network-interface-lifecycle': machines=2, memory=16.0 GiB, shm=16.0 GiB, cpus=12; pool: memory=88.0 GiB/90.6 GiB, shm=88.0 GiB/367.1 GiB, cpus=64/72, running=5
Run selected ci-tagged tests	Run tests	2026-09-14T12:14:33.5502450Z [2026-09-14 14:14:33 +0200] [97/118] Running test 'network/network-interface-lifecycle' (#default)
Run selected ci-tagged tests	Run tests	2026-09-14T12:15:52.5467481Z [2026-09-14 14:15:52 +0200] [88/118] Example [1/1] 'basic hard delete removes the container, root dataset, descendant dataset, and DB references' succeeded in 152.21 seconds
Run selected ci-tagged tests	Run tests	2026-09-14T12:16:10.9988393Z [2026-09-14 14:16:10 +0200] [88/118] Test 'vps/hard-delete-basic' successful in 316.26 seconds
Run selected ci-tagged tests	Run tests	2026-09-14T12:16:10.9990291Z [2026-09-14 14:16:10 +0200] Reserved resources for 'tx/invalid-signature': machines=2, memory=16.0 GiB, shm=16.0 GiB, cpus=12; pool: memory=88.0 GiB/90.6 GiB, shm=88.0 GiB/367.1 GiB, cpus=64/72, running=5
Run selected ci-tagged tests	Run tests	2026-09-14T12:16:11.0012413Z [2026-09-14 14:16:11 +0200] [98/118] Running test 'tx/invalid-signature' (#default)
Run selected ci-tagged tests	Run tests	2026-09-14T12:16:11.0066501Z [2026-09-14 14:16:11 +0200] Waiting for resources: pool: memory=88.0 GiB/90.6 GiB, shm=88.0 GiB/367.1 GiB, cpus=64/72, running=5; pending: storage/branching-shared-snapshot-prune (machines=3, memory=24.0 GiB, shm=24.0 GiB, cpus=16), vps/replace-with-descendants-and-mounts (machines=3, memory=24.0 GiB, shm=24.0 GiB, cpus=16), storage/backup-remote-interrupted-recv (machines=3, memory=24.0 GiB, shm=24.0 GiB, cpus=16)
Run selected ci-tagged tests	Run tests	2026-09-14T12:17:11.9458860Z [2026-09-14 14:17:11 +0200] [92/118] Example [1/1] 'snapshot download deletion removes the database row, snapshot link, and download files' succeeded in 94.42 seconds
Run selected ci-tagged tests	Run tests	2026-09-14T12:17:56.1587942Z [2026-09-14 14:17:56 +0200] [92/118] Test 'storage/snapshot-download-remove' successful in 300.67 seconds
Run selected ci-tagged tests	Run tests	2026-09-14T12:17:56.1592146Z [2026-09-14 14:17:56 +0200] Reserved resources for 'admin/cluster-resource-package-assignment': machines=2, memory=16.0 GiB, shm=16.0 GiB, cpus=12; pool: memory=88.0 GiB/90.6 GiB, shm=88.0 GiB/367.1 GiB, cpus=64/72, running=5
Run selected ci-tagged tests	Run tests	2026-09-14T12:17:56.1618063Z [2026-09-14 14:17:56 +0200] [99/118] Running test 'admin/cluster-resource-package-assignment' (#default)
Run selected ci-tagged tests	Run tests	2026-09-14T12:17:56.1673423Z [2026-09-14 14:17:56 +0200] Waiting for resources: pool: memory=88.0 GiB/90.6 GiB, shm=88.0 GiB/367.1 GiB, cpus=64/72, running=5; pending: storage/branching-shared-snapshot-prune (machines=3, memory=24.0 GiB, shm=24.0 GiB, cpus=16), vps/replace-with-descendants-and-mounts (machines=3, memory=24.0 GiB, shm=24.0 GiB, cpus=16), storage/backup-remote-interrupted-recv (machines=3, memory=24.0 GiB, shm=24.0 GiB, cpus=16)
Run selected ci-tagged tests	Run tests	2026-09-14T12:17:56.6226160Z [2026-09-14 14:17:56 +0200] Status: passing; 58 succeeded as expected, 0 failed as expected, 0 unexpectedly failed, 0 unexpectedly succeeded; 5 running, 55 remaining
Run selected ci-tagged tests	Run tests	2026-09-14T12:18:32.4114687Z [2026-09-14 14:18:32 +0200] [20/118] Example [1/1] 'node evacuation migrates all VPSes off the source node' succeeded in 590.03 seconds
Run selected ci-tagged tests	Run tests	2026-09-14T12:18:39.5730722Z [2026-09-14 14:18:39 +0200] [95/118] Example [1/1] 'lifetime and daily report tasks sends expiration warning and daily report mail' succeeded in 48.15 seconds
Run selected ci-tagged tests	Run tests	2026-09-14T12:18:57.7902772Z [2026-09-14 14:18:57 +0200] [95/118] Test 'alerts/lifetime-and-daily-report' successful in 300.38 seconds
Run selected ci-tagged tests	Run tests	2026-09-14T12:18:57.7907917Z [2026-09-14 14:18:57 +0200] Reserved resources for 'vps/update-resources-and-features': machines=2, memory=16.0 GiB, shm=16.0 GiB, cpus=12; pool: memory=88.0 GiB/90.6 GiB, shm=88.0 GiB/367.1 GiB, cpus=64/72, running=5
Run selected ci-tagged tests	Run tests	2026-09-14T12:18:57.7937153Z [2026-09-14 14:18:57 +0200] [100/118] Running test 'vps/update-resources-and-features' (#default)
Run selected ci-tagged tests	Run tests	2026-09-14T12:18:57.8014352Z [2026-09-14 14:18:57 +0200] Waiting for resources: pool: memory=88.0 GiB/90.6 GiB, shm=88.0 GiB/367.1 GiB, cpus=64/72, running=5; pending: storage/branching-shared-snapshot-prune (machines=3, memory=24.0 GiB, shm=24.0 GiB, cpus=16), vps/replace-with-descendants-and-mounts (machines=3, memory=24.0 GiB, shm=24.0 GiB, cpus=16), storage/backup-remote-interrupted-recv (machines=3, memory=24.0 GiB, shm=24.0 GiB, cpus=16)
Run selected ci-tagged tests	Run tests	2026-09-14T12:19:23.3290787Z [2026-09-14 14:19:23 +0200] [20/118] Test 'cluster/node-evacuate-basic' successful in 801.05 seconds
Run selected ci-tagged tests	Run tests	2026-09-14T12:19:23.3302371Z [2026-09-14 14:19:23 +0200] Reserved resources for 'storage/branching-shared-snapshot-prune': machines=3, memory=24.0 GiB, shm=24.0 GiB, cpus=16; pool: memory=88.0 GiB/90.6 GiB, shm=88.0 GiB/367.1 GiB, cpus=64/72, running=5
Run selected ci-tagged tests	Run tests	2026-09-14T12:19:23.3318514Z [2026-09-14 14:19:23 +0200] [21/118] Running test 'storage/branching-shared-snapshot-prune' (#default)
Run selected ci-tagged tests	Run tests	2026-09-14T12:20:08.1385955Z [2026-09-14 14:20:08 +0200] [98/118] Example [1/5] 'invalid signature rejection creates a storage pool' succeeded in 12.17 seconds
Run selected ci-tagged tests	Run tests	2026-09-14T12:20:44.2916262Z [2026-09-14 14:20:44 +0200] [99/118] Example [1/1] 'cluster-resource package assignment updates totals and subtracts from personal packages' succeeded in 23.32 seconds
Run selected ci-tagged tests	Run tests	2026-09-14T12:20:57.0997181Z [2026-09-14 14:20:57 +0200] [98/118] Example [2/5] 'invalid signature rejection waits for the pool to become online' succeeded in 48.96 seconds
Run selected ci-tagged tests	Run tests	2026-09-14T12:21:25.8876464Z [2026-09-14 14:21:25 +0200] [99/118] Test 'admin/cluster-resource-package-assignment' successful in 209.72 seconds
Run selected ci-tagged tests	Run tests	2026-09-14T12:21:25.8883806Z [2026-09-14 14:21:25 +0200] Reserved resources for 'alerts/incident-report-process': machines=2, memory=16.0 GiB, shm=16.0 GiB, cpus=12; pool: memory=88.0 GiB/90.6 GiB, shm=88.0 GiB/367.1 GiB, cpus=64/72, running=5
Run selected ci-tagged tests	Run tests	2026-09-14T12:21:25.8906407Z [2026-09-14 14:21:25 +0200] [102/118] Running test 'alerts/incident-report-process' (#default)
Run selected ci-tagged tests	Run tests	2026-09-14T12:21:25.8971148Z [2026-09-14 14:21:25 +0200] Waiting for resources: pool: memory=88.0 GiB/90.6 GiB, shm=88.0 GiB/367.1 GiB, cpus=64/72, running=5; pending: vps/replace-with-descendants-and-mounts (machines=3, memory=24.0 GiB, shm=24.0 GiB, cpus=16), storage/backup-remote-interrupted-recv (machines=3, memory=24.0 GiB, shm=24.0 GiB, cpus=16), storage/branching-destroy (machines=3, memory=24.0 GiB, shm=24.0 GiB, cpus=16)
Run selected ci-tagged tests	Run tests	2026-09-14T12:21:27.8927985Z [2026-09-14 14:21:27 +0200] [98/118] Example [3/5] 'invalid signature rejection creates a stopped VPS' succeeded in 30.79 seconds
Run selected ci-tagged tests	Run tests	2026-09-14T12:21:40.6478696Z [2026-09-14 14:21:40 +0200] [98/118] Example [4/5] 'invalid signature rejection creates a signed chain and tampers with its payload while queued' succeeded in 12.76 seconds
Run selected ci-tagged tests	Run tests	2026-09-14T12:22:51.7372185Z [2026-09-14 14:22:51 +0200] [98/118] Example [5/5] 'invalid signature rejection fails the tampered chain and leaves the VPS stopped' succeeded in 71.09 seconds
Run selected ci-tagged tests	Run tests	2026-09-14T12:22:56.6233673Z [2026-09-14 14:22:56 +0200] Status: passing; 61 succeeded as expected, 0 failed as expected, 0 unexpectedly failed, 0 unexpectedly succeeded; 5 running, 52 remaining
Run selected ci-tagged tests	Run tests	2026-09-14T12:23:05.6031841Z [2026-09-14 14:23:05 +0200] [97/118] Example [1/1] 'network interface lifecycle creates, disables, re-enables, and destroys a routed interface' succeeded in 351.34 seconds
Run selected ci-tagged tests	Run tests	2026-09-14T12:23:48.8189535Z [2026-09-14 14:23:48 +0200] [100/118] Example [1/1] 'resource and feature updates updates resources, toggles features, and keeps the VPS running' succeeded in 146.24 seconds
Run selected ci-tagged tests	Run tests	2026-09-14T12:23:49.7781303Z [2026-09-14 14:23:49 +0200] [97/118] Test 'network/network-interface-lifecycle' successful in 556.23 seconds
Run selected ci-tagged tests	Run tests	2026-09-14T12:23:49.7787896Z [2026-09-14 14:23:49 +0200] Reserved resources for 'user/hard-delete-cascade': machines=2, memory=16.0 GiB, shm=16.0 GiB, cpus=12; pool: memory=88.0 GiB/90.6 GiB, shm=88.0 GiB/367.1 GiB, cpus=64/72, running=5
Run selected ci-tagged tests	Run tests	2026-09-14T12:23:49.7811417Z [2026-09-14 14:23:49 +0200] [104/118] Running test 'user/hard-delete-cascade' (#default)
Run selected ci-tagged tests	Run tests	2026-09-14T12:23:49.7881598Z [2026-09-14 14:23:49 +0200] Waiting for resources: pool: memory=88.0 GiB/90.6 GiB, shm=88.0 GiB/367.1 GiB, cpus=64/72, running=5; pending: vps/replace-with-descendants-and-mounts (machines=3, memory=24.0 GiB, shm=24.0 GiB, cpus=16), storage/backup-remote-interrupted-recv (machines=3, memory=24.0 GiB, shm=24.0 GiB, cpus=16), storage/branching-destroy (machines=3, memory=24.0 GiB, shm=24.0 GiB, cpus=16)
Run selected ci-tagged tests	Run tests	2026-09-14T12:24:08.4107913Z [2026-09-14 14:24:08 +0200] [100/118] Test 'vps/update-resources-and-features' successful in 310.62 seconds
Run selected ci-tagged tests	Run tests	2026-09-14T12:24:08.4127967Z [2026-09-14 14:24:08 +0200] Reserved resources for 'pool/create': machines=2, memory=16.0 GiB, shm=16.0 GiB, cpus=12; pool: memory=88.0 GiB/90.6 GiB, shm=88.0 GiB/367.1 GiB, cpus=64/72, running=5
Run selected ci-tagged tests	Run tests	2026-09-14T12:24:08.4135662Z [2026-09-14 14:24:08 +0200] [105/118] Running test 'pool/create' (#default)
Run selected ci-tagged tests	Run tests	2026-09-14T12:24:20.2864791Z [2026-09-14 14:24:20 +0200] [21/118] Example [1/1] 'pruning a shared backup branch snapshot keeps shared SnapshotInPool metadata and continues incrementally' succeeded in 135.14 seconds
Run selected ci-tagged tests	Run tests	2026-09-14T12:24:45.1423948Z [2026-09-14 14:24:45 +0200] [21/118] Test 'storage/branching-shared-snapshot-prune' successful in 321.81 seconds
Run selected ci-tagged tests	Run tests	2026-09-14T12:24:45.1426750Z [2026-09-14 14:24:45 +0200] Reserved resources for 'vps/replace-with-descendants-and-mounts': machines=3, memory=24.0 GiB, shm=24.0 GiB, cpus=16; pool: memory=88.0 GiB/90.6 GiB, shm=88.0 GiB/367.1 GiB, cpus=64/72, running=5
Run selected ci-tagged tests	Run tests	2026-09-14T12:24:45.1451833Z [2026-09-14 14:24:45 +0200] [24/118] Running test 'vps/replace-with-descendants-and-mounts' (#default)
Run selected ci-tagged tests	Run tests	2026-09-14T12:27:28.6518590Z [2026-09-14 14:27:28 +0200] [105/118] Example [1/1] 'pool create creates runtime datasets and pool metadata on the node' succeeded in 62.44 seconds
Run selected ci-tagged tests	Run tests	2026-09-14T12:27:39.2219798Z [2026-09-14 14:27:39 +0200] [102/118] Example [1/1] 'incident report task processes an unreported incident and stops the VPS' succeeded in 159.24 seconds
Run selected ci-tagged tests	Run tests	2026-09-14T12:27:46.5719116Z [2026-09-14 14:27:46 +0200] [105/118] Test 'pool/create' successful in 218.16 seconds
Run selected ci-tagged tests	Run tests	2026-09-14T12:27:46.5724954Z [2026-09-14 14:27:46 +0200] Reserved resources for 'storage/backup-full-incremental': machines=2, memory=16.0 GiB, shm=16.0 GiB, cpus=12; pool: memory=88.0 GiB/90.6 GiB, shm=88.0 GiB/367.1 GiB, cpus=64/72, running=5
Run selected ci-tagged tests	Run tests	2026-09-14T12:27:46.5748743Z [2026-09-14 14:27:46 +0200] [107/118] Running test 'storage/backup-full-incremental' (#default)
Run selected ci-tagged tests	Run tests	2026-09-14T12:27:46.5809483Z [2026-09-14 14:27:46 +0200] Waiting for resources: pool: memory=88.0 GiB/90.6 GiB, shm=88.0 GiB/367.1 GiB, cpus=64/72, running=5; pending: storage/backup-remote-interrupted-recv (machines=3, memory=24.0 GiB, shm=24.0 GiB, cpus=16), storage/branching-destroy (machines=3, memory=24.0 GiB, shm=24.0 GiB, cpus=16), storage/dataset-migrate-retain-source (machines=3, memory=24.0 GiB, shm=24.0 GiB, cpus=16)
Run selected ci-tagged tests	Run tests	2026-09-14T12:27:56.6241150Z [2026-09-14 14:27:56 +0200] Status: passing; 65 succeeded as expected, 0 failed as expected, 0 unexpectedly failed, 0 unexpectedly succeeded; 5 running, 48 remaining
Run selected ci-tagged tests	Run tests	2026-09-14T12:27:57.8641113Z [2026-09-14 14:27:57 +0200] [102/118] Test 'alerts/incident-report-process' successful in 391.97 seconds
Run selected ci-tagged tests	Run tests	2026-09-14T12:27:57.8645836Z [2026-09-14 14:27:57 +0200] Reserved resources for 'user/suspend-resume-cascade': machines=2, memory=16.0 GiB, shm=16.0 GiB, cpus=12; pool: memory=88.0 GiB/90.6 GiB, shm=88.0 GiB/367.1 GiB, cpus=64/72, running=5
Run selected ci-tagged tests	Run tests	2026-09-14T12:27:57.8671906Z [2026-09-14 14:27:57 +0200] [109/118] Running test 'user/suspend-resume-cascade' (#default)
Run selected ci-tagged tests	Run tests	2026-09-14T12:28:01.2375778Z [2026-09-14 14:28:01 +0200] [98/118] Test 'tx/invalid-signature' successful in 710.24 seconds
Run selected ci-tagged tests	Run tests	2026-09-14T12:28:01.2382581Z [2026-09-14 14:28:01 +0200] Reserved resources for 'user/create-with-initial-vps': machines=2, memory=16.0 GiB, shm=16.0 GiB, cpus=12; pool: memory=88.0 GiB/90.6 GiB, shm=88.0 GiB/367.1 GiB, cpus=64/72, running=5
Run selected ci-tagged tests	Run tests	2026-09-14T12:28:01.2408043Z [2026-09-14 14:28:01 +0200] [110/118] Running test 'user/create-with-initial-vps' (#default)
Run selected ci-tagged tests	Run tests	2026-09-14T12:31:14.2051191Z [2026-09-14 14:31:14 +0200] [107/118] Example [1/6] 'full and incremental backup creates primary and backup pools' succeeded in 59.39 seconds
Run selected ci-tagged tests	Run tests	2026-09-14T12:31:38.6986402Z [2026-09-14 14:31:38 +0200] [104/118] Example [1/1] 'user hard-delete cascade removes credentials, namespaces, DNS, sessions, and user identity' succeeded in 260.27 seconds
Run selected ci-tagged tests	Run tests	2026-09-14T12:31:50.3551261Z [2026-09-14 14:31:50 +0200] [107/118] Example [2/6] 'full and incremental backup creates a VPS and the matching backup DatasetInPool' succeeded in 36.15 seconds
Run selected ci-tagged tests	Run tests	2026-09-14T12:31:56.5189052Z [2026-09-14 14:31:56 +0200] [104/118] Test 'user/hard-delete-cascade' successful in 486.74 seconds
Run selected ci-tagged tests	Run tests	2026-09-14T12:31:56.5193222Z [2026-09-14 14:31:56 +0200] Reserved resources for 'vps/expand-and-shrink-dataset': machines=2, memory=16.0 GiB, shm=16.0 GiB, cpus=12; pool: memory=88.0 GiB/90.6 GiB, shm=88.0 GiB/367.1 GiB, cpus=64/72, running=5
Run selected ci-tagged tests	Run tests	2026-09-14T12:31:56.5218338Z [2026-09-14 14:31:56 +0200] [111/118] Running test 'vps/expand-and-shrink-dataset' (#default)
Run selected ci-tagged tests	Run tests	2026-09-14T12:31:56.5281140Z [2026-09-14 14:31:56 +0200] Waiting for resources: pool: memory=88.0 GiB/90.6 GiB, shm=88.0 GiB/367.1 GiB, cpus=64/72, running=5; pending: storage/backup-remote-interrupted-recv (machines=3, memory=24.0 GiB, shm=24.0 GiB, cpus=16), storage/branching-destroy (machines=3, memory=24.0 GiB, shm=24.0 GiB, cpus=16), storage/dataset-migrate-retain-source (machines=3, memory=24.0 GiB, shm=24.0 GiB, cpus=16)
Run selected ci-tagged tests	Run tests	2026-09-14T12:32:12.0993807Z [2026-09-14 14:32:12 +0200] [107/118] Example [3/6] 'full and incremental backup backs up the first snapshot into the first tree and head branch' succeeded in 21.74 seconds
Run selected ci-tagged tests	Run tests	2026-09-14T12:32:32.5871347Z [2026-09-14 14:32:32 +0200] [107/118] Example [4/6] 'full and incremental backup reuses the same tree and branch for the next incremental backup' succeeded in 20.49 seconds
Run selected ci-tagged tests	Run tests	2026-09-14T12:32:32.6672623Z [2026-09-14 14:32:32 +0200] [107/118] Example [5/6] 'full and incremental backup keeps only the latest shared source snapshot after the previous backup rotation' succeeded in 0.08 seconds
Run selected ci-tagged tests	Run tests	2026-09-14T12:32:36.9250791Z [2026-09-14 14:32:36 +0200] [110/118] Example [1/2] 'user create with initial VPS creates an active user with a running initial VPS' succeeded in 54.62 seconds
Run selected ci-tagged tests	Run tests	2026-09-14T12:32:52.3306410Z [2026-09-14 14:32:52 +0200] [107/118] Example [6/6] 'full and incremental backup keeps using the same backup tree and branch after rotation for the third backup' succeeded in 19.66 seconds
Run selected ci-tagged tests	Run tests	2026-09-14T12:32:56.6249149Z [2026-09-14 14:32:56 +0200] Status: passing; 68 succeeded as expected, 0 failed as expected, 0 unexpectedly failed, 0 unexpectedly succeeded; 5 running, 45 remaining
Run selected ci-tagged tests	Run tests	2026-09-14T12:33:12.3377459Z [2026-09-14 14:33:12 +0200] [107/118] Test 'storage/backup-full-incremental' successful in 325.76 seconds
Run selected ci-tagged tests	Run tests	2026-09-14T12:33:12.3382279Z [2026-09-14 14:33:12 +0200] Reserved resources for 'tasks/auth-session-housekeeping': machines=2, memory=16.0 GiB, shm=16.0 GiB, cpus=12; pool: memory=88.0 GiB/90.6 GiB, shm=88.0 GiB/367.1 GiB, cpus=64/72, running=5
Run selected ci-tagged tests	Run tests	2026-09-14T12:33:12.3410310Z [2026-09-14 14:33:12 +0200] [112/118] Running test 'tasks/auth-session-housekeeping' (#default)
Run selected ci-tagged tests	Run tests	2026-09-14T12:33:12.3471453Z [2026-09-14 14:33:12 +0200] Waiting for resources: pool: memory=88.0 GiB/90.6 GiB, shm=88.0 GiB/367.1 GiB, cpus=64/72, running=5; pending: storage/backup-remote-interrupted-recv (machines=3, memory=24.0 GiB, shm=24.0 GiB, cpus=16), storage/branching-destroy (machines=3, memory=24.0 GiB, shm=24.0 GiB, cpus=16), storage/dataset-migrate-retain-source (machines=3, memory=24.0 GiB, shm=24.0 GiB, cpus=16)
Run selected ci-tagged tests	Run tests	2026-09-14T12:33:16.0293841Z [2026-09-14 14:33:16 +0200] [110/118] Example [2/2] 'user create with initial VPS creates a suspended user with a stopped initial VPS' succeeded in 39.1 seconds
Run selected ci-tagged tests	Run tests	2026-09-14T12:33:35.0421477Z [2026-09-14 14:33:35 +0200] [110/118] Test 'user/create-with-initial-vps' successful in 333.8 seconds
Run selected ci-tagged tests	Run tests	2026-09-14T12:33:35.0426294Z [2026-09-14 14:33:35 +0200] Reserved resources for 'network/export-lifecycle': machines=2, memory=16.0 GiB, shm=16.0 GiB, cpus=12; pool: memory=88.0 GiB/90.6 GiB, shm=88.0 GiB/367.1 GiB, cpus=64/72, running=5
Run selected ci-tagged tests	Run tests	2026-09-14T12:33:35.0446365Z [2026-09-14 14:33:35 +0200] [115/118] Running test 'network/export-lifecycle' (#default)
Run selected ci-tagged tests	Run tests	2026-09-14T12:35:11.3990968Z [2026-09-14 14:35:11 +0200] [24/118] Example [1/1] 'remote VPS replace with descendants and mounts copies descendant datasets, remaps descendant mounts, and skips external mounts' succeeded in 461.7 seconds
Run selected ci-tagged tests	Run tests	2026-09-14T12:35:38.2016855Z [2026-09-14 14:35:38 +0200] [24/118] Test 'vps/replace-with-descendants-and-mounts' successful in 653.06 seconds
Run selected ci-tagged tests	Run tests	2026-09-14T12:35:38.2019495Z [2026-09-14 14:35:38 +0200] Reserved resources for 'storage/backup-remote-interrupted-recv': machines=3, memory=24.0 GiB, shm=24.0 GiB, cpus=16; pool: memory=88.0 GiB/90.6 GiB, shm=88.0 GiB/367.1 GiB, cpus=64/72, running=5
Run selected ci-tagged tests	Run tests	2026-09-14T12:35:38.2047817Z [2026-09-14 14:35:38 +0200] [31/118] Running test 'storage/backup-remote-interrupted-recv' (#default)
Run selected ci-tagged tests	Run tests	2026-09-14T12:35:38.2107742Z [2026-09-14 14:35:38 +0200] Waiting for resources: pool: memory=88.0 GiB/90.6 GiB, shm=88.0 GiB/367.1 GiB, cpus=64/72, running=5; pending: storage/branching-destroy (machines=3, memory=24.0 GiB, shm=24.0 GiB, cpus=16), storage/dataset-migrate-retain-source (machines=3, memory=24.0 GiB, shm=24.0 GiB, cpus=16), vps/migrate (machines=3, memory=24.0 GiB, shm=24.0 GiB, cpus=16)
Run selected ci-tagged tests	Run tests	2026-09-14T12:36:28.9943169Z [2026-09-14 14:36:28 +0200] [111/118] Example [1/1] 'dataset expansion lifecycle expands, expands again, and shrinks the VPS root dataset' succeeded in 126.16 seconds
Run selected ci-tagged tests	Run tests	2026-09-14T12:36:41.7906421Z [2026-09-14 14:36:41 +0200] [112/118] Example [1/1] 'auth and session housekeeping tasks cleans expired auth state and reports failed logins' succeeded in 16.56 seconds
Run selected ci-tagged tests	Run tests	2026-09-14T12:36:48.2789089Z [2026-09-14 14:36:48 +0200] [111/118] Test 'vps/expand-and-shrink-dataset' successful in 291.76 seconds
Run selected ci-tagged tests	Run tests	2026-09-14T12:36:48.2793762Z [2026-09-14 14:36:48 +0200] Reserved resources for 'storage/dataset-migrate-same-node-with-exports': machines=2, memory=16.0 GiB, shm=16.0 GiB, cpus=12; pool: memory=88.0 GiB/90.6 GiB, shm=88.0 GiB/367.1 GiB, cpus=64/72, running=5
Run selected ci-tagged tests	Run tests	2026-09-14T12:36:48.2815557Z [2026-09-14 14:36:48 +0200] [117/118] Running test 'storage/dataset-migrate-same-node-with-exports' (#default)
Run selected ci-tagged tests	Run tests	2026-09-14T12:36:48.2874279Z [2026-09-14 14:36:48 +0200] Waiting for resources: pool: memory=88.0 GiB/90.6 GiB, shm=88.0 GiB/367.1 GiB, cpus=64/72, running=5; pending: storage/branching-destroy (machines=3, memory=24.0 GiB, shm=24.0 GiB, cpus=16), storage/dataset-migrate-retain-source (machines=3, memory=24.0 GiB, shm=24.0 GiB, cpus=16), vps/migrate (machines=3, memory=24.0 GiB, shm=24.0 GiB, cpus=16)
Run selected ci-tagged tests	Run tests	2026-09-14T12:37:00.3832455Z [2026-09-14 14:37:00 +0200] [112/118] Test 'tasks/auth-session-housekeeping' successful in 228.04 seconds
Run selected ci-tagged tests	Run tests	2026-09-14T12:37:00.3837573Z [2026-09-14 14:37:00 +0200] Reserved resources for 'client/snapshot-download': machines=2, memory=16.0 GiB, shm=16.0 GiB, cpus=12; pool: memory=88.0 GiB/90.6 GiB, shm=88.0 GiB/367.1 GiB, cpus=64/72, running=5
Run selected ci-tagged tests	Run tests	2026-09-14T12:37:00.3866123Z [2026-09-14 14:37:00 +0200] [118/118] Running test 'client/snapshot-download' (#default)
Run selected ci-tagged tests	Run tests	2026-09-14T12:37:20.6616364Z [2026-09-14 14:37:20 +0200] [115/118] Example [1/1] 'export lifecycle creates and destroys a dataset export end to end' succeeded in 80.92 seconds
Run selected ci-tagged tests	Run tests	2026-09-14T12:37:38.4614589Z [2026-09-14 14:37:38 +0200] [115/118] Test 'network/export-lifecycle' successful in 243.42 seconds
Run selected ci-tagged tests	Run tests	2026-09-14T12:37:56.6255757Z [2026-09-14 14:37:56 +0200] Status: passing; 74 succeeded as expected, 0 failed as expected, 0 unexpectedly failed, 0 unexpectedly succeeded; 4 running, 40 remaining
Run selected ci-tagged tests	Run tests	2026-09-14T12:38:29.0074171Z [2026-09-14 14:38:29 +0200] [109/118] Example [1/1] 'user suspend and resume cascade suspends VPS and DNS state, then restores originally enabled state' succeeded in 410.36 seconds
Run selected ci-tagged tests	Run tests	2026-09-14T12:38:48.7054855Z [2026-09-14 14:38:48 +0200] [109/118] Test 'user/suspend-resume-cascade' successful in 650.84 seconds
Run selected ci-tagged tests	Run tests	2026-09-14T12:38:48.7060358Z [2026-09-14 14:38:48 +0200] Reserved resources for 'storage/branching-destroy': machines=3, memory=24.0 GiB, shm=24.0 GiB, cpus=16; pool: memory=80.0 GiB/90.6 GiB, shm=80.0 GiB/367.1 GiB, cpus=56/72, running=4
Run selected ci-tagged tests	Run tests	2026-09-14T12:38:48.7082429Z [2026-09-14 14:38:48 +0200] [32/118] Running test 'storage/branching-destroy' (#default)
Run selected ci-tagged tests	Run tests	2026-09-14T12:38:48.7142229Z [2026-09-14 14:38:48 +0200] Waiting for resources: pool: memory=80.0 GiB/90.6 GiB, shm=80.0 GiB/367.1 GiB, cpus=56/72, running=4; pending: storage/dataset-migrate-retain-source (machines=3, memory=24.0 GiB, shm=24.0 GiB, cpus=16), vps/migrate (machines=3, memory=24.0 GiB, shm=24.0 GiB, cpus=16), storage/repeated-rollback-branching (machines=3, memory=24.0 GiB, shm=24.0 GiB, cpus=16)
Run selected ci-tagged tests	Run tests	2026-09-14T12:41:07.6087510Z [2026-09-14 14:41:07 +0200] [118/118] Example [1/1] 'snapshot download client downloads a prepared archive and can resume an interrupted file' succeeded in 96.3 seconds
Run selected ci-tagged tests	Run tests	2026-09-14T12:41:09.1465585Z [2026-09-14 14:41:09 +0200] [31/118] Example [1/1] 'remote backup interrupted on recv fails cleanly when the receiver side is interrupted and later backup still works' succeeded in 169.64 seconds
Run selected ci-tagged tests	Run tests	2026-09-14T12:41:16.5138960Z [2026-09-14 14:41:16 +0200] [117/118] Example [1/1] 'same-node dataset migration with exports stops, destroys, and recreates the export on the destination dataset' succeeded in 121.83 seconds
Run selected ci-tagged tests	Run tests	2026-09-14T12:41:34.3276114Z [2026-09-14 14:41:34 +0200] [117/118] Test 'storage/dataset-migrate-same-node-with-exports' successful in 286.05 seconds
Run selected ci-tagged tests	Run tests	2026-09-14T12:41:34.3282323Z [2026-09-14 14:41:34 +0200] Reserved resources for 'storage/dataset-migrate-retain-source': machines=3, memory=24.0 GiB, shm=24.0 GiB, cpus=16; pool: memory=88.0 GiB/90.6 GiB, shm=88.0 GiB/367.1 GiB, cpus=60/72, running=4
Run selected ci-tagged tests	Run tests	2026-09-14T12:41:34.3303650Z [2026-09-14 14:41:34 +0200] [33/118] Running test 'storage/dataset-migrate-retain-source' (#default)
Run selected ci-tagged tests	Run tests	2026-09-14T12:41:34.3358445Z [2026-09-14 14:41:34 +0200] Waiting for resources: pool: memory=88.0 GiB/90.6 GiB, shm=88.0 GiB/367.1 GiB, cpus=60/72, running=4; pending: vps/migrate (machines=3, memory=24.0 GiB, shm=24.0 GiB, cpus=16), storage/repeated-rollback-branching (machines=3, memory=24.0 GiB, shm=24.0 GiB, cpus=16), storage/backup-remote-interrupted-send (machines=3, memory=24.0 GiB, shm=24.0 GiB, cpus=16)
Run selected ci-tagged tests	Run tests	2026-09-14T12:41:35.4541166Z [2026-09-14 14:41:35 +0200] [31/118] Test 'storage/backup-remote-interrupted-recv' successful in 357.25 seconds
Run selected ci-tagged tests	Run tests	2026-09-14T12:41:35.4551596Z [2026-09-14 14:41:35 +0200] Reserved resources for 'vps/migrate': machines=3, memory=24.0 GiB, shm=24.0 GiB, cpus=16; pool: memory=88.0 GiB/90.6 GiB, shm=88.0 GiB/367.1 GiB, cpus=60/72, running=4
Run selected ci-tagged tests	Run tests	2026-09-14T12:41:35.4571639Z [2026-09-14 14:41:35 +0200] [34/118] Running test 'vps/migrate' (#default)
Run selected ci-tagged tests	Run tests	2026-09-14T12:41:50.0603244Z [2026-09-14 14:41:50 +0200] [118/118] Test 'client/snapshot-download' successful in 289.67 seconds
Run selected ci-tagged tests	Run tests	2026-09-14T12:42:56.6263711Z [2026-09-14 14:42:56 +0200] Status: passing; 78 succeeded as expected, 0 failed as expected, 0 unexpectedly failed, 0 unexpectedly succeeded; 3 running, 37 remaining
Run selected ci-tagged tests	Run tests	2026-09-14T12:42:59.2545960Z [2026-09-14 14:42:59 +0200] [32/118] Example [1/2] 'destroying branched backup history creates a VPS with primary storage on node1 and backup storage on node2' succeeded in 92.11 seconds
Run selected ci-tagged tests	Run tests	2026-09-14T12:44:19.0918060Z [2026-09-14 14:44:19 +0200] [34/118] Example [1/11] 'vps migration responds to API requests' succeeded in 2.72 seconds
Run selected ci-tagged tests	Run tests	2026-09-14T12:44:32.2726193Z [2026-09-14 14:44:32 +0200] [34/118] Example [2/11] 'vps migration creates storage pool on node1' succeeded in 13.18 seconds
Run selected ci-tagged tests	Run tests	2026-09-14T12:44:43.5140908Z [2026-09-14 14:44:43 +0200] [34/118] Example [3/11] 'vps migration creates storage pool on node2' succeeded in 11.24 seconds
Run selected ci-tagged tests	Run tests	2026-09-14T12:45:02.8814506Z [2026-09-14 14:45:02 +0200] [34/118] Example [4/11] 'vps migration waits for pools to be online' succeeded in 19.37 seconds
Run selected ci-tagged tests	Run tests	2026-09-14T12:45:13.9061935Z [2026-09-14 14:45:13 +0200] [34/118] Example [5/11] 'vps migration generates migration keys' succeeded in 11.02 seconds
Run selected ci-tagged tests	Run tests	2026-09-14T12:45:14.4966045Z [2026-09-14 14:45:14 +0200] [34/118] Example [6/11] 'vps migration runs nodectl queue resume all on node1' succeeded in 0.59 seconds
Run selected ci-tagged tests	Run tests	2026-09-14T12:45:15.1153407Z [2026-09-14 14:45:15 +0200] [34/118] Example [7/11] 'vps migration runs nodectl queue resume all on node2' succeeded in 0.62 seconds
Run selected ci-tagged tests	Run tests	2026-09-14T12:45:54.1086408Z [2026-09-14 14:45:54 +0200] [34/118] Example [8/11] 'vps migration creates a VPS on node1' succeeded in 38.99 seconds
Run selected ci-tagged tests	Run tests	2026-09-14T12:46:49.4025871Z [2026-09-14 14:46:49 +0200] [33/118] Example [1/1] 'dataset migration with retained source data keeps the source dataset when cleanup_data is false' succeeded in 152.95 seconds
Run selected ci-tagged tests	Run tests	2026-09-14T12:47:14.3205240Z [2026-09-14 14:47:14 +0200] [33/118] Test 'storage/dataset-migrate-retain-source' successful in 339.99 seconds
Run selected ci-tagged tests	Run tests	2026-09-14T12:47:14.3211010Z [2026-09-14 14:47:14 +0200] Reserved resources for 'storage/repeated-rollback-branching': machines=3, memory=24.0 GiB, shm=24.0 GiB, cpus=16; pool: memory=72.0 GiB/90.6 GiB, shm=72.0 GiB/367.1 GiB, cpus=48/72, running=3
Run selected ci-tagged tests	Run tests	2026-09-14T12:47:14.3242244Z [2026-09-14 14:47:14 +0200] [36/118] Running test 'storage/repeated-rollback-branching' (#default)
Run selected ci-tagged tests	Run tests	2026-09-14T12:47:14.3280003Z [2026-09-14 14:47:14 +0200] Waiting for resources: pool: memory=72.0 GiB/90.6 GiB, shm=72.0 GiB/367.1 GiB, cpus=48/72, running=3; pending: storage/backup-remote-interrupted-send (machines=3, memory=24.0 GiB, shm=24.0 GiB, cpus=16), vps/clone-remote-consistent (machines=3, memory=24.0 GiB, shm=24.0 GiB, cpus=16), vps/migrate-skip-start (machines=3, memory=24.0 GiB, shm=24.0 GiB, cpus=16)
Run selected ci-tagged tests	Run tests	2026-09-14T12:47:56.6271810Z [2026-09-14 14:47:56 +0200] Status: passing; 79 succeeded as expected, 0 failed as expected, 0 unexpectedly failed, 0 unexpectedly succeeded; 3 running, 36 remaining
Run selected ci-tagged tests	Run tests	2026-09-14T12:47:56.7509511Z [2026-09-14 14:47:56 +0200] [34/118] Example [9/11] 'vps migration starts the VPS on node1' succeeded in 122.64 seconds
Run selected ci-tagged tests	Run tests	2026-09-14T12:48:02.4190934Z [2026-09-14 14:48:02 +0200] [34/118] Example [10/11] 'vps migration writes data inside the VPS before migration' succeeded in 5.67 seconds
Run selected ci-tagged tests	Run tests	2026-09-14T12:48:32.1290652Z [2026-09-14 14:48:32 +0200] [32/118] Example [2/2] 'destroying branched backup history destroys branched snapshots in dependency-safe order until the backup dataset is gone' succeeded in 332.87 seconds
Run selected ci-tagged tests	Run tests	2026-09-14T12:48:57.9485882Z [2026-09-14 14:48:57 +0200] [32/118] Test 'storage/branching-destroy' successful in 609.24 seconds
Run selected ci-tagged tests	Run tests	2026-09-14T12:48:57.9504272Z [2026-09-14 14:48:57 +0200] Reserved resources for 'storage/backup-remote-interrupted-send': machines=3, memory=24.0 GiB, shm=24.0 GiB, cpus=16; pool: memory=72.0 GiB/90.6 GiB, shm=72.0 GiB/367.1 GiB, cpus=48/72, running=3
Run selected ci-tagged tests	Run tests	2026-09-14T12:48:57.9513469Z [2026-09-14 14:48:57 +0200] [38/118] Running test 'storage/backup-remote-interrupted-send' (#default)
Run selected ci-tagged tests	Run tests	2026-09-14T12:48:57.9548205Z [2026-09-14 14:48:57 +0200] Waiting for resources: pool: memory=72.0 GiB/90.6 GiB, shm=72.0 GiB/367.1 GiB, cpus=48/72, running=3; pending: vps/clone-remote-consistent (machines=3, memory=24.0 GiB, shm=24.0 GiB, cpus=16), vps/migrate-skip-start (machines=3, memory=24.0 GiB, shm=24.0 GiB, cpus=16), storage/snapshot-download-incremental-transfer (machines=3, memory=24.0 GiB, shm=24.0 GiB, cpus=16)
Run selected ci-tagged tests	Run tests	2026-09-14T12:49:13.6682261Z [2026-09-14 14:49:13 +0200] [34/118] Example [11/11] 'vps migration migrates the VPS to node2' succeeded in 71.25 seconds
Run selected ci-tagged tests	Run tests	2026-09-14T12:49:40.2979077Z [2026-09-14 14:49:40 +0200] [34/118] Test 'vps/migrate' successful in 484.84 seconds
Run selected ci-tagged tests	Run tests	2026-09-14T12:49:40.2982934Z [2026-09-14 14:49:40 +0200] Reserved resources for 'vps/clone-remote-consistent': machines=3, memory=24.0 GiB, shm=24.0 GiB, cpus=16; pool: memory=72.0 GiB/90.6 GiB, shm=72.0 GiB/367.1 GiB, cpus=48/72, running=3
Run selected ci-tagged tests	Run tests	2026-09-14T12:49:40.3013031Z [2026-09-14 14:49:40 +0200] [40/118] Running test 'vps/clone-remote-consistent' (#default)
Run selected ci-tagged tests	Run tests	2026-09-14T12:51:25.4400382Z [2026-09-14 14:51:25 +0200] [36/118] Example [1/2] 'repeated rollback branching creates a VPS with primary storage on node1 and backup storage on node2' succeeded in 89.2 seconds
Run selected ci-tagged tests	Run tests	2026-09-14T12:52:56.6282235Z [2026-09-14 14:52:56 +0200] Status: passing; 81 succeeded as expected, 0 failed as expected, 0 unexpectedly failed, 0 unexpectedly succeeded; 3 running, 34 remaining
Run selected ci-tagged tests	Run tests	2026-09-14T12:54:38.5417231Z [2026-09-14 14:54:38 +0200] [38/118] Example [1/1] 'remote backup interrupted on send fails cleanly when the sender side is interrupted and later backup still works' succeeded in 181.58 seconds
Run selected ci-tagged tests	Run tests	2026-09-14T12:55:32.1256719Z [2026-09-14 14:55:32 +0200] [38/118] Test 'storage/backup-remote-interrupted-send' successful in 394.17 seconds
Run selected ci-tagged tests	Run tests	2026-09-14T12:55:32.1263521Z [2026-09-14 14:55:32 +0200] Reserved resources for 'vps/migrate-skip-start': machines=3, memory=24.0 GiB, shm=24.0 GiB, cpus=16; pool: memory=72.0 GiB/90.6 GiB, shm=72.0 GiB/367.1 GiB, cpus=48/72, running=3
Run selected ci-tagged tests	Run tests	2026-09-14T12:55:32.1282551Z [2026-09-14 14:55:32 +0200] [41/118] Running test 'vps/migrate-skip-start' (#default)
Run selected ci-tagged tests	Run tests	2026-09-14T12:55:32.1323961Z [2026-09-14 14:55:32 +0200] Waiting for resources: pool: memory=72.0 GiB/90.6 GiB, shm=72.0 GiB/367.1 GiB, cpus=48/72, running=3; pending: storage/snapshot-download-incremental-transfer (machines=3, memory=24.0 GiB, shm=24.0 GiB, cpus=16), vps/clone-remote-consistent-keep-snapshots (machines=3, memory=24.0 GiB, shm=24.0 GiB, cpus=16), storage/topology-fixture-roundtrip (machines=3, memory=24.0 GiB, shm=24.0 GiB, cpus=16)
Run selected ci-tagged tests	Run tests	2026-09-14T12:56:09.5122721Z [2026-09-14 14:56:09 +0200] [40/118] Example [1/1] 'remote consistent VPS clone stops, syncs, and restarts the source before finishing the clone' succeeded in 229.81 seconds
Run selected ci-tagged tests	Run tests	2026-09-14T12:56:38.3733164Z [2026-09-14 14:56:38 +0200] [40/118] Test 'vps/clone-remote-consistent' successful in 418.07 seconds
Run selected ci-tagged tests	Run tests	2026-09-14T12:56:38.3738087Z [2026-09-14 14:56:38 +0200] Reserved resources for 'storage/snapshot-download-incremental-transfer': machines=3, memory=24.0 GiB, shm=24.0 GiB, cpus=16; pool: memory=72.0 GiB/90.6 GiB, shm=72.0 GiB/367.1 GiB, cpus=48/72, running=3
Run selected ci-tagged tests	Run tests	2026-09-14T12:56:38.3761523Z [2026-09-14 14:56:38 +0200] [42/118] Running test 'storage/snapshot-download-incremental-transfer' (#default)
Run selected ci-tagged tests	Run tests	2026-09-14T12:56:38.3817298Z [2026-09-14 14:56:38 +0200] Waiting for resources: pool: memory=72.0 GiB/90.6 GiB, shm=72.0 GiB/367.1 GiB, cpus=48/72, running=3; pending: vps/clone-remote-consistent-keep-snapshots (machines=3, memory=24.0 GiB, shm=24.0 GiB, cpus=16), storage/topology-fixture-roundtrip (machines=3, memory=24.0 GiB, shm=24.0 GiB, cpus=16), storage/rollback-across-trees (machines=3, memory=24.0 GiB, shm=24.0 GiB, cpus=16)
Run selected ci-tagged tests	Run tests	2026-09-14T12:56:59.3886341Z [2026-09-14 14:56:59 +0200] [36/118] Example [2/2] 'repeated rollback branching keeps DB dependency metadata aligned with ZFS after repeated rollback branching' succeeded in 333.95 seconds
Run selected ci-tagged tests	Run tests	2026-09-14T12:57:26.3275788Z [2026-09-14 14:57:26 +0200] [36/118] Test 'storage/repeated-rollback-branching' successful in 612.0 seconds
Run selected ci-tagged tests	Run tests	2026-09-14T12:57:26.3283552Z [2026-09-14 14:57:26 +0200] Reserved resources for 'vps/clone-remote-consistent-keep-snapshots': machines=3, memory=24.0 GiB, shm=24.0 GiB, cpus=16; pool: memory=72.0 GiB/90.6 GiB, shm=72.0 GiB/367.1 GiB, cpus=48/72, running=3
Run selected ci-tagged tests	Run tests	2026-09-14T12:57:26.3303600Z [2026-09-14 14:57:26 +0200] [46/118] Running test 'vps/clone-remote-consistent-keep-snapshots' (#default)
Run selected ci-tagged tests	Run tests	2026-09-14T12:57:56.6288516Z [2026-09-14 14:57:56 +0200] Status: passing; 84 succeeded as expected, 0 failed as expected, 0 unexpectedly failed, 0 unexpectedly succeeded; 3 running, 31 remaining
Run selected ci-tagged tests	Run tests	2026-09-14T13:01:09.4138770Z [2026-09-14 15:01:09 +0200] [42/118] Example [1/1] 'incremental download with transfer to backup transfers the missing target snapshot before producing the stream' succeeded in 109.38 seconds
Run selected ci-tagged tests	Run tests	2026-09-14T13:01:34.6486223Z [2026-09-14 15:01:34 +0200] [42/118] Test 'storage/snapshot-download-incremental-transfer' successful in 296.27 seconds
Run selected ci-tagged tests	Run tests	2026-09-14T13:01:34.6491737Z [2026-09-14 15:01:34 +0200] Reserved resources for 'storage/topology-fixture-roundtrip': machines=3, memory=24.0 GiB, shm=24.0 GiB, cpus=16; pool: memory=72.0 GiB/90.6 GiB, shm=72.0 GiB/367.1 GiB, cpus=48/72, running=3
Run selected ci-tagged tests	Run tests	2026-09-14T13:01:34.6517156Z [2026-09-14 15:01:34 +0200] [47/118] Running test 'storage/topology-fixture-roundtrip' (#default)
Run selected ci-tagged tests	Run tests	2026-09-14T13:01:34.6576634Z [2026-09-14 15:01:34 +0200] Waiting for resources: pool: memory=72.0 GiB/90.6 GiB, shm=72.0 GiB/367.1 GiB, cpus=48/72, running=3; pending: storage/rollback-across-trees (machines=3, memory=24.0 GiB, shm=24.0 GiB, cpus=16), vps/migrate-with-open-maintenance-window (machines=3, memory=24.0 GiB, shm=24.0 GiB, cpus=16), storage/rollback-from-remote-backup (machines=3, memory=24.0 GiB, shm=24.0 GiB, cpus=16)
Run selected ci-tagged tests	Run tests	2026-09-14T13:02:01.2775276Z [2026-09-14 15:02:01 +0200] [41/118] Example [1/1] 'VPS migration with skip_start finishes done when the destination start fails and keep-going is set' succeeded in 230.65 seconds
Run selected ci-tagged tests	Run tests	2026-09-14T13:02:50.6712524Z [2026-09-14 15:02:50 +0200] [41/118] Test 'vps/migrate-skip-start' successful in 438.54 seconds
Run selected ci-tagged tests	Run tests	2026-09-14T13:02:50.6717767Z [2026-09-14 15:02:50 +0200] Reserved resources for 'storage/rollback-across-trees': machines=3, memory=24.0 GiB, shm=24.0 GiB, cpus=16; pool: memory=72.0 GiB/90.6 GiB, shm=72.0 GiB/367.1 GiB, cpus=48/72, running=3
Run selected ci-tagged tests	Run tests	2026-09-14T13:02:50.6744876Z [2026-09-14 15:02:50 +0200] [50/118] Running test 'storage/rollback-across-trees' (#default)
Run selected ci-tagged tests	Run tests	2026-09-14T13:02:50.6803618Z [2026-09-14 15:02:50 +0200] Waiting for resources: pool: memory=72.0 GiB/90.6 GiB, shm=72.0 GiB/367.1 GiB, cpus=48/72, running=3; pending: vps/migrate-with-open-maintenance-window (machines=3, memory=24.0 GiB, shm=24.0 GiB, cpus=16), storage/rollback-from-remote-backup (machines=3, memory=24.0 GiB, shm=24.0 GiB, cpus=16), storage/rollback-with-descendants (machines=3, memory=24.0 GiB, shm=24.0 GiB, cpus=16)
Run selected ci-tagged tests	Run tests	2026-09-14T13:02:56.6294460Z [2026-09-14 15:02:56 +0200] Status: passing; 86 succeeded as expected, 0 failed as expected, 0 unexpectedly failed, 0 unexpectedly succeeded; 3 running, 29 remaining
Run selected ci-tagged tests	Run tests	2026-09-14T13:03:52.8675491Z [2026-09-14 15:03:52 +0200] [46/118] Example [1/1] 'remote consistent VPS clone with keep_snapshots keeps transfer snapshots on the source as a pending contract' pending in 227.23 seconds
Run selected ci-tagged tests	Run tests	2026-09-14T13:04:21.6602151Z [2026-09-14 15:04:21 +0200] [46/118] Test 'vps/clone-remote-consistent-keep-snapshots' successful in 415.33 seconds
Run selected ci-tagged tests	Run tests	2026-09-14T13:04:21.6607279Z [2026-09-14 15:04:21 +0200] Reserved resources for 'vps/migrate-with-open-maintenance-window': machines=3, memory=24.0 GiB, shm=24.0 GiB, cpus=16; pool: memory=72.0 GiB/90.6 GiB, shm=72.0 GiB/367.1 GiB, cpus=48/72, running=3
Run selected ci-tagged tests	Run tests	2026-09-14T13:04:21.6630840Z [2026-09-14 15:04:21 +0200] [51/118] Running test 'vps/migrate-with-open-maintenance-window' (#default)
Run selected ci-tagged tests	Run tests	2026-09-14T13:04:21.6674255Z [2026-09-14 15:04:21 +0200] Waiting for resources: pool: memory=72.0 GiB/90.6 GiB, shm=72.0 GiB/367.1 GiB, cpus=48/72, running=3; pending: storage/rollback-from-remote-backup (machines=3, memory=24.0 GiB, shm=24.0 GiB, cpus=16), storage/rollback-with-descendants (machines=3, memory=24.0 GiB, shm=24.0 GiB, cpus=16), vps/replace-no-start (machines=3, memory=24.0 GiB, shm=24.0 GiB, cpus=16)
Run selected ci-tagged tests	Run tests	2026-09-14T13:05:36.7706200Z [2026-09-14 15:05:36 +0200] [47/118] Example [1/2] 'topology fixture roundtrip creates a VPS with primary storage on node1 and backup storage on node2' succeeded in 83.96 seconds
Run selected ci-tagged tests	Run tests	2026-09-14T13:06:52.9243375Z [2026-09-14 15:06:52 +0200] [50/118] Example [1/2] 'rollback across backup trees creates a VPS with primary storage on node1 and backup storage on node2' succeeded in 81.95 seconds
Run selected ci-tagged tests	Run tests	2026-09-14T13:07:56.6299934Z [2026-09-14 15:07:56 +0200] Status: passing; 87 succeeded as expected, 0 failed as expected, 0 unexpectedly failed, 0 unexpectedly succeeded; 3 running, 28 remaining
Run selected ci-tagged tests	Run tests	2026-09-14T13:10:44.0278743Z [2026-09-14 15:10:44 +0200] [50/118] Example [2/2] 'rollback across backup trees switches the backup head tree and keeps future backups incremental' succeeded in 231.1 seconds
Run selected ci-tagged tests	Run tests	2026-09-14T13:11:10.4975048Z [2026-09-14 15:11:10 +0200] [50/118] Test 'storage/rollback-across-trees' successful in 499.82 seconds
Run selected ci-tagged tests	Run tests	2026-09-14T13:11:10.4980435Z [2026-09-14 15:11:10 +0200] Reserved resources for 'storage/rollback-from-remote-backup': machines=3, memory=24.0 GiB, shm=24.0 GiB, cpus=16; pool: memory=72.0 GiB/90.6 GiB, shm=72.0 GiB/367.1 GiB, cpus=48/72, running=3
Run selected ci-tagged tests	Run tests	2026-09-14T13:11:10.5004012Z [2026-09-14 15:11:10 +0200] [52/118] Running test 'storage/rollback-from-remote-backup' (#default)
Run selected ci-tagged tests	Run tests	2026-09-14T13:11:10.5061692Z [2026-09-14 15:11:10 +0200] Waiting for resources: pool: memory=72.0 GiB/90.6 GiB, shm=72.0 GiB/367.1 GiB, cpus=48/72, running=3; pending: storage/rollback-with-descendants (machines=3, memory=24.0 GiB, shm=24.0 GiB, cpus=16), vps/replace-no-start (machines=3, memory=24.0 GiB, shm=24.0 GiB, cpus=16), storage/vps-hard-delete-complex-history-with-descendants (machines=3, memory=24.0 GiB, shm=24.0 GiB, cpus=16)
Run selected ci-tagged tests	Run tests	2026-09-14T13:12:18.9753742Z [2026-09-14 15:12:18 +0200] [51/118] Example [1/1] 'VPS migration in an open maintenance window migrates to node2 and includes maintenance-window transactions' succeeded in 319.74 seconds
Run selected ci-tagged tests	Run tests	2026-09-14T13:12:46.2676460Z [2026-09-14 15:12:46 +0200] [51/118] Test 'vps/migrate-with-open-maintenance-window' successful in 504.6 seconds
Run selected ci-tagged tests	Run tests	2026-09-14T13:12:46.2682126Z [2026-09-14 15:12:46 +0200] Reserved resources for 'storage/rollback-with-descendants': machines=3, memory=24.0 GiB, shm=24.0 GiB, cpus=16; pool: memory=72.0 GiB/90.6 GiB, shm=72.0 GiB/367.1 GiB, cpus=48/72, running=3
Run selected ci-tagged tests	Run tests	2026-09-14T13:12:46.2711535Z [2026-09-14 15:12:46 +0200] [55/118] Running test 'storage/rollback-with-descendants' (#default)
Run selected ci-tagged tests	Run tests	2026-09-14T13:12:46.2768432Z [2026-09-14 15:12:46 +0200] Waiting for resources: pool: memory=72.0 GiB/90.6 GiB, shm=72.0 GiB/367.1 GiB, cpus=48/72, running=3; pending: vps/replace-no-start (machines=3, memory=24.0 GiB, shm=24.0 GiB, cpus=16), storage/vps-hard-delete-complex-history-with-descendants (machines=3, memory=24.0 GiB, shm=24.0 GiB, cpus=16), storage/branching-rotation (machines=3, memory=24.0 GiB, shm=24.0 GiB, cpus=16)
Run selected ci-tagged tests	Run tests	2026-09-14T13:12:56.6310026Z [2026-09-14 15:12:56 +0200] Status: passing; 89 succeeded as expected, 0 failed as expected, 0 unexpectedly failed, 0 unexpectedly succeeded; 3 running, 26 remaining
Run selected ci-tagged tests	Run tests	2026-09-14T13:13:14.5977147Z [2026-09-14 15:13:14 +0200] [47/118] Example [2/2] 'topology fixture roundtrip captures and replays a normalized topology fixture' succeeded in 457.83 seconds
Run selected ci-tagged tests	Run tests	2026-09-14T13:14:07.2086363Z [2026-09-14 15:14:07 +0200] [47/118] Test 'storage/topology-fixture-roundtrip' successful in 752.56 seconds
Run selected ci-tagged tests	Run tests	2026-09-14T13:14:07.2088409Z [2026-09-14 15:14:07 +0200] Reserved resources for 'vps/replace-no-start': machines=3, memory=24.0 GiB, shm=24.0 GiB, cpus=16; pool: memory=72.0 GiB/90.6 GiB, shm=72.0 GiB/367.1 GiB, cpus=48/72, running=3
Run selected ci-tagged tests	Run tests	2026-09-14T13:14:07.2110156Z [2026-09-14 15:14:07 +0200] [58/118] Running test 'vps/replace-no-start' (#default)
Run selected ci-tagged tests	Run tests	2026-09-14T13:14:07.2154087Z [2026-09-14 15:14:07 +0200] Waiting for resources: pool: memory=72.0 GiB/90.6 GiB, shm=72.0 GiB/367.1 GiB, cpus=48/72, running=3; pending: storage/vps-hard-delete-complex-history-with-descendants (machines=3, memory=24.0 GiB, shm=24.0 GiB, cpus=16), storage/branching-rotation (machines=3, memory=24.0 GiB, shm=24.0 GiB, cpus=16), storage/restore-after-reinstall-remote (machines=3, memory=24.0 GiB, shm=24.0 GiB, cpus=16)
Run selected ci-tagged tests	Run tests	2026-09-14T13:15:18.4327986Z [2026-09-14 15:15:18 +0200] [52/118] Example [1/4] 'rollback from remote backup creates a VPS with primary storage on node1 and backup storage on node2' succeeded in 88.23 seconds
Run selected ci-tagged tests	Run tests	2026-09-14T13:17:37.3414767Z [2026-09-14 15:17:37 +0200] [52/118] Example [2/4] 'rollback from remote backup builds remote backup history and rolls back to the middle snapshot' succeeded in 138.91 seconds
Run selected ci-tagged tests	Run tests	2026-09-14T13:17:41.2036689Z [2026-09-14 15:17:41 +0200] [52/118] Example [3/4] 'rollback from remote backup records rollback branching on the remote backup dataset' succeeded in 3.86 seconds
Run selected ci-tagged tests	Run tests	2026-09-14T13:17:56.6336306Z [2026-09-14 15:17:56 +0200] Status: passing; 90 succeeded as expected, 0 failed as expected, 0 unexpectedly failed, 0 unexpectedly succeeded; 3 running, 25 remaining
Run selected ci-tagged tests	Run tests	2026-09-14T13:18:05.4120030Z [2026-09-14 15:18:05 +0200] [52/118] Example [4/4] 'rollback from remote backup continues future backups on the new head branch over the remote send path' succeeded in 24.21 seconds
Run selected ci-tagged tests	Run tests	2026-09-14T13:18:32.3817316Z [2026-09-14 15:18:32 +0200] [52/118] Test 'storage/rollback-from-remote-backup' successful in 441.88 seconds
Run selected ci-tagged tests	Run tests	2026-09-14T13:18:32.3822982Z [2026-09-14 15:18:32 +0200] Reserved resources for 'storage/vps-hard-delete-complex-history-with-descendants': machines=3, memory=24.0 GiB, shm=24.0 GiB, cpus=16; pool: memory=72.0 GiB/90.6 GiB, shm=72.0 GiB/367.1 GiB, cpus=48/72, running=3
Run selected ci-tagged tests	Run tests	2026-09-14T13:18:32.3843468Z [2026-09-14 15:18:32 +0200] [59/118] Running test 'storage/vps-hard-delete-complex-history-with-descendants' (#default)
Run selected ci-tagged tests	Run tests	2026-09-14T13:18:32.3888574Z [2026-09-14 15:18:32 +0200] Waiting for resources: pool: memory=72.0 GiB/90.6 GiB, shm=72.0 GiB/367.1 GiB, cpus=48/72, running=3; pending: storage/branching-rotation (machines=3, memory=24.0 GiB, shm=24.0 GiB, cpus=16), storage/restore-after-reinstall-remote (machines=3, memory=24.0 GiB, shm=24.0 GiB, cpus=16), vps/replace-remote (machines=3, memory=24.0 GiB, shm=24.0 GiB, cpus=16)
Run selected ci-tagged tests	Run tests	2026-09-14T13:19:33.2282258Z [2026-09-14 15:19:33 +0200] [55/118] Example [1/1] 'rollback with descendants preserves descendant datasets across rollback and keeps future backups working' succeeded in 244.86 seconds
Run selected ci-tagged tests	Run tests	2026-09-14T13:20:00.8374967Z [2026-09-14 15:20:00 +0200] [55/118] Test 'storage/rollback-with-descendants' successful in 434.57 seconds
Run selected ci-tagged tests	Run tests	2026-09-14T13:20:00.8382471Z [2026-09-14 15:20:00 +0200] Reserved resources for 'storage/branching-rotation': machines=3, memory=24.0 GiB, shm=24.0 GiB, cpus=16; pool: memory=72.0 GiB/90.6 GiB, shm=72.0 GiB/367.1 GiB, cpus=48/72, running=3
Run selected ci-tagged tests	Run tests	2026-09-14T13:20:00.8407357Z [2026-09-14 15:20:00 +0200] [61/118] Running test 'storage/branching-rotation' (#default)
Run selected ci-tagged tests	Run tests	2026-09-14T13:20:00.8466524Z [2026-09-14 15:20:00 +0200] Waiting for resources: pool: memory=72.0 GiB/90.6 GiB, shm=72.0 GiB/367.1 GiB, cpus=48/72, running=3; pending: storage/restore-after-reinstall-remote (machines=3, memory=24.0 GiB, shm=24.0 GiB, cpus=16), vps/replace-remote (machines=3, memory=24.0 GiB, shm=24.0 GiB, cpus=16), storage/dataset-migrate-remote (machines=3, memory=24.0 GiB, shm=24.0 GiB, cpus=16)
Run selected ci-tagged tests	Run tests	2026-09-14T13:22:42.1408927Z [2026-09-14 15:22:42 +0200] [58/118] Example [1/1] 'remote VPS replace with start=false finishes without starting the replacement on the destination' succeeded in 346.65 seconds
Run selected ci-tagged tests	Run tests	2026-09-14T13:22:56.6353129Z [2026-09-14 15:22:56 +0200] Status: passing; 92 succeeded as expected, 0 failed as expected, 0 unexpectedly failed, 0 unexpectedly succeeded; 3 running, 23 remaining
Run selected ci-tagged tests	Run tests	2026-09-14T13:23:07.3417585Z [2026-09-14 15:23:07 +0200] [58/118] Test 'vps/replace-no-start' successful in 540.13 seconds
Run selected ci-tagged tests	Run tests	2026-09-14T13:23:07.3422086Z [2026-09-14 15:23:07 +0200] Reserved resources for 'storage/restore-after-reinstall-remote': machines=3, memory=24.0 GiB, shm=24.0 GiB, cpus=16; pool: memory=72.0 GiB/90.6 GiB, shm=72.0 GiB/367.1 GiB, cpus=48/72, running=3
Run selected ci-tagged tests	Run tests	2026-09-14T13:23:07.3446703Z [2026-09-14 15:23:07 +0200] [62/118] Running test 'storage/restore-after-reinstall-remote' (#default)
Run selected ci-tagged tests	Run tests	2026-09-14T13:23:07.3507466Z [2026-09-14 15:23:07 +0200] Waiting for resources: pool: memory=72.0 GiB/90.6 GiB, shm=72.0 GiB/367.1 GiB, cpus=48/72, running=3; pending: vps/replace-remote (machines=3, memory=24.0 GiB, shm=24.0 GiB, cpus=16), storage/dataset-migrate-remote (machines=3, memory=24.0 GiB, shm=24.0 GiB, cpus=16), cluster/node-evacuate-concurrency (machines=3, memory=24.0 GiB, shm=24.0 GiB, cpus=16)
Run selected ci-tagged tests	Run tests	2026-09-14T13:24:06.4576670Z [2026-09-14 15:24:06 +0200] [61/118] Example [1/2] 'rotation on branched backup history creates a VPS with primary storage on node1 and backup storage on node2' succeeded in 84.9 seconds
Run selected ci-tagged tests	Run tests	2026-09-14T13:27:11.0435219Z [2026-09-14 15:27:11 +0200] [62/118] Example [1/4] 'restore after reinstall from remote backup creates a VPS with primary storage on node1 and backup storage on node2' succeeded in 83.44 seconds
Run selected ci-tagged tests	Run tests	2026-09-14T13:27:56.6358995Z [2026-09-14 15:27:56 +0200] Status: passing; 93 succeeded as expected, 0 failed as expected, 0 unexpectedly failed, 0 unexpectedly succeeded; 3 running, 22 remaining
Run selected ci-tagged tests	Run tests	2026-09-14T13:28:40.8104342Z [2026-09-14 15:28:40 +0200] [62/118] Example [2/4] 'restore after reinstall from remote backup creates remote backup history and reinstalls the VPS' succeeded in 89.77 seconds
Run selected ci-tagged tests	Run tests	2026-09-14T13:29:32.6501159Z [2026-09-14 15:29:32 +0200] [62/118] Example [3/4] 'restore after reinstall from remote backup restores from backup-only history over the remote send/recv rollback path' succeeded in 51.84 seconds
Run selected ci-tagged tests	Run tests	2026-09-14T13:29:56.9695247Z [2026-09-14 15:29:56 +0200] [62/118] Example [4/4] 'restore after reinstall from remote backup keeps the restored backup history incrementally usable for future backups' succeeded in 24.32 seconds
Run selected ci-tagged tests	Run tests	2026-09-14T13:30:17.1880978Z [2026-09-14 15:30:17 +0200] [61/118] Example [2/2] 'rotation on branched backup history eventually deletes unreferenced branched snapshots without deleting live parents' succeeded in 370.73 seconds
Run selected ci-tagged tests	Run tests	2026-09-14T13:30:24.4931939Z [2026-09-14 15:30:24 +0200] [62/118] Test 'storage/restore-after-reinstall-remote' successful in 437.15 seconds
Run selected ci-tagged tests	Run tests	2026-09-14T13:30:24.4937003Z [2026-09-14 15:30:24 +0200] Reserved resources for 'vps/replace-remote': machines=3, memory=24.0 GiB, shm=24.0 GiB, cpus=16; pool: memory=72.0 GiB/90.6 GiB, shm=72.0 GiB/367.1 GiB, cpus=48/72, running=3
Run selected ci-tagged tests	Run tests	2026-09-14T13:30:24.4956694Z [2026-09-14 15:30:24 +0200] [63/118] Running test 'vps/replace-remote' (#default)
Run selected ci-tagged tests	Run tests	2026-09-14T13:30:24.5023285Z [2026-09-14 15:30:24 +0200] Waiting for resources: pool: memory=72.0 GiB/90.6 GiB, shm=72.0 GiB/367.1 GiB, cpus=48/72, running=3; pending: storage/dataset-migrate-remote (machines=3, memory=24.0 GiB, shm=24.0 GiB, cpus=16), cluster/node-evacuate-concurrency (machines=3, memory=24.0 GiB, shm=24.0 GiB, cpus=16), cluster/2-node (machines=3, memory=24.0 GiB, shm=24.0 GiB, cpus=16)
Run selected ci-tagged tests	Run tests	2026-09-14T13:30:37.6075571Z [2026-09-14 15:30:37 +0200] [59/118] Example [1/1] 'VPS hard delete after complex history with descendants removes the primary subtree while preserving detached backups until later destroy' succeeded in 565.68 seconds
Run selected ci-tagged tests	Run tests	2026-09-14T13:30:45.9324547Z [2026-09-14 15:30:45 +0200] [61/118] Test 'storage/branching-rotation' successful in 645.09 seconds
Run selected ci-tagged tests	Run tests	2026-09-14T13:30:45.9326306Z [2026-09-14 15:30:45 +0200] Reserved resources for 'storage/dataset-migrate-remote': machines=3, memory=24.0 GiB, shm=24.0 GiB, cpus=16; pool: memory=72.0 GiB/90.6 GiB, shm=72.0 GiB/367.1 GiB, cpus=48/72, running=3
Run selected ci-tagged tests	Run tests	2026-09-14T13:30:45.9352757Z [2026-09-14 15:30:45 +0200] [65/118] Running test 'storage/dataset-migrate-remote' (#default)
Run selected ci-tagged tests	Run tests	2026-09-14T13:31:03.0405827Z [2026-09-14 15:31:03 +0200] [59/118] Test 'storage/vps-hard-delete-complex-history-with-descendants' successful in 750.66 seconds
Run selected ci-tagged tests	Run tests	2026-09-14T13:31:03.0411481Z [2026-09-14 15:31:03 +0200] Reserved resources for 'cluster/node-evacuate-concurrency': machines=3, memory=24.0 GiB, shm=24.0 GiB, cpus=16; pool: memory=72.0 GiB/90.6 GiB, shm=72.0 GiB/367.1 GiB, cpus=48/72, running=3
Run selected ci-tagged tests	Run tests	2026-09-14T13:31:03.0433730Z [2026-09-14 15:31:03 +0200] [66/118] Running test 'cluster/node-evacuate-concurrency' (#default)
Run selected ci-tagged tests	Run tests	2026-09-14T13:32:56.6368203Z [2026-09-14 15:32:56 +0200] Status: passing; 96 succeeded as expected, 0 failed as expected, 0 unexpectedly failed, 0 unexpectedly succeeded; 3 running, 19 remaining
Run selected ci-tagged tests	Run tests	2026-09-14T13:36:08.8211284Z [2026-09-14 15:36:08 +0200] [65/118] Example [1/1] 'remote dataset migration moves the dataset to another primary pool with its data intact' succeeded in 150.04 seconds
Run selected ci-tagged tests	Run tests	2026-09-14T13:36:58.3625729Z [2026-09-14 15:36:58 +0200] [65/118] Test 'storage/dataset-migrate-remote' successful in 372.43 seconds
Run selected ci-tagged tests	Run tests	2026-09-14T13:36:58.3630404Z [2026-09-14 15:36:58 +0200] Reserved resources for 'cluster/2-node': machines=3, memory=24.0 GiB, shm=24.0 GiB, cpus=16; pool: memory=72.0 GiB/90.6 GiB, shm=72.0 GiB/367.1 GiB, cpus=48/72, running=3
Run selected ci-tagged tests	Run tests	2026-09-14T13:36:58.3653303Z [2026-09-14 15:36:58 +0200] [67/118] Running test 'cluster/2-node' (#default)
Run selected ci-tagged tests	Run tests	2026-09-14T13:36:58.3712773Z [2026-09-14 15:36:58 +0200] Waiting for resources: pool: memory=72.0 GiB/90.6 GiB, shm=72.0 GiB/367.1 GiB, cpus=48/72, running=3; pending: storage/backup-multiple-destinations-diverged-remote (machines=3, memory=24.0 GiB, shm=24.0 GiB, cpus=16), storage/backup-multiple-destinations-remote (machines=3, memory=24.0 GiB, shm=24.0 GiB, cpus=16), storage/dataset-destroy-after-rollback-history (machines=3, memory=24.0 GiB, shm=24.0 GiB, cpus=16)
Run selected ci-tagged tests	Run tests	2026-09-14T13:37:56.6378185Z [2026-09-14 15:37:56 +0200] Status: passing; 97 succeeded as expected, 0 failed as expected, 0 unexpectedly failed, 0 unexpectedly succeeded; 3 running, 18 remaining
Run selected ci-tagged tests	Run tests	2026-09-14T13:38:26.6188319Z [2026-09-14 15:38:26 +0200] [67/118] Example [1/3] 'cluster services API responds' succeeded in 49.33 seconds
Run selected ci-tagged tests	Run tests	2026-09-14T13:38:53.1695563Z [2026-09-14 15:38:53 +0200] [63/118] Example [1/1] 'remote VPS replace moves the replacement to node2 and reassigns interfaces there' succeeded in 341.11 seconds
Run selected ci-tagged tests	Run tests	2026-09-14T13:39:14.3534885Z [2026-09-14 15:39:14 +0200] [67/118] Example [2/3] 'cluster node1 nodectld is running' succeeded in 47.73 seconds
Run selected ci-tagged tests	Run tests	2026-09-14T13:39:15.0860797Z [2026-09-14 15:39:15 +0200] [67/118] Example [3/3] 'cluster node2 nodectld is running' succeeded in 0.73 seconds
Run selected ci-tagged tests	Run tests	2026-09-14T13:39:20.2432853Z [2026-09-14 15:39:20 +0200] [63/118] Test 'vps/replace-remote' successful in 535.75 seconds
Run selected ci-tagged tests	Run tests	2026-09-14T13:39:20.2437790Z [2026-09-14 15:39:20 +0200] Reserved resources for 'storage/backup-multiple-destinations-diverged-remote': machines=3, memory=24.0 GiB, shm=24.0 GiB, cpus=16; pool: memory=72.0 GiB/90.6 GiB, shm=72.0 GiB/367.1 GiB, cpus=48/72, running=3
Run selected ci-tagged tests	Run tests	2026-09-14T13:39:20.2462668Z [2026-09-14 15:39:20 +0200] [68/118] Running test 'storage/backup-multiple-destinations-diverged-remote' (#default)
Run selected ci-tagged tests	Run tests	2026-09-14T13:39:20.2504070Z [2026-09-14 15:39:20 +0200] Waiting for resources: pool: memory=72.0 GiB/90.6 GiB, shm=72.0 GiB/367.1 GiB, cpus=48/72, running=3; pending: storage/backup-multiple-destinations-remote (machines=3, memory=24.0 GiB, shm=24.0 GiB, cpus=16), storage/dataset-destroy-after-rollback-history (machines=3, memory=24.0 GiB, shm=24.0 GiB, cpus=16), storage/source-rotation-after-backup-prune (machines=3, memory=24.0 GiB, shm=24.0 GiB, cpus=16)
Run selected ci-tagged tests	Run tests	2026-09-14T13:39:38.6603195Z [2026-09-14 15:39:38 +0200] [67/118] Test 'cluster/2-node' successful in 160.29 seconds
Run selected ci-tagged tests	Run tests	2026-09-14T13:39:38.6608395Z [2026-09-14 15:39:38 +0200] Reserved resources for 'storage/backup-multiple-destinations-remote': machines=3, memory=24.0 GiB, shm=24.0 GiB, cpus=16; pool: memory=72.0 GiB/90.6 GiB, shm=72.0 GiB/367.1 GiB, cpus=48/72, running=3
Run selected ci-tagged tests	Run tests	2026-09-14T13:39:38.6631411Z [2026-09-14 15:39:38 +0200] [69/118] Running test 'storage/backup-multiple-destinations-remote' (#default)
Run selected ci-tagged tests	Run tests	2026-09-14T13:42:56.6387395Z [2026-09-14 15:42:56 +0200] Status: passing; 99 succeeded as expected, 0 failed as expected, 0 unexpectedly failed, 0 unexpectedly succeeded; 3 running, 16 remaining
Run selected ci-tagged tests	Run tests	2026-09-14T13:43:36.2376401Z [2026-09-14 15:43:36 +0200] [68/118] Example [1/2] 'remote backups with diverged multiple destinations creates a VPS with one primary pool and two backup pools' succeeded in 96.95 seconds
Run selected ci-tagged tests	Run tests	2026-09-14T13:43:55.8215957Z [2026-09-14 15:43:55 +0200] [69/118] Example [1/2] 'remote backups with multiple destinations creates a VPS with one primary pool and two backup pools' succeeded in 98.03 seconds
Run selected ci-tagged tests	Run tests	2026-09-14T13:46:40.7982115Z [2026-09-14 15:46:40 +0200] [69/118] Example [2/2] 'remote backups with multiple destinations keeps the shared source snapshot needed by a lagging remote destination' succeeded in 164.98 seconds
Run selected ci-tagged tests	Run tests	2026-09-14T13:47:09.4048764Z [2026-09-14 15:47:09 +0200] [69/118] Test 'storage/backup-multiple-destinations-remote' successful in 450.74 seconds
Run selected ci-tagged tests	Run tests	2026-09-14T13:47:09.4055128Z [2026-09-14 15:47:09 +0200] Reserved resources for 'storage/dataset-destroy-after-rollback-history': machines=3, memory=24.0 GiB, shm=24.0 GiB, cpus=16; pool: memory=72.0 GiB/90.6 GiB, shm=72.0 GiB/367.1 GiB, cpus=48/72, running=3
Run selected ci-tagged tests	Run tests	2026-09-14T13:47:09.4074757Z [2026-09-14 15:47:09 +0200] [70/118] Running test 'storage/dataset-destroy-after-rollback-history' (#default)
Run selected ci-tagged tests	Run tests	2026-09-14T13:47:09.4124399Z [2026-09-14 15:47:09 +0200] Waiting for resources: pool: memory=72.0 GiB/90.6 GiB, shm=72.0 GiB/367.1 GiB, cpus=48/72, running=3; pending: storage/source-rotation-after-backup-prune (machines=3, memory=24.0 GiB, shm=24.0 GiB, cpus=16), storage/dataset-destroy-complex-history (machines=3, memory=24.0 GiB, shm=24.0 GiB, cpus=16), webui (machines=3, memory=24.0 GiB, shm=24.0 GiB, cpus=16)
Run selected ci-tagged tests	Run tests	2026-09-14T13:47:36.6775755Z [2026-09-14 15:47:36 +0200] [68/118] Example [2/2] 'remote backups with diverged multiple destinations preserves incremental viability for the lagging destination after the other destination is rebuilt' succeeded in 240.44 seconds
Run selected ci-tagged tests	Run tests	2026-09-14T13:47:56.6400153Z [2026-09-14 15:47:56 +0200] Status: passing; 100 succeeded as expected, 0 failed as expected, 0 unexpectedly failed, 0 unexpectedly succeeded; 3 running, 15 remaining
Run selected ci-tagged tests	Run tests	2026-09-14T13:48:03.3588842Z [2026-09-14 15:48:03 +0200] [68/118] Test 'storage/backup-multiple-destinations-diverged-remote' successful in 523.11 seconds
Run selected ci-tagged tests	Run tests	2026-09-14T13:48:03.3591308Z [2026-09-14 15:48:03 +0200] Reserved resources for 'storage/source-rotation-after-backup-prune': machines=3, memory=24.0 GiB, shm=24.0 GiB, cpus=16; pool: memory=72.0 GiB/90.6 GiB, shm=72.0 GiB/367.1 GiB, cpus=48/72, running=3
Run selected ci-tagged tests	Run tests	2026-09-14T13:48:03.3613585Z [2026-09-14 15:48:03 +0200] [73/118] Running test 'storage/source-rotation-after-backup-prune' (#default)
Run selected ci-tagged tests	Run tests	2026-09-14T13:49:42.7760081Z [2026-09-14 15:49:42 +0200] [66/118] Example [1/1] 'node evacuation concurrency honors plan concurrency and starts queued migrations in order' succeeded in 945.57 seconds
Run selected ci-tagged tests	Run tests	2026-09-14T13:50:09.4393037Z [2026-09-14 15:50:09 +0200] [66/118] Test 'cluster/node-evacuate-concurrency' successful in 1146.4 seconds
Run selected ci-tagged tests	Run tests	2026-09-14T13:50:09.4397883Z [2026-09-14 15:50:09 +0200] Reserved resources for 'storage/dataset-destroy-complex-history': machines=3, memory=24.0 GiB, shm=24.0 GiB, cpus=16; pool: memory=72.0 GiB/90.6 GiB, shm=72.0 GiB/367.1 GiB, cpus=48/72, running=3
Run selected ci-tagged tests	Run tests	2026-09-14T13:50:09.4424195Z [2026-09-14 15:50:09 +0200] [74/118] Running test 'storage/dataset-destroy-complex-history' (#default)
Run selected ci-tagged tests	Run tests	2026-09-14T13:50:09.4460105Z [2026-09-14 15:50:09 +0200] Waiting for resources: pool: memory=72.0 GiB/90.6 GiB, shm=72.0 GiB/367.1 GiB, cpus=48/72, running=3; pending: webui (machines=3, memory=24.0 GiB, shm=24.0 GiB, cpus=16), storage/complex-rotation-order-pending (machines=3, memory=24.0 GiB, shm=24.0 GiB, cpus=16), storage/history-divergence-new-tree (machines=3, memory=24.0 GiB, shm=24.0 GiB, cpus=16)
Run selected ci-tagged tests	Run tests	2026-09-14T13:50:51.4095336Z [2026-09-14 15:50:51 +0200] [70/118] Example [1/2] 'destroying a dataset after rollback history creates a standalone remote backup dataset' succeeded in 55.72 seconds
Run selected ci-tagged tests	Run tests	2026-09-14T13:51:43.0191304Z [2026-09-14 15:51:43 +0200] [73/118] Example [1/3] 'source rotation after backup prune creates a dataset with primary storage on node1 and backup storage on node2' succeeded in 56.42 seconds
Run selected ci-tagged tests	Run tests	2026-09-14T13:52:56.6413185Z [2026-09-14 15:52:56 +0200] Status: passing; 102 succeeded as expected, 0 failed as expected, 0 unexpectedly failed, 0 unexpectedly succeeded; 3 running, 13 remaining
Run selected ci-tagged tests	Run tests	2026-09-14T13:53:31.3842186Z [2026-09-14 15:53:31 +0200] [73/118] Example [2/3] 'source rotation after backup prune rotates away obsolete source snapshots after their old backup copy is pruned' succeeded in 108.36 seconds
Run selected ci-tagged tests	Run tests	2026-09-14T13:53:49.3693564Z [2026-09-14 15:53:49 +0200] [74/118] Example [1/2] 'destroying a dataset across complex history creates a standalone remote backup dataset' succeeded in 58.23 seconds
Run selected ci-tagged tests	Run tests	2026-09-14T13:54:46.0709020Z [2026-09-14 15:54:46 +0200] [70/118] Example [2/2] 'destroying a dataset after rollback history destroys the whole dataset after repeated rollback history' succeeded in 234.66 seconds
Run selected ci-tagged tests	Run tests	2026-09-14T13:55:13.1383782Z [2026-09-14 15:55:13 +0200] [70/118] Test 'storage/dataset-destroy-after-rollback-history' successful in 483.73 seconds
Run selected ci-tagged tests	Run tests	2026-09-14T13:55:13.1385849Z [2026-09-14 15:55:13 +0200] Reserved resources for 'webui': machines=3, memory=24.0 GiB, shm=24.0 GiB, cpus=16; pool: memory=72.0 GiB/90.6 GiB, shm=72.0 GiB/367.1 GiB, cpus=48/72, running=3
Run selected ci-tagged tests	Run tests	2026-09-14T13:55:13.1407064Z [2026-09-14 15:55:13 +0200] [76/118] Running test 'webui' (#vps-user-core, #admin-cluster, #transactions, #networking-dns, #jumpto, #misc-pages, #userns, #storage-backup-export, #support-pages, #vps-admin-ops, #vps-user-ops, #navigation-readonly, #security-advisories, #users-admin, #vps-lifecycle, #vps-admin-core, #users-self-service, #auth)
Run selected ci-tagged tests	Run tests	2026-09-14T13:55:13.1453722Z [2026-09-14 15:55:13 +0200] Waiting for resources: pool: memory=72.0 GiB/90.6 GiB, shm=72.0 GiB/367.1 GiB, cpus=48/72, running=3; pending: storage/complex-rotation-order-pending (machines=3, memory=24.0 GiB, shm=24.0 GiB, cpus=16), storage/history-divergence-new-tree (machines=3, memory=24.0 GiB, shm=24.0 GiB, cpus=16), vps/migrate-with-data-check (machines=3, memory=24.0 GiB, shm=24.0 GiB, cpus=16)
Run selected ci-tagged tests	Run tests	2026-09-14T13:55:36.8571372Z [2026-09-14 15:55:36 +0200] [73/118] Example [3/3] 'source rotation after backup prune keeps a source snapshot when newer backup copies are only in a non-head tree' succeeded in 125.47 seconds
Run selected ci-tagged tests	Run tests	2026-09-14T13:56:03.9138066Z [2026-09-14 15:56:03 +0200] [73/118] Test 'storage/source-rotation-after-backup-prune' successful in 480.55 seconds
Run selected ci-tagged tests	Run tests	2026-09-14T13:56:03.9141632Z [2026-09-14 15:56:03 +0200] Reserved resources for 'storage/complex-rotation-order-pending': machines=3, memory=24.0 GiB, shm=24.0 GiB, cpus=16; pool: memory=72.0 GiB/90.6 GiB, shm=72.0 GiB/367.1 GiB, cpus=48/72, running=3
Run selected ci-tagged tests	Run tests	2026-09-14T13:56:03.9154542Z [2026-09-14 15:56:03 +0200] [85/118] Running test 'storage/complex-rotation-order-pending' (#default)
Run selected ci-tagged tests	Run tests	2026-09-14T13:57:56.6416573Z [2026-09-14 15:57:56 +0200] Status: passing; 104 succeeded as expected, 0 failed as expected, 0 unexpectedly failed, 0 unexpectedly succeeded; 3 running, 11 remaining
Run selected ci-tagged tests	Run tests	2026-09-14T13:59:15.3118946Z [2026-09-14 15:59:15 +0200] [74/118] Example [2/2] 'destroying a dataset across complex history destroys the dataset across tree switches without dependency-order failures' succeeded in 325.94 seconds
Run selected ci-tagged tests	Run tests	2026-09-14T14:00:18.6203864Z [2026-09-14 16:00:18 +0200] [85/118] Example [1/2] 'rotating a complex multi-tree backup topology creates a VPS with primary storage on node1 and backup storage on node2' succeeded in 87.25 seconds
Run selected ci-tagged tests	Run tests	2026-09-14T14:02:56.6426854Z [2026-09-14 16:02:56 +0200] Status: passing; 104 succeeded as expected, 0 failed as expected, 0 unexpectedly failed, 0 unexpectedly succeeded; 3 running, 11 remaining
Run selected ci-tagged tests	Run tests	2026-09-14T14:04:33.7260684Z [2026-09-14 16:04:33 +0200] [74/118] Test 'storage/dataset-destroy-complex-history' successful in 864.28 seconds
Run selected ci-tagged tests	Run tests	2026-09-14T14:04:33.7265882Z [2026-09-14 16:04:33 +0200] Reserved resources for 'storage/history-divergence-new-tree': machines=3, memory=24.0 GiB, shm=24.0 GiB, cpus=16; pool: memory=72.0 GiB/90.6 GiB, shm=72.0 GiB/367.1 GiB, cpus=48/72, running=3
Run selected ci-tagged tests	Run tests	2026-09-14T14:04:33.7291188Z [2026-09-14 16:04:33 +0200] [89/118] Running test 'storage/history-divergence-new-tree' (#default)
Run selected ci-tagged tests	Run tests	2026-09-14T14:04:33.7355473Z [2026-09-14 16:04:33 +0200] Waiting for resources: pool: memory=72.0 GiB/90.6 GiB, shm=72.0 GiB/367.1 GiB, cpus=48/72, running=3; pending: vps/migrate-with-data-check (machines=3, memory=24.0 GiB, shm=24.0 GiB, cpus=16), storage/topology-reconciliation (machines=3, memory=24.0 GiB, shm=24.0 GiB, cpus=16), vps/clone-with-descendants-and-mounts (machines=3, memory=24.0 GiB, shm=24.0 GiB, cpus=16)
Run selected ci-tagged tests	Run tests	2026-09-14T14:07:56.6445527Z [2026-09-14 16:07:56 +0200] Status: passing; 105 succeeded as expected, 0 failed as expected, 0 unexpectedly failed, 0 unexpectedly succeeded; 3 running, 10 remaining
Run selected ci-tagged tests	Run tests	2026-09-14T14:08:39.2991508Z [2026-09-14 16:08:39 +0200] [89/118] Example [1/2] 'history divergence after reinstall creates a VPS with primary storage on node1 and backup storage on node2' succeeded in 84.23 seconds
Run selected ci-tagged tests	Run tests	2026-09-14T14:09:57.1442206Z [2026-09-14 16:09:57 +0200] [85/118] Example [2/2] 'rotating a complex multi-tree backup topology keeps a pending contract for dependency-safe aggressive rotation across tree switches' pending in 578.52 seconds
Run selected ci-tagged tests	Run tests	2026-09-14T14:10:47.4305403Z [2026-09-14 16:10:47 +0200] [85/118] Test 'storage/complex-rotation-order-pending' successful in 883.51 seconds
Run selected ci-tagged tests	Run tests	2026-09-14T14:10:47.4310677Z [2026-09-14 16:10:47 +0200] Reserved resources for 'vps/migrate-with-data-check': machines=3, memory=24.0 GiB, shm=24.0 GiB, cpus=16; pool: memory=72.0 GiB/90.6 GiB, shm=72.0 GiB/367.1 GiB, cpus=48/72, running=3
Run selected ci-tagged tests	Run tests	2026-09-14T14:10:47.4335457Z [2026-09-14 16:10:47 +0200] [90/118] Running test 'vps/migrate-with-data-check' (#default)
Run selected ci-tagged tests	Run tests	2026-09-14T14:10:47.4406293Z [2026-09-14 16:10:47 +0200] Waiting for resources: pool: memory=72.0 GiB/90.6 GiB, shm=72.0 GiB/367.1 GiB, cpus=48/72, running=3; pending: storage/topology-reconciliation (machines=3, memory=24.0 GiB, shm=24.0 GiB, cpus=16), vps/clone-with-descendants-and-mounts (machines=3, memory=24.0 GiB, shm=24.0 GiB, cpus=16), storage/dataset-migrate-rsync-remote (machines=3, memory=24.0 GiB, shm=24.0 GiB, cpus=16)
Run selected ci-tagged tests	Run tests	2026-09-14T14:10:56.0607971Z [2026-09-14 16:10:56 +0200] [89/118] Example [2/2] 'history divergence after reinstall creates a new backup tree instead of silently warning and returning' succeeded in 136.76 seconds
Run selected ci-tagged tests	Run tests	2026-09-14T14:11:22.4367448Z [2026-09-14 16:11:22 +0200] [89/118] Test 'storage/history-divergence-new-tree' successful in 408.71 seconds
Run selected ci-tagged tests	Run tests	2026-09-14T14:11:22.4369105Z [2026-09-14 16:11:22 +0200] Reserved resources for 'storage/topology-reconciliation': machines=3, memory=24.0 GiB, shm=24.0 GiB, cpus=16; pool: memory=72.0 GiB/90.6 GiB, shm=72.0 GiB/367.1 GiB, cpus=48/72, running=3
Run selected ci-tagged tests	Run tests	2026-09-14T14:11:22.4394553Z [2026-09-14 16:11:22 +0200] [91/118] Running test 'storage/topology-reconciliation' (#default)
Run selected ci-tagged tests	Run tests	2026-09-14T14:12:56.6453837Z [2026-09-14 16:12:56 +0200] Status: passing; 107 succeeded as expected, 0 failed as expected, 0 unexpectedly failed, 0 unexpectedly succeeded; 3 running, 8 remaining
Run selected ci-tagged tests	Run tests	2026-09-14T14:15:35.9951504Z [2026-09-14 16:15:35 +0200] [91/118] Example [1/3] 'DB and ZFS topology reconciliation creates a VPS with primary storage on node1 and backup storage on node2' succeeded in 89.76 seconds
Run selected ci-tagged tests	Run tests	2026-09-14T14:16:35.0311954Z [2026-09-14 16:16:35 +0200] [90/118] Example [1/1] 'VPS migration with data verification moves the VPS to node2 and preserves its root dataset contents' succeeded in 186.57 seconds
Run selected ci-tagged tests	Run tests	2026-09-14T14:17:02.6300610Z [2026-09-14 16:17:02 +0200] [90/118] Test 'vps/migrate-with-data-check' successful in 375.2 seconds
Run selected ci-tagged tests	Run tests	2026-09-14T14:17:02.6306436Z [2026-09-14 16:17:02 +0200] Reserved resources for 'vps/clone-with-descendants-and-mounts': machines=3, memory=24.0 GiB, shm=24.0 GiB, cpus=16; pool: memory=72.0 GiB/90.6 GiB, shm=72.0 GiB/367.1 GiB, cpus=48/72, running=3
Run selected ci-tagged tests	Run tests	2026-09-14T14:17:02.6328857Z [2026-09-14 16:17:02 +0200] [93/118] Running test 'vps/clone-with-descendants-and-mounts' (#default)
Run selected ci-tagged tests	Run tests	2026-09-14T14:17:02.6366779Z [2026-09-14 16:17:02 +0200] Waiting for resources: pool: memory=72.0 GiB/90.6 GiB, shm=72.0 GiB/367.1 GiB, cpus=48/72, running=3; pending: storage/dataset-migrate-rsync-remote (machines=3, memory=24.0 GiB, shm=24.0 GiB, cpus=16), storage/snapshot-download-incremental-branch-mismatch (machines=3, memory=24.0 GiB, shm=24.0 GiB, cpus=16), storage/vps-hard-delete-after-complex-history (machines=3, memory=24.0 GiB, shm=24.0 GiB, cpus=16)
Run selected ci-tagged tests	Run tests	2026-09-14T14:17:56.6460176Z [2026-09-14 16:17:56 +0200] Status: passing; 108 succeeded as expected, 0 failed as expected, 0 unexpectedly failed, 0 unexpectedly succeeded; 3 running, 7 remaining
Run selected ci-tagged tests	Run tests	2026-09-14T14:20:08.2892471Z [2026-09-14 16:20:08 +0200] [91/118] Example [2/3] 'DB and ZFS topology reconciliation builds a simple rollback topology on the remote backup dataset' succeeded in 272.29 seconds
Run selected ci-tagged tests	Run tests	2026-09-14T14:20:08.4835822Z [2026-09-14 16:20:08 +0200] [91/118] Example [3/3] 'DB and ZFS topology reconciliation keeps DB dependency metadata aligned with ZFS origin and clone state' succeeded in 0.19 seconds
Run selected ci-tagged tests	Run tests	2026-09-14T14:20:35.5668265Z [2026-09-14 16:20:35 +0200] [91/118] Test 'storage/topology-reconciliation' successful in 553.13 seconds
Run selected ci-tagged tests	Run tests	2026-09-14T14:20:35.5673280Z [2026-09-14 16:20:35 +0200] Reserved resources for 'storage/dataset-migrate-rsync-remote': machines=3, memory=24.0 GiB, shm=24.0 GiB, cpus=16; pool: memory=72.0 GiB/90.6 GiB, shm=72.0 GiB/367.1 GiB, cpus=48/72, running=3
Run selected ci-tagged tests	Run tests	2026-09-14T14:20:35.5693825Z [2026-09-14 16:20:35 +0200] [94/118] Running test 'storage/dataset-migrate-rsync-remote' (#default)
Run selected ci-tagged tests	Run tests	2026-09-14T14:20:35.5732582Z [2026-09-14 16:20:35 +0200] Waiting for resources: pool: memory=72.0 GiB/90.6 GiB, shm=72.0 GiB/367.1 GiB, cpus=48/72, running=3; pending: storage/snapshot-download-incremental-branch-mismatch (machines=3, memory=24.0 GiB, shm=24.0 GiB, cpus=16), storage/vps-hard-delete-after-complex-history (machines=3, memory=24.0 GiB, shm=24.0 GiB, cpus=16), vps/clone-remote (machines=3, memory=24.0 GiB, shm=24.0 GiB, cpus=16)
Run selected ci-tagged tests	Run tests	2026-09-14T14:22:56.6471753Z [2026-09-14 16:22:56 +0200] Status: passing; 109 succeeded as expected, 0 failed as expected, 0 unexpectedly failed, 0 unexpectedly succeeded; 3 running, 6 remaining
Run selected ci-tagged tests	Run tests	2026-09-14T14:23:31.4820701Z [2026-09-14 16:23:31 +0200] [93/118] Example [1/1] 'remote VPS clone with descendants and mounts copies descendant datasets and remaps descendant mounts to the clone' succeeded in 225.88 seconds
Run selected ci-tagged tests	Run tests	2026-09-14T14:24:00.5648200Z [2026-09-14 16:24:00 +0200] [93/118] Test 'vps/clone-with-descendants-and-mounts' successful in 417.93 seconds
Run selected ci-tagged tests	Run tests	2026-09-14T14:24:00.5653707Z [2026-09-14 16:24:00 +0200] Reserved resources for 'storage/snapshot-download-incremental-branch-mismatch': machines=3, memory=24.0 GiB, shm=24.0 GiB, cpus=16; pool: memory=72.0 GiB/90.6 GiB, shm=72.0 GiB/367.1 GiB, cpus=48/72, running=3
Run selected ci-tagged tests	Run tests	2026-09-14T14:24:00.5678624Z [2026-09-14 16:24:00 +0200] [96/118] Running test 'storage/snapshot-download-incremental-branch-mismatch' (#default)
Run selected ci-tagged tests	Run tests	2026-09-14T14:24:00.5727854Z [2026-09-14 16:24:00 +0200] Waiting for resources: pool: memory=72.0 GiB/90.6 GiB, shm=72.0 GiB/367.1 GiB, cpus=48/72, running=3; pending: storage/vps-hard-delete-after-complex-history (machines=3, memory=24.0 GiB, shm=24.0 GiB, cpus=16), vps/clone-remote (machines=3, memory=24.0 GiB, shm=24.0 GiB, cpus=16), storage/backup-full-incremental-remote (machines=3, memory=24.0 GiB, shm=24.0 GiB, cpus=16)
Run selected ci-tagged tests	Run tests	2026-09-14T14:24:43.4824363Z [2026-09-14 16:24:43 +0200] [76/118] Example [1/1] 'webui user VPS core browser flow passes Playwright user VPS core tests' succeeded in 1451.26 seconds
Run selected ci-tagged tests	Run tests	2026-09-14T14:24:43.4826600Z [2026-09-14 16:24:43 +0200] [76/118] Script 'webui#vps-user-core' successful in 1631.15 seconds
Run selected ci-tagged tests	Run tests	2026-09-14T14:25:37.8566080Z [2026-09-14 16:25:37 +0200] [94/118] Example [1/1] 'remote dataset migration over rsync moves the dataset with rsync-specific transactions and intact data' succeeded in 141.85 seconds
Run selected ci-tagged tests	Run tests	2026-09-14T14:26:31.3377209Z [2026-09-14 16:26:31 +0200] [94/118] Test 'storage/dataset-migrate-rsync-remote' successful in 355.77 seconds
Run selected ci-tagged tests	Run tests	2026-09-14T14:26:31.3382864Z [2026-09-14 16:26:31 +0200] Reserved resources for 'storage/vps-hard-delete-after-complex-history': machines=3, memory=24.0 GiB, shm=24.0 GiB, cpus=16; pool: memory=72.0 GiB/90.6 GiB, shm=72.0 GiB/367.1 GiB, cpus=48/72, running=3
Run selected ci-tagged tests	Run tests	2026-09-14T14:26:31.3403639Z [2026-09-14 16:26:31 +0200] [101/118] Running test 'storage/vps-hard-delete-after-complex-history' (#default)
Run selected ci-tagged tests	Run tests	2026-09-14T14:26:31.3451736Z [2026-09-14 16:26:31 +0200] Waiting for resources: pool: memory=72.0 GiB/90.6 GiB, shm=72.0 GiB/367.1 GiB, cpus=48/72, running=3; pending: vps/clone-remote (machines=3, memory=24.0 GiB, shm=24.0 GiB, cpus=16), storage/backup-full-incremental-remote (machines=3, memory=24.0 GiB, shm=24.0 GiB, cpus=16), cluster/generate-migration-keys (machines=3, memory=24.0 GiB, shm=24.0 GiB, cpus=16)
Run selected ci-tagged tests	Run tests	2026-09-14T14:27:52.7705847Z [2026-09-14 16:27:52 +0200] [76/118] Example [1/1] 'webui admin cluster browser flow passes Playwright admin cluster tests' succeeded in 154.15 seconds
Run selected ci-tagged tests	Run tests	2026-09-14T14:27:52.7710004Z [2026-09-14 16:27:52 +0200] [76/118] Script 'webui#admin-cluster' successful in 189.29 seconds
Run selected ci-tagged tests	Run tests	2026-09-14T14:27:56.6479947Z [2026-09-14 16:27:56 +0200] Status: passing; 111 succeeded as expected, 0 failed as expected, 0 unexpectedly failed, 0 unexpectedly succeeded; 3 running, 4 remaining
Run selected ci-tagged tests	Run tests	2026-09-14T14:29:26.5886684Z [2026-09-14 16:29:26 +0200] [76/118] Example [1/1] 'webui transactions browser flow passes Playwright transaction tests' succeeded in 59.95 seconds
Run selected ci-tagged tests	Run tests	2026-09-14T14:29:26.5890622Z [2026-09-14 16:29:26 +0200] [76/118] Script 'webui#transactions' successful in 93.82 seconds
Run selected ci-tagged tests	Run tests	2026-09-14T14:30:28.0100591Z [2026-09-14 16:30:28 +0200] [96/118] Example [1/1] 'incremental download across mismatched backup branches fails during planning instead of sending from the wrong branch' succeeded in 225.8 seconds
Run selected ci-tagged tests	Run tests	2026-09-14T14:31:19.1440619Z [2026-09-14 16:31:19 +0200] [76/118] Example [1/1] 'webui networking and DNS browser flow passes Playwright networking and DNS tests' succeeded in 80.13 seconds
Run selected ci-tagged tests	Run tests	2026-09-14T14:31:19.1444283Z [2026-09-14 16:31:19 +0200] [76/118] Script 'webui#networking-dns' successful in 112.56 seconds
Run selected ci-tagged tests	Run tests	2026-09-14T14:31:19.1984320Z [2026-09-14 16:31:19 +0200] [96/118] Test 'storage/snapshot-download-incremental-branch-mismatch' successful in 438.63 seconds
Run selected ci-tagged tests	Run tests	2026-09-14T14:31:19.1989119Z [2026-09-14 16:31:19 +0200] Reserved resources for 'vps/clone-remote': machines=3, memory=24.0 GiB, shm=24.0 GiB, cpus=16; pool: memory=72.0 GiB/90.6 GiB, shm=72.0 GiB/367.1 GiB, cpus=48/72, running=3
Run selected ci-tagged tests	Run tests	2026-09-14T14:31:19.2014241Z [2026-09-14 16:31:19 +0200] [106/118] Running test 'vps/clone-remote' (#default)
Run selected ci-tagged tests	Run tests	2026-09-14T14:31:19.2071958Z [2026-09-14 16:31:19 +0200] Waiting for resources: pool: memory=72.0 GiB/90.6 GiB, shm=72.0 GiB/367.1 GiB, cpus=48/72, running=3; pending: storage/backup-full-incremental-remote (machines=3, memory=24.0 GiB, shm=24.0 GiB, cpus=16), cluster/generate-migration-keys (machines=3, memory=24.0 GiB, shm=24.0 GiB, cpus=16), vps/migrate-with-subdataset-mounts (machines=3, memory=24.0 GiB, shm=24.0 GiB, cpus=16)
Run selected ci-tagged tests	Run tests	2026-09-14T14:32:31.2703944Z [2026-09-14 16:32:31 +0200] [76/118] Example [1/1] 'webui admin jumpto browser flow passes Playwright jumpto tests' succeeded in 39.36 seconds
Run selected ci-tagged tests	Run tests	2026-09-14T14:32:31.2707172Z [2026-09-14 16:32:31 +0200] [76/118] Script 'webui#jumpto' successful in 72.13 seconds
Run selected ci-tagged tests	Run tests	2026-09-14T14:32:56.6488855Z [2026-09-14 16:32:56 +0200] Status: passing; 112 succeeded as expected, 0 failed as expected, 0 unexpectedly failed, 0 unexpectedly succeeded; 3 running, 3 remaining
Run selected ci-tagged tests	Run tests	2026-09-14T14:34:08.6832248Z [2026-09-14 16:34:08 +0200] [76/118] Example [1/1] 'webui miscellaneous page browser flow passes Playwright miscellaneous page tests' succeeded in 64.53 seconds
Run selected ci-tagged tests	Run tests	2026-09-14T14:34:08.6835897Z [2026-09-14 16:34:08 +0200] [76/118] Script 'webui#misc-pages' successful in 97.41 seconds
Run selected ci-tagged tests	Run tests	2026-09-14T14:35:34.0412936Z [2026-09-14 16:35:34 +0200] [76/118] Example [1/1] 'webui user namespace browser flow passes Playwright user namespace tests' succeeded in 52.67 seconds
Run selected ci-tagged tests	Run tests	2026-09-14T14:35:34.0416324Z [2026-09-14 16:35:34 +0200] [76/118] Script 'webui#userns' successful in 85.36 seconds
Run selected ci-tagged tests	Run tests	2026-09-14T14:37:53.8523027Z [2026-09-14 16:37:53 +0200] [106/118] Example [1/1] 'remote VPS clone clones the VPS to node2 with remote send steps' succeeded in 236.29 seconds
Run selected ci-tagged tests	Run tests	2026-09-14T14:37:56.6496029Z [2026-09-14 16:37:56 +0200] Status: passing; 112 succeeded as expected, 0 failed as expected, 0 unexpectedly failed, 0 unexpectedly succeeded; 3 running, 3 remaining
Run selected ci-tagged tests	Run tests	2026-09-14T14:38:21.3886441Z [2026-09-14 16:38:21 +0200] [106/118] Test 'vps/clone-remote' successful in 422.19 seconds
Run selected ci-tagged tests	Run tests	2026-09-14T14:38:21.3891770Z [2026-09-14 16:38:21 +0200] Reserved resources for 'storage/backup-full-incremental-remote': machines=3, memory=24.0 GiB, shm=24.0 GiB, cpus=16; pool: memory=72.0 GiB/90.6 GiB, shm=72.0 GiB/367.1 GiB, cpus=48/72, running=3
Run selected ci-tagged tests	Run tests	2026-09-14T14:38:21.3915661Z [2026-09-14 16:38:21 +0200] [108/118] Running test 'storage/backup-full-incremental-remote' (#default)
Run selected ci-tagged tests	Run tests	2026-09-14T14:38:21.3949507Z [2026-09-14 16:38:21 +0200] Waiting for resources: pool: memory=72.0 GiB/90.6 GiB, shm=72.0 GiB/367.1 GiB, cpus=48/72, running=3; pending: cluster/generate-migration-keys (machines=3, memory=24.0 GiB, shm=24.0 GiB, cpus=16), vps/migrate-with-subdataset-mounts (machines=3, memory=24.0 GiB, shm=24.0 GiB, cpus=16)
Run selected ci-tagged tests	Run tests	2026-09-14T14:39:19.1097518Z [2026-09-14 16:39:19 +0200] [101/118] Example [1/1] 'VPS hard delete after complex history hard-deletes the VPS while keeping remaining backup metadata consistent' succeeded in 605.79 seconds
Run selected ci-tagged tests	Run tests	2026-09-14T14:39:45.5366092Z [2026-09-14 16:39:45 +0200] [101/118] Test 'storage/vps-hard-delete-after-complex-history' successful in 794.2 seconds
Run selected ci-tagged tests	Run tests	2026-09-14T14:39:45.5371185Z [2026-09-14 16:39:45 +0200] Reserved resources for 'cluster/generate-migration-keys': machines=3, memory=24.0 GiB, shm=24.0 GiB, cpus=16; pool: memory=72.0 GiB/90.6 GiB, shm=72.0 GiB/367.1 GiB, cpus=48/72, running=3
Run selected ci-tagged tests	Run tests	2026-09-14T14:39:45.5402148Z [2026-09-14 16:39:45 +0200] [114/118] Running test 'cluster/generate-migration-keys' (#default)
Run selected ci-tagged tests	Run tests	2026-09-14T14:39:45.5442562Z [2026-09-14 16:39:45 +0200] Waiting for resources: pool: memory=72.0 GiB/90.6 GiB, shm=72.0 GiB/367.1 GiB, cpus=48/72, running=3; pending: vps/migrate-with-subdataset-mounts (machines=3, memory=24.0 GiB, shm=24.0 GiB, cpus=16)
Run selected ci-tagged tests	Run tests	2026-09-14T14:40:13.7483611Z [2026-09-14 16:40:13 +0200] [76/118] Example [1/1] 'webui storage backup export browser flow passes Playwright storage, backup, dataset, and export tests' succeeded in 182.47 seconds
Run selected ci-tagged tests	Run tests	2026-09-14T14:40:13.7487907Z [2026-09-14 16:40:13 +0200] [76/118] Script 'webui#storage-backup-export' successful in 279.71 seconds
Run selected ci-tagged tests	Run tests	2026-09-14T14:42:31.3394607Z [2026-09-14 16:42:31 +0200] [108/118] Example [1/4] 'remote full and incremental backup creates a VPS with primary storage on node1 and backup storage on node2' succeeded in 90.31 seconds
Run selected ci-tagged tests	Run tests	2026-09-14T14:42:44.8728742Z [2026-09-14 16:42:44 +0200] [76/118] Example [1/1] 'webui support and status browser flow passes Playwright support and status tests' succeeded in 116.51 seconds
Run selected ci-tagged tests	Run tests	2026-09-14T14:42:44.8732957Z [2026-09-14 16:42:44 +0200] [76/118] Script 'webui#support-pages' successful in 151.12 seconds
Run selected ci-tagged tests	Run tests	2026-09-14T14:42:56.6503815Z [2026-09-14 16:42:56 +0200] Status: passing; 114 succeeded as expected, 0 failed as expected, 0 unexpectedly failed, 0 unexpectedly succeeded; 3 running, 1 remaining
Run selected ci-tagged tests	Run tests	2026-09-14T14:43:18.5877878Z [2026-09-14 16:43:18 +0200] [108/118] Example [2/4] 'remote full and incremental backup backs up the first snapshot over the remote send/recv path' succeeded in 47.25 seconds
Run selected ci-tagged tests	Run tests	2026-09-14T14:43:32.8421078Z [2026-09-14 16:43:32 +0200] [114/118] Example [1/1] 'cluster generate_migration_keys generates send keys on eligible pools and persists public keys' succeeded in 76.34 seconds
Run selected ci-tagged tests	Run tests	2026-09-14T14:43:41.9583569Z [2026-09-14 16:43:41 +0200] [108/118] Example [3/4] 'remote full and incremental backup keeps only the latest shared source snapshot after the second backup rotation' succeeded in 23.37 seconds
Run selected ci-tagged tests	Run tests	2026-09-14T14:43:58.1403418Z [2026-09-14 16:43:58 +0200] [114/118] Test 'cluster/generate-migration-keys' successful in 252.6 seconds
Run selected ci-tagged tests	Run tests	2026-09-14T14:43:58.1406632Z [2026-09-14 16:43:58 +0200] Reserved resources for 'vps/migrate-with-subdataset-mounts': machines=3, memory=24.0 GiB, shm=24.0 GiB, cpus=16; pool: memory=72.0 GiB/90.6 GiB, shm=72.0 GiB/367.1 GiB, cpus=48/72, running=3
Run selected ci-tagged tests	Run tests	2026-09-14T14:43:58.1433414Z [2026-09-14 16:43:58 +0200] [116/118] Running test 'vps/migrate-with-subdataset-mounts' (#default)
Run selected ci-tagged tests	Run tests	2026-09-14T14:44:06.5397628Z [2026-09-14 16:44:06 +0200] [108/118] Example [4/4] 'remote full and incremental backup continues incremental backups on the same remote head branch' succeeded in 24.58 seconds
Run selected ci-tagged tests	Run tests	2026-09-14T14:45:01.1942606Z [2026-09-14 16:45:01 +0200] [108/118] Test 'storage/backup-full-incremental-remote' successful in 399.8 seconds
Run selected ci-tagged tests	Run tests	2026-09-14T14:47:56.6511230Z [2026-09-14 16:47:56 +0200] Status: passing; 116 succeeded as expected, 0 failed as expected, 0 unexpectedly failed, 0 unexpectedly succeeded; 2 running, 0 remaining
Run selected ci-tagged tests	Run tests	2026-09-14T14:50:07.3654051Z [2026-09-14 16:50:07 +0200] [116/118] Example [1/1] 'VPS migration with subdataset mounts remaps mounted subdatasets to the destination dataset in pool' succeeded in 208.67 seconds
Run selected ci-tagged tests	Run tests	2026-09-14T14:50:34.5106171Z [2026-09-14 16:50:34 +0200] [116/118] Test 'vps/migrate-with-subdataset-mounts' successful in 396.37 seconds
Run selected ci-tagged tests	Run tests	2026-09-14T14:52:56.6517104Z [2026-09-14 16:52:56 +0200] Status: passing; 117 succeeded as expected, 0 failed as expected, 0 unexpectedly failed, 0 unexpectedly succeeded; 1 running, 0 remaining
Run selected ci-tagged tests	Run tests	2026-09-14T14:57:56.6529137Z [2026-09-14 16:57:56 +0200] Status: passing; 117 succeeded as expected, 0 failed as expected, 0 unexpectedly failed, 0 unexpectedly succeeded; 1 running, 0 remaining
Run selected ci-tagged tests	Run tests	2026-09-14T15:02:56.6537218Z [2026-09-14 17:02:56 +0200] Status: passing; 117 succeeded as expected, 0 failed as expected, 0 unexpectedly failed, 0 unexpectedly succeeded; 1 running, 0 remaining
Run selected ci-tagged tests	Run tests	2026-09-14T15:04:18.9081500Z [2026-09-14 17:04:18 +0200] [76/118] Example [1/1] 'webui admin VPS long operation browser flow passes Playwright admin VPS long operation tests' succeeded in 1148.33 seconds
Run selected ci-tagged tests	Run tests	2026-09-14T15:04:18.9086085Z [2026-09-14 17:04:18 +0200] [76/118] Script 'webui#vps-admin-ops' successful in 1294.03 seconds
Run selected ci-tagged tests	Run tests	2026-09-14T15:07:56.6550918Z [2026-09-14 17:07:56 +0200] Status: passing; 117 succeeded as expected, 0 failed as expected, 0 unexpectedly failed, 0 unexpectedly succeeded; 1 running, 0 remaining
Run selected ci-tagged tests	Run tests	2026-09-14T15:12:56.6557246Z [2026-09-14 17:12:56 +0200] Status: passing; 117 succeeded as expected, 0 failed as expected, 0 unexpectedly failed, 0 unexpectedly succeeded; 1 running, 0 remaining
Run selected ci-tagged tests	Run tests	2026-09-14T15:17:56.6562680Z [2026-09-14 17:17:56 +0200] Status: passing; 117 succeeded as expected, 0 failed as expected, 0 unexpectedly failed, 0 unexpectedly succeeded; 1 running, 0 remaining
Run selected ci-tagged tests	Run tests	2026-09-14T15:22:56.6574759Z [2026-09-14 17:22:56 +0200] Status: passing; 117 succeeded as expected, 0 failed as expected, 0 unexpectedly failed, 0 unexpectedly succeeded; 1 running, 0 remaining
Run selected ci-tagged tests	Run tests	2026-09-14T15:25:15.5747890Z [2026-09-14 17:25:15 +0200] [76/118] Example [1/1] 'webui user VPS side operation browser flow passes Playwright user VPS side operation tests' succeeded in 1189.94 seconds
Run selected ci-tagged tests	Run tests	2026-09-14T15:25:15.5749956Z [2026-09-14 17:25:15 +0200] [76/118] Script 'webui#vps-user-ops' successful in 1256.67 seconds
Run selected ci-tagged tests	Run tests	2026-09-14T15:26:44.0039751Z [2026-09-14 17:26:44 +0200] [76/118] Example [1/1] 'webui read-only navigation browser flow passes Playwright read-only navigation tests' succeeded in 55.22 seconds
Run selected ci-tagged tests	Run tests	2026-09-14T15:26:44.0043579Z [2026-09-14 17:26:44 +0200] [76/118] Script 'webui#navigation-readonly' successful in 88.43 seconds
Run selected ci-tagged tests	Run tests	2026-09-14T15:27:56.6581666Z [2026-09-14 17:27:56 +0200] Status: passing; 117 succeeded as expected, 0 failed as expected, 0 unexpectedly failed, 0 unexpectedly succeeded; 1 running, 0 remaining
Run selected ci-tagged tests	Run tests	2026-09-14T15:29:13.0069105Z [2026-09-14 17:29:13 +0200] [76/118] Example [1/1] 'webui security advisory browser flow passes Playwright security advisory tests' succeeded in 116.29 seconds
Run selected ci-tagged tests	Run tests	2026-09-14T15:29:13.0073315Z [2026-09-14 17:29:13 +0200] [76/118] Script 'webui#security-advisories' successful in 149.0 seconds
Run selected ci-tagged tests	Run tests	2026-09-14T15:31:55.3789927Z [2026-09-14 17:31:55 +0200] [76/118] Example [1/1] 'webui admin member management browser flow passes Playwright admin member management tests' succeeded in 129.25 seconds
Run selected ci-tagged tests	Run tests	2026-09-14T15:31:55.3793844Z [2026-09-14 17:31:55 +0200] [76/118] Script 'webui#users-admin' successful in 162.37 seconds
Run selected ci-tagged tests	Run tests	2026-09-14T15:32:56.6591756Z [2026-09-14 17:32:56 +0200] Status: passing; 117 succeeded as expected, 0 failed as expected, 0 unexpectedly failed, 0 unexpectedly succeeded; 1 running, 0 remaining
Run selected ci-tagged tests	Run tests	2026-09-14T15:37:56.6601883Z [2026-09-14 17:37:56 +0200] Status: passing; 117 succeeded as expected, 0 failed as expected, 0 unexpectedly failed, 0 unexpectedly succeeded; 1 running, 0 remaining
Run selected ci-tagged tests	Run tests	2026-09-14T15:42:56.6611818Z [2026-09-14 17:42:56 +0200] Status: passing; 117 succeeded as expected, 0 failed as expected, 0 unexpectedly failed, 0 unexpectedly succeeded; 1 running, 0 remaining
Run selected ci-tagged tests	Run tests	2026-09-14T15:43:38.3780177Z [2026-09-14 17:43:38 +0200] [76/118] Example [1/1] 'webui VPS lifecycle browser flow passes Playwright VPS lifecycle tests' succeeded in 667.94 seconds
Run selected ci-tagged tests	Run tests	2026-09-14T15:43:38.3783676Z [2026-09-14 17:43:38 +0200] [76/118] Script 'webui#vps-lifecycle' successful in 703.0 seconds
Run selected ci-tagged tests	Run tests	2026-09-14T15:47:56.6619143Z [2026-09-14 17:47:56 +0200] Status: passing; 117 succeeded as expected, 0 failed as expected, 0 unexpectedly failed, 0 unexpectedly succeeded; 1 running, 0 remaining
Run selected ci-tagged tests	Run tests	2026-09-14T15:52:56.6630473Z [2026-09-14 17:52:56 +0200] Status: passing; 117 succeeded as expected, 0 failed as expected, 0 unexpectedly failed, 0 unexpectedly succeeded; 1 running, 0 remaining
Run selected ci-tagged tests	Run tests	2026-09-14T15:57:56.6634772Z [2026-09-14 17:57:56 +0200] Status: passing; 117 succeeded as expected, 0 failed as expected, 0 unexpectedly failed, 0 unexpectedly succeeded; 1 running, 0 remaining
Run selected ci-tagged tests	Run tests	2026-09-14T16:00:43.2571615Z [2026-09-14 18:00:43 +0200] [76/118] Example [1/1] 'webui admin VPS core browser flow passes Playwright admin VPS core tests' succeeded in 990.46 seconds
Run selected ci-tagged tests	Run tests	2026-09-14T16:00:43.2575181Z [2026-09-14 18:00:43 +0200] [76/118] Script 'webui#vps-admin-core' successful in 1024.88 seconds
Run selected ci-tagged tests	Run tests	2026-09-14T16:02:56.6644257Z [2026-09-14 18:02:56 +0200] Status: passing; 117 succeeded as expected, 0 failed as expected, 0 unexpectedly failed, 0 unexpectedly succeeded; 1 running, 0 remaining
Run selected ci-tagged tests	Run tests	2026-09-14T16:03:38.0880022Z [2026-09-14 18:03:38 +0200] [76/118] Example [1/1] 'webui user self-service browser flow passes Playwright user self-service tests' succeeded in 142.27 seconds
Run selected ci-tagged tests	Run tests	2026-09-14T16:03:38.0883797Z [2026-09-14 18:03:38 +0200] [76/118] Script 'webui#users-self-service' successful in 174.83 seconds
Run selected ci-tagged tests	Run tests	2026-09-14T16:06:35.3027284Z [2026-09-14 18:06:35 +0200] [76/118] Example [1/1] 'webui auth browser flow passes Playwright auth tests' succeeded in 144.58 seconds
Run selected ci-tagged tests	Run tests	2026-09-14T16:06:35.3029772Z [2026-09-14 18:06:35 +0200] [76/118] Script 'webui#auth' successful in 177.21 seconds
Run selected ci-tagged tests	Run tests	2026-09-14T16:07:07.9458144Z [2026-09-14 18:07:07 +0200] [76/118] Test 'webui' successful in 7914.8 seconds
Run selected ci-tagged tests	Run tests	2026-09-14T16:07:07.9460071Z [2026-09-14 18:07:07 +0200] Run 135 test scripts of 118 tests in 17951.35 seconds
Run selected ci-tagged tests	Run tests	2026-09-14T16:07:07.9465458Z [2026-09-14 18:07:07 +0200] 118 tests successful
Run selected ci-tagged tests	Evaluate test results	﻿2026-09-14T16:07:07.9926629Z ##[group]Run vpsfreecz/vpsadminos/.github/actions/evaluate-test-results@staging
Run selected ci-tagged tests	Evaluate test results	2026-09-14T16:07:07.9927366Z with:
Run selected ci-tagged tests	Evaluate test results	2026-09-14T16:07:07.9927773Z   log-file: /tmp/os-test-runner-19884793-34836306209-1/test.log
Run selected ci-tagged tests	Evaluate test results	2026-09-14T16:07:07.9928276Z env:
Run selected ci-tagged tests	Evaluate test results	2026-09-14T16:07:07.9928680Z   TEST_RUNNER_STATE_DIR: /tmp/os-test-runner-19884793-34836306209-1
Run selected ci-tagged tests	Evaluate test results	2026-09-14T16:07:07.9929340Z ##[endgroup]
Run selected ci-tagged tests	Evaluate test results	2026-09-14T16:07:07.9957238Z ##[start-action display=Run set -euo pipefail;id=__vpsfreecz_vpsadminos.evaluate]
Run selected ci-tagged tests	Evaluate test results	2026-09-14T16:07:07.9976865Z ##[group]Run set -euo pipefail
Run selected ci-tagged tests	Evaluate test results	2026-09-14T16:07:07.9977341Z ^[[36;1mset -euo pipefail^[[0m
Run selected ci-tagged tests	Evaluate test results	2026-09-14T16:07:07.9977676Z ^[[36;1m^[[0m
Run selected ci-tagged tests	Evaluate test results	2026-09-14T16:07:07.9978108Z ^[[36;1mlog_file="/tmp/os-test-runner-19884793-34836306209-1/test.log"^[[0m
Run selected ci-tagged tests	Evaluate test results	2026-09-14T16:07:07.9978651Z ^[[36;1m^[[0m
Run selected ci-tagged tests	Evaluate test results	2026-09-14T16:07:07.9978949Z ^[[36;1mif [ ! -f "$log_file" ]; then^[[0m
Run selected ci-tagged tests	Evaluate test results	2026-09-14T16:07:07.9979513Z ^[[36;1m  echo "::error::Test log '$log_file' not found"^[[0m
Run selected ci-tagged tests	Evaluate test results	2026-09-14T16:07:07.9979973Z ^[[36;1m  exit 1^[[0m
Run selected ci-tagged tests	Evaluate test results	2026-09-14T16:07:07.9980310Z ^[[36;1mfi^[[0m
Run selected ci-tagged tests	Evaluate test results	2026-09-14T16:07:07.9980578Z ^[[36;1m^[[0m
Run selected ci-tagged tests	Evaluate test results	2026-09-14T16:07:07.9981054Z ^[[36;1m# Disable pipefail while grepping so missing matches do not fail the step^[[0m
Run selected ci-tagged tests	Evaluate test results	2026-09-14T16:07:07.9981677Z ^[[36;1mset +o pipefail^[[0m
Run selected ci-tagged tests	Evaluate test results	2026-09-14T16:07:07.9982269Z ^[[36;1mEXPECTED_SUCCESSFUL=$(grep -oP "\d+ tests successful" "$log_file" | cut -f1 -d ' ')^[[0m
Run selected ci-tagged tests	Evaluate test results	2026-09-14T16:07:07.9983176Z ^[[36;1mEXPECTED_FAILED=$(grep -oP "\d+ tests failed as expected" "$log_file" | cut -f1 -d ' ')^[[0m
Run selected ci-tagged tests	Evaluate test results	2026-09-14T16:07:07.9984115Z ^[[36;1mUNEXPECTED_FAILED=$(grep -oP "\d+ tests should have succeeded" "$log_file" | cut -f1 -d ' ')^[[0m
Run selected ci-tagged tests	Evaluate test results	2026-09-14T16:07:07.9985120Z ^[[36;1mUNEXPECTED_SUCCESSFUL=$(grep -oP "\d+ tests should have failed" "$log_file" | cut -f1 -d ' ')^[[0m
Run selected ci-tagged tests	Evaluate test results	2026-09-14T16:07:07.9985819Z ^[[36;1mset -o pipefail^[[0m
Run selected ci-tagged tests	Evaluate test results	2026-09-14T16:07:07.9986149Z ^[[36;1m^[[0m
Run selected ci-tagged tests	Evaluate test results	2026-09-14T16:07:07.9986625Z ^[[36;1mecho "expected_successful=${EXPECTED_SUCCESSFUL:-0}" >>"$GITHUB_OUTPUT"^[[0m
Run selected ci-tagged tests	Evaluate test results	2026-09-14T16:07:07.9987381Z ^[[36;1mecho "expected_failed=${EXPECTED_FAILED:-0}" >>"$GITHUB_OUTPUT"^[[0m
Run selected ci-tagged tests	Evaluate test results	2026-09-14T16:07:07.9988123Z ^[[36;1mecho "unexpected_failed=${UNEXPECTED_FAILED:-0}" >>"$GITHUB_OUTPUT"^[[0m
Run selected ci-tagged tests	Evaluate test results	2026-09-14T16:07:07.9988912Z ^[[36;1mecho "unexpected_successful=${UNEXPECTED_SUCCESSFUL:-0}" >>"$GITHUB_OUTPUT"^[[0m
Run selected ci-tagged tests	Evaluate test results	2026-09-14T16:07:07.9989575Z ^[[36;1m^[[0m
Run selected ci-tagged tests	Evaluate test results	2026-09-14T16:07:07.9989849Z ^[[36;1m{^[[0m
Run selected ci-tagged tests	Evaluate test results	2026-09-14T16:07:07.9990139Z ^[[36;1m  echo '### Test summary'^[[0m
Run selected ci-tagged tests	Evaluate test results	2026-09-14T16:07:07.9990509Z ^[[36;1m  echo ""^[[0m
Run selected ci-tagged tests	Evaluate test results	2026-09-14T16:07:07.9990833Z ^[[36;1m  echo "| Result | Count |"^[[0m
Run selected ci-tagged tests	Evaluate test results	2026-09-14T16:07:07.9996931Z ^[[36;1m  echo "|--------|-------|"^[[0m
Run selected ci-tagged tests	Evaluate test results	2026-09-14T16:07:07.9997473Z ^[[36;1m  echo "| ✅ Successful (expected) | ${EXPECTED_SUCCESSFUL:-0} |"^[[0m
Run selected ci-tagged tests	Evaluate test results	2026-09-14T16:07:07.9998133Z ^[[36;1m  echo "| ⚠️ Failed (expected) | ${EXPECTED_FAILED:-0} |"^[[0m
Run selected ci-tagged tests	Evaluate test results	2026-09-14T16:07:07.9998771Z ^[[36;1m  echo "| ❌ Failed (unexpected) | ${UNEXPECTED_FAILED:-0} |"^[[0m
Run selected ci-tagged tests	Evaluate test results	2026-09-14T16:07:07.9999589Z ^[[36;1m  echo "| ❌ Successful (unexpected) | ${UNEXPECTED_SUCCESSFUL:-0} |"^[[0m
Run selected ci-tagged tests	Evaluate test results	2026-09-14T16:07:08.0000168Z ^[[36;1m  echo ""^[[0m
Run selected ci-tagged tests	Evaluate test results	2026-09-14T16:07:08.0000501Z ^[[36;1m} >>"$GITHUB_STEP_SUMMARY"^[[0m
Run selected ci-tagged tests	Evaluate test results	2026-09-14T16:07:08.0000872Z ^[[36;1m^[[0m
Run selected ci-tagged tests	Evaluate test results	2026-09-14T16:07:08.0001377Z ^[[36;1mif [ "${UNEXPECTED_FAILED:-0}" -gt 0 ] || [ "${UNEXPECTED_SUCCESSFUL:-0}" -gt 0 ]; then^[[0m
Run selected ci-tagged tests	Evaluate test results	2026-09-14T16:07:08.0002466Z ^[[36;1m  echo "::error::${UNEXPECTED_FAILED:-0} tests unexpectedly failed, ${UNEXPECTED_SUCCESSFUL:-0} tests unexpectedly succeeded"^[[0m
Run selected ci-tagged tests	Evaluate test results	2026-09-14T16:07:08.0003325Z ^[[36;1m  exit 1^[[0m
Run selected ci-tagged tests	Evaluate test results	2026-09-14T16:07:08.0003629Z ^[[36;1mfi^[[0m
Run selected ci-tagged tests	Evaluate test results	2026-09-14T16:07:08.0007276Z shell: /nix/store/pkf547jp8a92k4wmxikkyby58w10pysr-bash-interactive-5.3p9/bin/bash --noprofile --norc -e -o pipefail {0}
Run selected ci-tagged tests	Evaluate test results	2026-09-14T16:07:08.0008167Z env:
Run selected ci-tagged tests	Evaluate test results	2026-09-14T16:07:08.0008578Z   TEST_RUNNER_STATE_DIR: /tmp/os-test-runner-19884793-34836306209-1
Run selected ci-tagged tests	Evaluate test results	2026-09-14T16:07:08.0009105Z ##[endgroup]
Run selected ci-tagged tests	Evaluate test results	2026-09-14T16:07:08.0541525Z ##[end-action id=__vpsfreecz_vpsadminos.evaluate;outcome=success;conclusion=success;duration_ms=58]
Run selected ci-tagged tests	Summarise test logs	﻿2026-09-14T16:07:08.0634224Z ##[group]Run vpsfreecz/vpsadminos/.github/actions/summarise-test-logs@staging
Run selected ci-tagged tests	Summarise test logs	2026-09-14T16:07:08.0635034Z with:
Run selected ci-tagged tests	Summarise test logs	2026-09-14T16:07:08.0635508Z   logs-root: /tmp/os-test-runner-19884793-34836306209-1
Run selected ci-tagged tests	Summarise test logs	2026-09-14T16:07:08.0636102Z   tail-lines: 200
Run selected ci-tagged tests	Summarise test logs	2026-09-14T16:07:08.0636478Z   max-bytes: 921600
Run selected ci-tagged tests	Summarise test logs	2026-09-14T16:07:08.0636843Z env:
Run selected ci-tagged tests	Summarise test logs	2026-09-14T16:07:08.0637351Z   TEST_RUNNER_STATE_DIR: /tmp/os-test-runner-19884793-34836306209-1
Run selected ci-tagged tests	Summarise test logs	2026-09-14T16:07:08.0638021Z ##[endgroup]
Run selected ci-tagged tests	Summarise test logs	2026-09-14T16:07:08.0645040Z ##[start-action display=Run bash "$GITHUB_ACTION_PATH/summarise-test-logs.bash";id=__vpsfreecz_vpsadminos_2.__run]
Run selected ci-tagged tests	Summarise test logs	2026-09-14T16:07:08.0667807Z ##[group]Run bash "$GITHUB_ACTION_PATH/summarise-test-logs.bash"
Run selected ci-tagged tests	Summarise test logs	2026-09-14T16:07:08.0668677Z ^[[36;1mbash "$GITHUB_ACTION_PATH/summarise-test-logs.bash"^[[0m
Run selected ci-tagged tests	Summarise test logs	2026-09-14T16:07:08.0673169Z shell: /nix/store/pkf547jp8a92k4wmxikkyby58w10pysr-bash-interactive-5.3p9/bin/bash --noprofile --norc -e -o pipefail {0}
Run selected ci-tagged tests	Summarise test logs	2026-09-14T16:07:08.0674452Z env:
Run selected ci-tagged tests	Summarise test logs	2026-09-14T16:07:08.0674863Z   TEST_RUNNER_STATE_DIR: /tmp/os-test-runner-19884793-34836306209-1
Run selected ci-tagged tests	Summarise test logs	2026-09-14T16:07:08.0675529Z   LOGS_ROOT: /tmp/os-test-runner-19884793-34836306209-1
Run selected ci-tagged tests	Summarise test logs	2026-09-14T16:07:08.0675992Z   TAIL_LINES: 200
Run selected ci-tagged tests	Summarise test logs	2026-09-14T16:07:08.0676302Z   MAX_SUMMARY_BYTES: 921600
Run selected ci-tagged tests	Summarise test logs	2026-09-14T16:07:08.0676637Z ##[endgroup]
Run selected ci-tagged tests	Summarise test logs	2026-09-14T16:07:08.9248534Z ##[end-action id=__vpsfreecz_vpsadminos_2.__run;outcome=success;conclusion=success;duration_ms=860]
Run selected ci-tagged tests	Cleanup test state	﻿2026-09-14T16:07:08.9365047Z ##[group]Run vpsfreecz/vpsadminos/.github/actions/cleanup-test-state@staging
Run selected ci-tagged tests	Cleanup test state	2026-09-14T16:07:08.9366077Z with:
Run selected ci-tagged tests	Cleanup test state	2026-09-14T16:07:08.9366786Z   state-directory: /tmp/os-test-runner-19884793-34836306209-1
Run selected ci-tagged tests	Cleanup test state	2026-09-14T16:07:08.9367653Z   prepare-outcome: success
Run selected ci-tagged tests	Cleanup test state	2026-09-14T16:07:08.9368225Z   test-outcome: success
Run selected ci-tagged tests	Cleanup test state	2026-09-14T16:07:08.9368780Z   upload-outcome: skipped
Run selected ci-tagged tests	Cleanup test state	2026-09-14T16:07:08.9369441Z env:
Run selected ci-tagged tests	Cleanup test state	2026-09-14T16:07:08.9370170Z   TEST_RUNNER_STATE_DIR: /tmp/os-test-runner-19884793-34836306209-1
Run selected ci-tagged tests	Cleanup test state	2026-09-14T16:07:08.9371038Z ##[endgroup]
Run selected ci-tagged tests	Cleanup test state	2026-09-14T16:07:08.9380088Z ##[start-action display=Run bash "$GITHUB_ACTION_PATH/cleanup-test-state.bash";id=__vpsfreecz_vpsadminos_3.__run]
Run selected ci-tagged tests	Cleanup test state	2026-09-14T16:07:08.9408667Z ##[group]Run bash "$GITHUB_ACTION_PATH/cleanup-test-state.bash"
Run selected ci-tagged tests	Cleanup test state	2026-09-14T16:07:08.9409886Z ^[[36;1mbash "$GITHUB_ACTION_PATH/cleanup-test-state.bash"^[[0m
Run selected ci-tagged tests	Cleanup test state	2026-09-14T16:07:08.9415275Z shell: /nix/store/pkf547jp8a92k4wmxikkyby58w10pysr-bash-interactive-5.3p9/bin/bash --noprofile --norc -e -o pipefail {0}
Run selected ci-tagged tests	Cleanup test state	2026-09-14T16:07:08.9416907Z env:
Run selected ci-tagged tests	Cleanup test state	2026-09-14T16:07:08.9417583Z   TEST_RUNNER_STATE_DIR: /tmp/os-test-runner-19884793-34836306209-1
Run selected ci-tagged tests	Cleanup test state	2026-09-14T16:07:08.9419096Z   TEST_STATE_DIRECTORY: /tmp/os-test-runner-19884793-34836306209-1
Run selected ci-tagged tests	Cleanup test state	2026-09-14T16:07:08.9420112Z   TEST_STATE_PREPARE_OUTCOME: success
Run selected ci-tagged tests	Cleanup test state	2026-09-14T16:07:08.9420784Z   TEST_STATE_TEST_OUTCOME: success
Run selected ci-tagged tests	Cleanup test state	2026-09-14T16:07:08.9421436Z   TEST_STATE_UPLOAD_OUTCOME: skipped
Run selected ci-tagged tests	Cleanup test state	2026-09-14T16:07:08.9422098Z   TEST_STATE_REPOSITORY_ID: 19884793
Run selected ci-tagged tests	Cleanup test state	2026-09-14T16:07:08.9422753Z   TEST_STATE_RUN_ID: 34836306209
Run selected ci-tagged tests	Cleanup test state	2026-09-14T16:07:08.9423373Z   TEST_STATE_RUN_ATTEMPT: 1
Run selected ci-tagged tests	Cleanup test state	2026-09-14T16:07:08.9423951Z ##[endgroup]
Run selected ci-tagged tests	Cleanup test state	2026-09-14T16:07:09.0723394Z Removed test-runner state directory: /tmp/os-test-runner-19884793-34836306209-1
Run selected ci-tagged tests	Cleanup test state	2026-09-14T16:07:09.0755440Z ##[end-action id=__vpsfreecz_vpsadminos_3.__run;outcome=success;conclusion=success;duration_ms=137]
Run selected ci-tagged tests	Post Checkout vpsadmin	﻿2026-09-14T16:07:09.0993923Z Post job cleanup.
Run selected ci-tagged tests	Post Checkout vpsadmin	2026-09-14T16:07:09.2344578Z [command]/nix/store/nly4cml071i82515r89rpdw38z55wjqd-git-2.54.0/bin/git version
Run selected ci-tagged tests	Post Checkout vpsadmin	2026-09-14T16:07:09.2415846Z git version 2.54.0
Run selected ci-tagged tests	Post Checkout vpsadmin	2026-09-14T16:07:09.2459021Z Temporarily overriding HOME='/run/github-runner/runner/_temp/73497d03-53cd-455d-94c3-b623c5205fb5' before making global git config changes
Run selected ci-tagged tests	Post Checkout vpsadmin	2026-09-14T16:07:09.2461218Z Adding repository directory to the temporary git global config as a safe directory
Run selected ci-tagged tests	Post Checkout vpsadmin	2026-09-14T16:07:09.2464946Z [command]/nix/store/nly4cml071i82515r89rpdw38z55wjqd-git-2.54.0/bin/git config --global --add safe.directory /run/github-runner/runner/vpsadmin/vpsadmin
Run selected ci-tagged tests	Post Checkout vpsadmin	2026-09-14T16:07:09.2542800Z Removing SSH command configuration
Run selected ci-tagged tests	Post Checkout vpsadmin	2026-09-14T16:07:09.2562084Z [command]/nix/store/nly4cml071i82515r89rpdw38z55wjqd-git-2.54.0/bin/git config --local --name-only --get-regexp core\.sshCommand
Run selected ci-tagged tests	Post Checkout vpsadmin	2026-09-14T16:07:09.2627737Z [command]/nix/store/nly4cml071i82515r89rpdw38z55wjqd-git-2.54.0/bin/git submodule foreach --recursive sh -c "git config --local --name-only --get-regexp 'core\.sshCommand' && git config --local --unset-all 'core.sshCommand' || :"
Run selected ci-tagged tests	Post Checkout vpsadmin	2026-09-14T16:07:09.3141865Z Removing HTTP extra header
Run selected ci-tagged tests	Post Checkout vpsadmin	2026-09-14T16:07:09.3148181Z [command]/nix/store/nly4cml071i82515r89rpdw38z55wjqd-git-2.54.0/bin/git config --local --name-only --get-regexp http\.https\:\/\/github\.com\/\.extraheader
Run selected ci-tagged tests	Post Checkout vpsadmin	2026-09-14T16:07:09.3281871Z [command]/nix/store/nly4cml071i82515r89rpdw38z55wjqd-git-2.54.0/bin/git submodule foreach --recursive sh -c "git config --local --name-only --get-regexp 'http\.https\:\/\/github\.com\/\.extraheader' && git config --local --unset-all 'http.https://github.com/.extraheader' || :"
Run selected ci-tagged tests	Post Checkout vpsadmin	2026-09-14T16:07:09.4070712Z Removing includeIf entries pointing to credentials config files
Run selected ci-tagged tests	Post Checkout vpsadmin	2026-09-14T16:07:09.4087004Z [command]/nix/store/nly4cml071i82515r89rpdw38z55wjqd-git-2.54.0/bin/git config --local --name-only --get-regexp ^includeIf\.gitdir:
Run selected ci-tagged tests	Post Checkout vpsadmin	2026-09-14T16:07:09.4201529Z includeif.gitdir:/run/github-runner/runner/vpsadmin/vpsadmin/.git.path
Run selected ci-tagged tests	Post Checkout vpsadmin	2026-09-14T16:07:09.4204084Z includeif.gitdir:/run/github-runner/runner/vpsadmin/vpsadmin/.git/worktrees/*.path
Run selected ci-tagged tests	Post Checkout vpsadmin	2026-09-14T16:07:09.4206159Z includeif.gitdir:/github/workspace/.git.path
Run selected ci-tagged tests	Post Checkout vpsadmin	2026-09-14T16:07:09.4207737Z includeif.gitdir:/github/workspace/.git/worktrees/*.path
Run selected ci-tagged tests	Post Checkout vpsadmin	2026-09-14T16:07:09.4224032Z [command]/nix/store/nly4cml071i82515r89rpdw38z55wjqd-git-2.54.0/bin/git config --local --get-all includeif.gitdir:/run/github-runner/runner/vpsadmin/vpsadmin/.git.path
Run selected ci-tagged tests	Post Checkout vpsadmin	2026-09-14T16:07:09.4295489Z /run/github-runner/runner/_temp/git-credentials-0c8141f8-b846-4da2-8ac7-dcaf22587cdd.config
Run selected ci-tagged tests	Post Checkout vpsadmin	2026-09-14T16:07:09.4321306Z [command]/nix/store/nly4cml071i82515r89rpdw38z55wjqd-git-2.54.0/bin/git config --local --unset includeif.gitdir:/run/github-runner/runner/vpsadmin/vpsadmin/.git.path \/run\/github\-runner\/runner\/_temp\/git\-credentials\-0c8141f8\-b846\-4da2\-8ac7\-dcaf22587cdd\.config
Run selected ci-tagged tests	Post Checkout vpsadmin	2026-09-14T16:07:09.4444256Z [command]/nix/store/nly4cml071i82515r89rpdw38z55wjqd-git-2.54.0/bin/git config --local --get-all includeif.gitdir:/run/github-runner/runner/vpsadmin/vpsadmin/.git/worktrees/*.path
Run selected ci-tagged tests	Post Checkout vpsadmin	2026-09-14T16:07:09.4504097Z /run/github-runner/runner/_temp/git-credentials-0c8141f8-b846-4da2-8ac7-dcaf22587cdd.config
Run selected ci-tagged tests	Post Checkout vpsadmin	2026-09-14T16:07:09.4522385Z [command]/nix/store/nly4cml071i82515r89rpdw38z55wjqd-git-2.54.0/bin/git config --local --unset includeif.gitdir:/run/github-runner/runner/vpsadmin/vpsadmin/.git/worktrees/*.path \/run\/github\-runner\/runner\/_temp\/git\-credentials\-0c8141f8\-b846\-4da2\-8ac7\-dcaf22587cdd\.config
Run selected ci-tagged tests	Post Checkout vpsadmin	2026-09-14T16:07:09.4612650Z [command]/nix/store/nly4cml071i82515r89rpdw38z55wjqd-git-2.54.0/bin/git config --local --get-all includeif.gitdir:/github/workspace/.git.path
Run selected ci-tagged tests	Post Checkout vpsadmin	2026-09-14T16:07:09.4651496Z /github/runner_temp/git-credentials-0c8141f8-b846-4da2-8ac7-dcaf22587cdd.config
Run selected ci-tagged tests	Post Checkout vpsadmin	2026-09-14T16:07:09.4709680Z [command]/nix/store/nly4cml071i82515r89rpdw38z55wjqd-git-2.54.0/bin/git config --local --unset includeif.gitdir:/github/workspace/.git.path \/github\/runner_temp\/git\-credentials\-0c8141f8\-b846\-4da2\-8ac7\-dcaf22587cdd\.config
Run selected ci-tagged tests	Post Checkout vpsadmin	2026-09-14T16:07:09.4784958Z [command]/nix/store/nly4cml071i82515r89rpdw38z55wjqd-git-2.54.0/bin/git config --local --get-all includeif.gitdir:/github/workspace/.git/worktrees/*.path
Run selected ci-tagged tests	Post Checkout vpsadmin	2026-09-14T16:07:09.4814059Z /github/runner_temp/git-credentials-0c8141f8-b846-4da2-8ac7-dcaf22587cdd.config
Run selected ci-tagged tests	Post Checkout vpsadmin	2026-09-14T16:07:09.4833618Z [command]/nix/store/nly4cml071i82515r89rpdw38z55wjqd-git-2.54.0/bin/git config --local --unset includeif.gitdir:/github/workspace/.git/worktrees/*.path \/github\/runner_temp\/git\-credentials\-0c8141f8\-b846\-4da2\-8ac7\-dcaf22587cdd\.config
Run selected ci-tagged tests	Post Checkout vpsadmin	2026-09-14T16:07:09.4931441Z [command]/nix/store/nly4cml071i82515r89rpdw38z55wjqd-git-2.54.0/bin/git submodule foreach --recursive git config --local --show-origin --name-only --get-regexp remote.origin.url
Run selected ci-tagged tests	Post Checkout vpsadmin	2026-09-14T16:07:09.5787328Z Removing credentials config '/run/github-runner/runner/_temp/git-credentials-0c8141f8-b846-4da2-8ac7-dcaf22587cdd.config'
Run selected ci-tagged tests	Complete runner	﻿2026-09-14T16:07:09.6031983Z A job completed hook has been configured by the self-hosted runner administrator
Run selected ci-tagged tests	Complete runner	2026-09-14T16:07:09.6073658Z ##[group]Run '/nix/store/10h95s0bwjpj3811h99j036bxyrhk9g5-github-runner-job-completed.sh'
Run selected ci-tagged tests	Complete runner	2026-09-14T16:07:09.6083323Z shell: /nix/store/pkf547jp8a92k4wmxikkyby58w10pysr-bash-interactive-5.3p9/bin/bash --noprofile --norc -e -o pipefail {0}
Run selected ci-tagged tests	Complete runner	2026-09-14T16:07:09.6086012Z ##[endgroup]
Run selected ci-tagged tests	Complete runner	2026-09-14T16:07:09.6283618Z Cleared the GitHub runner job marker; Nix garbage collection can resume
Run selected ci-tagged tests	Complete job	﻿2026-09-14T16:07:09.6474871Z Cleaning up orphan processes
