Run selected ci-tagged tests	UNKNOWN STEP	﻿2026-09-14T18:10:19.9250099Z Current runner version: '2.336.0'
Run selected ci-tagged tests	UNKNOWN STEP	2026-09-14T18:10:19.9259428Z Runner name: 'gh-runner3.int.vpsadminos.org'
Run selected ci-tagged tests	UNKNOWN STEP	2026-09-14T18:10:19.9260605Z Runner group name: 'vpsadminos runners'
Run selected ci-tagged tests	UNKNOWN STEP	2026-09-14T18:10:19.9261916Z Machine name: 'gh-runner3'
Run selected ci-tagged tests	UNKNOWN STEP	2026-09-14T18:10:19.9265857Z ##[group]GITHUB_TOKEN Permissions
Run selected ci-tagged tests	UNKNOWN STEP	2026-09-14T18:10:19.9269096Z Contents: read
Run selected ci-tagged tests	UNKNOWN STEP	2026-09-14T18:10:19.9269971Z Metadata: read
Run selected ci-tagged tests	UNKNOWN STEP	2026-09-14T18:10:19.9270734Z ##[endgroup]
Run selected ci-tagged tests	UNKNOWN STEP	2026-09-14T18:10:19.9274419Z Secret source: Actions
Run selected ci-tagged tests	UNKNOWN STEP	2026-09-14T18:10:19.9275797Z Cache mode: write
Run selected ci-tagged tests	UNKNOWN STEP	2026-09-14T18:10:19.9276899Z Prepare workflow directory
Run selected ci-tagged tests	UNKNOWN STEP	2026-09-14T18:10:20.0559427Z Prepare all required actions
Run selected ci-tagged tests	UNKNOWN STEP	2026-09-14T18:10:20.0666151Z Getting action download info
Run selected ci-tagged tests	UNKNOWN STEP	2026-09-14T18:10:20.6044048Z Download action repository 'actions/checkout@v7' (SHA:3d3c42e5aac5ba805825da76410c181273ba90b1)
Run selected ci-tagged tests	UNKNOWN STEP	2026-09-14T18:10:20.9873151Z Download action repository 'vpsfreecz/vpsadminos@staging' (SHA:0beff55b8529b7c33992eeebab82cd9df0f5b53a)
Run selected ci-tagged tests	UNKNOWN STEP	2026-09-14T18:10:21.8805614Z Getting action download info
Run selected ci-tagged tests	UNKNOWN STEP	2026-09-14T18:10:22.0796353Z Download action repository 'actions/upload-artifact@v7' (SHA:043fb46d1a93c77aae656e7c1c64a875d1fc6a0a)
Run selected ci-tagged tests	UNKNOWN STEP	2026-09-14T18:10:22.6193501Z Complete job name: Run selected ci-tagged tests
Run selected ci-tagged tests	UNKNOWN STEP	2026-09-14T18:10:22.7065300Z A job started hook has been configured by the self-hosted runner administrator
Run selected ci-tagged tests	UNKNOWN STEP	2026-09-14T18:10:22.7314424Z ##[group]Run '/nix/store/mbn3hvv6asg9kz979g5sjrmmr7f4kbyk-github-runner-job-started.sh'
Run selected ci-tagged tests	UNKNOWN STEP	2026-09-14T18:10:22.7328443Z shell: /nix/store/pkf547jp8a92k4wmxikkyby58w10pysr-bash-interactive-5.3p9/bin/bash --noprofile --norc -e -o pipefail {0}
Run selected ci-tagged tests	UNKNOWN STEP	2026-09-14T18:10:22.7332311Z ##[endgroup]
Run selected ci-tagged tests	UNKNOWN STEP	2026-09-14T18:10:22.7863779Z Marked the GitHub runner job active; Nix garbage collection is deferred
Run selected ci-tagged tests	UNKNOWN STEP	2026-09-14T18:10:22.8517586Z ##[group]Run actions/checkout@v7
Run selected ci-tagged tests	UNKNOWN STEP	2026-09-14T18:10:22.8519119Z with:
Run selected ci-tagged tests	UNKNOWN STEP	2026-09-14T18:10:22.8520319Z   fetch-depth: 0
Run selected ci-tagged tests	UNKNOWN STEP	2026-09-14T18:10:22.8521586Z   repository: vpsfreecz/vpsadmin
Run selected ci-tagged tests	UNKNOWN STEP	2026-09-14T18:10:22.8534269Z   token: ***
Run selected ci-tagged tests	UNKNOWN STEP	2026-09-14T18:10:22.8535425Z   ssh-strict: true
Run selected ci-tagged tests	UNKNOWN STEP	2026-09-14T18:10:22.8536668Z   ssh-user: git
Run selected ci-tagged tests	UNKNOWN STEP	2026-09-14T18:10:22.8537918Z   persist-credentials: true
Run selected ci-tagged tests	UNKNOWN STEP	2026-09-14T18:10:22.8539340Z   clean: true
Run selected ci-tagged tests	UNKNOWN STEP	2026-09-14T18:10:22.8540585Z   sparse-checkout-cone-mode: true
Run selected ci-tagged tests	UNKNOWN STEP	2026-09-14T18:10:22.8542034Z   fetch-tags: false
Run selected ci-tagged tests	UNKNOWN STEP	2026-09-14T18:10:22.8543251Z   show-progress: true
Run selected ci-tagged tests	UNKNOWN STEP	2026-09-14T18:10:22.8544464Z   lfs: false
Run selected ci-tagged tests	UNKNOWN STEP	2026-09-14T18:10:22.8545580Z   submodules: false
Run selected ci-tagged tests	UNKNOWN STEP	2026-09-14T18:10:22.8546821Z   set-safe-directory: true
Run selected ci-tagged tests	UNKNOWN STEP	2026-09-14T18:10:22.8548238Z   allow-unsafe-pr-checkout: false
Run selected ci-tagged tests	UNKNOWN STEP	2026-09-14T18:10:22.8549760Z ##[endgroup]
Run selected ci-tagged tests	UNKNOWN STEP	2026-09-14T18:10:23.0093307Z Syncing repository: vpsfreecz/vpsadmin
Run selected ci-tagged tests	UNKNOWN STEP	2026-09-14T18:10:23.0097297Z ##[group]Getting Git version info
Run selected ci-tagged tests	UNKNOWN STEP	2026-09-14T18:10:23.0099606Z Working directory is '/run/github-runner/runner/vpsadmin/vpsadmin'
Run selected ci-tagged tests	UNKNOWN STEP	2026-09-14T18:10:23.0114496Z [command]/nix/store/nly4cml071i82515r89rpdw38z55wjqd-git-2.54.0/bin/git version
Run selected ci-tagged tests	UNKNOWN STEP	2026-09-14T18:10:23.0186363Z git version 2.54.0
Run selected ci-tagged tests	UNKNOWN STEP	2026-09-14T18:10:23.0223624Z ##[endgroup]
Run selected ci-tagged tests	UNKNOWN STEP	2026-09-14T18:10:23.0251772Z Temporarily overriding HOME='/run/github-runner/runner/_temp/cf396e5a-09b9-4e28-82d9-00381bc6f998' before making global git config changes
Run selected ci-tagged tests	UNKNOWN STEP	2026-09-14T18:10:23.0264215Z Adding repository directory to the temporary git global config as a safe directory
Run selected ci-tagged tests	UNKNOWN STEP	2026-09-14T18:10:23.0277783Z [command]/nix/store/nly4cml071i82515r89rpdw38z55wjqd-git-2.54.0/bin/git config --global --add safe.directory /run/github-runner/runner/vpsadmin/vpsadmin
Run selected ci-tagged tests	UNKNOWN STEP	2026-09-14T18:10:23.0303077Z [command]/nix/store/nly4cml071i82515r89rpdw38z55wjqd-git-2.54.0/bin/git config --local --get remote.origin.url
Run selected ci-tagged tests	UNKNOWN STEP	2026-09-14T18:10:23.0353604Z https://github.com/vpsfreecz/vpsadmin
Run selected ci-tagged tests	UNKNOWN STEP	2026-09-14T18:10:23.0373455Z ##[group]Removing previously created refs, to avoid conflicts
Run selected ci-tagged tests	UNKNOWN STEP	2026-09-14T18:10:23.0380899Z [command]/nix/store/nly4cml071i82515r89rpdw38z55wjqd-git-2.54.0/bin/git rev-parse --symbolic-full-name --verify --quiet HEAD
Run selected ci-tagged tests	UNKNOWN STEP	2026-09-14T18:10:23.0416654Z refs/heads/2026-09-13-auth-email
Run selected ci-tagged tests	UNKNOWN STEP	2026-09-14T18:10:23.0431008Z [command]/nix/store/nly4cml071i82515r89rpdw38z55wjqd-git-2.54.0/bin/git checkout --detach
Run selected ci-tagged tests	UNKNOWN STEP	2026-09-14T18:10:23.0691227Z HEAD is now at a9fbd1863 api: skip new-device notices after email verification
Run selected ci-tagged tests	UNKNOWN STEP	2026-09-14T18:10:23.0808221Z [command]/nix/store/nly4cml071i82515r89rpdw38z55wjqd-git-2.54.0/bin/git branch --delete --force 2026-09-13-auth-email
Run selected ci-tagged tests	UNKNOWN STEP	2026-09-14T18:10:23.0877632Z Deleted branch 2026-09-13-auth-email (was a9fbd1863).
Run selected ci-tagged tests	UNKNOWN STEP	2026-09-14T18:10:23.1055306Z ##[endgroup]
Run selected ci-tagged tests	UNKNOWN STEP	2026-09-14T18:10:23.1061901Z [command]/nix/store/nly4cml071i82515r89rpdw38z55wjqd-git-2.54.0/bin/git submodule status
Run selected ci-tagged tests	UNKNOWN STEP	2026-09-14T18:10:23.1758831Z ##[group]Cleaning the repository
Run selected ci-tagged tests	UNKNOWN STEP	2026-09-14T18:10:23.1770785Z [command]/nix/store/nly4cml071i82515r89rpdw38z55wjqd-git-2.54.0/bin/git clean -ffdx
Run selected ci-tagged tests	UNKNOWN STEP	2026-09-14T18:10:23.1981204Z Removing changed-files.txt
Run selected ci-tagged tests	UNKNOWN STEP	2026-09-14T18:10:23.1982765Z Removing selected-tests.txt
Run selected ci-tagged tests	UNKNOWN STEP	2026-09-14T18:10:23.2006018Z [command]/nix/store/nly4cml071i82515r89rpdw38z55wjqd-git-2.54.0/bin/git reset --hard HEAD
Run selected ci-tagged tests	UNKNOWN STEP	2026-09-14T18:10:23.2184678Z HEAD is now at a9fbd1863 api: skip new-device notices after email verification
Run selected ci-tagged tests	UNKNOWN STEP	2026-09-14T18:10:23.2196520Z ##[endgroup]
Run selected ci-tagged tests	UNKNOWN STEP	2026-09-14T18:10:23.2203058Z ##[group]Disabling automatic garbage collection
Run selected ci-tagged tests	UNKNOWN STEP	2026-09-14T18:10:23.2209914Z [command]/nix/store/nly4cml071i82515r89rpdw38z55wjqd-git-2.54.0/bin/git config --local gc.auto 0
Run selected ci-tagged tests	UNKNOWN STEP	2026-09-14T18:10:23.2246724Z ##[endgroup]
Run selected ci-tagged tests	UNKNOWN STEP	2026-09-14T18:10:23.2250821Z ##[group]Setting up auth
Run selected ci-tagged tests	UNKNOWN STEP	2026-09-14T18:10:23.2253629Z Removing SSH command configuration
Run selected ci-tagged tests	UNKNOWN STEP	2026-09-14T18:10:23.2260329Z [command]/nix/store/nly4cml071i82515r89rpdw38z55wjqd-git-2.54.0/bin/git config --local --name-only --get-regexp core\.sshCommand
Run selected ci-tagged tests	UNKNOWN STEP	2026-09-14T18:10:23.2343549Z [command]/nix/store/nly4cml071i82515r89rpdw38z55wjqd-git-2.54.0/bin/git submodule foreach --recursive sh -c "git config --local --name-only --get-regexp 'core\.sshCommand' && git config --local --unset-all 'core.sshCommand' || :"
Run selected ci-tagged tests	UNKNOWN STEP	2026-09-14T18:10:23.3136476Z Removing HTTP extra header
Run selected ci-tagged tests	UNKNOWN STEP	2026-09-14T18:10:23.3151551Z [command]/nix/store/nly4cml071i82515r89rpdw38z55wjqd-git-2.54.0/bin/git config --local --name-only --get-regexp http\.https\:\/\/github\.com\/\.extraheader
Run selected ci-tagged tests	UNKNOWN STEP	2026-09-14T18:10:23.3294785Z [command]/nix/store/nly4cml071i82515r89rpdw38z55wjqd-git-2.54.0/bin/git submodule foreach --recursive sh -c "git config --local --name-only --get-regexp 'http\.https\:\/\/github\.com\/\.extraheader' && git config --local --unset-all 'http.https://github.com/.extraheader' || :"
Run selected ci-tagged tests	UNKNOWN STEP	2026-09-14T18:10:23.4078887Z Removing includeIf entries pointing to credentials config files
Run selected ci-tagged tests	UNKNOWN STEP	2026-09-14T18:10:23.4087642Z [command]/nix/store/nly4cml071i82515r89rpdw38z55wjqd-git-2.54.0/bin/git config --local --name-only --get-regexp ^includeIf\.gitdir:
Run selected ci-tagged tests	UNKNOWN STEP	2026-09-14T18:10:23.4214570Z [command]/nix/store/nly4cml071i82515r89rpdw38z55wjqd-git-2.54.0/bin/git submodule foreach --recursive git config --local --show-origin --name-only --get-regexp remote.origin.url
Run selected ci-tagged tests	UNKNOWN STEP	2026-09-14T18:10:23.5026111Z [command]/nix/store/nly4cml071i82515r89rpdw38z55wjqd-git-2.54.0/bin/git config --file /run/github-runner/runner/_temp/git-credentials-29d4abae-1ac9-4108-b613-68890ca20a14.config http.https://github.com/.extraheader AUTHORIZATION: basic ***
Run selected ci-tagged tests	UNKNOWN STEP	2026-09-14T18:10:23.5113044Z [command]/nix/store/nly4cml071i82515r89rpdw38z55wjqd-git-2.54.0/bin/git config --local includeIf.gitdir:/run/github-runner/runner/vpsadmin/vpsadmin/.git.path /run/github-runner/runner/_temp/git-credentials-29d4abae-1ac9-4108-b613-68890ca20a14.config
Run selected ci-tagged tests	UNKNOWN STEP	2026-09-14T18:10:23.5158610Z [command]/nix/store/nly4cml071i82515r89rpdw38z55wjqd-git-2.54.0/bin/git config --local includeIf.gitdir:/run/github-runner/runner/vpsadmin/vpsadmin/.git/worktrees/*.path /run/github-runner/runner/_temp/git-credentials-29d4abae-1ac9-4108-b613-68890ca20a14.config
Run selected ci-tagged tests	UNKNOWN STEP	2026-09-14T18:10:23.5225719Z [command]/nix/store/nly4cml071i82515r89rpdw38z55wjqd-git-2.54.0/bin/git config --local includeIf.gitdir:/github/workspace/.git.path /github/runner_temp/git-credentials-29d4abae-1ac9-4108-b613-68890ca20a14.config
Run selected ci-tagged tests	UNKNOWN STEP	2026-09-14T18:10:23.5294096Z [command]/nix/store/nly4cml071i82515r89rpdw38z55wjqd-git-2.54.0/bin/git config --local includeIf.gitdir:/github/workspace/.git/worktrees/*.path /github/runner_temp/git-credentials-29d4abae-1ac9-4108-b613-68890ca20a14.config
Run selected ci-tagged tests	UNKNOWN STEP	2026-09-14T18:10:23.5344780Z ##[endgroup]
Run selected ci-tagged tests	UNKNOWN STEP	2026-09-14T18:10:23.5348223Z ##[group]Fetching the repository
Run selected ci-tagged tests	UNKNOWN STEP	2026-09-14T18:10:23.5356787Z [command]/nix/store/nly4cml071i82515r89rpdw38z55wjqd-git-2.54.0/bin/git -c protocol.version=2 fetch --no-tags --prune --no-recurse-submodules origin +refs/heads/*:refs/remotes/origin/* +refs/tags/*:refs/tags/*
Run selected ci-tagged tests	UNKNOWN STEP	2026-09-14T18:10:24.6274559Z From https://github.com/vpsfreecz/vpsadmin
Run selected ci-tagged tests	UNKNOWN STEP	2026-09-14T18:10:24.6277584Z  + 337c9257f...42984def6 2026-09-14-kernel-history-fix -> origin/2026-09-14-kernel-history-fix  (forced update)
Run selected ci-tagged tests	UNKNOWN STEP	2026-09-14T18:10:24.6280884Z    5ac49802f..014fbc784  master     -> origin/master
Run selected ci-tagged tests	UNKNOWN STEP	2026-09-14T18:10:24.6364210Z [command]/nix/store/nly4cml071i82515r89rpdw38z55wjqd-git-2.54.0/bin/git branch --list --remote origin/2026-09-14-kernel-history-fix
Run selected ci-tagged tests	UNKNOWN STEP	2026-09-14T18:10:24.6445318Z   origin/2026-09-14-kernel-history-fix
Run selected ci-tagged tests	UNKNOWN STEP	2026-09-14T18:10:24.6464793Z [command]/nix/store/nly4cml071i82515r89rpdw38z55wjqd-git-2.54.0/bin/git rev-parse refs/remotes/origin/2026-09-14-kernel-history-fix
Run selected ci-tagged tests	UNKNOWN STEP	2026-09-14T18:10:24.6530934Z 42984def67d405c235e2a34d91820563858ddd89
Run selected ci-tagged tests	UNKNOWN STEP	2026-09-14T18:10:24.6540955Z ##[endgroup]
Run selected ci-tagged tests	UNKNOWN STEP	2026-09-14T18:10:24.6543259Z ##[group]Determining the checkout info
Run selected ci-tagged tests	UNKNOWN STEP	2026-09-14T18:10:24.6545349Z ##[endgroup]
Run selected ci-tagged tests	UNKNOWN STEP	2026-09-14T18:10:24.6552663Z [command]/nix/store/nly4cml071i82515r89rpdw38z55wjqd-git-2.54.0/bin/git sparse-checkout disable
Run selected ci-tagged tests	UNKNOWN STEP	2026-09-14T18:10:24.6693483Z [command]/nix/store/nly4cml071i82515r89rpdw38z55wjqd-git-2.54.0/bin/git config --local --unset-all extensions.worktreeConfig
Run selected ci-tagged tests	UNKNOWN STEP	2026-09-14T18:10:24.6771956Z ##[group]Checking out the ref
Run selected ci-tagged tests	UNKNOWN STEP	2026-09-14T18:10:24.6783484Z [command]/nix/store/nly4cml071i82515r89rpdw38z55wjqd-git-2.54.0/bin/git checkout --progress --force -B 2026-09-14-kernel-history-fix refs/remotes/origin/2026-09-14-kernel-history-fix
Run selected ci-tagged tests	UNKNOWN STEP	2026-09-14T18:10:24.7134532Z Previous HEAD position was a9fbd1863 api: skip new-device notices after email verification
Run selected ci-tagged tests	UNKNOWN STEP	2026-09-14T18:10:24.7152547Z Switched to a new branch '2026-09-14-kernel-history-fix'
Run selected ci-tagged tests	UNKNOWN STEP	2026-09-14T18:10:24.7155038Z branch '2026-09-14-kernel-history-fix' set up to track 'origin/2026-09-14-kernel-history-fix'.
Run selected ci-tagged tests	UNKNOWN STEP	2026-09-14T18:10:24.7176651Z ##[endgroup]
Run selected ci-tagged tests	UNKNOWN STEP	2026-09-14T18:10:24.7287405Z [command]/nix/store/nly4cml071i82515r89rpdw38z55wjqd-git-2.54.0/bin/git log -1 --format=%H
Run selected ci-tagged tests	UNKNOWN STEP	2026-09-14T18:10:24.7327580Z 42984def67d405c235e2a34d91820563858ddd89
Run selected ci-tagged tests	UNKNOWN STEP	2026-09-14T18:10:24.7656645Z ##[group]Run set -euo pipefail
Run selected ci-tagged tests	UNKNOWN STEP	2026-09-14T18:10:24.7657257Z ^[[36;1mset -euo pipefail^[[0m
Run selected ci-tagged tests	UNKNOWN STEP	2026-09-14T18:10:24.7657664Z ^[[36;1m^[[0m
Run selected ci-tagged tests	UNKNOWN STEP	2026-09-14T18:10:24.7658025Z ^[[36;1mwrite_selection() {^[[0m
Run selected ci-tagged tests	UNKNOWN STEP	2026-09-14T18:10:24.7658425Z ^[[36;1m  {^[[0m
Run selected ci-tagged tests	UNKNOWN STEP	2026-09-14T18:10:24.7658773Z ^[[36;1m    echo "mode=$1"^[[0m
Run selected ci-tagged tests	UNKNOWN STEP	2026-09-14T18:10:24.7659300Z ^[[36;1m    echo "filter=$2"^[[0m
Run selected ci-tagged tests	UNKNOWN STEP	2026-09-14T18:10:24.7659717Z ^[[36;1m    echo "reason=$3"^[[0m
Run selected ci-tagged tests	UNKNOWN STEP	2026-09-14T18:10:24.7660136Z ^[[36;1m    echo "tags="^[[0m
Run selected ci-tagged tests	UNKNOWN STEP	2026-09-14T18:10:24.7660543Z ^[[36;1m  } >> "$GITHUB_OUTPUT"^[[0m
Run selected ci-tagged tests	UNKNOWN STEP	2026-09-14T18:10:24.7660967Z ^[[36;1m}^[[0m
Run selected ci-tagged tests	UNKNOWN STEP	2026-09-14T18:10:24.7661323Z ^[[36;1m^[[0m
Run selected ci-tagged tests	UNKNOWN STEP	2026-09-14T18:10:24.7661827Z ^[[36;1mif [[ "$EVENT_NAME" == "schedule" || "$DISPATCH_MODE" == "full" ]]; then^[[0m
Run selected ci-tagged tests	UNKNOWN STEP	2026-09-14T18:10:24.7662643Z ^[[36;1m  write_selection "full" "tag=ci" "scheduled or manual full run"^[[0m
Run selected ci-tagged tests	UNKNOWN STEP	2026-09-14T18:10:24.7663244Z ^[[36;1m  exit 0^[[0m
Run selected ci-tagged tests	UNKNOWN STEP	2026-09-14T18:10:24.7663589Z ^[[36;1mfi^[[0m
Run selected ci-tagged tests	UNKNOWN STEP	2026-09-14T18:10:24.7663925Z ^[[36;1m^[[0m
Run selected ci-tagged tests	UNKNOWN STEP	2026-09-14T18:10:24.7664398Z ^[[36;1mzero_rev="0000000000000000000000000000000000000000"^[[0m
Run selected ci-tagged tests	UNKNOWN STEP	2026-09-14T18:10:24.7664920Z ^[[36;1mbase=""^[[0m
Run selected ci-tagged tests	UNKNOWN STEP	2026-09-14T18:10:24.7665266Z ^[[36;1m^[[0m
Run selected ci-tagged tests	UNKNOWN STEP	2026-09-14T18:10:24.7665745Z ^[[36;1mif [[ -n "$EVENT_BEFORE" && "$EVENT_BEFORE" != "$zero_rev" ]]; then^[[0m
Run selected ci-tagged tests	UNKNOWN STEP	2026-09-14T18:10:24.7666349Z ^[[36;1m  base="$EVENT_BEFORE"^[[0m
Run selected ci-tagged tests	UNKNOWN STEP	2026-09-14T18:10:24.7666756Z ^[[36;1m^[[0m
Run selected ci-tagged tests	UNKNOWN STEP	2026-09-14T18:10:24.7667205Z ^[[36;1m  if ! git cat-file -e "${base}^{commit}" 2>/dev/null; then^[[0m
Run selected ci-tagged tests	UNKNOWN STEP	2026-09-14T18:10:24.7667775Z ^[[36;1m    base=""^[[0m
Run selected ci-tagged tests	UNKNOWN STEP	2026-09-14T18:10:24.7668136Z ^[[36;1m  fi^[[0m
Run selected ci-tagged tests	UNKNOWN STEP	2026-09-14T18:10:24.7668469Z ^[[36;1mfi^[[0m
Run selected ci-tagged tests	UNKNOWN STEP	2026-09-14T18:10:24.7669333Z ^[[36;1m^[[0m
Run selected ci-tagged tests	UNKNOWN STEP	2026-09-14T18:10:24.7669676Z ^[[36;1mif [[ -z "$base" ]]; then^[[0m
Run selected ci-tagged tests	UNKNOWN STEP	2026-09-14T18:10:24.7670130Z ^[[36;1m  git fetch --no-tags origin \^[[0m
Run selected ci-tagged tests	UNKNOWN STEP	2026-09-14T18:10:24.7670765Z ^[[36;1m    "+refs/heads/${DEFAULT_BRANCH}:refs/remotes/origin/${DEFAULT_BRANCH}"^[[0m
Run selected ci-tagged tests	UNKNOWN STEP	2026-09-14T18:10:24.7671578Z ^[[36;1m  base="$(git merge-base "$HEAD_SHA" "origin/${DEFAULT_BRANCH}" || true)"^[[0m
Run selected ci-tagged tests	UNKNOWN STEP	2026-09-14T18:10:24.7672203Z ^[[36;1mfi^[[0m
Run selected ci-tagged tests	UNKNOWN STEP	2026-09-14T18:10:24.7672533Z ^[[36;1m^[[0m
Run selected ci-tagged tests	UNKNOWN STEP	2026-09-14T18:10:24.7672888Z ^[[36;1mif [[ -z "$base" ]]; then^[[0m
Run selected ci-tagged tests	UNKNOWN STEP	2026-09-14T18:10:24.7673480Z ^[[36;1m  write_selection "full" "tag=ci" "unable to determine diff base"^[[0m
Run selected ci-tagged tests	UNKNOWN STEP	2026-09-14T18:10:24.7674080Z ^[[36;1m  exit 0^[[0m
Run selected ci-tagged tests	UNKNOWN STEP	2026-09-14T18:10:24.7674427Z ^[[36;1mfi^[[0m
Run selected ci-tagged tests	UNKNOWN STEP	2026-09-14T18:10:24.7674752Z ^[[36;1m^[[0m
Run selected ci-tagged tests	UNKNOWN STEP	2026-09-14T18:10:24.7675262Z ^[[36;1mgit diff --name-only "$base" "$HEAD_SHA" | sort -u > changed-files.txt^[[0m
Run selected ci-tagged tests	UNKNOWN STEP	2026-09-14T18:10:24.7675875Z ^[[36;1m^[[0m
Run selected ci-tagged tests	UNKNOWN STEP	2026-09-14T18:10:24.7676436Z ^[[36;1mnix shell --inputs-from . nixpkgs#ruby_3_4 -c ruby tools/select_ci_tests.rb \^[[0m
Run selected ci-tagged tests	UNKNOWN STEP	2026-09-14T18:10:24.7677207Z ^[[36;1m  --changed-files changed-files.txt \^[[0m
Run selected ci-tagged tests	UNKNOWN STEP	2026-09-14T18:10:24.7677758Z ^[[36;1m  --github-output "$GITHUB_OUTPUT"^[[0m
Run selected ci-tagged tests	UNKNOWN STEP	2026-09-14T18:10:24.7682253Z shell: /nix/store/pkf547jp8a92k4wmxikkyby58w10pysr-bash-interactive-5.3p9/bin/bash -e {0}
Run selected ci-tagged tests	UNKNOWN STEP	2026-09-14T18:10:24.7683049Z env:
Run selected ci-tagged tests	UNKNOWN STEP	2026-09-14T18:10:24.7683396Z   DEFAULT_BRANCH: master
Run selected ci-tagged tests	UNKNOWN STEP	2026-09-14T18:10:24.7683816Z   DISPATCH_MODE: 
Run selected ci-tagged tests	UNKNOWN STEP	2026-09-14T18:10:24.7684257Z   EVENT_BEFORE: 337c9257f5e11f36afe81eba4951e267b83e2fc7
Run selected ci-tagged tests	UNKNOWN STEP	2026-09-14T18:10:24.7684775Z   EVENT_NAME: push
Run selected ci-tagged tests	UNKNOWN STEP	2026-09-14T18:10:24.7685196Z   HEAD_SHA: 42984def67d405c235e2a34d91820563858ddd89
Run selected ci-tagged tests	UNKNOWN STEP	2026-09-14T18:10:24.7685685Z ##[endgroup]
Run selected ci-tagged tests	UNKNOWN STEP	2026-09-14T18:10:25.9227163Z mode=full
Run selected ci-tagged tests	UNKNOWN STEP	2026-09-14T18:10:25.9228546Z filter=tag=ci
Run selected ci-tagged tests	UNKNOWN STEP	2026-09-14T18:10:25.9230901Z reason=full rule matched api/db/migrate/20260914120000_add_daily_report_authentication_indexes.rb
Run selected ci-tagged tests	UNKNOWN STEP	2026-09-14T18:10:25.9422747Z ##[group]Run set -euo pipefail
Run selected ci-tagged tests	UNKNOWN STEP	2026-09-14T18:10:25.9423281Z ^[[36;1mset -euo pipefail^[[0m
Run selected ci-tagged tests	UNKNOWN STEP	2026-09-14T18:10:25.9423648Z ^[[36;1m^[[0m
Run selected ci-tagged tests	UNKNOWN STEP	2026-09-14T18:10:25.9423932Z ^[[36;1mfilter="tag=ci"^[[0m
Run selected ci-tagged tests	UNKNOWN STEP	2026-09-14T18:10:25.9424266Z ^[[36;1mmode="full"^[[0m
Run selected ci-tagged tests	UNKNOWN STEP	2026-09-14T18:10:25.9424932Z ^[[36;1mreason="full rule matched api/db/migrate/20260914120000_add_daily_report_authentication_indexes.rb"^[[0m
Run selected ci-tagged tests	UNKNOWN STEP	2026-09-14T18:10:25.9425834Z ^[[36;1m./test-runner.sh ls --filter "$filter" | tee selected-tests.txt^[[0m
Run selected ci-tagged tests	UNKNOWN STEP	2026-09-14T18:10:25.9426550Z ^[[36;1mcount="$(grep -cve '^[[:space:]]*$' selected-tests.txt || true)"^[[0m
Run selected ci-tagged tests	UNKNOWN STEP	2026-09-14T18:10:25.9427089Z ^[[36;1m^[[0m
Run selected ci-tagged tests	UNKNOWN STEP	2026-09-14T18:10:25.9427461Z ^[[36;1mif [[ "$count" -eq 0 && "$mode" == "selected" ]]; then^[[0m
Run selected ci-tagged tests	UNKNOWN STEP	2026-09-14T18:10:25.9427951Z ^[[36;1m  filter="tag=ci"^[[0m
Run selected ci-tagged tests	UNKNOWN STEP	2026-09-14T18:10:25.9428329Z ^[[36;1m  mode="full"^[[0m
Run selected ci-tagged tests	UNKNOWN STEP	2026-09-14T18:10:25.9428816Z ^[[36;1m  reason="selector matched zero tests; falling back to full CI"^[[0m
Run selected ci-tagged tests	UNKNOWN STEP	2026-09-14T18:10:25.9429429Z ^[[36;1m^[[0m
Run selected ci-tagged tests	UNKNOWN STEP	2026-09-14T18:10:25.9429925Z ^[[36;1m  ./test-runner.sh ls --filter "$filter" | tee selected-tests.txt^[[0m
Run selected ci-tagged tests	UNKNOWN STEP	2026-09-14T18:10:25.9430634Z ^[[36;1m  count="$(grep -cve '^[[:space:]]*$' selected-tests.txt || true)"^[[0m
Run selected ci-tagged tests	UNKNOWN STEP	2026-09-14T18:10:25.9431164Z ^[[36;1mfi^[[0m
Run selected ci-tagged tests	UNKNOWN STEP	2026-09-14T18:10:25.9431441Z ^[[36;1m^[[0m
Run selected ci-tagged tests	UNKNOWN STEP	2026-09-14T18:10:25.9431721Z ^[[36;1m{^[[0m
Run selected ci-tagged tests	UNKNOWN STEP	2026-09-14T18:10:25.9432007Z ^[[36;1m  echo "mode=$mode"^[[0m
Run selected ci-tagged tests	UNKNOWN STEP	2026-09-14T18:10:25.9432369Z ^[[36;1m  echo "filter=$filter"^[[0m
Run selected ci-tagged tests	UNKNOWN STEP	2026-09-14T18:10:25.9432754Z ^[[36;1m  echo "reason=$reason"^[[0m
Run selected ci-tagged tests	UNKNOWN STEP	2026-09-14T18:10:25.9433147Z ^[[36;1m  echo "count=$count"^[[0m
Run selected ci-tagged tests	UNKNOWN STEP	2026-09-14T18:10:25.9433520Z ^[[36;1m} >> "$GITHUB_OUTPUT"^[[0m
Run selected ci-tagged tests	UNKNOWN STEP	2026-09-14T18:10:25.9433862Z ^[[36;1m^[[0m
Run selected ci-tagged tests	UNKNOWN STEP	2026-09-14T18:10:25.9434130Z ^[[36;1m{^[[0m
Run selected ci-tagged tests	UNKNOWN STEP	2026-09-14T18:10:25.9434498Z ^[[36;1m  echo "### CI integration test selection"^[[0m
Run selected ci-tagged tests	UNKNOWN STEP	2026-09-14T18:10:25.9434982Z ^[[36;1m  echo ""^[[0m
Run selected ci-tagged tests	UNKNOWN STEP	2026-09-14T18:10:25.9435306Z ^[[36;1m  echo "- Mode: $mode"^[[0m
Run selected ci-tagged tests	UNKNOWN STEP	2026-09-14T18:10:25.9435689Z ^[[36;1m  echo "- Filter: \`$filter\`"^[[0m
Run selected ci-tagged tests	UNKNOWN STEP	2026-09-14T18:10:25.9436120Z ^[[36;1m  echo "- Selected scripts: $count"^[[0m
Run selected ci-tagged tests	UNKNOWN STEP	2026-09-14T18:10:25.9436555Z ^[[36;1m  echo "- Reason: $reason"^[[0m
Run selected ci-tagged tests	UNKNOWN STEP	2026-09-14T18:10:25.9438726Z ^[[36;1m  echo "- Stop after first unexpected result: \`false\`"^[[0m
Run selected ci-tagged tests	UNKNOWN STEP	2026-09-14T18:10:25.9439334Z ^[[36;1m  echo ""^[[0m
Run selected ci-tagged tests	UNKNOWN STEP	2026-09-14T18:10:25.9439767Z ^[[36;1m  echo "<details><summary>Selected test scripts</summary>"^[[0m
Run selected ci-tagged tests	UNKNOWN STEP	2026-09-14T18:10:25.9440285Z ^[[36;1m  echo ""^[[0m
Run selected ci-tagged tests	UNKNOWN STEP	2026-09-14T18:10:25.9440640Z ^[[36;1m  echo '```'^[[0m
Run selected ci-tagged tests	UNKNOWN STEP	2026-09-14T18:10:25.9440985Z ^[[36;1m  cat selected-tests.txt^[[0m
Run selected ci-tagged tests	UNKNOWN STEP	2026-09-14T18:10:25.9441429Z ^[[36;1m  echo '```'^[[0m
Run selected ci-tagged tests	UNKNOWN STEP	2026-09-14T18:10:25.9441838Z ^[[36;1m  echo ""^[[0m
Run selected ci-tagged tests	UNKNOWN STEP	2026-09-14T18:10:25.9442153Z ^[[36;1m  echo "</details>"^[[0m
Run selected ci-tagged tests	UNKNOWN STEP	2026-09-14T18:10:25.9442518Z ^[[36;1m} >> "$GITHUB_STEP_SUMMARY"^[[0m
Run selected ci-tagged tests	UNKNOWN STEP	2026-09-14T18:10:25.9445813Z shell: /nix/store/pkf547jp8a92k4wmxikkyby58w10pysr-bash-interactive-5.3p9/bin/bash -e {0}
Run selected ci-tagged tests	UNKNOWN STEP	2026-09-14T18:10:25.9446551Z ##[endgroup]
Run selected ci-tagged tests	UNKNOWN STEP	2026-09-14T18:10:30.2362546Z this derivation will be built:
Run selected ci-tagged tests	UNKNOWN STEP	2026-09-14T18:10:30.2364894Z   /nix/store/jf7xqzigcsjbl72pay027q2n0hvr9ff2-test-runner-repository-source.drv
Run selected ci-tagged tests	UNKNOWN STEP	2026-09-14T18:10:30.2893128Z building '/nix/store/jf7xqzigcsjbl72pay027q2n0hvr9ff2-test-runner-repository-source.drv'...
Run selected ci-tagged tests	UNKNOWN STEP	2026-09-14T18:12:09.2965714Z admin/cluster-resource-package-assignment
Run selected ci-tagged tests	UNKNOWN STEP	2026-09-14T18:12:09.2967175Z admin/dataset-plan-lifecycle
Run selected ci-tagged tests	UNKNOWN STEP	2026-09-14T18:12:09.2968387Z admin/environment-defaults-propagation
Run selected ci-tagged tests	UNKNOWN STEP	2026-09-14T18:12:09.2969853Z admin/location-network-primary-switch
Run selected ci-tagged tests	UNKNOWN STEP	2026-09-14T18:12:09.2971288Z admin/nodectl-read-and-queue-control
Run selected ci-tagged tests	UNKNOWN STEP	2026-09-14T18:12:09.2972565Z admin/nodectl-refresh-and-runtime-state
Run selected ci-tagged tests	UNKNOWN STEP	2026-09-14T18:12:09.2973786Z admin/remote-mount-state
Run selected ci-tagged tests	UNKNOWN STEP	2026-09-14T18:12:09.2974858Z admin/scheduler-socket-control
Run selected ci-tagged tests	UNKNOWN STEP	2026-09-14T18:12:09.2975976Z alerts/incident-report-process
Run selected ci-tagged tests	UNKNOWN STEP	2026-09-14T18:12:09.2977107Z alerts/lifetime-and-daily-report
Run selected ci-tagged tests	UNKNOWN STEP	2026-09-14T18:12:09.2978282Z alerts/oom-report-notify-and-prune
Run selected ci-tagged tests	UNKNOWN STEP	2026-09-14T18:12:09.2979535Z client/snapshot-download
Run selected ci-tagged tests	UNKNOWN STEP	2026-09-14T18:12:09.2980471Z cluster/1-node
Run selected ci-tagged tests	UNKNOWN STEP	2026-09-14T18:12:09.2981269Z cluster/2-node
Run selected ci-tagged tests	UNKNOWN STEP	2026-09-14T18:12:09.2983170Z cluster/generate-migration-keys
Run selected ci-tagged tests	UNKNOWN STEP	2026-09-14T18:12:09.2984298Z cluster/node-evacuate-basic
Run selected ci-tagged tests	UNKNOWN STEP	2026-09-14T18:12:09.2985413Z cluster/node-evacuate-concurrency
Run selected ci-tagged tests	UNKNOWN STEP	2026-09-14T18:12:09.2986485Z console-router
Run selected ci-tagged tests	UNKNOWN STEP	2026-09-14T18:12:09.2987382Z dns/secondary-transfer-errors
Run selected ci-tagged tests	UNKNOWN STEP	2026-09-14T18:12:09.2988445Z dns/server-zone-lifecycle
Run selected ci-tagged tests	UNKNOWN STEP	2026-09-14T18:12:09.2989562Z dns/zone-transfer-config
Run selected ci-tagged tests	UNKNOWN STEP	2026-09-14T18:12:09.2990510Z download-mounter
Run selected ci-tagged tests	UNKNOWN STEP	2026-09-14T18:12:09.2991455Z network/export-enable-disable-hosts
Run selected ci-tagged tests	UNKNOWN STEP	2026-09-14T18:12:09.2992668Z network/export-lifecycle
Run selected ci-tagged tests	UNKNOWN STEP	2026-09-14T18:12:09.2993708Z network/network-interface-lifecycle
Run selected ci-tagged tests	UNKNOWN STEP	2026-09-14T18:12:09.2995053Z network/network-interface-routes-and-host-ips
Run selected ci-tagged tests	UNKNOWN STEP	2026-09-14T18:12:09.2996556Z network/network-interface-shaper-and-rename
Run selected ci-tagged tests	UNKNOWN STEP	2026-09-14T18:12:09.2997879Z node/register
Run selected ci-tagged tests	UNKNOWN STEP	2026-09-14T18:12:09.2998662Z pool/create
Run selected ci-tagged tests	UNKNOWN STEP	2026-09-14T18:12:09.2999858Z services-up
Run selected ci-tagged tests	UNKNOWN STEP	2026-09-14T18:12:09.3000764Z storage/backup-full-incremental
Run selected ci-tagged tests	UNKNOWN STEP	2026-09-14T18:12:09.3001952Z storage/backup-full-incremental-remote
Run selected ci-tagged tests	UNKNOWN STEP	2026-09-14T18:12:09.3003454Z storage/backup-multiple-destinations-diverged-remote
Run selected ci-tagged tests	UNKNOWN STEP	2026-09-14T18:12:09.3005068Z storage/backup-multiple-destinations-remote
Run selected ci-tagged tests	UNKNOWN STEP	2026-09-14T18:12:09.3006490Z storage/backup-remote-interrupted-recv
Run selected ci-tagged tests	UNKNOWN STEP	2026-09-14T18:12:09.3007780Z storage/backup-remote-interrupted-send
Run selected ci-tagged tests	UNKNOWN STEP	2026-09-14T18:12:09.3008973Z storage/branching-destroy
Run selected ci-tagged tests	UNKNOWN STEP	2026-09-14T18:12:09.3010084Z storage/branching-rotation
Run selected ci-tagged tests	UNKNOWN STEP	2026-09-14T18:12:09.3011271Z storage/branching-shared-snapshot-prune
Run selected ci-tagged tests	UNKNOWN STEP	2026-09-14T18:12:09.3012518Z storage/complex-destroy-order
Run selected ci-tagged tests	UNKNOWN STEP	2026-09-14T18:12:09.3013678Z storage/complex-rotation-order-pending
Run selected ci-tagged tests	UNKNOWN STEP	2026-09-14T18:12:09.3015920Z storage/dataset-destroy-after-rollback-history
Run selected ci-tagged tests	UNKNOWN STEP	2026-09-14T18:12:09.3017366Z storage/dataset-destroy-complex-history
Run selected ci-tagged tests	UNKNOWN STEP	2026-09-14T18:12:09.3018611Z storage/dataset-migrate-remote
Run selected ci-tagged tests	UNKNOWN STEP	2026-09-14T18:12:09.3019958Z storage/dataset-migrate-retain-source
Run selected ci-tagged tests	UNKNOWN STEP	2026-09-14T18:12:09.3021702Z storage/dataset-migrate-rsync-remote
Run selected ci-tagged tests	UNKNOWN STEP	2026-09-14T18:12:09.3022898Z storage/dataset-migrate-same-node
Run selected ci-tagged tests	UNKNOWN STEP	2026-09-14T18:12:09.3024206Z storage/dataset-migrate-same-node-with-exports
Run selected ci-tagged tests	UNKNOWN STEP	2026-09-14T18:12:09.3025524Z storage/group-snapshot
Run selected ci-tagged tests	UNKNOWN STEP	2026-09-14T18:12:09.3028714Z storage/history-divergence-new-tree
Run selected ci-tagged tests	UNKNOWN STEP	2026-09-14T18:12:09.3030072Z storage/repeated-rollback-branching
Run selected ci-tagged tests	UNKNOWN STEP	2026-09-14T18:12:09.3031492Z storage/restore-after-reinstall-remote
Run selected ci-tagged tests	UNKNOWN STEP	2026-09-14T18:12:09.3033016Z storage/restore-after-reinstall-with-descendants-remote
Run selected ci-tagged tests	UNKNOWN STEP	2026-09-14T18:12:09.3034609Z storage/restore-remote-interrupted-recv
Run selected ci-tagged tests	UNKNOWN STEP	2026-09-14T18:12:09.3035859Z storage/rollback-across-trees
Run selected ci-tagged tests	UNKNOWN STEP	2026-09-14T18:12:09.3037051Z storage/rollback-dependent-branch-rotation
Run selected ci-tagged tests	UNKNOWN STEP	2026-09-14T18:12:09.3038377Z storage/rollback-from-backup
Run selected ci-tagged tests	UNKNOWN STEP	2026-09-14T18:12:09.3039594Z storage/rollback-from-remote-backup
Run selected ci-tagged tests	UNKNOWN STEP	2026-09-14T18:12:09.3096675Z storage/rollback-with-descendants
Run selected ci-tagged tests	UNKNOWN STEP	2026-09-14T18:12:09.3097631Z storage/snapshot-download-full-archive
Run selected ci-tagged tests	UNKNOWN STEP	2026-09-14T18:12:09.3098315Z storage/snapshot-download-full-stream
Run selected ci-tagged tests	UNKNOWN STEP	2026-09-14T18:12:09.3099081Z storage/snapshot-download-incremental-branch-mismatch
Run selected ci-tagged tests	UNKNOWN STEP	2026-09-14T18:12:09.3100046Z storage/snapshot-download-incremental-stream
Run selected ci-tagged tests	UNKNOWN STEP	2026-09-14T18:12:09.3100817Z storage/snapshot-download-incremental-transfer
Run selected ci-tagged tests	UNKNOWN STEP	2026-09-14T18:12:09.3101550Z storage/snapshot-download-remove
Run selected ci-tagged tests	UNKNOWN STEP	2026-09-14T18:12:09.3102189Z storage/source-rotation-after-backup-prune
Run selected ci-tagged tests	UNKNOWN STEP	2026-09-14T18:12:09.3102863Z storage/topology-fixture-replay
Run selected ci-tagged tests	UNKNOWN STEP	2026-09-14T18:12:09.3103458Z storage/topology-fixture-roundtrip
Run selected ci-tagged tests	UNKNOWN STEP	2026-09-14T18:12:09.3104096Z storage/topology-reconciliation
Run selected ci-tagged tests	UNKNOWN STEP	2026-09-14T18:12:09.3104753Z storage/vps-hard-delete-after-complex-history
Run selected ci-tagged tests	UNKNOWN STEP	2026-09-14T18:12:09.3105609Z storage/vps-hard-delete-complex-history-with-descendants
Run selected ci-tagged tests	UNKNOWN STEP	2026-09-14T18:12:09.3106399Z supervisor/runtime-ingestion
Run selected ci-tagged tests	UNKNOWN STEP	2026-09-14T18:12:09.3106954Z tasks/auth-session-housekeeping
Run selected ci-tagged tests	UNKNOWN STEP	2026-09-14T18:12:09.3107581Z tasks/dataset-expansion-enforce-and-resolve
Run selected ci-tagged tests	UNKNOWN STEP	2026-09-14T18:12:09.3108263Z tasks/dns-reverse-record-check
Run selected ci-tagged tests	UNKNOWN STEP	2026-09-14T18:12:09.3108818Z tasks/prometheus-export
Run selected ci-tagged tests	UNKNOWN STEP	2026-09-14T18:12:09.3109373Z tx/chain-lifecycle
Run selected ci-tagged tests	UNKNOWN STEP	2026-09-14T18:12:09.3109822Z tx/invalid-signature
Run selected ci-tagged tests	UNKNOWN STEP	2026-09-14T18:12:09.3110886Z tx/keep-going-final-state
Run selected ci-tagged tests	UNKNOWN STEP	2026-09-14T18:12:09.3111414Z tx/manual-confirmations
Run selected ci-tagged tests	UNKNOWN STEP	2026-09-14T18:12:09.3111931Z tx/release-retry-resolve
Run selected ci-tagged tests	UNKNOWN STEP	2026-09-14T18:12:09.3112445Z tx/rollback-state-machine
Run selected ci-tagged tests	UNKNOWN STEP	2026-09-14T18:12:09.3112975Z user/create-with-initial-vps
Run selected ci-tagged tests	UNKNOWN STEP	2026-09-14T18:12:09.3113517Z user/hard-delete-cascade
Run selected ci-tagged tests	UNKNOWN STEP	2026-09-14T18:12:09.3114028Z user/soft-delete-revive-auth
Run selected ci-tagged tests	UNKNOWN STEP	2026-09-14T18:12:09.3114568Z user/suspend-resume-cascade
Run selected ci-tagged tests	UNKNOWN STEP	2026-09-14T18:12:09.3115112Z user/user-namespace-lifecycle
Run selected ci-tagged tests	UNKNOWN STEP	2026-09-14T18:12:09.3115655Z vps/autostart-monitoring
Run selected ci-tagged tests	UNKNOWN STEP	2026-09-14T18:12:09.3116162Z vps/clone-different-owner
Run selected ci-tagged tests	UNKNOWN STEP	2026-09-14T18:12:09.3116662Z vps/clone-remote
Run selected ci-tagged tests	UNKNOWN STEP	2026-09-14T18:12:09.3117127Z vps/clone-remote-consistent
Run selected ci-tagged tests	UNKNOWN STEP	2026-09-14T18:12:09.3117748Z vps/clone-remote-consistent-keep-snapshots
Run selected ci-tagged tests	UNKNOWN STEP	2026-09-14T18:12:09.3118388Z vps/clone-same-node
Run selected ci-tagged tests	UNKNOWN STEP	2026-09-14T18:12:09.3118905Z vps/clone-with-descendants-and-mounts
Run selected ci-tagged tests	UNKNOWN STEP	2026-09-14T18:12:09.3119569Z vps/create
Run selected ci-tagged tests	UNKNOWN STEP	2026-09-14T18:12:09.3120037Z vps/deploy-public-key-and-user-data
Run selected ci-tagged tests	UNKNOWN STEP	2026-09-14T18:12:09.3120661Z vps/expand-and-shrink-dataset
Run selected ci-tagged tests	UNKNOWN STEP	2026-09-14T18:12:09.3121212Z vps/hard-delete-basic
Run selected ci-tagged tests	UNKNOWN STEP	2026-09-14T18:12:09.3121664Z vps/migrate
Run selected ci-tagged tests	UNKNOWN STEP	2026-09-14T18:12:09.3122081Z vps/migrate-no-start
Run selected ci-tagged tests	UNKNOWN STEP	2026-09-14T18:12:09.3122548Z vps/migrate-skip-start
Run selected ci-tagged tests	UNKNOWN STEP	2026-09-14T18:12:09.3123052Z vps/migrate-with-data-check
Run selected ci-tagged tests	UNKNOWN STEP	2026-09-14T18:12:09.3123683Z vps/migrate-with-open-maintenance-window
Run selected ci-tagged tests	UNKNOWN STEP	2026-09-14T18:12:09.3124402Z vps/migrate-with-subdataset-mounts
Run selected ci-tagged tests	UNKNOWN STEP	2026-09-14T18:12:09.3124993Z vps/mount-lifecycle
Run selected ci-tagged tests	UNKNOWN STEP	2026-09-14T18:12:09.3125431Z vps/passwd
Run selected ci-tagged tests	UNKNOWN STEP	2026-09-14T18:12:09.3125828Z vps/reinstall
Run selected ci-tagged tests	UNKNOWN STEP	2026-09-14T18:12:09.3126307Z vps/reinstall-with-user-data-and-keys
Run selected ci-tagged tests	UNKNOWN STEP	2026-09-14T18:12:09.3126906Z vps/replace-no-start
Run selected ci-tagged tests	UNKNOWN STEP	2026-09-14T18:12:09.3127370Z vps/replace-remote
Run selected ci-tagged tests	UNKNOWN STEP	2026-09-14T18:12:09.3127821Z vps/replace-same-node
Run selected ci-tagged tests	UNKNOWN STEP	2026-09-14T18:12:09.3128302Z vps/replace-with-backups
Run selected ci-tagged tests	UNKNOWN STEP	2026-09-14T18:12:09.3128840Z vps/replace-with-backups-remote
Run selected ci-tagged tests	UNKNOWN STEP	2026-09-14T18:12:09.3129520Z vps/replace-with-descendants-and-mounts
Run selected ci-tagged tests	UNKNOWN STEP	2026-09-14T18:12:09.3130176Z vps/start-stop-restart-boot
Run selected ci-tagged tests	UNKNOWN STEP	2026-09-14T18:12:09.3130722Z vps/swap-across-locations
Run selected ci-tagged tests	UNKNOWN STEP	2026-09-14T18:12:09.3131269Z vps/update-resources-and-features
Run selected ci-tagged tests	UNKNOWN STEP	2026-09-14T18:12:09.3132370Z webui#admin-cluster
Run selected ci-tagged tests	UNKNOWN STEP	2026-09-14T18:12:09.3132804Z webui#auth
Run selected ci-tagged tests	UNKNOWN STEP	2026-09-14T18:12:09.3133202Z webui#jumpto
Run selected ci-tagged tests	UNKNOWN STEP	2026-09-14T18:12:09.3133611Z webui#misc-pages
Run selected ci-tagged tests	UNKNOWN STEP	2026-09-14T18:12:09.3134064Z webui#navigation-readonly
Run selected ci-tagged tests	UNKNOWN STEP	2026-09-14T18:12:09.3134565Z webui#networking-dns
Run selected ci-tagged tests	UNKNOWN STEP	2026-09-14T18:12:09.3135041Z webui#security-advisories
Run selected ci-tagged tests	UNKNOWN STEP	2026-09-14T18:12:09.3135560Z webui#storage-backup-export
Run selected ci-tagged tests	UNKNOWN STEP	2026-09-14T18:12:09.3136080Z webui#support-pages
Run selected ci-tagged tests	UNKNOWN STEP	2026-09-14T18:12:09.3136545Z webui#transactions
Run selected ci-tagged tests	UNKNOWN STEP	2026-09-14T18:12:09.3136970Z webui#userns
Run selected ci-tagged tests	UNKNOWN STEP	2026-09-14T18:12:09.3137374Z webui#users-admin
Run selected ci-tagged tests	UNKNOWN STEP	2026-09-14T18:12:09.3137974Z webui#users-self-service
Run selected ci-tagged tests	UNKNOWN STEP	2026-09-14T18:12:09.3138471Z webui#vps-admin-core
Run selected ci-tagged tests	UNKNOWN STEP	2026-09-14T18:12:09.3138948Z webui#vps-admin-ops
Run selected ci-tagged tests	UNKNOWN STEP	2026-09-14T18:12:09.3139473Z webui#vps-lifecycle
Run selected ci-tagged tests	UNKNOWN STEP	2026-09-14T18:12:09.3139914Z webui#vps-user-core
Run selected ci-tagged tests	UNKNOWN STEP	2026-09-14T18:12:09.3140352Z webui#vps-user-ops
Run selected ci-tagged tests	UNKNOWN STEP	2026-09-14T18:12:09.3442085Z ##[group]Run vpsfreecz/vpsadminos/.github/actions/prepare-test-state@staging
Run selected ci-tagged tests	UNKNOWN STEP	2026-09-14T18:12:09.3442880Z ##[endgroup]
Run selected ci-tagged tests	UNKNOWN STEP	2026-09-14T18:12:09.3538104Z ##[start-action display=Run bash "$GITHUB_ACTION_PATH/prepare-test-state.bash";id=prepare-tests.prepare]
Run selected ci-tagged tests	UNKNOWN STEP	2026-09-14T18:12:09.3570386Z ##[group]Run bash "$GITHUB_ACTION_PATH/prepare-test-state.bash"
Run selected ci-tagged tests	UNKNOWN STEP	2026-09-14T18:12:09.3571048Z ^[[36;1mbash "$GITHUB_ACTION_PATH/prepare-test-state.bash"^[[0m
Run selected ci-tagged tests	UNKNOWN STEP	2026-09-14T18:12:09.3574682Z shell: /nix/store/pkf547jp8a92k4wmxikkyby58w10pysr-bash-interactive-5.3p9/bin/bash --noprofile --norc -e -o pipefail {0}
Run selected ci-tagged tests	UNKNOWN STEP	2026-09-14T18:12:09.3575545Z env:
Run selected ci-tagged tests	UNKNOWN STEP	2026-09-14T18:12:09.3575843Z   TEST_STATE_REPOSITORY_ID: 19884793
Run selected ci-tagged tests	UNKNOWN STEP	2026-09-14T18:12:09.3576243Z   TEST_STATE_RUN_ID: 34877084413
Run selected ci-tagged tests	UNKNOWN STEP	2026-09-14T18:12:09.3576614Z   TEST_STATE_RUN_ATTEMPT: 1
Run selected ci-tagged tests	UNKNOWN STEP	2026-09-14T18:12:09.3576953Z ##[endgroup]
Run selected ci-tagged tests	UNKNOWN STEP	2026-09-14T18:12:09.3836412Z Prepared test-runner state directory: /tmp/os-test-runner-19884793-34877084413-1
Run selected ci-tagged tests	UNKNOWN STEP	2026-09-14T18:12:09.3896258Z ##[end-action id=prepare-tests.prepare;outcome=success;conclusion=success;duration_ms=35]
Run selected ci-tagged tests	UNKNOWN STEP	2026-09-14T18:12:09.4034985Z ##[group]Run set -o pipefail
Run selected ci-tagged tests	UNKNOWN STEP	2026-09-14T18:12:09.4035505Z ^[[36;1mset -o pipefail^[[0m
Run selected ci-tagged tests	UNKNOWN STEP	2026-09-14T18:12:09.4035911Z ^[[36;1m^[[0m
Run selected ci-tagged tests	UNKNOWN STEP	2026-09-14T18:12:09.4036227Z ^[[36;1margs=(^[[0m
Run selected ci-tagged tests	UNKNOWN STEP	2026-09-14T18:12:09.4036558Z ^[[36;1m  test^[[0m
Run selected ci-tagged tests	UNKNOWN STEP	2026-09-14T18:12:09.4036954Z ^[[36;1m  --state-dir "$TEST_RUNNER_STATE_DIR"^[[0m
Run selected ci-tagged tests	UNKNOWN STEP	2026-09-14T18:12:09.4037457Z ^[[36;1m  -f^[[0m
Run selected ci-tagged tests	UNKNOWN STEP	2026-09-14T18:12:09.4037793Z ^[[36;1m  --jobs auto^[[0m
Run selected ci-tagged tests	UNKNOWN STEP	2026-09-14T18:12:09.4038223Z ^[[36;1m  --filter "tag=ci"^[[0m
Run selected ci-tagged tests	UNKNOWN STEP	2026-09-14T18:12:09.4038778Z ^[[36;1m)^[[0m
Run selected ci-tagged tests	UNKNOWN STEP	2026-09-14T18:12:09.4039093Z ^[[36;1m^[[0m
Run selected ci-tagged tests	UNKNOWN STEP	2026-09-14T18:12:09.4039586Z ^[[36;1mif [[ "$STOP_ON_FAILURE" == "true" ]]; then^[[0m
Run selected ci-tagged tests	UNKNOWN STEP	2026-09-14T18:12:09.4040136Z ^[[36;1m  args+=(--stop-on-failure)^[[0m
Run selected ci-tagged tests	UNKNOWN STEP	2026-09-14T18:12:09.4040585Z ^[[36;1mfi^[[0m
Run selected ci-tagged tests	UNKNOWN STEP	2026-09-14T18:12:09.4040904Z ^[[36;1m^[[0m
Run selected ci-tagged tests	UNKNOWN STEP	2026-09-14T18:12:09.4041418Z ^[[36;1m./test-runner.sh "${args[@]}" | tee "$TEST_RUNNER_STATE_DIR/test.log"^[[0m
Run selected ci-tagged tests	UNKNOWN STEP	2026-09-14T18:12:09.4045376Z shell: /nix/store/pkf547jp8a92k4wmxikkyby58w10pysr-bash-interactive-5.3p9/bin/bash -e {0}
Run selected ci-tagged tests	UNKNOWN STEP	2026-09-14T18:12:09.4046194Z env:
Run selected ci-tagged tests	UNKNOWN STEP	2026-09-14T18:12:09.4046680Z   TEST_RUNNER_STATE_DIR: /tmp/os-test-runner-19884793-34877084413-1
Run selected ci-tagged tests	UNKNOWN STEP	2026-09-14T18:12:09.4047324Z   STOP_ON_FAILURE: false
Run selected ci-tagged tests	UNKNOWN STEP	2026-09-14T18:12:09.4047706Z ##[endgroup]
Run selected ci-tagged tests	UNKNOWN STEP	2026-09-14T18:12:13.5182328Z this derivation will be built:
Run selected ci-tagged tests	UNKNOWN STEP	2026-09-14T18:12:13.5184375Z   /nix/store/w59zxdlf1dsw880y1ggi2b7ldr1q2lnw-test-runner-repository-source.drv
Run selected ci-tagged tests	UNKNOWN STEP	2026-09-14T18:12:13.5665333Z building '/nix/store/w59zxdlf1dsw880y1ggi2b7ldr1q2lnw-test-runner-repository-source.drv'...
Run selected ci-tagged tests	UNKNOWN STEP	2026-09-14T18:13:50.3216655Z The following test scripts will be run:
Run selected ci-tagged tests	UNKNOWN STEP	2026-09-14T18:13:50.3218131Z   admin/cluster-resource-package-assignment
Run selected ci-tagged tests	UNKNOWN STEP	2026-09-14T18:13:50.3219875Z   admin/dataset-plan-lifecycle
Run selected ci-tagged tests	UNKNOWN STEP	2026-09-14T18:13:50.3221103Z   admin/environment-defaults-propagation
Run selected ci-tagged tests	UNKNOWN STEP	2026-09-14T18:13:50.3222483Z   admin/location-network-primary-switch
Run selected ci-tagged tests	UNKNOWN STEP	2026-09-14T18:13:50.3223770Z   admin/nodectl-read-and-queue-control
Run selected ci-tagged tests	UNKNOWN STEP	2026-09-14T18:13:50.3225242Z   admin/nodectl-refresh-and-runtime-state
Run selected ci-tagged tests	UNKNOWN STEP	2026-09-14T18:13:50.3226532Z   admin/remote-mount-state
Run selected ci-tagged tests	UNKNOWN STEP	2026-09-14T18:13:50.3227622Z   admin/scheduler-socket-control
Run selected ci-tagged tests	UNKNOWN STEP	2026-09-14T18:13:50.3230546Z   alerts/incident-report-process
Run selected ci-tagged tests	UNKNOWN STEP	2026-09-14T18:13:50.3231701Z   alerts/lifetime-and-daily-report
Run selected ci-tagged tests	UNKNOWN STEP	2026-09-14T18:13:50.3232897Z   alerts/oom-report-notify-and-prune
Run selected ci-tagged tests	UNKNOWN STEP	2026-09-14T18:13:50.3234051Z   client/snapshot-download
Run selected ci-tagged tests	UNKNOWN STEP	2026-09-14T18:13:50.3235011Z   cluster/1-node
Run selected ci-tagged tests	UNKNOWN STEP	2026-09-14T18:13:50.3236077Z   cluster/2-node
Run selected ci-tagged tests	UNKNOWN STEP	2026-09-14T18:13:50.3237228Z   cluster/generate-migration-keys
Run selected ci-tagged tests	UNKNOWN STEP	2026-09-14T18:13:50.3238552Z   cluster/node-evacuate-basic
Run selected ci-tagged tests	UNKNOWN STEP	2026-09-14T18:13:50.3239994Z   cluster/node-evacuate-concurrency
Run selected ci-tagged tests	UNKNOWN STEP	2026-09-14T18:13:50.3241082Z   console-router
Run selected ci-tagged tests	UNKNOWN STEP	2026-09-14T18:13:50.3242216Z   dns/secondary-transfer-errors
Run selected ci-tagged tests	UNKNOWN STEP	2026-09-14T18:13:50.3243295Z   dns/server-zone-lifecycle
Run selected ci-tagged tests	UNKNOWN STEP	2026-09-14T18:13:50.3244309Z   dns/zone-transfer-config
Run selected ci-tagged tests	UNKNOWN STEP	2026-09-14T18:13:50.3245286Z   download-mounter
Run selected ci-tagged tests	UNKNOWN STEP	2026-09-14T18:13:50.3246449Z   network/export-enable-disable-hosts
Run selected ci-tagged tests	UNKNOWN STEP	2026-09-14T18:13:50.3247633Z   network/export-lifecycle
Run selected ci-tagged tests	UNKNOWN STEP	2026-09-14T18:13:50.3248720Z   network/network-interface-lifecycle
Run selected ci-tagged tests	UNKNOWN STEP	2026-09-14T18:13:50.3250250Z   network/network-interface-routes-and-host-ips
Run selected ci-tagged tests	UNKNOWN STEP	2026-09-14T18:13:50.3251760Z   network/network-interface-shaper-and-rename
Run selected ci-tagged tests	UNKNOWN STEP	2026-09-14T18:13:50.3253014Z   node/register
Run selected ci-tagged tests	UNKNOWN STEP	2026-09-14T18:13:50.3253801Z   pool/create
Run selected ci-tagged tests	UNKNOWN STEP	2026-09-14T18:13:50.3254569Z   services-up
Run selected ci-tagged tests	UNKNOWN STEP	2026-09-14T18:13:50.3255435Z   storage/backup-full-incremental
Run selected ci-tagged tests	UNKNOWN STEP	2026-09-14T18:13:50.3256982Z   storage/backup-full-incremental-remote
Run selected ci-tagged tests	UNKNOWN STEP	2026-09-14T18:13:50.3258498Z   storage/backup-multiple-destinations-diverged-remote
Run selected ci-tagged tests	UNKNOWN STEP	2026-09-14T18:13:50.3260292Z   storage/backup-multiple-destinations-remote
Run selected ci-tagged tests	UNKNOWN STEP	2026-09-14T18:13:50.3261683Z   storage/backup-remote-interrupted-recv
Run selected ci-tagged tests	UNKNOWN STEP	2026-09-14T18:13:50.3262971Z   storage/backup-remote-interrupted-send
Run selected ci-tagged tests	UNKNOWN STEP	2026-09-14T18:13:50.3264178Z   storage/branching-destroy
Run selected ci-tagged tests	UNKNOWN STEP	2026-09-14T18:13:50.3265247Z   storage/branching-rotation
Run selected ci-tagged tests	UNKNOWN STEP	2026-09-14T18:13:50.3266798Z   storage/branching-shared-snapshot-prune
Run selected ci-tagged tests	UNKNOWN STEP	2026-09-14T18:13:50.3268784Z   storage/complex-destroy-order
Run selected ci-tagged tests	UNKNOWN STEP	2026-09-14T18:13:50.3270010Z   storage/complex-rotation-order-pending
Run selected ci-tagged tests	UNKNOWN STEP	2026-09-14T18:13:50.3271587Z   storage/dataset-destroy-after-rollback-history
Run selected ci-tagged tests	UNKNOWN STEP	2026-09-14T18:13:50.3272915Z   storage/dataset-destroy-complex-history
Run selected ci-tagged tests	UNKNOWN STEP	2026-09-14T18:13:50.3274061Z   storage/dataset-migrate-remote
Run selected ci-tagged tests	UNKNOWN STEP	2026-09-14T18:13:50.3275123Z   storage/dataset-migrate-retain-source
Run selected ci-tagged tests	UNKNOWN STEP	2026-09-14T18:13:50.3276414Z   storage/dataset-migrate-rsync-remote
Run selected ci-tagged tests	UNKNOWN STEP	2026-09-14T18:13:50.3277640Z   storage/dataset-migrate-same-node
Run selected ci-tagged tests	UNKNOWN STEP	2026-09-14T18:13:50.3278838Z   storage/dataset-migrate-same-node-with-exports
Run selected ci-tagged tests	UNKNOWN STEP	2026-09-14T18:13:50.3280336Z   storage/group-snapshot
Run selected ci-tagged tests	UNKNOWN STEP	2026-09-14T18:13:50.3281297Z   storage/history-divergence-new-tree
Run selected ci-tagged tests	UNKNOWN STEP	2026-09-14T18:13:50.3282409Z   storage/repeated-rollback-branching
Run selected ci-tagged tests	UNKNOWN STEP	2026-09-14T18:13:50.3283538Z   storage/restore-after-reinstall-remote
Run selected ci-tagged tests	UNKNOWN STEP	2026-09-14T18:13:50.3284957Z   storage/restore-after-reinstall-with-descendants-remote
Run selected ci-tagged tests	UNKNOWN STEP	2026-09-14T18:13:50.3286568Z   storage/restore-remote-interrupted-recv
Run selected ci-tagged tests	UNKNOWN STEP	2026-09-14T18:13:50.3287927Z   storage/rollback-across-trees
Run selected ci-tagged tests	UNKNOWN STEP	2026-09-14T18:13:50.3289030Z   storage/rollback-dependent-branch-rotation
Run selected ci-tagged tests	UNKNOWN STEP	2026-09-14T18:13:50.3290375Z   storage/rollback-from-backup
Run selected ci-tagged tests	UNKNOWN STEP	2026-09-14T18:13:50.3291411Z   storage/rollback-from-remote-backup
Run selected ci-tagged tests	UNKNOWN STEP	2026-09-14T18:13:50.3292509Z   storage/rollback-with-descendants
Run selected ci-tagged tests	UNKNOWN STEP	2026-09-14T18:13:50.3293608Z   storage/snapshot-download-full-archive
Run selected ci-tagged tests	UNKNOWN STEP	2026-09-14T18:13:50.3294768Z   storage/snapshot-download-full-stream
Run selected ci-tagged tests	UNKNOWN STEP	2026-09-14T18:13:50.3296132Z   storage/snapshot-download-incremental-branch-mismatch
Run selected ci-tagged tests	UNKNOWN STEP	2026-09-14T18:13:50.3297965Z   storage/snapshot-download-incremental-stream
Run selected ci-tagged tests	UNKNOWN STEP	2026-09-14T18:13:50.3299512Z   storage/snapshot-download-incremental-transfer
Run selected ci-tagged tests	UNKNOWN STEP	2026-09-14T18:13:50.3300795Z   storage/snapshot-download-remove
Run selected ci-tagged tests	UNKNOWN STEP	2026-09-14T18:13:50.3301953Z   storage/source-rotation-after-backup-prune
Run selected ci-tagged tests	UNKNOWN STEP	2026-09-14T18:13:50.3303158Z   storage/topology-fixture-replay
Run selected ci-tagged tests	UNKNOWN STEP	2026-09-14T18:13:50.3304224Z   storage/topology-fixture-roundtrip
Run selected ci-tagged tests	UNKNOWN STEP	2026-09-14T18:13:50.3305304Z   storage/topology-reconciliation
Run selected ci-tagged tests	UNKNOWN STEP	2026-09-14T18:13:50.3306815Z   storage/vps-hard-delete-after-complex-history
Run selected ci-tagged tests	UNKNOWN STEP	2026-09-14T18:13:50.3308541Z   storage/vps-hard-delete-complex-history-with-descendants
Run selected ci-tagged tests	UNKNOWN STEP	2026-09-14T18:13:50.3310905Z   supervisor/runtime-ingestion
Run selected ci-tagged tests	UNKNOWN STEP	2026-09-14T18:13:50.3311916Z   tasks/auth-session-housekeeping
Run selected ci-tagged tests	UNKNOWN STEP	2026-09-14T18:13:50.3313088Z   tasks/dataset-expansion-enforce-and-resolve
Run selected ci-tagged tests	UNKNOWN STEP	2026-09-14T18:13:50.3314303Z   tasks/dns-reverse-record-check
Run selected ci-tagged tests	UNKNOWN STEP	2026-09-14T18:13:50.3315292Z   tasks/prometheus-export
Run selected ci-tagged tests	UNKNOWN STEP	2026-09-14T18:13:50.3316160Z   tx/chain-lifecycle
Run selected ci-tagged tests	UNKNOWN STEP	2026-09-14T18:13:50.3317018Z   tx/invalid-signature
Run selected ci-tagged tests	UNKNOWN STEP	2026-09-14T18:13:50.3318180Z   tx/keep-going-final-state
Run selected ci-tagged tests	UNKNOWN STEP	2026-09-14T18:13:50.3319114Z   tx/manual-confirmations
Run selected ci-tagged tests	UNKNOWN STEP	2026-09-14T18:13:50.3320236Z   tx/release-retry-resolve
Run selected ci-tagged tests	UNKNOWN STEP	2026-09-14T18:13:50.3321160Z   tx/rollback-state-machine
Run selected ci-tagged tests	UNKNOWN STEP	2026-09-14T18:13:50.3322110Z   user/create-with-initial-vps
Run selected ci-tagged tests	UNKNOWN STEP	2026-09-14T18:13:50.3323070Z   user/hard-delete-cascade
Run selected ci-tagged tests	UNKNOWN STEP	2026-09-14T18:13:50.3324046Z   user/soft-delete-revive-auth
Run selected ci-tagged tests	UNKNOWN STEP	2026-09-14T18:13:50.3325017Z   user/suspend-resume-cascade
Run selected ci-tagged tests	UNKNOWN STEP	2026-09-14T18:13:50.3326016Z   user/user-namespace-lifecycle
Run selected ci-tagged tests	UNKNOWN STEP	2026-09-14T18:13:50.3326998Z   vps/autostart-monitoring
Run selected ci-tagged tests	UNKNOWN STEP	2026-09-14T18:13:50.3328237Z   vps/clone-different-owner
Run selected ci-tagged tests	UNKNOWN STEP	2026-09-14T18:13:50.3329118Z   vps/clone-remote
Run selected ci-tagged tests	UNKNOWN STEP	2026-09-14T18:13:50.3330098Z   vps/clone-remote-consistent
Run selected ci-tagged tests	UNKNOWN STEP	2026-09-14T18:13:50.3331190Z   vps/clone-remote-consistent-keep-snapshots
Run selected ci-tagged tests	UNKNOWN STEP	2026-09-14T18:13:50.3332339Z   vps/clone-same-node
Run selected ci-tagged tests	UNKNOWN STEP	2026-09-14T18:13:50.3333268Z   vps/clone-with-descendants-and-mounts
Run selected ci-tagged tests	UNKNOWN STEP	2026-09-14T18:13:50.3334310Z   vps/create
Run selected ci-tagged tests	UNKNOWN STEP	2026-09-14T18:13:50.3335155Z   vps/deploy-public-key-and-user-data
Run selected ci-tagged tests	UNKNOWN STEP	2026-09-14T18:13:50.3336270Z   vps/expand-and-shrink-dataset
Run selected ci-tagged tests	UNKNOWN STEP	2026-09-14T18:13:50.3337239Z   vps/hard-delete-basic
Run selected ci-tagged tests	UNKNOWN STEP	2026-09-14T18:13:50.3338354Z   vps/migrate
Run selected ci-tagged tests	UNKNOWN STEP	2026-09-14T18:13:50.3339105Z   vps/migrate-no-start
Run selected ci-tagged tests	UNKNOWN STEP	2026-09-14T18:13:50.3340101Z   vps/migrate-skip-start
Run selected ci-tagged tests	UNKNOWN STEP	2026-09-14T18:13:50.3341018Z   vps/migrate-with-data-check
Run selected ci-tagged tests	UNKNOWN STEP	2026-09-14T18:13:50.3342085Z   vps/migrate-with-open-maintenance-window
Run selected ci-tagged tests	UNKNOWN STEP	2026-09-14T18:13:50.3343931Z   vps/migrate-with-subdataset-mounts
Run selected ci-tagged tests	UNKNOWN STEP	2026-09-14T18:13:50.3344969Z   vps/mount-lifecycle
Run selected ci-tagged tests	UNKNOWN STEP	2026-09-14T18:13:50.3345769Z   vps/passwd
Run selected ci-tagged tests	UNKNOWN STEP	2026-09-14T18:13:50.3346492Z   vps/reinstall
Run selected ci-tagged tests	UNKNOWN STEP	2026-09-14T18:13:50.3347387Z   vps/reinstall-with-user-data-and-keys
Run selected ci-tagged tests	UNKNOWN STEP	2026-09-14T18:13:50.3348797Z   vps/replace-no-start
Run selected ci-tagged tests	UNKNOWN STEP	2026-09-14T18:13:50.3349798Z   vps/replace-remote
Run selected ci-tagged tests	UNKNOWN STEP	2026-09-14T18:13:50.3350627Z   vps/replace-same-node
Run selected ci-tagged tests	UNKNOWN STEP	2026-09-14T18:13:50.3351503Z   vps/replace-with-backups
Run selected ci-tagged tests	UNKNOWN STEP	2026-09-14T18:13:50.3352465Z   vps/replace-with-backups-remote
Run selected ci-tagged tests	UNKNOWN STEP	2026-09-14T18:13:50.3353573Z   vps/replace-with-descendants-and-mounts
Run selected ci-tagged tests	UNKNOWN STEP	2026-09-14T18:13:50.3354720Z   vps/start-stop-restart-boot
Run selected ci-tagged tests	UNKNOWN STEP	2026-09-14T18:13:50.3355693Z   vps/swap-across-locations
Run selected ci-tagged tests	UNKNOWN STEP	2026-09-14T18:13:50.3356674Z   vps/update-resources-and-features
Run selected ci-tagged tests	UNKNOWN STEP	2026-09-14T18:13:50.3357677Z   webui#admin-cluster
Run selected ci-tagged tests	UNKNOWN STEP	2026-09-14T18:13:50.3358768Z   webui#auth
Run selected ci-tagged tests	UNKNOWN STEP	2026-09-14T18:13:50.3359700Z   webui#jumpto
Run selected ci-tagged tests	UNKNOWN STEP	2026-09-14T18:13:50.3360436Z   webui#misc-pages
Run selected ci-tagged tests	UNKNOWN STEP	2026-09-14T18:13:50.3361243Z   webui#navigation-readonly
Run selected ci-tagged tests	UNKNOWN STEP	2026-09-14T18:13:50.3362154Z   webui#networking-dns
Run selected ci-tagged tests	UNKNOWN STEP	2026-09-14T18:13:50.3363003Z   webui#security-advisories
Run selected ci-tagged tests	UNKNOWN STEP	2026-09-14T18:13:50.3363957Z   webui#storage-backup-export
Run selected ci-tagged tests	UNKNOWN STEP	2026-09-14T18:13:50.3364904Z   webui#support-pages
Run selected ci-tagged tests	UNKNOWN STEP	2026-09-14T18:13:50.3365709Z   webui#transactions
Run selected ci-tagged tests	UNKNOWN STEP	2026-09-14T18:13:50.3366487Z   webui#userns
Run selected ci-tagged tests	UNKNOWN STEP	2026-09-14T18:13:50.3367204Z   webui#users-admin
Run selected ci-tagged tests	UNKNOWN STEP	2026-09-14T18:13:50.3368007Z   webui#users-self-service
Run selected ci-tagged tests	UNKNOWN STEP	2026-09-14T18:13:50.3369388Z   webui#vps-admin-core
Run selected ci-tagged tests	UNKNOWN STEP	2026-09-14T18:13:50.3370211Z   webui#vps-admin-ops
Run selected ci-tagged tests	UNKNOWN STEP	2026-09-14T18:13:50.3371008Z   webui#vps-lifecycle
Run selected ci-tagged tests	UNKNOWN STEP	2026-09-14T18:13:50.3371988Z   webui#vps-user-core
Run selected ci-tagged tests	UNKNOWN STEP	2026-09-14T18:13:50.3372321Z   webui#vps-user-ops
Run selected ci-tagged tests	UNKNOWN STEP	2026-09-14T18:13:50.3372519Z 
Run selected ci-tagged tests	UNKNOWN STEP	2026-09-14T18:13:50.3372960Z [2026-09-14 20:13:50 +0200] Running 135 scripts of 118 tests, at most 118 tests at a time (auto)
Run selected ci-tagged tests	UNKNOWN STEP	2026-09-14T18:13:50.3374552Z [2026-09-14 20:13:50 +0200] Resource detection: memory assigned=100.0 GiB, available-at-start=98.7 GiB, reserve=8.0 GiB, limit=90.7 GiB; shm assigned=375.1 GiB, available-at-start=375.1 GiB, reserve=8.0 GiB, limit=367.1 GiB
Run selected ci-tagged tests	UNKNOWN STEP	2026-09-14T18:13:50.3376161Z [2026-09-14 20:13:50 +0200] Resource limits: memory=0 MiB/90.7 GiB, shm=0 MiB/367.1 GiB, cpus=0/72, running=0
Run selected ci-tagged tests	UNKNOWN STEP	2026-09-14T18:13:50.3377558Z [2026-09-14 20:13:50 +0200] State directory is /tmp/os-test-runner-19884793-34877084413-1
Run selected ci-tagged tests	UNKNOWN STEP	2026-09-14T18:13:50.3599421Z [2026-09-14 20:13:50 +0200] Reserved resources for 'user/soft-delete-revive-auth': machines=2, memory=16.0 GiB, shm=16.0 GiB, cpus=12; pool: memory=16.0 GiB/90.7 GiB, shm=16.0 GiB/367.1 GiB, cpus=12/72, running=1
Run selected ci-tagged tests	UNKNOWN STEP	2026-09-14T18:13:50.3695583Z [2026-09-14 20:13:50 +0200] [1/118] Running test 'user/soft-delete-revive-auth' (#default)
Run selected ci-tagged tests	UNKNOWN STEP	2026-09-14T18:13:50.3699848Z [2026-09-14 20:13:50 +0200] Reserved resources for 'vps/clone-different-owner': machines=2, memory=16.0 GiB, shm=16.0 GiB, cpus=12; pool: memory=32.0 GiB/90.7 GiB, shm=32.0 GiB/367.1 GiB, cpus=24/72, running=2
Run selected ci-tagged tests	UNKNOWN STEP	2026-09-14T18:13:50.3703763Z [2026-09-14 20:13:50 +0200] [2/118] Running test 'vps/clone-different-owner' (#default)
Run selected ci-tagged tests	UNKNOWN STEP	2026-09-14T18:13:50.3707472Z [2026-09-14 20:13:50 +0200] Reserved resources for 'tasks/auth-session-housekeeping': machines=2, memory=16.0 GiB, shm=16.0 GiB, cpus=12; pool: memory=48.0 GiB/90.7 GiB, shm=48.0 GiB/367.1 GiB, cpus=36/72, running=3
Run selected ci-tagged tests	UNKNOWN STEP	2026-09-14T18:13:50.3713143Z [2026-09-14 20:13:50 +0200] [3/118] Running test 'tasks/auth-session-housekeeping' (#default)
Run selected ci-tagged tests	UNKNOWN STEP	2026-09-14T18:13:50.3717212Z [2026-09-14 20:13:50 +0200] Reserved resources for 'vps/migrate': machines=3, memory=24.0 GiB, shm=24.0 GiB, cpus=16; pool: memory=72.0 GiB/90.7 GiB, shm=72.0 GiB/367.1 GiB, cpus=52/72, running=4
Run selected ci-tagged tests	UNKNOWN STEP	2026-09-14T18:13:50.3720627Z [2026-09-14 20:13:50 +0200] [4/118] Running test 'vps/migrate' (#default)
Run selected ci-tagged tests	UNKNOWN STEP	2026-09-14T18:13:50.3724656Z [2026-09-14 20:13:50 +0200] Reserved resources for 'alerts/oom-report-notify-and-prune': machines=2, memory=16.0 GiB, shm=16.0 GiB, cpus=12; pool: memory=88.0 GiB/90.7 GiB, shm=88.0 GiB/367.1 GiB, cpus=64/72, running=5
Run selected ci-tagged tests	UNKNOWN STEP	2026-09-14T18:13:50.3729927Z [2026-09-14 20:13:50 +0200] [6/118] Running test 'alerts/oom-report-notify-and-prune' (#default)
Run selected ci-tagged tests	UNKNOWN STEP	2026-09-14T18:13:50.3734042Z [2026-09-14 20:13:50 +0200] Reserved resources for 'storage/topology-fixture-replay': machines=0, memory=0 MiB, shm=0 MiB, cpus=0; pool: memory=88.0 GiB/90.7 GiB, shm=88.0 GiB/367.1 GiB, cpus=64/72, running=6
Run selected ci-tagged tests	UNKNOWN STEP	2026-09-14T18:13:50.3737719Z [2026-09-14 20:13:50 +0200] [96/118] Running test 'storage/topology-fixture-replay' (#default)
Run selected ci-tagged tests	UNKNOWN STEP	2026-09-14T18:13:50.3744746Z [2026-09-14 20:13:50 +0200] Waiting for resources: pool: memory=88.0 GiB/90.7 GiB, shm=88.0 GiB/367.1 GiB, cpus=64/72, running=6; pending: storage/dataset-migrate-remote (machines=3, memory=24.0 GiB, shm=24.0 GiB, cpus=16), vps/reinstall-with-user-data-and-keys (machines=2, memory=16.0 GiB, shm=16.0 GiB, cpus=12), vps/create (machines=2, memory=16.0 GiB, shm=16.0 GiB, cpus=12)
Run selected ci-tagged tests	UNKNOWN STEP	2026-09-14T18:13:51.7415964Z [2026-09-14 20:13:51 +0200] [96/118] Example [1/2] 'topology fixture replay has committed fixtures to replay' succeeded in 0.0 seconds
Run selected ci-tagged tests	UNKNOWN STEP	2026-09-14T18:13:51.7454188Z [2026-09-14 20:13:51 +0200] [96/118] Example [2/2] 'topology fixture replay validates synthetic-good-topology.json' succeeded in 0.0 seconds
Run selected ci-tagged tests	UNKNOWN STEP	2026-09-14T18:13:51.7627335Z [2026-09-14 20:13:51 +0200] [96/118] Test 'storage/topology-fixture-replay' successful in 1.39 seconds
Run selected ci-tagged tests	UNKNOWN STEP	2026-09-14T18:18:33.9789574Z [2026-09-14 20:18:33 +0200] [4/118] Example [1/11] 'vps migration responds to API requests' succeeded in 2.82 seconds
Run selected ci-tagged tests	UNKNOWN STEP	2026-09-14T18:18:45.2338549Z [2026-09-14 20:18:45 +0200] [4/118] Example [2/11] 'vps migration creates storage pool on node1' succeeded in 11.26 seconds
Run selected ci-tagged tests	UNKNOWN STEP	2026-09-14T18:18:50.3581090Z [2026-09-14 20:18:50 +0200] Status: passing; 1 succeeded as expected, 0 failed as expected, 0 unexpectedly failed, 0 unexpectedly succeeded; 5 running, 112 remaining
Run selected ci-tagged tests	UNKNOWN STEP	2026-09-14T18:18:56.1754157Z [2026-09-14 20:18:56 +0200] [4/118] Example [3/11] 'vps migration creates storage pool on node2' succeeded in 10.94 seconds
Run selected ci-tagged tests	UNKNOWN STEP	2026-09-14T18:19:15.8118893Z [2026-09-14 20:19:15 +0200] [4/118] Example [4/11] 'vps migration waits for pools to be online' succeeded in 19.64 seconds
Run selected ci-tagged tests	UNKNOWN STEP	2026-09-14T18:19:29.3446290Z [2026-09-14 20:19:29 +0200] [4/118] Example [5/11] 'vps migration generates migration keys' succeeded in 13.53 seconds
Run selected ci-tagged tests	UNKNOWN STEP	2026-09-14T18:19:29.9386299Z [2026-09-14 20:19:29 +0200] [4/118] Example [6/11] 'vps migration runs nodectl queue resume all on node1' succeeded in 0.59 seconds
Run selected ci-tagged tests	UNKNOWN STEP	2026-09-14T18:19:30.5441524Z [2026-09-14 20:19:30 +0200] [4/118] Example [7/11] 'vps migration runs nodectl queue resume all on node2' succeeded in 0.61 seconds
Run selected ci-tagged tests	UNKNOWN STEP	2026-09-14T18:19:32.5894967Z [2026-09-14 20:19:32 +0200] [3/118] Example [1/1] 'auth and session housekeeping tasks cleans expired auth state and reports failed logins' succeeded in 16.68 seconds
Run selected ci-tagged tests	UNKNOWN STEP	2026-09-14T18:19:50.9875342Z [2026-09-14 20:19:50 +0200] [3/118] Test 'tasks/auth-session-housekeeping' successful in 360.62 seconds
Run selected ci-tagged tests	UNKNOWN STEP	2026-09-14T18:19:50.9881631Z [2026-09-14 20:19:50 +0200] Reserved resources for 'vps/reinstall-with-user-data-and-keys': machines=2, memory=16.0 GiB, shm=16.0 GiB, cpus=12; pool: memory=88.0 GiB/90.7 GiB, shm=88.0 GiB/367.1 GiB, cpus=64/72, running=5
Run selected ci-tagged tests	UNKNOWN STEP	2026-09-14T18:19:50.9900269Z [2026-09-14 20:19:50 +0200] [7/118] Running test 'vps/reinstall-with-user-data-and-keys' (#default)
Run selected ci-tagged tests	UNKNOWN STEP	2026-09-14T18:19:50.9938267Z [2026-09-14 20:19:50 +0200] Waiting for resources: pool: memory=88.0 GiB/90.7 GiB, shm=88.0 GiB/367.1 GiB, cpus=64/72, running=5; pending: storage/dataset-migrate-remote (machines=3, memory=24.0 GiB, shm=24.0 GiB, cpus=16), vps/create (machines=2, memory=16.0 GiB, shm=16.0 GiB, cpus=12), admin/location-network-primary-switch (machines=2, memory=16.0 GiB, shm=16.0 GiB, cpus=12)
Run selected ci-tagged tests	UNKNOWN STEP	2026-09-14T18:20:07.8301817Z [2026-09-14 20:20:07 +0200] [4/118] Example [8/11] 'vps migration creates a VPS on node1' succeeded in 37.29 seconds
Run selected ci-tagged tests	UNKNOWN STEP	2026-09-14T18:20:21.8918816Z [2026-09-14 20:20:21 +0200] [6/118] Example [1/1] 'oom report task notifies users and prunes old reports' succeeded in 47.99 seconds
Run selected ci-tagged tests	UNKNOWN STEP	2026-09-14T18:20:41.0362057Z [2026-09-14 20:20:41 +0200] [6/118] Test 'alerts/oom-report-notify-and-prune' successful in 410.66 seconds
Run selected ci-tagged tests	UNKNOWN STEP	2026-09-14T18:20:41.0370088Z [2026-09-14 20:20:41 +0200] Reserved resources for 'vps/create': machines=2, memory=16.0 GiB, shm=16.0 GiB, cpus=12; pool: memory=88.0 GiB/90.7 GiB, shm=88.0 GiB/367.1 GiB, cpus=64/72, running=5
Run selected ci-tagged tests	UNKNOWN STEP	2026-09-14T18:20:41.0440680Z [2026-09-14 20:20:41 +0200] [8/118] Running test 'vps/create' (#default)
Run selected ci-tagged tests	UNKNOWN STEP	2026-09-14T18:22:10.5868374Z [2026-09-14 20:22:10 +0200] [4/118] Example [9/11] 'vps migration starts the VPS on node1' succeeded in 122.76 seconds
Run selected ci-tagged tests	UNKNOWN STEP	2026-09-14T18:22:12.5157445Z [2026-09-14 20:22:12 +0200] [2/118] Example [1/1] 'same-node VPS clone to a different owner creates the clone under the destination user namespace map' succeeded in 232.78 seconds
Run selected ci-tagged tests	UNKNOWN STEP	2026-09-14T18:22:16.3785901Z [2026-09-14 20:22:16 +0200] [4/118] Example [10/11] 'vps migration writes data inside the VPS before migration' succeeded in 5.79 seconds
Run selected ci-tagged tests	UNKNOWN STEP	2026-09-14T18:22:32.8848572Z [2026-09-14 20:22:32 +0200] [2/118] Test 'vps/clone-different-owner' successful in 522.51 seconds
Run selected ci-tagged tests	UNKNOWN STEP	2026-09-14T18:22:32.8854230Z [2026-09-14 20:22:32 +0200] Reserved resources for 'admin/location-network-primary-switch': machines=2, memory=16.0 GiB, shm=16.0 GiB, cpus=12; pool: memory=88.0 GiB/90.7 GiB, shm=88.0 GiB/367.1 GiB, cpus=64/72, running=5
Run selected ci-tagged tests	UNKNOWN STEP	2026-09-14T18:22:32.8881732Z [2026-09-14 20:22:32 +0200] [9/118] Running test 'admin/location-network-primary-switch' (#default)
Run selected ci-tagged tests	UNKNOWN STEP	2026-09-14T18:22:32.8947581Z [2026-09-14 20:22:32 +0200] Waiting for resources: pool: memory=88.0 GiB/90.7 GiB, shm=88.0 GiB/367.1 GiB, cpus=64/72, running=5; pending: storage/dataset-migrate-remote (machines=3, memory=24.0 GiB, shm=24.0 GiB, cpus=16), vps/autostart-monitoring (machines=2, memory=16.0 GiB, shm=16.0 GiB, cpus=12), admin/environment-defaults-propagation (machines=2, memory=16.0 GiB, shm=16.0 GiB, cpus=12)
Run selected ci-tagged tests	UNKNOWN STEP	2026-09-14T18:22:59.1780953Z [2026-09-14 20:22:59 +0200] [8/118] Example [1/4] 'cluster responds to API requests' succeeded in 2.8 seconds
Run selected ci-tagged tests	UNKNOWN STEP	2026-09-14T18:23:11.4785891Z [2026-09-14 20:23:11 +0200] [8/118] Example [2/4] 'cluster creates storage pool' succeeded in 12.3 seconds
Run selected ci-tagged tests	UNKNOWN STEP	2026-09-14T18:23:28.1144451Z [2026-09-14 20:23:28 +0200] [4/118] Example [11/11] 'vps migration migrates the VPS to node2' succeeded in 71.74 seconds
Run selected ci-tagged tests	UNKNOWN STEP	2026-09-14T18:23:48.1850440Z [2026-09-14 20:23:48 +0200] [8/118] Example [3/4] 'cluster creates a VPS' succeeded in 36.71 seconds
Run selected ci-tagged tests	UNKNOWN STEP	2026-09-14T18:23:50.3580757Z [2026-09-14 20:23:50 +0200] Status: passing; 4 succeeded as expected, 0 failed as expected, 0 unexpectedly failed, 0 unexpectedly succeeded; 5 running, 109 remaining
Run selected ci-tagged tests	UNKNOWN STEP	2026-09-14T18:23:54.7706855Z [2026-09-14 20:23:54 +0200] [1/118] Example [1/1] 'user soft-delete, auth closure, and revive rejects auth after soft-delete and revives VPS/export state' succeeded in 262.63 seconds
Run selected ci-tagged tests	UNKNOWN STEP	2026-09-14T18:23:55.4728232Z [2026-09-14 20:23:55 +0200] [4/118] Test 'vps/migrate' successful in 605.1 seconds
Run selected ci-tagged tests	UNKNOWN STEP	2026-09-14T18:23:55.4734646Z [2026-09-14 20:23:55 +0200] Reserved resources for 'storage/dataset-migrate-remote': machines=3, memory=24.0 GiB, shm=24.0 GiB, cpus=16; pool: memory=88.0 GiB/90.7 GiB, shm=88.0 GiB/367.1 GiB, cpus=64/72, running=5
Run selected ci-tagged tests	UNKNOWN STEP	2026-09-14T18:23:55.4754194Z [2026-09-14 20:23:55 +0200] [5/118] Running test 'storage/dataset-migrate-remote' (#default)
Run selected ci-tagged tests	UNKNOWN STEP	2026-09-14T18:23:55.4817246Z [2026-09-14 20:23:55 +0200] Waiting for resources: pool: memory=88.0 GiB/90.7 GiB, shm=88.0 GiB/367.1 GiB, cpus=64/72, running=5; pending: vps/autostart-monitoring (machines=2, memory=16.0 GiB, shm=16.0 GiB, cpus=12), admin/environment-defaults-propagation (machines=2, memory=16.0 GiB, shm=16.0 GiB, cpus=12), vps/mount-lifecycle (machines=2, memory=16.0 GiB, shm=16.0 GiB, cpus=12)
Run selected ci-tagged tests	UNKNOWN STEP	2026-09-14T18:24:15.2845946Z [2026-09-14 20:24:15 +0200] [1/118] Test 'user/soft-delete-revive-auth' successful in 624.91 seconds
Run selected ci-tagged tests	UNKNOWN STEP	2026-09-14T18:24:15.2850644Z [2026-09-14 20:24:15 +0200] Reserved resources for 'vps/autostart-monitoring': machines=2, memory=16.0 GiB, shm=16.0 GiB, cpus=12; pool: memory=88.0 GiB/90.7 GiB, shm=88.0 GiB/367.1 GiB, cpus=64/72, running=5
Run selected ci-tagged tests	UNKNOWN STEP	2026-09-14T18:24:15.2880169Z [2026-09-14 20:24:15 +0200] [10/118] Running test 'vps/autostart-monitoring' (#default)
Run selected ci-tagged tests	UNKNOWN STEP	2026-09-14T18:25:05.5402751Z [2026-09-14 20:25:05 +0200] [8/118] Example [4/4] 'cluster starts a VPS' succeeded in 77.35 seconds
Run selected ci-tagged tests	UNKNOWN STEP	2026-09-14T18:25:15.1036076Z [2026-09-14 20:25:15 +0200] [9/118] Example [1/1] 'location-network primary switch promotes another location and clears primary on delete' succeeded in 11.46 seconds
Run selected ci-tagged tests	UNKNOWN STEP	2026-09-14T18:25:26.1362227Z [2026-09-14 20:25:26 +0200] [8/118] Test 'vps/create' successful in 285.1 seconds
Run selected ci-tagged tests	UNKNOWN STEP	2026-09-14T18:25:26.1363844Z [2026-09-14 20:25:26 +0200] Reserved resources for 'admin/environment-defaults-propagation': machines=2, memory=16.0 GiB, shm=16.0 GiB, cpus=12; pool: memory=88.0 GiB/90.7 GiB, shm=88.0 GiB/367.1 GiB, cpus=64/72, running=5
Run selected ci-tagged tests	UNKNOWN STEP	2026-09-14T18:25:26.1381156Z [2026-09-14 20:25:26 +0200] [11/118] Running test 'admin/environment-defaults-propagation' (#default)
Run selected ci-tagged tests	UNKNOWN STEP	2026-09-14T18:25:26.1423949Z [2026-09-14 20:25:26 +0200] Waiting for resources: pool: memory=88.0 GiB/90.7 GiB, shm=88.0 GiB/367.1 GiB, cpus=64/72, running=5; pending: vps/mount-lifecycle (machines=2, memory=16.0 GiB, shm=16.0 GiB, cpus=12), tx/release-retry-resolve (machines=2, memory=16.0 GiB, shm=16.0 GiB, cpus=12), vps/start-stop-restart-boot (machines=2, memory=16.0 GiB, shm=16.0 GiB, cpus=12)
Run selected ci-tagged tests	UNKNOWN STEP	2026-09-14T18:26:01.3240170Z [2026-09-14 20:26:01 +0200] [7/118] Example [1/1] 'reinstall with user data and keys redeploys auto-add keys and executes script user data after reinstall' succeeded in 221.38 seconds
Run selected ci-tagged tests	UNKNOWN STEP	2026-09-14T18:26:22.1572782Z [2026-09-14 20:26:22 +0200] [7/118] Test 'vps/reinstall-with-user-data-and-keys' successful in 391.17 seconds
Run selected ci-tagged tests	UNKNOWN STEP	2026-09-14T18:26:22.1580232Z [2026-09-14 20:26:22 +0200] Reserved resources for 'vps/mount-lifecycle': machines=2, memory=16.0 GiB, shm=16.0 GiB, cpus=12; pool: memory=88.0 GiB/90.7 GiB, shm=88.0 GiB/367.1 GiB, cpus=64/72, running=5
Run selected ci-tagged tests	UNKNOWN STEP	2026-09-14T18:26:22.1601847Z [2026-09-14 20:26:22 +0200] [12/118] Running test 'vps/mount-lifecycle' (#default)
Run selected ci-tagged tests	UNKNOWN STEP	2026-09-14T18:27:58.2254938Z [2026-09-14 20:27:58 +0200] [11/118] Example [1/1] 'environment default propagation updates default user config rows only' succeeded in 3.88 seconds
Run selected ci-tagged tests	UNKNOWN STEP	2026-09-14T18:28:15.9711755Z [2026-09-14 20:28:15 +0200] [11/118] Test 'admin/environment-defaults-propagation' successful in 169.83 seconds
Run selected ci-tagged tests	UNKNOWN STEP	2026-09-14T18:28:15.9718495Z [2026-09-14 20:28:15 +0200] Reserved resources for 'tx/release-retry-resolve': machines=2, memory=16.0 GiB, shm=16.0 GiB, cpus=12; pool: memory=88.0 GiB/90.7 GiB, shm=88.0 GiB/367.1 GiB, cpus=64/72, running=5
Run selected ci-tagged tests	UNKNOWN STEP	2026-09-14T18:28:15.9741734Z [2026-09-14 20:28:15 +0200] [13/118] Running test 'tx/release-retry-resolve' (#default)
Run selected ci-tagged tests	UNKNOWN STEP	2026-09-14T18:28:15.9797401Z [2026-09-14 20:28:15 +0200] Waiting for resources: pool: memory=88.0 GiB/90.7 GiB, shm=88.0 GiB/367.1 GiB, cpus=64/72, running=5; pending: vps/start-stop-restart-boot (machines=2, memory=16.0 GiB, shm=16.0 GiB, cpus=12), vps/swap-across-locations (machines=3, memory=24.0 GiB, shm=24.0 GiB, cpus=16), storage/snapshot-download-incremental-transfer (machines=3, memory=24.0 GiB, shm=24.0 GiB, cpus=16)
Run selected ci-tagged tests	UNKNOWN STEP	2026-09-14T18:28:50.3586153Z [2026-09-14 20:28:50 +0200] Status: passing; 9 succeeded as expected, 0 failed as expected, 0 unexpectedly failed, 0 unexpectedly succeeded; 5 running, 104 remaining
Run selected ci-tagged tests	UNKNOWN STEP	2026-09-14T18:29:12.3627164Z [2026-09-14 20:29:12 +0200] [5/118] Example [1/1] 'remote dataset migration moves the dataset to another primary pool with its data intact' succeeded in 151.48 seconds
Run selected ci-tagged tests	UNKNOWN STEP	2026-09-14T18:29:38.3698340Z [2026-09-14 20:29:38 +0200] [5/118] Test 'storage/dataset-migrate-remote' successful in 342.89 seconds
Run selected ci-tagged tests	UNKNOWN STEP	2026-09-14T18:29:38.3706281Z [2026-09-14 20:29:38 +0200] Reserved resources for 'vps/start-stop-restart-boot': machines=2, memory=16.0 GiB, shm=16.0 GiB, cpus=12; pool: memory=80.0 GiB/90.7 GiB, shm=80.0 GiB/367.1 GiB, cpus=60/72, running=5
Run selected ci-tagged tests	UNKNOWN STEP	2026-09-14T18:29:38.3725950Z [2026-09-14 20:29:38 +0200] [14/118] Running test 'vps/start-stop-restart-boot' (#default)
Run selected ci-tagged tests	UNKNOWN STEP	2026-09-14T18:29:38.3774463Z [2026-09-14 20:29:38 +0200] Reserved resources for 'tasks/dns-reverse-record-check': machines=2, memory=10.0 GiB, shm=10.0 GiB, cpus=10; pool: memory=90.0 GiB/90.7 GiB, shm=90.0 GiB/367.1 GiB, cpus=70/72, running=6
Run selected ci-tagged tests	UNKNOWN STEP	2026-09-14T18:29:38.3777078Z [2026-09-14 20:29:38 +0200] [19/118] Running test 'tasks/dns-reverse-record-check' (#default)
Run selected ci-tagged tests	UNKNOWN STEP	2026-09-14T18:29:38.3812514Z [2026-09-14 20:29:38 +0200] Waiting for resources: pool: memory=90.0 GiB/90.7 GiB, shm=90.0 GiB/367.1 GiB, cpus=70/72, running=6; pending: vps/swap-across-locations (machines=3, memory=24.0 GiB, shm=24.0 GiB, cpus=16), storage/snapshot-download-incremental-transfer (machines=3, memory=24.0 GiB, shm=24.0 GiB, cpus=16), user/suspend-resume-cascade (machines=2, memory=16.0 GiB, shm=16.0 GiB, cpus=12)
Run selected ci-tagged tests	UNKNOWN STEP	2026-09-14T18:30:13.4438555Z [2026-09-14 20:30:13 +0200] [10/118] Example [1/1] 'VPS auto-start reconciliation reports the VPS that fails to start and clears it after recovery' succeeded in 198.05 seconds
Run selected ci-tagged tests	UNKNOWN STEP	2026-09-14T18:30:25.2608634Z [2026-09-14 20:30:25 +0200] [9/118] Test 'admin/location-network-primary-switch' successful in 472.37 seconds
Run selected ci-tagged tests	UNKNOWN STEP	2026-09-14T18:30:25.2611936Z [2026-09-14 20:30:25 +0200] Reserved resources for 'user/suspend-resume-cascade': machines=2, memory=16.0 GiB, shm=16.0 GiB, cpus=12; pool: memory=90.0 GiB/90.7 GiB, shm=90.0 GiB/367.1 GiB, cpus=70/72, running=6
Run selected ci-tagged tests	UNKNOWN STEP	2026-09-14T18:30:25.2630015Z [2026-09-14 20:30:25 +0200] [17/118] Running test 'user/suspend-resume-cascade' (#default)
Run selected ci-tagged tests	UNKNOWN STEP	2026-09-14T18:30:30.9081216Z [2026-09-14 20:30:30 +0200] [13/118] Example [1/4] 'release, retry, and resolve releases chain locks and reserved ports' succeeded in 0.86 seconds
Run selected ci-tagged tests	UNKNOWN STEP	2026-09-14T18:30:31.6108996Z [2026-09-14 20:30:31 +0200] [13/118] Example [2/4] 'release, retry, and resolve marks failed chains as resolved' succeeded in 0.7 seconds
Run selected ci-tagged tests	UNKNOWN STEP	2026-09-14T18:30:32.3942008Z [2026-09-14 20:30:32 +0200] [13/118] Example [3/4] 'release, retry, and resolve retries a chain from a specific transaction' succeeded in 0.78 seconds
Run selected ci-tagged tests	UNKNOWN STEP	2026-09-14T18:30:33.1757240Z [2026-09-14 20:30:33 +0200] [13/118] Example [4/4] 'release, retry, and resolve retries the whole chain' succeeded in 0.78 seconds
Run selected ci-tagged tests	UNKNOWN STEP	2026-09-14T18:30:35.1272016Z [2026-09-14 20:30:35 +0200] [10/118] Test 'vps/autostart-monitoring' successful in 379.84 seconds
Run selected ci-tagged tests	UNKNOWN STEP	2026-09-14T18:30:35.1277283Z [2026-09-14 20:30:35 +0200] Reserved resources for 'storage/snapshot-download-full-stream': machines=2, memory=16.0 GiB, shm=16.0 GiB, cpus=12; pool: memory=90.0 GiB/90.7 GiB, shm=90.0 GiB/367.1 GiB, cpus=70/72, running=6
Run selected ci-tagged tests	UNKNOWN STEP	2026-09-14T18:30:35.1294929Z [2026-09-14 20:30:35 +0200] [20/118] Running test 'storage/snapshot-download-full-stream' (#default)
Run selected ci-tagged tests	UNKNOWN STEP	2026-09-14T18:31:05.7105182Z [2026-09-14 20:31:05 +0200] [13/118] Test 'tx/release-retry-resolve' successful in 169.74 seconds
Run selected ci-tagged tests	UNKNOWN STEP	2026-09-14T18:31:05.7109724Z [2026-09-14 20:31:05 +0200] Reserved resources for 'services-up': machines=1, memory=8.0 GiB, shm=8.0 GiB, cpus=8; pool: memory=82.0 GiB/90.7 GiB, shm=82.0 GiB/367.1 GiB, cpus=66/72, running=6
Run selected ci-tagged tests	UNKNOWN STEP	2026-09-14T18:31:05.7133861Z [2026-09-14 20:31:05 +0200] [21/118] Running test 'services-up' (#default)
Run selected ci-tagged tests	UNKNOWN STEP	2026-09-14T18:31:05.7168164Z [2026-09-14 20:31:05 +0200] Waiting for resources: pool: memory=82.0 GiB/90.7 GiB, shm=82.0 GiB/367.1 GiB, cpus=66/72, running=6; pending: vps/swap-across-locations (machines=3, memory=24.0 GiB, shm=24.0 GiB, cpus=16), storage/snapshot-download-incremental-transfer (machines=3, memory=24.0 GiB, shm=24.0 GiB, cpus=16), storage/vps-hard-delete-complex-history-with-descendants (machines=3, memory=24.0 GiB, shm=24.0 GiB, cpus=16)
Run selected ci-tagged tests	UNKNOWN STEP	2026-09-14T18:31:47.8102912Z [2026-09-14 20:31:47 +0200] [12/118] Example [1/1] 'mount lifecycle creates, updates, and destroys a regular subdataset mount end to end' succeeded in 177.93 seconds
Run selected ci-tagged tests	UNKNOWN STEP	2026-09-14T18:32:08.2462680Z [2026-09-14 20:32:08 +0200] [12/118] Test 'vps/mount-lifecycle' successful in 346.09 seconds
Run selected ci-tagged tests	UNKNOWN STEP	2026-09-14T18:32:08.2467789Z [2026-09-14 20:32:08 +0200] Reserved resources for 'vps/swap-across-locations': machines=3, memory=24.0 GiB, shm=24.0 GiB, cpus=16; pool: memory=90.0 GiB/90.7 GiB, shm=90.0 GiB/367.1 GiB, cpus=70/72, running=6
Run selected ci-tagged tests	UNKNOWN STEP	2026-09-14T18:32:08.2490661Z [2026-09-14 20:32:08 +0200] [15/118] Running test 'vps/swap-across-locations' (#default)
Run selected ci-tagged tests	UNKNOWN STEP	2026-09-14T18:32:08.2562011Z [2026-09-14 20:32:08 +0200] Waiting for resources: pool: memory=90.0 GiB/90.7 GiB, shm=90.0 GiB/367.1 GiB, cpus=70/72, running=6; pending: storage/snapshot-download-incremental-transfer (machines=3, memory=24.0 GiB, shm=24.0 GiB, cpus=16), storage/vps-hard-delete-complex-history-with-descendants (machines=3, memory=24.0 GiB, shm=24.0 GiB, cpus=16), storage/dataset-destroy-complex-history (machines=3, memory=24.0 GiB, shm=24.0 GiB, cpus=16)
Run selected ci-tagged tests	UNKNOWN STEP	2026-09-14T18:33:44.1036309Z [2026-09-14 20:33:44 +0200] [19/118] Example [1/1] 'DNS reverse-record task succeeds for matching live PTR answers and fails after DB-only drift' succeeded in 42.37 seconds
Run selected ci-tagged tests	UNKNOWN STEP	2026-09-14T18:33:46.9835239Z [2026-09-14 20:33:46 +0200] [21/118] Example [1/28] 'service scheduler is running' succeeded in 47.56 seconds
Run selected ci-tagged tests	UNKNOWN STEP	2026-09-14T18:33:47.0027630Z [2026-09-14 20:33:47 +0200] [21/118] Example [2/28] 'service haproxy is running' succeeded in 0.02 seconds
Run selected ci-tagged tests	UNKNOWN STEP	2026-09-14T18:33:47.0192450Z [2026-09-14 20:33:47 +0200] [21/118] Example [3/28] 'service nginx is running' succeeded in 0.02 seconds
Run selected ci-tagged tests	UNKNOWN STEP	2026-09-14T18:33:47.0363013Z [2026-09-14 20:33:47 +0200] [21/118] Example [4/28] 'service varnish is running' succeeded in 0.02 seconds
Run selected ci-tagged tests	UNKNOWN STEP	2026-09-14T18:33:47.0522640Z [2026-09-14 20:33:47 +0200] [21/118] Example [5/28] 'service supervisor is running' succeeded in 0.02 seconds
Run selected ci-tagged tests	UNKNOWN STEP	2026-09-14T18:33:47.0695196Z [2026-09-14 20:33:47 +0200] [21/118] Example [6/28] 'service password recovery worker is running' succeeded in 0.02 seconds
Run selected ci-tagged tests	UNKNOWN STEP	2026-09-14T18:33:47.0939875Z [2026-09-14 20:33:47 +0200] [21/118] Example [7/28] 'service redis is responding' succeeded in 0.02 seconds
Run selected ci-tagged tests	UNKNOWN STEP	2026-09-14T18:33:47.1097945Z [2026-09-14 20:33:47 +0200] [21/118] Example [8/28] 'service redis is running' succeeded in 0.02 seconds
Run selected ci-tagged tests	UNKNOWN STEP	2026-09-14T18:33:50.3591498Z [2026-09-14 20:33:50 +0200] Status: passing; 14 succeeded as expected, 0 failed as expected, 0 unexpectedly failed, 0 unexpectedly succeeded; 6 running, 98 remaining
Run selected ci-tagged tests	UNKNOWN STEP	2026-09-14T18:33:52.2007335Z [2026-09-14 20:33:52 +0200] [21/118] Example [9/28] 'service webui serves public entrypoints and assets directly' succeeded in 5.09 seconds
Run selected ci-tagged tests	UNKNOWN STEP	2026-09-14T18:33:54.1326882Z [2026-09-14 20:33:54 +0200] [21/118] Example [10/28] 'service webui is responding through varnish/haproxy' succeeded in 1.93 seconds
Run selected ci-tagged tests	UNKNOWN STEP	2026-09-14T18:33:54.2882191Z [2026-09-14 20:33:54 +0200] [21/118] Example [11/28] 'service webui does not serve private application files directly' succeeded in 0.16 seconds
Run selected ci-tagged tests	UNKNOWN STEP	2026-09-14T18:33:56.0975945Z [2026-09-14 20:33:56 +0200] [21/118] Example [12/28] 'service webui is responding directly' succeeded in 1.81 seconds
Run selected ci-tagged tests	UNKNOWN STEP	2026-09-14T18:33:59.4275279Z [2026-09-14 20:33:59 +0200] [21/118] Example [13/28] 'service api is responding' succeeded in 3.33 seconds
Run selected ci-tagged tests	UNKNOWN STEP	2026-09-14T18:33:59.4428947Z [2026-09-14 20:33:59 +0200] [21/118] Example [14/28] 'service api is running' succeeded in 0.02 seconds
Run selected ci-tagged tests	UNKNOWN STEP	2026-09-14T18:33:59.4586275Z [2026-09-14 20:33:59 +0200] [21/118] Example [15/28] 'service mariadb is set up' succeeded in 0.02 seconds
Run selected ci-tagged tests	UNKNOWN STEP	2026-09-14T18:33:59.5360107Z [2026-09-14 20:33:59 +0200] [21/118] Example [16/28] 'service mariadb is populated' succeeded in 0.08 seconds
Run selected ci-tagged tests	UNKNOWN STEP	2026-09-14T18:33:59.6066993Z [2026-09-14 20:33:59 +0200] [21/118] Example [17/28] 'service mariadb has built-in mail templates' succeeded in 0.07 seconds
Run selected ci-tagged tests	UNKNOWN STEP	2026-09-14T18:33:59.6786742Z [2026-09-14 20:33:59 +0200] [21/118] Example [18/28] 'service mariadb is responding' succeeded in 0.07 seconds
Run selected ci-tagged tests	UNKNOWN STEP	2026-09-14T18:33:59.6947824Z [2026-09-14 20:33:59 +0200] [21/118] Example [19/28] 'service mariadb is running' succeeded in 0.02 seconds
Run selected ci-tagged tests	UNKNOWN STEP	2026-09-14T18:33:59.7281244Z [2026-09-14 20:33:59 +0200] [21/118] Example [20/28] 'service console-router is responding directly' succeeded in 0.03 seconds
Run selected ci-tagged tests	UNKNOWN STEP	2026-09-14T18:33:59.7460712Z [2026-09-14 20:33:59 +0200] [21/118] Example [21/28] 'service console-router is running' succeeded in 0.02 seconds
Run selected ci-tagged tests	UNKNOWN STEP	2026-09-14T18:33:59.7703178Z [2026-09-14 20:33:59 +0200] [21/118] Example [22/28] 'service console-router is responding through nginx/haproxy' succeeded in 0.02 seconds
Run selected ci-tagged tests	UNKNOWN STEP	2026-09-14T18:34:12.1324353Z [2026-09-14 20:34:12 +0200] [19/118] Test 'tasks/dns-reverse-record-check' successful in 273.75 seconds
Run selected ci-tagged tests	UNKNOWN STEP	2026-09-14T18:34:12.1327884Z [2026-09-14 20:34:12 +0200] Reserved resources for 'dns/server-zone-lifecycle': machines=2, memory=10.0 GiB, shm=10.0 GiB, cpus=10; pool: memory=90.0 GiB/90.7 GiB, shm=90.0 GiB/367.1 GiB, cpus=70/72, running=6
Run selected ci-tagged tests	UNKNOWN STEP	2026-09-14T18:34:12.1344049Z [2026-09-14 20:34:12 +0200] [35/118] Running test 'dns/server-zone-lifecycle' (#default)
Run selected ci-tagged tests	UNKNOWN STEP	2026-09-14T18:34:12.1390111Z [2026-09-14 20:34:12 +0200] Waiting for resources: pool: memory=90.0 GiB/90.7 GiB, shm=90.0 GiB/367.1 GiB, cpus=70/72, running=6; pending: storage/snapshot-download-incremental-transfer (machines=3, memory=24.0 GiB, shm=24.0 GiB, cpus=16), storage/vps-hard-delete-complex-history-with-descendants (machines=3, memory=24.0 GiB, shm=24.0 GiB, cpus=16), storage/dataset-destroy-complex-history (machines=3, memory=24.0 GiB, shm=24.0 GiB, cpus=16)
Run selected ci-tagged tests	UNKNOWN STEP	2026-09-14T18:34:27.9177431Z [2026-09-14 20:34:27 +0200] [20/118] Example [1/1] 'full stream snapshot download writes a gzip-compressed ZFS send stream' succeeded in 76.08 seconds
Run selected ci-tagged tests	UNKNOWN STEP	2026-09-14T18:34:47.0072438Z [2026-09-14 20:34:47 +0200] [20/118] Test 'storage/snapshot-download-full-stream' successful in 251.88 seconds
Run selected ci-tagged tests	UNKNOWN STEP	2026-09-14T18:34:47.0082342Z [2026-09-14 20:34:47 +0200] Reserved resources for 'tx/chain-lifecycle': machines=2, memory=16.0 GiB, shm=16.0 GiB, cpus=12; pool: memory=90.0 GiB/90.7 GiB, shm=90.0 GiB/367.1 GiB, cpus=70/72, running=6
Run selected ci-tagged tests	UNKNOWN STEP	2026-09-14T18:34:47.0099819Z [2026-09-14 20:34:47 +0200] [23/118] Running test 'tx/chain-lifecycle' (#default)
Run selected ci-tagged tests	UNKNOWN STEP	2026-09-14T18:34:55.7828099Z [2026-09-14 20:34:55 +0200] [21/118] Example [23/28] 'service mailer node nodectld reports running state' succeeded in 56.01 seconds
Run selected ci-tagged tests	UNKNOWN STEP	2026-09-14T18:34:56.0905249Z [2026-09-14 20:34:56 +0200] [21/118] Example [24/28] 'service mailer node mailpit API is responding' succeeded in 0.31 seconds
Run selected ci-tagged tests	UNKNOWN STEP	2026-09-14T18:34:56.2060119Z [2026-09-14 20:34:56 +0200] [21/118] Example [25/28] 'service mailer node container is running' succeeded in 0.12 seconds
Run selected ci-tagged tests	UNKNOWN STEP	2026-09-14T18:34:56.2238191Z [2026-09-14 20:34:56 +0200] [21/118] Example [26/28] 'service rabbitmq is running' succeeded in 0.02 seconds
Run selected ci-tagged tests	UNKNOWN STEP	2026-09-14T18:34:57.4099797Z [2026-09-14 20:34:57 +0200] [21/118] Example [27/28] 'service rabbitmq is responding' succeeded in 1.19 seconds
Run selected ci-tagged tests	UNKNOWN STEP	2026-09-14T18:34:57.4346630Z [2026-09-14 20:34:57 +0200] [21/118] Example [28/28] 'system is running' succeeded in 0.02 seconds
Run selected ci-tagged tests	UNKNOWN STEP	2026-09-14T18:35:08.8404467Z [2026-09-14 20:35:08 +0200] [21/118] Test 'services-up' successful in 243.13 seconds
Run selected ci-tagged tests	UNKNOWN STEP	2026-09-14T18:37:07.3110695Z [2026-09-14 20:37:07 +0200] [35/118] Example [1/2] 'dns server zone lifecycle creates, updates, and destroys runtime zone state' succeeded in 50.58 seconds
Run selected ci-tagged tests	UNKNOWN STEP	2026-09-14T18:37:29.8453860Z [2026-09-14 20:37:29 +0200] [23/118] Example [1/5] 'transaction chain lifecycle creates a storage pool' succeeded in 13.11 seconds
Run selected ci-tagged tests	UNKNOWN STEP	2026-09-14T18:38:20.1504036Z [2026-09-14 20:38:20 +0200] [23/118] Example [2/5] 'transaction chain lifecycle waits for the pool to become online' succeeded in 50.3 seconds
Run selected ci-tagged tests	UNKNOWN STEP	2026-09-14T18:38:27.8967393Z [2026-09-14 20:38:27 +0200] [14/118] Example [1/1] 'lifecycle actions runs start, stop, restart, and rescue boot end to end' succeeded in 378.88 seconds
Run selected ci-tagged tests	UNKNOWN STEP	2026-09-14T18:38:50.3595180Z [2026-09-14 20:38:50 +0200] Status: passing; 17 succeeded as expected, 0 failed as expected, 0 unexpectedly failed, 0 unexpectedly succeeded; 5 running, 96 remaining
Run selected ci-tagged tests	UNKNOWN STEP	2026-09-14T18:38:52.6236489Z [2026-09-14 20:38:52 +0200] [23/118] Example [3/5] 'transaction chain lifecycle creates a stopped VPS' succeeded in 32.47 seconds
Run selected ci-tagged tests	UNKNOWN STEP	2026-09-14T18:39:00.9147416Z [2026-09-14 20:39:00 +0200] [23/118] Example [4/5] 'transaction chain lifecycle queues the start action while the vps queue is paused' succeeded in 8.29 seconds
Run selected ci-tagged tests	UNKNOWN STEP	2026-09-14T18:39:14.5699134Z [2026-09-14 20:39:14 +0200] [14/118] Test 'vps/start-stop-restart-boot' successful in 576.2 seconds
Run selected ci-tagged tests	UNKNOWN STEP	2026-09-14T18:39:14.5702867Z [2026-09-14 20:39:14 +0200] Reserved resources for 'storage/snapshot-download-incremental-transfer': machines=3, memory=24.0 GiB, shm=24.0 GiB, cpus=16; pool: memory=90.0 GiB/90.7 GiB, shm=90.0 GiB/367.1 GiB, cpus=66/72, running=5
Run selected ci-tagged tests	UNKNOWN STEP	2026-09-14T18:39:14.5722403Z [2026-09-14 20:39:14 +0200] [16/118] Running test 'storage/snapshot-download-incremental-transfer' (#default)
Run selected ci-tagged tests	UNKNOWN STEP	2026-09-14T18:39:14.5767024Z [2026-09-14 20:39:14 +0200] Waiting for resources: pool: memory=90.0 GiB/90.7 GiB, shm=90.0 GiB/367.1 GiB, cpus=66/72, running=5; pending: storage/vps-hard-delete-complex-history-with-descendants (machines=3, memory=24.0 GiB, shm=24.0 GiB, cpus=16), storage/dataset-destroy-complex-history (machines=3, memory=24.0 GiB, shm=24.0 GiB, cpus=16), cluster/2-node (machines=3, memory=24.0 GiB, shm=24.0 GiB, cpus=16)
Run selected ci-tagged tests	UNKNOWN STEP	2026-09-14T18:39:33.5483158Z [2026-09-14 20:39:33 +0200] [35/118] Example [2/2] 'dns server zone lifecycle serves all supported user primary-zone record types and rejects invalid values' succeeded in 146.24 seconds
Run selected ci-tagged tests	UNKNOWN STEP	2026-09-14T18:39:47.2615441Z [2026-09-14 20:39:47 +0200] [35/118] Test 'dns/server-zone-lifecycle' successful in 335.13 seconds
Run selected ci-tagged tests	UNKNOWN STEP	2026-09-14T18:39:47.2625955Z [2026-09-14 20:39:47 +0200] Reserved resources for 'dns/secondary-transfer-errors': machines=2, memory=10.0 GiB, shm=10.0 GiB, cpus=10; pool: memory=90.0 GiB/90.7 GiB, shm=90.0 GiB/367.1 GiB, cpus=66/72, running=5
Run selected ci-tagged tests	UNKNOWN STEP	2026-09-14T18:39:47.2645976Z [2026-09-14 20:39:47 +0200] [61/118] Running test 'dns/secondary-transfer-errors' (#default)
Run selected ci-tagged tests	UNKNOWN STEP	2026-09-14T18:40:57.1047686Z [2026-09-14 20:40:57 +0200] [17/118] Example [1/1] 'user suspend and resume cascade suspends VPS and DNS state, then restores originally enabled state' succeeded in 415.52 seconds
Run selected ci-tagged tests	UNKNOWN STEP	2026-09-14T18:41:20.3113474Z [2026-09-14 20:41:20 +0200] [23/118] Example [5/5] 'transaction chain lifecycle resumes the queue and completes the chain' succeeded in 139.4 seconds
Run selected ci-tagged tests	UNKNOWN STEP	2026-09-14T18:41:42.7387850Z [2026-09-14 20:41:42 +0200] [17/118] Test 'user/suspend-resume-cascade' successful in 677.48 seconds
Run selected ci-tagged tests	UNKNOWN STEP	2026-09-14T18:41:42.7391095Z [2026-09-14 20:41:42 +0200] Reserved resources for 'admin/remote-mount-state': machines=2, memory=16.0 GiB, shm=16.0 GiB, cpus=12; pool: memory=90.0 GiB/90.7 GiB, shm=90.0 GiB/367.1 GiB, cpus=66/72, running=5
Run selected ci-tagged tests	UNKNOWN STEP	2026-09-14T18:41:42.7413867Z [2026-09-14 20:41:42 +0200] [25/118] Running test 'admin/remote-mount-state' (#default)
Run selected ci-tagged tests	UNKNOWN STEP	2026-09-14T18:41:42.7461558Z [2026-09-14 20:41:42 +0200] Waiting for resources: pool: memory=90.0 GiB/90.7 GiB, shm=90.0 GiB/367.1 GiB, cpus=66/72, running=5; pending: storage/vps-hard-delete-complex-history-with-descendants (machines=3, memory=24.0 GiB, shm=24.0 GiB, cpus=16), storage/dataset-destroy-complex-history (machines=3, memory=24.0 GiB, shm=24.0 GiB, cpus=16), cluster/2-node (machines=3, memory=24.0 GiB, shm=24.0 GiB, cpus=16)
Run selected ci-tagged tests	UNKNOWN STEP	2026-09-14T18:41:43.8225529Z [2026-09-14 20:41:43 +0200] [23/118] Test 'tx/chain-lifecycle' successful in 416.81 seconds
Run selected ci-tagged tests	UNKNOWN STEP	2026-09-14T18:41:43.8228335Z [2026-09-14 20:41:43 +0200] Reserved resources for 'user/hard-delete-cascade': machines=2, memory=16.0 GiB, shm=16.0 GiB, cpus=12; pool: memory=90.0 GiB/90.7 GiB, shm=90.0 GiB/367.1 GiB, cpus=66/72, running=5
Run selected ci-tagged tests	UNKNOWN STEP	2026-09-14T18:41:43.8246606Z [2026-09-14 20:41:43 +0200] [27/118] Running test 'user/hard-delete-cascade' (#default)
Run selected ci-tagged tests	UNKNOWN STEP	2026-09-14T18:42:44.1025076Z [2026-09-14 20:42:44 +0200] [61/118] Example [1/2] 'DNS secondary transfer errors records every normalized transfer failure and recovery' succeeded in 59.67 seconds
Run selected ci-tagged tests	UNKNOWN STEP	2026-09-14T18:42:50.1544766Z [2026-09-14 20:42:50 +0200] [15/118] Example [1/1] 'swap across locations moves both VPSes to the opposite nodes and swaps their IP assignments' succeeded in 468.61 seconds
Run selected ci-tagged tests	UNKNOWN STEP	2026-09-14T18:42:57.4752117Z [2026-09-14 20:42:57 +0200] [61/118] Example [2/2] 'DNS secondary transfer errors prunes old transfer logs while keeping latest transfer fields' succeeded in 13.37 seconds
Run selected ci-tagged tests	UNKNOWN STEP	2026-09-14T18:43:10.6323072Z [2026-09-14 20:43:10 +0200] [61/118] Test 'dns/secondary-transfer-errors' successful in 203.37 seconds
Run selected ci-tagged tests	UNKNOWN STEP	2026-09-14T18:43:10.6327376Z [2026-09-14 20:43:10 +0200] Reserved resources for 'dns/zone-transfer-config': machines=2, memory=10.0 GiB, shm=10.0 GiB, cpus=10; pool: memory=90.0 GiB/90.7 GiB, shm=90.0 GiB/367.1 GiB, cpus=66/72, running=5
Run selected ci-tagged tests	UNKNOWN STEP	2026-09-14T18:43:10.6357787Z [2026-09-14 20:43:10 +0200] [63/118] Running test 'dns/zone-transfer-config' (#default)
Run selected ci-tagged tests	UNKNOWN STEP	2026-09-14T18:43:10.6409845Z [2026-09-14 20:43:10 +0200] Waiting for resources: pool: memory=90.0 GiB/90.7 GiB, shm=90.0 GiB/367.1 GiB, cpus=66/72, running=5; pending: storage/vps-hard-delete-complex-history-with-descendants (machines=3, memory=24.0 GiB, shm=24.0 GiB, cpus=16), storage/dataset-destroy-complex-history (machines=3, memory=24.0 GiB, shm=24.0 GiB, cpus=16), cluster/2-node (machines=3, memory=24.0 GiB, shm=24.0 GiB, cpus=16)
Run selected ci-tagged tests	UNKNOWN STEP	2026-09-14T18:43:20.1351453Z [2026-09-14 20:43:20 +0200] [15/118] Test 'vps/swap-across-locations' successful in 671.88 seconds
Run selected ci-tagged tests	UNKNOWN STEP	2026-09-14T18:43:20.1353771Z [2026-09-14 20:43:20 +0200] Reserved resources for 'storage/vps-hard-delete-complex-history-with-descendants': machines=3, memory=24.0 GiB, shm=24.0 GiB, cpus=16; pool: memory=90.0 GiB/90.7 GiB, shm=90.0 GiB/367.1 GiB, cpus=66/72, running=5
Run selected ci-tagged tests	UNKNOWN STEP	2026-09-14T18:43:20.1379519Z [2026-09-14 20:43:20 +0200] [18/118] Running test 'storage/vps-hard-delete-complex-history-with-descendants' (#default)
Run selected ci-tagged tests	UNKNOWN STEP	2026-09-14T18:43:50.3601852Z [2026-09-14 20:43:50 +0200] Status: passing; 23 succeeded as expected, 0 failed as expected, 0 unexpectedly failed, 0 unexpectedly succeeded; 5 running, 90 remaining
Run selected ci-tagged tests	UNKNOWN STEP	2026-09-14T18:43:59.1993083Z [2026-09-14 20:43:59 +0200] [16/118] Example [1/1] 'incremental download with transfer to backup transfers the missing target snapshot before producing the stream' succeeded in 104.13 seconds
Run selected ci-tagged tests	UNKNOWN STEP	2026-09-14T18:44:25.9273250Z [2026-09-14 20:44:25 +0200] [16/118] Test 'storage/snapshot-download-incremental-transfer' successful in 311.35 seconds
Run selected ci-tagged tests	UNKNOWN STEP	2026-09-14T18:44:25.9280644Z [2026-09-14 20:44:25 +0200] Reserved resources for 'storage/dataset-destroy-complex-history': machines=3, memory=24.0 GiB, shm=24.0 GiB, cpus=16; pool: memory=90.0 GiB/90.7 GiB, shm=90.0 GiB/367.1 GiB, cpus=66/72, running=5
Run selected ci-tagged tests	UNKNOWN STEP	2026-09-14T18:44:25.9305940Z [2026-09-14 20:44:25 +0200] [22/118] Running test 'storage/dataset-destroy-complex-history' (#default)
Run selected ci-tagged tests	UNKNOWN STEP	2026-09-14T18:44:25.9367989Z [2026-09-14 20:44:25 +0200] Waiting for resources: pool: memory=90.0 GiB/90.7 GiB, shm=90.0 GiB/367.1 GiB, cpus=66/72, running=5; pending: cluster/2-node (machines=3, memory=24.0 GiB, shm=24.0 GiB, cpus=16), storage/history-divergence-new-tree (machines=3, memory=24.0 GiB, shm=24.0 GiB, cpus=16), admin/cluster-resource-package-assignment (machines=2, memory=16.0 GiB, shm=16.0 GiB, cpus=12)
Run selected ci-tagged tests	UNKNOWN STEP	2026-09-14T18:45:30.2320282Z [2026-09-14 20:45:30 +0200] [63/118] Example [1/1] 'dns zone transfer config adds and removes transfer peers from generated config' succeeded in 33.45 seconds
Run selected ci-tagged tests	UNKNOWN STEP	2026-09-14T18:46:07.0608347Z [2026-09-14 20:46:07 +0200] [63/118] Test 'dns/zone-transfer-config' successful in 176.42 seconds
Run selected ci-tagged tests	UNKNOWN STEP	2026-09-14T18:46:07.0619640Z [2026-09-14 20:46:07 +0200] Waiting for resources: pool: memory=80.0 GiB/90.7 GiB, shm=80.0 GiB/367.1 GiB, cpus=56/72, running=4; pending: cluster/2-node (machines=3, memory=24.0 GiB, shm=24.0 GiB, cpus=16), storage/history-divergence-new-tree (machines=3, memory=24.0 GiB, shm=24.0 GiB, cpus=16), admin/cluster-resource-package-assignment (machines=2, memory=16.0 GiB, shm=16.0 GiB, cpus=12)
Run selected ci-tagged tests	UNKNOWN STEP	2026-09-14T18:46:28.2742167Z [2026-09-14 20:46:28 +0200] [25/118] Example [1/1] 'remote mount_state RPC updates mount state through supervisor ingestion' succeeded in 129.16 seconds
Run selected ci-tagged tests	UNKNOWN STEP	2026-09-14T18:47:14.8968901Z [2026-09-14 20:47:14 +0200] [25/118] Test 'admin/remote-mount-state' successful in 332.15 seconds
Run selected ci-tagged tests	UNKNOWN STEP	2026-09-14T18:47:14.8975773Z [2026-09-14 20:47:14 +0200] Reserved resources for 'cluster/2-node': machines=3, memory=24.0 GiB, shm=24.0 GiB, cpus=16; pool: memory=88.0 GiB/90.7 GiB, shm=88.0 GiB/367.1 GiB, cpus=60/72, running=4
Run selected ci-tagged tests	UNKNOWN STEP	2026-09-14T18:47:14.8994731Z [2026-09-14 20:47:14 +0200] [24/118] Running test 'cluster/2-node' (#default)
Run selected ci-tagged tests	UNKNOWN STEP	2026-09-14T18:47:14.9048706Z [2026-09-14 20:47:14 +0200] Waiting for resources: pool: memory=88.0 GiB/90.7 GiB, shm=88.0 GiB/367.1 GiB, cpus=60/72, running=4; pending: storage/history-divergence-new-tree (machines=3, memory=24.0 GiB, shm=24.0 GiB, cpus=16), admin/cluster-resource-package-assignment (machines=2, memory=16.0 GiB, shm=16.0 GiB, cpus=12), tx/invalid-signature (machines=2, memory=16.0 GiB, shm=16.0 GiB, cpus=12)
Run selected ci-tagged tests	UNKNOWN STEP	2026-09-14T18:48:12.0812658Z [2026-09-14 20:48:12 +0200] [22/118] Example [1/2] 'destroying a dataset across complex history creates a standalone remote backup dataset' succeeded in 61.79 seconds
Run selected ci-tagged tests	UNKNOWN STEP	2026-09-14T18:48:50.3605538Z [2026-09-14 20:48:50 +0200] Status: passing; 26 succeeded as expected, 0 failed as expected, 0 unexpectedly failed, 0 unexpectedly succeeded; 4 running, 88 remaining
Run selected ci-tagged tests	UNKNOWN STEP	2026-09-14T18:49:42.8202240Z [2026-09-14 20:49:42 +0200] [24/118] Example [1/3] 'cluster node1 nodectld is running' succeeded in 104.1 seconds
Run selected ci-tagged tests	UNKNOWN STEP	2026-09-14T18:49:46.2574977Z [2026-09-14 20:49:46 +0200] [24/118] Example [2/3] 'cluster services API responds' succeeded in 3.44 seconds
Run selected ci-tagged tests	UNKNOWN STEP	2026-09-14T18:49:46.9668067Z [2026-09-14 20:49:46 +0200] [24/118] Example [3/3] 'cluster node2 nodectld is running' succeeded in 0.71 seconds
Run selected ci-tagged tests	UNKNOWN STEP	2026-09-14T18:49:49.2603985Z [2026-09-14 20:49:49 +0200] [27/118] Example [1/1] 'user hard-delete cascade removes credentials, namespaces, DNS, sessions, and user identity' succeeded in 263.24 seconds
Run selected ci-tagged tests	UNKNOWN STEP	2026-09-14T18:50:08.5086903Z [2026-09-14 20:50:08 +0200] [27/118] Test 'user/hard-delete-cascade' successful in 504.68 seconds
Run selected ci-tagged tests	UNKNOWN STEP	2026-09-14T18:50:08.5092569Z [2026-09-14 20:50:08 +0200] Reserved resources for 'admin/cluster-resource-package-assignment': machines=2, memory=16.0 GiB, shm=16.0 GiB, cpus=12; pool: memory=88.0 GiB/90.7 GiB, shm=88.0 GiB/367.1 GiB, cpus=60/72, running=4
Run selected ci-tagged tests	UNKNOWN STEP	2026-09-14T18:50:08.5113996Z [2026-09-14 20:50:08 +0200] [28/118] Running test 'admin/cluster-resource-package-assignment' (#default)
Run selected ci-tagged tests	UNKNOWN STEP	2026-09-14T18:50:08.5171677Z [2026-09-14 20:50:08 +0200] Waiting for resources: pool: memory=88.0 GiB/90.7 GiB, shm=88.0 GiB/367.1 GiB, cpus=60/72, running=4; pending: storage/history-divergence-new-tree (machines=3, memory=24.0 GiB, shm=24.0 GiB, cpus=16), tx/invalid-signature (machines=2, memory=16.0 GiB, shm=16.0 GiB, cpus=12), network/network-interface-shaper-and-rename (machines=2, memory=16.0 GiB, shm=16.0 GiB, cpus=12)
Run selected ci-tagged tests	UNKNOWN STEP	2026-09-14T18:50:37.8438754Z [2026-09-14 20:50:37 +0200] [24/118] Test 'cluster/2-node' successful in 202.94 seconds
Run selected ci-tagged tests	UNKNOWN STEP	2026-09-14T18:50:37.8443157Z [2026-09-14 20:50:37 +0200] Reserved resources for 'storage/history-divergence-new-tree': machines=3, memory=24.0 GiB, shm=24.0 GiB, cpus=16; pool: memory=88.0 GiB/90.7 GiB, shm=88.0 GiB/367.1 GiB, cpus=60/72, running=4
Run selected ci-tagged tests	UNKNOWN STEP	2026-09-14T18:50:37.8464345Z [2026-09-14 20:50:37 +0200] [26/118] Running test 'storage/history-divergence-new-tree' (#default)
Run selected ci-tagged tests	UNKNOWN STEP	2026-09-14T18:52:59.0914665Z [2026-09-14 20:52:59 +0200] [28/118] Example [1/1] 'cluster-resource package assignment updates totals and subtracts from personal packages' succeeded in 22.44 seconds
Run selected ci-tagged tests	UNKNOWN STEP	2026-09-14T18:53:16.6845337Z [2026-09-14 20:53:16 +0200] [28/118] Test 'admin/cluster-resource-package-assignment' successful in 188.17 seconds
Run selected ci-tagged tests	UNKNOWN STEP	2026-09-14T18:53:16.6853474Z [2026-09-14 20:53:16 +0200] Reserved resources for 'tx/invalid-signature': machines=2, memory=16.0 GiB, shm=16.0 GiB, cpus=12; pool: memory=88.0 GiB/90.7 GiB, shm=88.0 GiB/367.1 GiB, cpus=60/72, running=4
Run selected ci-tagged tests	UNKNOWN STEP	2026-09-14T18:53:16.6878457Z [2026-09-14 20:53:16 +0200] [29/118] Running test 'tx/invalid-signature' (#default)
Run selected ci-tagged tests	UNKNOWN STEP	2026-09-14T18:53:16.6938627Z [2026-09-14 20:53:16 +0200] Waiting for resources: pool: memory=88.0 GiB/90.7 GiB, shm=88.0 GiB/367.1 GiB, cpus=60/72, running=4; pending: network/network-interface-shaper-and-rename (machines=2, memory=16.0 GiB, shm=16.0 GiB, cpus=12), network/network-interface-routes-and-host-ips (machines=2, memory=16.0 GiB, shm=16.0 GiB, cpus=12), storage/rollback-from-backup (machines=2, memory=16.0 GiB, shm=16.0 GiB, cpus=12)
Run selected ci-tagged tests	UNKNOWN STEP	2026-09-14T18:53:28.5297408Z [2026-09-14 20:53:28 +0200] [22/118] Example [2/2] 'destroying a dataset across complex history destroys the dataset across tree switches without dependency-order failures' succeeded in 316.45 seconds
Run selected ci-tagged tests	UNKNOWN STEP	2026-09-14T18:53:50.3616662Z [2026-09-14 20:53:50 +0200] Status: passing; 29 succeeded as expected, 0 failed as expected, 0 unexpectedly failed, 0 unexpectedly succeeded; 4 running, 85 remaining
Run selected ci-tagged tests	UNKNOWN STEP	2026-09-14T18:54:20.4524532Z [2026-09-14 20:54:20 +0200] [22/118] Test 'storage/dataset-destroy-complex-history' successful in 594.52 seconds
Run selected ci-tagged tests	UNKNOWN STEP	2026-09-14T18:54:20.4531231Z [2026-09-14 20:54:20 +0200] Reserved resources for 'network/network-interface-shaper-and-rename': machines=2, memory=16.0 GiB, shm=16.0 GiB, cpus=12; pool: memory=80.0 GiB/90.7 GiB, shm=80.0 GiB/367.1 GiB, cpus=56/72, running=4
Run selected ci-tagged tests	UNKNOWN STEP	2026-09-14T18:54:20.4552637Z [2026-09-14 20:54:20 +0200] [30/118] Running test 'network/network-interface-shaper-and-rename' (#default)
Run selected ci-tagged tests	UNKNOWN STEP	2026-09-14T18:54:20.4599919Z [2026-09-14 20:54:20 +0200] Waiting for resources: pool: memory=80.0 GiB/90.7 GiB, shm=80.0 GiB/367.1 GiB, cpus=56/72, running=4; pending: network/network-interface-routes-and-host-ips (machines=2, memory=16.0 GiB, shm=16.0 GiB, cpus=12), storage/rollback-from-backup (machines=2, memory=16.0 GiB, shm=16.0 GiB, cpus=12), storage/backup-full-incremental-remote (machines=3, memory=24.0 GiB, shm=24.0 GiB, cpus=16)
Run selected ci-tagged tests	UNKNOWN STEP	2026-09-14T18:54:49.2828436Z [2026-09-14 20:54:49 +0200] [26/118] Example [1/2] 'history divergence after reinstall creates a VPS with primary storage on node1 and backup storage on node2' succeeded in 84.37 seconds
Run selected ci-tagged tests	UNKNOWN STEP	2026-09-14T18:55:51.9123527Z [2026-09-14 20:55:51 +0200] [18/118] Example [1/1] 'VPS hard delete after complex history with descendants removes the primary subtree while preserving detached backups until later destroy' succeeded in 586.77 seconds
Run selected ci-tagged tests	UNKNOWN STEP	2026-09-14T18:57:05.6342674Z [2026-09-14 20:57:05 +0200] [29/118] Example [1/5] 'invalid signature rejection creates a storage pool' succeeded in 12.12 seconds
Run selected ci-tagged tests	UNKNOWN STEP	2026-09-14T18:57:08.4965839Z [2026-09-14 20:57:08 +0200] [26/118] Example [2/2] 'history divergence after reinstall creates a new backup tree instead of silently warning and returning' succeeded in 139.21 seconds
Run selected ci-tagged tests	UNKNOWN STEP	2026-09-14T18:57:37.7018258Z [2026-09-14 20:57:37 +0200] [26/118] Test 'storage/history-divergence-new-tree' successful in 419.85 seconds
Run selected ci-tagged tests	UNKNOWN STEP	2026-09-14T18:57:37.7024205Z [2026-09-14 20:57:37 +0200] Reserved resources for 'network/network-interface-routes-and-host-ips': machines=2, memory=16.0 GiB, shm=16.0 GiB, cpus=12; pool: memory=72.0 GiB/90.7 GiB, shm=72.0 GiB/367.1 GiB, cpus=52/72, running=4
Run selected ci-tagged tests	UNKNOWN STEP	2026-09-14T18:57:37.7050673Z [2026-09-14 20:57:37 +0200] [31/118] Running test 'network/network-interface-routes-and-host-ips' (#default)
Run selected ci-tagged tests	UNKNOWN STEP	2026-09-14T18:57:37.7110132Z [2026-09-14 20:57:37 +0200] Reserved resources for 'storage/rollback-from-backup': machines=2, memory=16.0 GiB, shm=16.0 GiB, cpus=12; pool: memory=88.0 GiB/90.7 GiB, shm=88.0 GiB/367.1 GiB, cpus=64/72, running=5
Run selected ci-tagged tests	UNKNOWN STEP	2026-09-14T18:57:37.7113121Z [2026-09-14 20:57:37 +0200] [32/118] Running test 'storage/rollback-from-backup' (#default)
Run selected ci-tagged tests	UNKNOWN STEP	2026-09-14T18:57:37.7168497Z [2026-09-14 20:57:37 +0200] Waiting for resources: pool: memory=88.0 GiB/90.7 GiB, shm=88.0 GiB/367.1 GiB, cpus=64/72, running=5; pending: storage/backup-full-incremental-remote (machines=3, memory=24.0 GiB, shm=24.0 GiB, cpus=16), storage/backup-remote-interrupted-recv (machines=3, memory=24.0 GiB, shm=24.0 GiB, cpus=16), vps/reinstall (machines=2, memory=16.0 GiB, shm=16.0 GiB, cpus=12)
Run selected ci-tagged tests	UNKNOWN STEP	2026-09-14T18:58:00.1994025Z [2026-09-14 20:58:00 +0200] [29/118] Example [2/5] 'invalid signature rejection waits for the pool to become online' succeeded in 54.56 seconds
Run selected ci-tagged tests	UNKNOWN STEP	2026-09-14T18:58:32.2721490Z [2026-09-14 20:58:32 +0200] [29/118] Example [3/5] 'invalid signature rejection creates a stopped VPS' succeeded in 32.07 seconds
Run selected ci-tagged tests	UNKNOWN STEP	2026-09-14T18:58:45.8454538Z [2026-09-14 20:58:45 +0200] [29/118] Example [4/5] 'invalid signature rejection creates a signed chain and tampers with its payload while queued' succeeded in 13.57 seconds
Run selected ci-tagged tests	UNKNOWN STEP	2026-09-14T18:58:50.3618881Z [2026-09-14 20:58:50 +0200] Status: passing; 31 succeeded as expected, 0 failed as expected, 0 unexpectedly failed, 0 unexpectedly succeeded; 5 running, 82 remaining
Run selected ci-tagged tests	UNKNOWN STEP	2026-09-14T18:58:58.8897823Z [2026-09-14 20:58:58 +0200] [30/118] Example [1/1] 'network interface shaper and rename updates the shaper and renames the routed interface' succeeded in 131.72 seconds
Run selected ci-tagged tests	UNKNOWN STEP	2026-09-14T18:59:18.9607849Z [2026-09-14 20:59:18 +0200] [30/118] Test 'network/network-interface-shaper-and-rename' successful in 298.5 seconds
Run selected ci-tagged tests	UNKNOWN STEP	2026-09-14T18:59:18.9613827Z [2026-09-14 20:59:18 +0200] Reserved resources for 'vps/reinstall': machines=2, memory=16.0 GiB, shm=16.0 GiB, cpus=12; pool: memory=88.0 GiB/90.7 GiB, shm=88.0 GiB/367.1 GiB, cpus=64/72, running=5
Run selected ci-tagged tests	UNKNOWN STEP	2026-09-14T18:59:18.9639541Z [2026-09-14 20:59:18 +0200] [36/118] Running test 'vps/reinstall' (#default)
Run selected ci-tagged tests	UNKNOWN STEP	2026-09-14T18:59:18.9677941Z [2026-09-14 20:59:18 +0200] Waiting for resources: pool: memory=88.0 GiB/90.7 GiB, shm=88.0 GiB/367.1 GiB, cpus=64/72, running=5; pending: storage/backup-full-incremental-remote (machines=3, memory=24.0 GiB, shm=24.0 GiB, cpus=16), storage/backup-remote-interrupted-recv (machines=3, memory=24.0 GiB, shm=24.0 GiB, cpus=16), pool/create (machines=2, memory=16.0 GiB, shm=16.0 GiB, cpus=12)
Run selected ci-tagged tests	UNKNOWN STEP	2026-09-14T18:59:57.1313580Z [2026-09-14 20:59:57 +0200] [29/118] Example [5/5] 'invalid signature rejection fails the tampered chain and leaves the VPS stopped' succeeded in 71.29 seconds
Run selected ci-tagged tests	UNKNOWN STEP	2026-09-14T19:00:15.5426687Z [2026-09-14 21:00:15 +0200] [29/118] Test 'tx/invalid-signature' successful in 418.85 seconds
Run selected ci-tagged tests	UNKNOWN STEP	2026-09-14T19:00:15.5433819Z [2026-09-14 21:00:15 +0200] Reserved resources for 'pool/create': machines=2, memory=16.0 GiB, shm=16.0 GiB, cpus=12; pool: memory=88.0 GiB/90.7 GiB, shm=88.0 GiB/367.1 GiB, cpus=64/72, running=5
Run selected ci-tagged tests	UNKNOWN STEP	2026-09-14T19:00:15.5455626Z [2026-09-14 21:00:15 +0200] [37/118] Running test 'pool/create' (#default)
Run selected ci-tagged tests	UNKNOWN STEP	2026-09-14T19:01:11.0124505Z [2026-09-14 21:01:11 +0200] [18/118] Test 'storage/vps-hard-delete-complex-history-with-descendants' successful in 1070.87 seconds
Run selected ci-tagged tests	UNKNOWN STEP	2026-09-14T19:01:11.0132236Z [2026-09-14 21:01:11 +0200] Reserved resources for 'storage/backup-full-incremental-remote': machines=3, memory=24.0 GiB, shm=24.0 GiB, cpus=16; pool: memory=88.0 GiB/90.7 GiB, shm=88.0 GiB/367.1 GiB, cpus=64/72, running=5
Run selected ci-tagged tests	UNKNOWN STEP	2026-09-14T19:01:11.0152861Z [2026-09-14 21:01:11 +0200] [33/118] Running test 'storage/backup-full-incremental-remote' (#default)
Run selected ci-tagged tests	UNKNOWN STEP	2026-09-14T19:01:11.0212312Z [2026-09-14 21:01:11 +0200] Waiting for resources: pool: memory=88.0 GiB/90.7 GiB, shm=88.0 GiB/367.1 GiB, cpus=64/72, running=5; pending: storage/backup-remote-interrupted-recv (machines=3, memory=24.0 GiB, shm=24.0 GiB, cpus=16), storage/dataset-migrate-same-node (machines=2, memory=16.0 GiB, shm=16.0 GiB, cpus=12), cluster/generate-migration-keys (machines=3, memory=24.0 GiB, shm=24.0 GiB, cpus=16)
Run selected ci-tagged tests	UNKNOWN STEP	2026-09-14T19:01:38.1723977Z [2026-09-14 21:01:38 +0200] [32/118] Example [1/4] 'rollback from backup creates primary and backup pools and a VPS with a backup DatasetInPool' succeeded in 97.24 seconds
Run selected ci-tagged tests	UNKNOWN STEP	2026-09-14T19:02:35.8331739Z [2026-09-14 21:02:35 +0200] [31/118] Example [1/1] 'network routes and host addresses adds and removes routes and host addresses on a routed interface' succeeded in 149.25 seconds
Run selected ci-tagged tests	UNKNOWN STEP	2026-09-14T19:02:55.3621338Z [2026-09-14 21:02:55 +0200] [31/118] Test 'network/network-interface-routes-and-host-ips' successful in 317.66 seconds
Run selected ci-tagged tests	UNKNOWN STEP	2026-09-14T19:02:55.3626378Z [2026-09-14 21:02:55 +0200] Reserved resources for 'storage/dataset-migrate-same-node': machines=2, memory=16.0 GiB, shm=16.0 GiB, cpus=12; pool: memory=88.0 GiB/90.7 GiB, shm=88.0 GiB/367.1 GiB, cpus=64/72, running=5
Run selected ci-tagged tests	UNKNOWN STEP	2026-09-14T19:02:55.3646507Z [2026-09-14 21:02:55 +0200] [38/118] Running test 'storage/dataset-migrate-same-node' (#default)
Run selected ci-tagged tests	UNKNOWN STEP	2026-09-14T19:02:55.3688232Z [2026-09-14 21:02:55 +0200] Waiting for resources: pool: memory=88.0 GiB/90.7 GiB, shm=88.0 GiB/367.1 GiB, cpus=64/72, running=5; pending: storage/backup-remote-interrupted-recv (machines=3, memory=24.0 GiB, shm=24.0 GiB, cpus=16), cluster/generate-migration-keys (machines=3, memory=24.0 GiB, shm=24.0 GiB, cpus=16), console-router (machines=2, memory=16.0 GiB, shm=16.0 GiB, cpus=12)
Run selected ci-tagged tests	UNKNOWN STEP	2026-09-14T19:03:08.2136806Z [2026-09-14 21:03:08 +0200] [32/118] Example [2/4] 'rollback from backup creates three backups and then rolls back to the middle snapshot' succeeded in 90.04 seconds
Run selected ci-tagged tests	UNKNOWN STEP	2026-09-14T19:03:08.6204771Z [2026-09-14 21:03:08 +0200] [32/118] Example [3/4] 'rollback from backup creates a new head branch and records restore metadata' succeeded in 0.41 seconds
Run selected ci-tagged tests	UNKNOWN STEP	2026-09-14T19:03:27.6220571Z [2026-09-14 21:03:27 +0200] [32/118] Example [4/4] 'rollback from backup continues future backups on the new head branch' succeeded in 19.0 seconds
Run selected ci-tagged tests	UNKNOWN STEP	2026-09-14T19:03:35.6765470Z [2026-09-14 21:03:35 +0200] [37/118] Example [1/1] 'pool create creates runtime datasets and pool metadata on the node' succeeded in 58.13 seconds
Run selected ci-tagged tests	UNKNOWN STEP	2026-09-14T19:03:47.9177634Z [2026-09-14 21:03:47 +0200] [32/118] Test 'storage/rollback-from-backup' successful in 370.21 seconds
Run selected ci-tagged tests	UNKNOWN STEP	2026-09-14T19:03:47.9182411Z [2026-09-14 21:03:47 +0200] Reserved resources for 'console-router': machines=2, memory=16.0 GiB, shm=16.0 GiB, cpus=12; pool: memory=88.0 GiB/90.7 GiB, shm=88.0 GiB/367.1 GiB, cpus=64/72, running=5
Run selected ci-tagged tests	UNKNOWN STEP	2026-09-14T19:03:47.9201772Z [2026-09-14 21:03:47 +0200] [40/118] Running test 'console-router' (#default)
Run selected ci-tagged tests	UNKNOWN STEP	2026-09-14T19:03:50.3623679Z [2026-09-14 21:03:50 +0200] Status: passing; 36 succeeded as expected, 0 failed as expected, 0 unexpectedly failed, 0 unexpectedly succeeded; 5 running, 77 remaining
Run selected ci-tagged tests	UNKNOWN STEP	2026-09-14T19:03:53.5907431Z [2026-09-14 21:03:53 +0200] [37/118] Test 'pool/create' successful in 218.04 seconds
Run selected ci-tagged tests	UNKNOWN STEP	2026-09-14T19:03:53.5913656Z [2026-09-14 21:03:53 +0200] Reserved resources for 'vps/update-resources-and-features': machines=2, memory=16.0 GiB, shm=16.0 GiB, cpus=12; pool: memory=88.0 GiB/90.7 GiB, shm=88.0 GiB/367.1 GiB, cpus=64/72, running=5
Run selected ci-tagged tests	UNKNOWN STEP	2026-09-14T19:03:53.5934810Z [2026-09-14 21:03:53 +0200] [44/118] Running test 'vps/update-resources-and-features' (#default)
Run selected ci-tagged tests	UNKNOWN STEP	2026-09-14T19:04:47.5978688Z [2026-09-14 21:04:47 +0200] [36/118] Example [1/1] 'reinstall removes local snapshots, advances dataset history, and replaces the previous rootfs' succeeded in 182.92 seconds
Run selected ci-tagged tests	UNKNOWN STEP	2026-09-14T19:05:22.4686005Z [2026-09-14 21:05:22 +0200] [33/118] Example [1/4] 'remote full and incremental backup creates a VPS with primary storage on node1 and backup storage on node2' succeeded in 86.05 seconds
Run selected ci-tagged tests	UNKNOWN STEP	2026-09-14T19:05:31.5387494Z [2026-09-14 21:05:31 +0200] [36/118] Test 'vps/reinstall' successful in 372.57 seconds
Run selected ci-tagged tests	UNKNOWN STEP	2026-09-14T19:05:31.5395351Z [2026-09-14 21:05:31 +0200] Reserved resources for 'alerts/lifetime-and-daily-report': machines=2, memory=16.0 GiB, shm=16.0 GiB, cpus=12; pool: memory=88.0 GiB/90.7 GiB, shm=88.0 GiB/367.1 GiB, cpus=64/72, running=5
Run selected ci-tagged tests	UNKNOWN STEP	2026-09-14T19:05:31.5420014Z [2026-09-14 21:05:31 +0200] [46/118] Running test 'alerts/lifetime-and-daily-report' (#default)
Run selected ci-tagged tests	UNKNOWN STEP	2026-09-14T19:05:31.5476996Z [2026-09-14 21:05:31 +0200] Waiting for resources: pool: memory=88.0 GiB/90.7 GiB, shm=88.0 GiB/367.1 GiB, cpus=64/72, running=5; pending: storage/backup-remote-interrupted-recv (machines=3, memory=24.0 GiB, shm=24.0 GiB, cpus=16), cluster/generate-migration-keys (machines=3, memory=24.0 GiB, shm=24.0 GiB, cpus=16), vps/migrate-with-subdataset-mounts (machines=3, memory=24.0 GiB, shm=24.0 GiB, cpus=16)
Run selected ci-tagged tests	UNKNOWN STEP	2026-09-14T19:06:09.6087897Z [2026-09-14 21:06:09 +0200] [33/118] Example [2/4] 'remote full and incremental backup backs up the first snapshot over the remote send/recv path' succeeded in 47.14 seconds
Run selected ci-tagged tests	UNKNOWN STEP	2026-09-14T19:06:33.6835004Z [2026-09-14 21:06:33 +0200] [33/118] Example [3/4] 'remote full and incremental backup keeps only the latest shared source snapshot after the second backup rotation' succeeded in 24.07 seconds
Run selected ci-tagged tests	UNKNOWN STEP	2026-09-14T19:06:57.4817019Z [2026-09-14 21:06:57 +0200] [33/118] Example [4/4] 'remote full and incremental backup continues incremental backups on the same remote head branch' succeeded in 23.8 seconds
Run selected ci-tagged tests	UNKNOWN STEP	2026-09-14T19:06:58.3712253Z [2026-09-14 21:06:58 +0200] [38/118] Example [1/1] 'same-node dataset migration moves the dataset between primary pools on one node' succeeded in 93.76 seconds
Run selected ci-tagged tests	UNKNOWN STEP	2026-09-14T19:07:16.8029559Z [2026-09-14 21:07:16 +0200] [38/118] Test 'storage/dataset-migrate-same-node' successful in 261.44 seconds
Run selected ci-tagged tests	UNKNOWN STEP	2026-09-14T19:07:16.8040917Z [2026-09-14 21:07:16 +0200] Reserved resources for 'network/export-lifecycle': machines=2, memory=16.0 GiB, shm=16.0 GiB, cpus=12; pool: memory=88.0 GiB/90.7 GiB, shm=88.0 GiB/367.1 GiB, cpus=64/72, running=5
Run selected ci-tagged tests	UNKNOWN STEP	2026-09-14T19:07:16.8058729Z [2026-09-14 21:07:16 +0200] [47/118] Running test 'network/export-lifecycle' (#default)
Run selected ci-tagged tests	UNKNOWN STEP	2026-09-14T19:07:16.8117921Z [2026-09-14 21:07:16 +0200] Waiting for resources: pool: memory=88.0 GiB/90.7 GiB, shm=88.0 GiB/367.1 GiB, cpus=64/72, running=5; pending: storage/backup-remote-interrupted-recv (machines=3, memory=24.0 GiB, shm=24.0 GiB, cpus=16), cluster/generate-migration-keys (machines=3, memory=24.0 GiB, shm=24.0 GiB, cpus=16), vps/migrate-with-subdataset-mounts (machines=3, memory=24.0 GiB, shm=24.0 GiB, cpus=16)
Run selected ci-tagged tests	UNKNOWN STEP	2026-09-14T19:07:50.8611173Z [2026-09-14 21:07:50 +0200] [33/118] Test 'storage/backup-full-incremental-remote' successful in 399.84 seconds
Run selected ci-tagged tests	UNKNOWN STEP	2026-09-14T19:07:50.8616327Z [2026-09-14 21:07:50 +0200] Reserved resources for 'storage/backup-remote-interrupted-recv': machines=3, memory=24.0 GiB, shm=24.0 GiB, cpus=16; pool: memory=88.0 GiB/90.7 GiB, shm=88.0 GiB/367.1 GiB, cpus=64/72, running=5
Run selected ci-tagged tests	UNKNOWN STEP	2026-09-14T19:07:50.8637954Z [2026-09-14 21:07:50 +0200] [34/118] Running test 'storage/backup-remote-interrupted-recv' (#default)
Run selected ci-tagged tests	UNKNOWN STEP	2026-09-14T19:08:21.0788292Z [2026-09-14 21:08:21 +0200] [40/118] Example [1/1] 'remote console router logs in through the console and runs a command' succeeded in 127.2 seconds
Run selected ci-tagged tests	UNKNOWN STEP	2026-09-14T19:08:41.9457899Z [2026-09-14 21:08:41 +0200] [40/118] Test 'console-router' successful in 294.03 seconds
Run selected ci-tagged tests	UNKNOWN STEP	2026-09-14T19:08:41.9462187Z [2026-09-14 21:08:41 +0200] Reserved resources for 'vps/passwd': machines=2, memory=16.0 GiB, shm=16.0 GiB, cpus=12; pool: memory=88.0 GiB/90.7 GiB, shm=88.0 GiB/367.1 GiB, cpus=64/72, running=5
Run selected ci-tagged tests	UNKNOWN STEP	2026-09-14T19:08:41.9486130Z [2026-09-14 21:08:41 +0200] [48/118] Running test 'vps/passwd' (#default)
Run selected ci-tagged tests	UNKNOWN STEP	2026-09-14T19:08:41.9522581Z [2026-09-14 21:08:41 +0200] Waiting for resources: pool: memory=88.0 GiB/90.7 GiB, shm=88.0 GiB/367.1 GiB, cpus=64/72, running=5; pending: cluster/generate-migration-keys (machines=3, memory=24.0 GiB, shm=24.0 GiB, cpus=16), vps/migrate-with-subdataset-mounts (machines=3, memory=24.0 GiB, shm=24.0 GiB, cpus=16), storage/topology-fixture-roundtrip (machines=3, memory=24.0 GiB, shm=24.0 GiB, cpus=16)
Run selected ci-tagged tests	UNKNOWN STEP	2026-09-14T19:08:49.9135547Z [2026-09-14 21:08:49 +0200] [44/118] Example [1/1] 'resource and feature updates updates resources, toggles features, and keeps the VPS running' succeeded in 148.94 seconds
Run selected ci-tagged tests	UNKNOWN STEP	2026-09-14T19:08:50.3633743Z [2026-09-14 21:08:50 +0200] Status: passing; 41 succeeded as expected, 0 failed as expected, 0 unexpectedly failed, 0 unexpectedly succeeded; 5 running, 72 remaining
Run selected ci-tagged tests	UNKNOWN STEP	2026-09-14T19:09:10.4506288Z [2026-09-14 21:09:10 +0200] [44/118] Test 'vps/update-resources-and-features' successful in 316.86 seconds
Run selected ci-tagged tests	UNKNOWN STEP	2026-09-14T19:09:10.4513301Z [2026-09-14 21:09:10 +0200] Reserved resources for 'storage/backup-full-incremental': machines=2, memory=16.0 GiB, shm=16.0 GiB, cpus=12; pool: memory=88.0 GiB/90.7 GiB, shm=88.0 GiB/367.1 GiB, cpus=64/72, running=5
Run selected ci-tagged tests	UNKNOWN STEP	2026-09-14T19:09:10.4533205Z [2026-09-14 21:09:10 +0200] [49/118] Running test 'storage/backup-full-incremental' (#default)
Run selected ci-tagged tests	UNKNOWN STEP	2026-09-14T19:10:03.8660962Z [2026-09-14 21:10:03 +0200] [46/118] Example [1/1] 'lifetime and daily report tasks sends expiration warning and daily report mail' succeeded in 51.36 seconds
Run selected ci-tagged tests	UNKNOWN STEP	2026-09-14T19:10:23.0572680Z [2026-09-14 21:10:23 +0200] [46/118] Test 'alerts/lifetime-and-daily-report' successful in 291.51 seconds
Run selected ci-tagged tests	UNKNOWN STEP	2026-09-14T19:10:23.0578642Z [2026-09-14 21:10:23 +0200] Reserved resources for 'download-mounter': machines=2, memory=16.0 GiB, shm=16.0 GiB, cpus=12; pool: memory=88.0 GiB/90.7 GiB, shm=88.0 GiB/367.1 GiB, cpus=64/72, running=5
Run selected ci-tagged tests	UNKNOWN STEP	2026-09-14T19:10:23.0601762Z [2026-09-14 21:10:23 +0200] [53/118] Running test 'download-mounter' (#default)
Run selected ci-tagged tests	UNKNOWN STEP	2026-09-14T19:10:23.0664334Z [2026-09-14 21:10:23 +0200] Waiting for resources: pool: memory=88.0 GiB/90.7 GiB, shm=88.0 GiB/367.1 GiB, cpus=64/72, running=5; pending: cluster/generate-migration-keys (machines=3, memory=24.0 GiB, shm=24.0 GiB, cpus=16), vps/migrate-with-subdataset-mounts (machines=3, memory=24.0 GiB, shm=24.0 GiB, cpus=16), storage/topology-fixture-roundtrip (machines=3, memory=24.0 GiB, shm=24.0 GiB, cpus=16)
Run selected ci-tagged tests	UNKNOWN STEP	2026-09-14T19:11:09.1557611Z [2026-09-14 21:11:09 +0200] [47/118] Example [1/1] 'export lifecycle creates and destroys a dataset export end to end' succeeded in 85.83 seconds
Run selected ci-tagged tests	UNKNOWN STEP	2026-09-14T19:11:27.4434918Z [2026-09-14 21:11:27 +0200] [47/118] Test 'network/export-lifecycle' successful in 250.64 seconds
Run selected ci-tagged tests	UNKNOWN STEP	2026-09-14T19:11:27.4439537Z [2026-09-14 21:11:27 +0200] Reserved resources for 'cluster/1-node': machines=2, memory=16.0 GiB, shm=16.0 GiB, cpus=12; pool: memory=88.0 GiB/90.7 GiB, shm=88.0 GiB/367.1 GiB, cpus=64/72, running=5
Run selected ci-tagged tests	UNKNOWN STEP	2026-09-14T19:11:27.4464831Z [2026-09-14 21:11:27 +0200] [54/118] Running test 'cluster/1-node' (#default)
Run selected ci-tagged tests	UNKNOWN STEP	2026-09-14T19:11:27.4526979Z [2026-09-14 21:11:27 +0200] Waiting for resources: pool: memory=88.0 GiB/90.7 GiB, shm=88.0 GiB/367.1 GiB, cpus=64/72, running=5; pending: cluster/generate-migration-keys (machines=3, memory=24.0 GiB, shm=24.0 GiB, cpus=16), vps/migrate-with-subdataset-mounts (machines=3, memory=24.0 GiB, shm=24.0 GiB, cpus=16), storage/topology-fixture-roundtrip (machines=3, memory=24.0 GiB, shm=24.0 GiB, cpus=16)
Run selected ci-tagged tests	UNKNOWN STEP	2026-09-14T19:12:33.4570012Z [2026-09-14 21:12:33 +0200] [49/118] Example [1/6] 'full and incremental backup creates primary and backup pools' succeeded in 59.64 seconds
Run selected ci-tagged tests	UNKNOWN STEP	2026-09-14T19:13:11.8652860Z [2026-09-14 21:13:11 +0200] [49/118] Example [2/6] 'full and incremental backup creates a VPS and the matching backup DatasetInPool' succeeded in 38.41 seconds
Run selected ci-tagged tests	UNKNOWN STEP	2026-09-14T19:13:13.8628965Z [2026-09-14 21:13:13 +0200] [48/118] Example [1/1] 'standalone password reset changes the root password hash and clears the saved transaction input' succeeded in 124.27 seconds
Run selected ci-tagged tests	UNKNOWN STEP	2026-09-14T19:13:33.6316082Z [2026-09-14 21:13:33 +0200] [34/118] Example [1/1] 'remote backup interrupted on recv fails cleanly when the receiver side is interrupted and later backup still works' succeeded in 177.0 seconds
Run selected ci-tagged tests	UNKNOWN STEP	2026-09-14T19:13:33.8743576Z [2026-09-14 21:13:33 +0200] [49/118] Example [3/6] 'full and incremental backup backs up the first snapshot into the first tree and head branch' succeeded in 22.01 seconds
Run selected ci-tagged tests	UNKNOWN STEP	2026-09-14T19:13:41.1655838Z [2026-09-14 21:13:41 +0200] [54/118] Example [1/2] 'cluster node nodectld is running' succeeded in 97.88 seconds
Run selected ci-tagged tests	UNKNOWN STEP	2026-09-14T19:13:44.0427119Z [2026-09-14 21:13:44 +0200] [54/118] Example [2/2] 'cluster services API responds' succeeded in 2.88 seconds
Run selected ci-tagged tests	UNKNOWN STEP	2026-09-14T19:13:50.3638292Z [2026-09-14 21:13:50 +0200] Status: passing; 44 succeeded as expected, 0 failed as expected, 0 unexpectedly failed, 0 unexpectedly succeeded; 5 running, 69 remaining
Run selected ci-tagged tests	UNKNOWN STEP	2026-09-14T19:13:52.9592553Z [2026-09-14 21:13:52 +0200] [49/118] Example [4/6] 'full and incremental backup reuses the same tree and branch for the next incremental backup' succeeded in 19.08 seconds
Run selected ci-tagged tests	UNKNOWN STEP	2026-09-14T19:13:53.0318633Z [2026-09-14 21:13:53 +0200] [49/118] Example [5/6] 'full and incremental backup keeps only the latest shared source snapshot after the previous backup rotation' succeeded in 0.07 seconds
Run selected ci-tagged tests	UNKNOWN STEP	2026-09-14T19:13:57.1029562Z [2026-09-14 21:13:57 +0200] [48/118] Test 'vps/passwd' successful in 315.15 seconds
Run selected ci-tagged tests	UNKNOWN STEP	2026-09-14T19:13:57.1033526Z [2026-09-14 21:13:57 +0200] Reserved resources for 'vps/replace-same-node': machines=2, memory=16.0 GiB, shm=16.0 GiB, cpus=12; pool: memory=88.0 GiB/90.7 GiB, shm=88.0 GiB/367.1 GiB, cpus=64/72, running=5
Run selected ci-tagged tests	UNKNOWN STEP	2026-09-14T19:13:57.1062808Z [2026-09-14 21:13:57 +0200] [57/118] Running test 'vps/replace-same-node' (#default)
Run selected ci-tagged tests	UNKNOWN STEP	2026-09-14T19:13:57.1124941Z [2026-09-14 21:13:57 +0200] Waiting for resources: pool: memory=88.0 GiB/90.7 GiB, shm=88.0 GiB/367.1 GiB, cpus=64/72, running=5; pending: cluster/generate-migration-keys (machines=3, memory=24.0 GiB, shm=24.0 GiB, cpus=16), vps/migrate-with-subdataset-mounts (machines=3, memory=24.0 GiB, shm=24.0 GiB, cpus=16), storage/topology-fixture-roundtrip (machines=3, memory=24.0 GiB, shm=24.0 GiB, cpus=16)
Run selected ci-tagged tests	UNKNOWN STEP	2026-09-14T19:14:00.6127397Z [2026-09-14 21:14:00 +0200] [34/118] Test 'storage/backup-remote-interrupted-recv' successful in 369.75 seconds
Run selected ci-tagged tests	UNKNOWN STEP	2026-09-14T19:14:00.6132434Z [2026-09-14 21:14:00 +0200] Reserved resources for 'cluster/generate-migration-keys': machines=3, memory=24.0 GiB, shm=24.0 GiB, cpus=16; pool: memory=88.0 GiB/90.7 GiB, shm=88.0 GiB/367.1 GiB, cpus=64/72, running=5
Run selected ci-tagged tests	UNKNOWN STEP	2026-09-14T19:14:00.6159755Z [2026-09-14 21:14:00 +0200] [39/118] Running test 'cluster/generate-migration-keys' (#default)
Run selected ci-tagged tests	UNKNOWN STEP	2026-09-14T19:14:12.1520928Z [2026-09-14 21:14:12 +0200] [49/118] Example [6/6] 'full and incremental backup keeps using the same backup tree and branch after rotation for the third backup' succeeded in 19.12 seconds
Run selected ci-tagged tests	UNKNOWN STEP	2026-09-14T19:14:15.9777998Z [2026-09-14 21:14:15 +0200] [54/118] Test 'cluster/1-node' successful in 168.53 seconds
Run selected ci-tagged tests	UNKNOWN STEP	2026-09-14T19:14:15.9783449Z [2026-09-14 21:14:15 +0200] Reserved resources for 'storage/group-snapshot': machines=2, memory=16.0 GiB, shm=16.0 GiB, cpus=12; pool: memory=88.0 GiB/90.7 GiB, shm=88.0 GiB/367.1 GiB, cpus=64/72, running=5
Run selected ci-tagged tests	UNKNOWN STEP	2026-09-14T19:14:15.9810195Z [2026-09-14 21:14:15 +0200] [59/118] Running test 'storage/group-snapshot' (#default)
Run selected ci-tagged tests	UNKNOWN STEP	2026-09-14T19:14:32.5967578Z [2026-09-14 21:14:32 +0200] [49/118] Test 'storage/backup-full-incremental' successful in 322.14 seconds
Run selected ci-tagged tests	UNKNOWN STEP	2026-09-14T19:14:32.5972868Z [2026-09-14 21:14:32 +0200] Reserved resources for 'admin/nodectl-refresh-and-runtime-state': machines=2, memory=16.0 GiB, shm=16.0 GiB, cpus=12; pool: memory=88.0 GiB/90.7 GiB, shm=88.0 GiB/367.1 GiB, cpus=64/72, running=5
Run selected ci-tagged tests	UNKNOWN STEP	2026-09-14T19:14:32.5993010Z [2026-09-14 21:14:32 +0200] [60/118] Running test 'admin/nodectl-refresh-and-runtime-state' (#default)
Run selected ci-tagged tests	UNKNOWN STEP	2026-09-14T19:15:19.3509960Z [2026-09-14 21:15:19 +0200] [53/118] Example [1/6] 'download mounter mounts the pool download directory and serves the healthcheck' succeeded in 55.2 seconds
Run selected ci-tagged tests	UNKNOWN STEP	2026-09-14T19:15:19.4070256Z [2026-09-14 21:15:19 +0200] [53/118] Example [2/6] 'download mounter serves a file from the pool download directory through the mounted frontend' succeeded in 0.06 seconds
Run selected ci-tagged tests	UNKNOWN STEP	2026-09-14T19:15:24.3110115Z [2026-09-14 21:15:24 +0200] [53/118] Example [3/6] 'download mounter remounts when the directory has been unmounted' succeeded in 4.9 seconds
Run selected ci-tagged tests	UNKNOWN STEP	2026-09-14T19:15:33.5389049Z [2026-09-14 21:15:33 +0200] [53/118] Example [4/6] 'download mounter remounts a broken NFS mount after the export returns' succeeded in 9.23 seconds
Run selected ci-tagged tests	UNKNOWN STEP	2026-09-14T19:15:38.3596261Z [2026-09-14 21:15:38 +0200] [53/118] Example [5/6] 'download mounter remounts a stale mounted directory with the wrong healthcheck' succeeded in 4.82 seconds
Run selected ci-tagged tests	UNKNOWN STEP	2026-09-14T19:15:42.8369660Z [2026-09-14 21:15:42 +0200] [53/118] Example [6/6] 'download mounter is idempotent with a healthy mount' succeeded in 4.48 seconds
Run selected ci-tagged tests	UNKNOWN STEP	2026-09-14T19:16:01.8389045Z [2026-09-14 21:16:01 +0200] [53/118] Test 'download-mounter' successful in 338.78 seconds
Run selected ci-tagged tests	UNKNOWN STEP	2026-09-14T19:16:01.8397264Z [2026-09-14 21:16:01 +0200] Reserved resources for 'supervisor/runtime-ingestion': machines=2, memory=16.0 GiB, shm=16.0 GiB, cpus=12; pool: memory=88.0 GiB/90.7 GiB, shm=88.0 GiB/367.1 GiB, cpus=64/72, running=5
Run selected ci-tagged tests	UNKNOWN STEP	2026-09-14T19:16:01.8421201Z [2026-09-14 21:16:01 +0200] [65/118] Running test 'supervisor/runtime-ingestion' (#default)
Run selected ci-tagged tests	UNKNOWN STEP	2026-09-14T19:16:01.8481498Z [2026-09-14 21:16:01 +0200] Waiting for resources: pool: memory=88.0 GiB/90.7 GiB, shm=88.0 GiB/367.1 GiB, cpus=64/72, running=5; pending: vps/migrate-with-subdataset-mounts (machines=3, memory=24.0 GiB, shm=24.0 GiB, cpus=16), storage/topology-fixture-roundtrip (machines=3, memory=24.0 GiB, shm=24.0 GiB, cpus=16), storage/restore-after-reinstall-with-descendants-remote (machines=3, memory=24.0 GiB, shm=24.0 GiB, cpus=16)
Run selected ci-tagged tests	UNKNOWN STEP	2026-09-14T19:17:06.6982644Z [2026-09-14 21:17:06 +0200] [60/118] Example [1/1] 'nodectl refresh and runtime state refreshes node status and keeps read-only RPCs healthy' succeeded in 3.13 seconds
Run selected ci-tagged tests	UNKNOWN STEP	2026-09-14T19:17:23.5574286Z [2026-09-14 21:17:23 +0200] [60/118] Test 'admin/nodectl-refresh-and-runtime-state' successful in 170.96 seconds
Run selected ci-tagged tests	UNKNOWN STEP	2026-09-14T19:17:23.5586132Z [2026-09-14 21:17:23 +0200] Reserved resources for 'vps/expand-and-shrink-dataset': machines=2, memory=16.0 GiB, shm=16.0 GiB, cpus=12; pool: memory=88.0 GiB/90.7 GiB, shm=88.0 GiB/367.1 GiB, cpus=64/72, running=5
Run selected ci-tagged tests	UNKNOWN STEP	2026-09-14T19:17:23.5607140Z [2026-09-14 21:17:23 +0200] [68/118] Running test 'vps/expand-and-shrink-dataset' (#default)
Run selected ci-tagged tests	UNKNOWN STEP	2026-09-14T19:17:23.5673647Z [2026-09-14 21:17:23 +0200] Waiting for resources: pool: memory=88.0 GiB/90.7 GiB, shm=88.0 GiB/367.1 GiB, cpus=64/72, running=5; pending: vps/migrate-with-subdataset-mounts (machines=3, memory=24.0 GiB, shm=24.0 GiB, cpus=16), storage/topology-fixture-roundtrip (machines=3, memory=24.0 GiB, shm=24.0 GiB, cpus=16), storage/restore-after-reinstall-with-descendants-remote (machines=3, memory=24.0 GiB, shm=24.0 GiB, cpus=16)
Run selected ci-tagged tests	UNKNOWN STEP	2026-09-14T19:17:54.6938703Z [2026-09-14 21:17:54 +0200] [39/118] Example [1/1] 'cluster generate_migration_keys generates send keys on eligible pools and persists public keys' succeeded in 77.51 seconds
Run selected ci-tagged tests	UNKNOWN STEP	2026-09-14T19:17:58.9632464Z [2026-09-14 21:17:58 +0200] [59/118] Example [1/1] 'group snapshot creates one grouped snapshot transaction for multiple datasets' succeeded in 72.24 seconds
Run selected ci-tagged tests	UNKNOWN STEP	2026-09-14T19:18:17.7561185Z [2026-09-14 21:18:17 +0200] [59/118] Test 'storage/group-snapshot' successful in 241.77 seconds
Run selected ci-tagged tests	UNKNOWN STEP	2026-09-14T19:18:17.7565486Z [2026-09-14 21:18:17 +0200] Reserved resources for 'storage/snapshot-download-incremental-stream': machines=2, memory=16.0 GiB, shm=16.0 GiB, cpus=12; pool: memory=88.0 GiB/90.7 GiB, shm=88.0 GiB/367.1 GiB, cpus=64/72, running=5
Run selected ci-tagged tests	UNKNOWN STEP	2026-09-14T19:18:17.7587602Z [2026-09-14 21:18:17 +0200] [69/118] Running test 'storage/snapshot-download-incremental-stream' (#default)
Run selected ci-tagged tests	UNKNOWN STEP	2026-09-14T19:18:19.1380399Z [2026-09-14 21:18:19 +0200] [65/118] Example [1/11] 'supervisor status ingestion accepts a legacy node status without security evidence' succeeded in 5.4 seconds
Run selected ci-tagged tests	UNKNOWN STEP	2026-09-14T19:18:19.8698374Z [2026-09-14 21:18:19 +0200] [39/118] Test 'cluster/generate-migration-keys' successful in 259.25 seconds
Run selected ci-tagged tests	UNKNOWN STEP	2026-09-14T19:18:19.8703594Z [2026-09-14 21:18:19 +0200] Reserved resources for 'vps/migrate-with-subdataset-mounts': machines=3, memory=24.0 GiB, shm=24.0 GiB, cpus=16; pool: memory=88.0 GiB/90.7 GiB, shm=88.0 GiB/367.1 GiB, cpus=64/72, running=5
Run selected ci-tagged tests	UNKNOWN STEP	2026-09-14T19:18:19.8732329Z [2026-09-14 21:18:19 +0200] [41/118] Running test 'vps/migrate-with-subdataset-mounts' (#default)
Run selected ci-tagged tests	UNKNOWN STEP	2026-09-14T19:18:50.3643927Z [2026-09-14 21:18:50 +0200] Status: passing; 52 succeeded as expected, 0 failed as expected, 0 unexpectedly failed, 0 unexpectedly succeeded; 5 running, 61 remaining
Run selected ci-tagged tests	UNKNOWN STEP	2026-09-14T19:19:26.8496566Z [2026-09-14 21:19:26 +0200] [65/118] Example [2/11] 'supervisor status ingestion retains stable and valid evidence confirmations across supervisor restarts' succeeded in 67.71 seconds
Run selected ci-tagged tests	UNKNOWN STEP	2026-09-14T19:19:30.4171947Z [2026-09-14 21:19:30 +0200] [65/118] Example [3/11] 'supervisor status ingestion ingests VPS status' succeeded in 3.57 seconds
Run selected ci-tagged tests	UNKNOWN STEP	2026-09-14T19:19:40.9468560Z [2026-09-14 21:19:40 +0200] [65/118] Example [4/11] 'supervisor storage ingestion ingests storage status batches and updates disk totals' succeeded in 10.53 seconds
Run selected ci-tagged tests	UNKNOWN STEP	2026-09-14T19:19:48.4902757Z [2026-09-14 21:19:48 +0200] [65/118] Example [5/11] 'supervisor storage ingestion ingests dataset expansion events' succeeded in 7.54 seconds
Run selected ci-tagged tests	UNKNOWN STEP	2026-09-14T19:19:51.7511459Z [2026-09-14 21:19:51 +0200] [65/118] Example [6/11] 'supervisor network ingestion ingests network monitor snapshots' succeeded in 3.26 seconds
Run selected ci-tagged tests	UNKNOWN STEP	2026-09-14T19:19:58.4263850Z [2026-09-14 21:19:58 +0200] [65/118] Example [7/11] 'supervisor network ingestion ingests accounting buckets additively' succeeded in 6.67 seconds
Run selected ci-tagged tests	UNKNOWN STEP	2026-09-14T19:20:08.2716706Z [2026-09-14 21:20:08 +0200] [65/118] Example [8/11] 'supervisor mount ingestion creates, updates, and deletes export mounts to match the payload' succeeded in 9.84 seconds
Run selected ci-tagged tests	UNKNOWN STEP	2026-09-14T19:20:14.9628590Z [2026-09-14 21:20:14 +0200] [65/118] Example [9/11] 'supervisor mount ingestion updates VPS mount state from mount reports' succeeded in 6.69 seconds
Run selected ci-tagged tests	UNKNOWN STEP	2026-09-14T19:20:24.8168689Z [2026-09-14 21:20:24 +0200] [65/118] Example [10/11] 'supervisor VPS event ingestion marks halt events and logs reboot events' succeeded in 9.85 seconds
Run selected ci-tagged tests	UNKNOWN STEP	2026-09-14T19:20:28.1324048Z [2026-09-14 21:20:28 +0200] [65/118] Example [11/11] 'supervisor VPS event ingestion creates incident reports for oomd stop events' succeeded in 3.32 seconds
Run selected ci-tagged tests	UNKNOWN STEP	2026-09-14T19:21:11.9933962Z [2026-09-14 21:21:11 +0200] [65/118] Test 'supervisor/runtime-ingestion' successful in 310.15 seconds
Run selected ci-tagged tests	UNKNOWN STEP	2026-09-14T19:21:11.9940702Z [2026-09-14 21:21:11 +0200] Reserved resources for 'tx/keep-going-final-state': machines=2, memory=16.0 GiB, shm=16.0 GiB, cpus=12; pool: memory=88.0 GiB/90.7 GiB, shm=88.0 GiB/367.1 GiB, cpus=64/72, running=5
Run selected ci-tagged tests	UNKNOWN STEP	2026-09-14T19:21:11.9957353Z [2026-09-14 21:21:11 +0200] [71/118] Running test 'tx/keep-going-final-state' (#default)
Run selected ci-tagged tests	UNKNOWN STEP	2026-09-14T19:21:12.0007236Z [2026-09-14 21:21:11 +0200] Waiting for resources: pool: memory=88.0 GiB/90.7 GiB, shm=88.0 GiB/367.1 GiB, cpus=64/72, running=5; pending: storage/topology-fixture-roundtrip (machines=3, memory=24.0 GiB, shm=24.0 GiB, cpus=16), storage/restore-after-reinstall-with-descendants-remote (machines=3, memory=24.0 GiB, shm=24.0 GiB, cpus=16), storage/branching-shared-snapshot-prune (machines=3, memory=24.0 GiB, shm=24.0 GiB, cpus=16)
Run selected ci-tagged tests	UNKNOWN STEP	2026-09-14T19:21:57.0998533Z [2026-09-14 21:21:57 +0200] [68/118] Example [1/1] 'dataset expansion lifecycle expands, expands again, and shrinks the VPS root dataset' succeeded in 128.35 seconds
Run selected ci-tagged tests	UNKNOWN STEP	2026-09-14T19:22:16.9405972Z [2026-09-14 21:22:16 +0200] [68/118] Test 'vps/expand-and-shrink-dataset' successful in 293.38 seconds
Run selected ci-tagged tests	UNKNOWN STEP	2026-09-14T19:22:16.9413877Z [2026-09-14 21:22:16 +0200] Reserved resources for 'user/create-with-initial-vps': machines=2, memory=16.0 GiB, shm=16.0 GiB, cpus=12; pool: memory=88.0 GiB/90.7 GiB, shm=88.0 GiB/367.1 GiB, cpus=64/72, running=5
Run selected ci-tagged tests	UNKNOWN STEP	2026-09-14T19:22:16.9434803Z [2026-09-14 21:22:16 +0200] [72/118] Running test 'user/create-with-initial-vps' (#default)
Run selected ci-tagged tests	UNKNOWN STEP	2026-09-14T19:22:16.9500013Z [2026-09-14 21:22:16 +0200] Waiting for resources: pool: memory=88.0 GiB/90.7 GiB, shm=88.0 GiB/367.1 GiB, cpus=64/72, running=5; pending: storage/topology-fixture-roundtrip (machines=3, memory=24.0 GiB, shm=24.0 GiB, cpus=16), storage/restore-after-reinstall-with-descendants-remote (machines=3, memory=24.0 GiB, shm=24.0 GiB, cpus=16), storage/branching-shared-snapshot-prune (machines=3, memory=24.0 GiB, shm=24.0 GiB, cpus=16)
Run selected ci-tagged tests	UNKNOWN STEP	2026-09-14T19:22:18.6976937Z [2026-09-14 21:22:18 +0200] [69/118] Example [1/1] 'incremental stream snapshot download creates a stream from a local shared history' succeeded in 85.49 seconds
Run selected ci-tagged tests	UNKNOWN STEP	2026-09-14T19:22:21.7179020Z [2026-09-14 21:22:21 +0200] [57/118] Example [1/1] 'same-node VPS replace creates a replacement in another pool without remote send steps' succeeded in 347.98 seconds
Run selected ci-tagged tests	UNKNOWN STEP	2026-09-14T19:22:41.7645273Z [2026-09-14 21:22:41 +0200] [57/118] Test 'vps/replace-same-node' successful in 524.66 seconds
Run selected ci-tagged tests	UNKNOWN STEP	2026-09-14T19:22:41.7653772Z [2026-09-14 21:22:41 +0200] Reserved resources for 'vps/clone-same-node': machines=2, memory=16.0 GiB, shm=16.0 GiB, cpus=12; pool: memory=88.0 GiB/90.7 GiB, shm=88.0 GiB/367.1 GiB, cpus=64/72, running=5
Run selected ci-tagged tests	UNKNOWN STEP	2026-09-14T19:22:41.7677724Z [2026-09-14 21:22:41 +0200] [75/118] Running test 'vps/clone-same-node' (#default)
Run selected ci-tagged tests	UNKNOWN STEP	2026-09-14T19:23:28.2371896Z [2026-09-14 21:23:28 +0200] [71/118] Example [1/2] 'keep-going final state keeps the synthetic chain queued while the queue is paused' succeeded in 0.07 seconds
Run selected ci-tagged tests	UNKNOWN STEP	2026-09-14T19:23:50.3648766Z [2026-09-14 21:23:50 +0200] Status: passing; 55 succeeded as expected, 0 failed as expected, 0 unexpectedly failed, 0 unexpectedly succeeded; 5 running, 58 remaining
Run selected ci-tagged tests	UNKNOWN STEP	2026-09-14T19:24:37.9765627Z [2026-09-14 21:24:37 +0200] [71/118] Example [2/2] 'keep-going final state keeps going after the middle failure and closes as done' succeeded in 69.74 seconds
Run selected ci-tagged tests	UNKNOWN STEP	2026-09-14T19:24:45.9488770Z [2026-09-14 21:24:45 +0200] [41/118] Example [1/1] 'VPS migration with subdataset mounts remaps mounted subdatasets to the destination dataset in pool' succeeded in 217.84 seconds
Run selected ci-tagged tests	UNKNOWN STEP	2026-09-14T19:24:56.5419733Z [2026-09-14 21:24:56 +0200] [71/118] Test 'tx/keep-going-final-state' successful in 224.55 seconds
Run selected ci-tagged tests	UNKNOWN STEP	2026-09-14T19:24:56.5423116Z [2026-09-14 21:24:56 +0200] Reserved resources for 'client/snapshot-download': machines=2, memory=16.0 GiB, shm=16.0 GiB, cpus=12; pool: memory=88.0 GiB/90.7 GiB, shm=88.0 GiB/367.1 GiB, cpus=64/72, running=5
Run selected ci-tagged tests	UNKNOWN STEP	2026-09-14T19:24:56.5446075Z [2026-09-14 21:24:56 +0200] [76/118] Running test 'client/snapshot-download' (#default)
Run selected ci-tagged tests	UNKNOWN STEP	2026-09-14T19:24:56.5504059Z [2026-09-14 21:24:56 +0200] Waiting for resources: pool: memory=88.0 GiB/90.7 GiB, shm=88.0 GiB/367.1 GiB, cpus=64/72, running=5; pending: storage/topology-fixture-roundtrip (machines=3, memory=24.0 GiB, shm=24.0 GiB, cpus=16), storage/restore-after-reinstall-with-descendants-remote (machines=3, memory=24.0 GiB, shm=24.0 GiB, cpus=16), storage/branching-shared-snapshot-prune (machines=3, memory=24.0 GiB, shm=24.0 GiB, cpus=16)
Run selected ci-tagged tests	UNKNOWN STEP	2026-09-14T19:25:14.3861805Z [2026-09-14 21:25:14 +0200] [41/118] Test 'vps/migrate-with-subdataset-mounts' successful in 414.51 seconds
Run selected ci-tagged tests	UNKNOWN STEP	2026-09-14T19:25:14.3864377Z [2026-09-14 21:25:14 +0200] Reserved resources for 'storage/topology-fixture-roundtrip': machines=3, memory=24.0 GiB, shm=24.0 GiB, cpus=16; pool: memory=88.0 GiB/90.7 GiB, shm=88.0 GiB/367.1 GiB, cpus=64/72, running=5
Run selected ci-tagged tests	UNKNOWN STEP	2026-09-14T19:25:14.3884602Z [2026-09-14 21:25:14 +0200] [42/118] Running test 'storage/topology-fixture-roundtrip' (#default)
Run selected ci-tagged tests	UNKNOWN STEP	2026-09-14T19:27:28.7067447Z [2026-09-14 21:27:28 +0200] [69/118] Test 'storage/snapshot-download-incremental-stream' successful in 550.95 seconds
Run selected ci-tagged tests	UNKNOWN STEP	2026-09-14T19:27:28.7071090Z [2026-09-14 21:27:28 +0200] Reserved resources for 'vps/hard-delete-basic': machines=2, memory=16.0 GiB, shm=16.0 GiB, cpus=12; pool: memory=88.0 GiB/90.7 GiB, shm=88.0 GiB/367.1 GiB, cpus=64/72, running=5
Run selected ci-tagged tests	UNKNOWN STEP	2026-09-14T19:27:28.7093304Z [2026-09-14 21:27:28 +0200] [77/118] Running test 'vps/hard-delete-basic' (#default)
Run selected ci-tagged tests	UNKNOWN STEP	2026-09-14T19:27:28.7131250Z [2026-09-14 21:27:28 +0200] Waiting for resources: pool: memory=88.0 GiB/90.7 GiB, shm=88.0 GiB/367.1 GiB, cpus=64/72, running=5; pending: storage/restore-after-reinstall-with-descendants-remote (machines=3, memory=24.0 GiB, shm=24.0 GiB, cpus=16), storage/branching-shared-snapshot-prune (machines=3, memory=24.0 GiB, shm=24.0 GiB, cpus=16), storage/restore-remote-interrupted-recv (machines=3, memory=24.0 GiB, shm=24.0 GiB, cpus=16)
Run selected ci-tagged tests	UNKNOWN STEP	2026-09-14T19:28:37.1148864Z [2026-09-14 21:28:37 +0200] [72/118] Example [1/2] 'user create with initial VPS creates an active user with a running initial VPS' succeeded in 164.23 seconds
Run selected ci-tagged tests	UNKNOWN STEP	2026-09-14T19:28:50.3654337Z [2026-09-14 21:28:50 +0200] Status: passing; 58 succeeded as expected, 0 failed as expected, 0 unexpectedly failed, 0 unexpectedly succeeded; 5 running, 55 remaining
Run selected ci-tagged tests	UNKNOWN STEP	2026-09-14T19:29:01.7566849Z [2026-09-14 21:29:01 +0200] [75/118] Example [1/1] 'same-node VPS clone copies the VPS into another pool on the same node' succeeded in 230.17 seconds
Run selected ci-tagged tests	UNKNOWN STEP	2026-09-14T19:29:05.4555574Z [2026-09-14 21:29:05 +0200] [76/118] Example [1/1] 'snapshot download client downloads a prepared archive and can resume an interrupted file' succeeded in 92.85 seconds
Run selected ci-tagged tests	UNKNOWN STEP	2026-09-14T19:29:16.3169014Z [2026-09-14 21:29:16 +0200] [72/118] Example [2/2] 'user create with initial VPS creates a suspended user with a stopped initial VPS' succeeded in 39.2 seconds
Run selected ci-tagged tests	UNKNOWN STEP	2026-09-14T19:29:21.9401062Z [2026-09-14 21:29:21 +0200] [75/118] Test 'vps/clone-same-node' successful in 400.17 seconds
Run selected ci-tagged tests	UNKNOWN STEP	2026-09-14T19:29:21.9409634Z [2026-09-14 21:29:21 +0200] Reserved resources for 'vps/deploy-public-key-and-user-data': machines=2, memory=16.0 GiB, shm=16.0 GiB, cpus=12; pool: memory=88.0 GiB/90.7 GiB, shm=88.0 GiB/367.1 GiB, cpus=64/72, running=5
Run selected ci-tagged tests	UNKNOWN STEP	2026-09-14T19:29:21.9439942Z [2026-09-14 21:29:21 +0200] [79/118] Running test 'vps/deploy-public-key-and-user-data' (#default)
Run selected ci-tagged tests	UNKNOWN STEP	2026-09-14T19:29:21.9503680Z [2026-09-14 21:29:21 +0200] Waiting for resources: pool: memory=88.0 GiB/90.7 GiB, shm=88.0 GiB/367.1 GiB, cpus=64/72, running=5; pending: storage/restore-after-reinstall-with-descendants-remote (machines=3, memory=24.0 GiB, shm=24.0 GiB, cpus=16), storage/branching-shared-snapshot-prune (machines=3, memory=24.0 GiB, shm=24.0 GiB, cpus=16), storage/restore-remote-interrupted-recv (machines=3, memory=24.0 GiB, shm=24.0 GiB, cpus=16)
Run selected ci-tagged tests	UNKNOWN STEP	2026-09-14T19:29:26.2621086Z [2026-09-14 21:29:26 +0200] [42/118] Example [1/2] 'topology fixture roundtrip creates a VPS with primary storage on node1 and backup storage on node2' succeeded in 85.97 seconds
Run selected ci-tagged tests	UNKNOWN STEP	2026-09-14T19:29:35.3896017Z [2026-09-14 21:29:35 +0200] [72/118] Test 'user/create-with-initial-vps' successful in 438.45 seconds
Run selected ci-tagged tests	UNKNOWN STEP	2026-09-14T19:29:35.3901589Z [2026-09-14 21:29:35 +0200] Reserved resources for 'tasks/prometheus-export': machines=2, memory=16.0 GiB, shm=16.0 GiB, cpus=12; pool: memory=88.0 GiB/90.7 GiB, shm=88.0 GiB/367.1 GiB, cpus=64/72, running=5
Run selected ci-tagged tests	UNKNOWN STEP	2026-09-14T19:29:35.3924441Z [2026-09-14 21:29:35 +0200] [81/118] Running test 'tasks/prometheus-export' (#default)
Run selected ci-tagged tests	UNKNOWN STEP	2026-09-14T19:29:47.1983675Z [2026-09-14 21:29:47 +0200] [76/118] Test 'client/snapshot-download' successful in 290.65 seconds
Run selected ci-tagged tests	UNKNOWN STEP	2026-09-14T19:29:47.1986125Z [2026-09-14 21:29:47 +0200] Reserved resources for 'tx/rollback-state-machine': machines=2, memory=16.0 GiB, shm=16.0 GiB, cpus=12; pool: memory=88.0 GiB/90.7 GiB, shm=88.0 GiB/367.1 GiB, cpus=64/72, running=5
Run selected ci-tagged tests	UNKNOWN STEP	2026-09-14T19:29:47.2004421Z [2026-09-14 21:29:47 +0200] [83/118] Running test 'tx/rollback-state-machine' (#default)
Run selected ci-tagged tests	UNKNOWN STEP	2026-09-14T19:32:06.1210753Z [2026-09-14 21:32:06 +0200] [83/118] Example [1/2] 'rollback state machine keeps the synthetic chain queued while the queue is paused' succeeded in 0.14 seconds
Run selected ci-tagged tests	UNKNOWN STEP	2026-09-14T19:32:24.1732388Z [2026-09-14 21:32:24 +0200] [77/118] Example [1/1] 'basic hard delete removes the container, root dataset, descendant dataset, and DB references' succeeded in 144.81 seconds
Run selected ci-tagged tests	UNKNOWN STEP	2026-09-14T19:32:44.2723268Z [2026-09-14 21:32:44 +0200] [77/118] Test 'vps/hard-delete-basic' successful in 315.56 seconds
Run selected ci-tagged tests	UNKNOWN STEP	2026-09-14T19:32:44.2728029Z [2026-09-14 21:32:44 +0200] Reserved resources for 'user/user-namespace-lifecycle': machines=2, memory=16.0 GiB, shm=16.0 GiB, cpus=12; pool: memory=88.0 GiB/90.7 GiB, shm=88.0 GiB/367.1 GiB, cpus=64/72, running=5
Run selected ci-tagged tests	UNKNOWN STEP	2026-09-14T19:32:44.2764991Z [2026-09-14 21:32:44 +0200] [85/118] Running test 'user/user-namespace-lifecycle' (#default)
Run selected ci-tagged tests	UNKNOWN STEP	2026-09-14T19:32:44.2830838Z [2026-09-14 21:32:44 +0200] Waiting for resources: pool: memory=88.0 GiB/90.7 GiB, shm=88.0 GiB/367.1 GiB, cpus=64/72, running=5; pending: storage/restore-after-reinstall-with-descendants-remote (machines=3, memory=24.0 GiB, shm=24.0 GiB, cpus=16), storage/branching-shared-snapshot-prune (machines=3, memory=24.0 GiB, shm=24.0 GiB, cpus=16), storage/restore-remote-interrupted-recv (machines=3, memory=24.0 GiB, shm=24.0 GiB, cpus=16)
Run selected ci-tagged tests	UNKNOWN STEP	2026-09-14T19:33:18.3432045Z [2026-09-14 21:33:18 +0200] [83/118] Example [2/2] 'rollback state machine rolls the chain back and closes it as failed' succeeded in 72.22 seconds
Run selected ci-tagged tests	UNKNOWN STEP	2026-09-14T19:33:29.6915725Z [2026-09-14 21:33:29 +0200] [81/118] Example [1/1] 'Prometheus export task writes representative base metrics to EXPORT_FILE' succeeded in 34.5 seconds
Run selected ci-tagged tests	UNKNOWN STEP	2026-09-14T19:33:36.1778976Z [2026-09-14 21:33:36 +0200] [83/118] Test 'tx/rollback-state-machine' successful in 228.98 seconds
Run selected ci-tagged tests	UNKNOWN STEP	2026-09-14T19:33:36.1782593Z [2026-09-14 21:33:36 +0200] Reserved resources for 'admin/dataset-plan-lifecycle': machines=2, memory=16.0 GiB, shm=16.0 GiB, cpus=12; pool: memory=88.0 GiB/90.7 GiB, shm=88.0 GiB/367.1 GiB, cpus=64/72, running=5
Run selected ci-tagged tests	UNKNOWN STEP	2026-09-14T19:33:36.1808329Z [2026-09-14 21:33:36 +0200] [86/118] Running test 'admin/dataset-plan-lifecycle' (#default)
Run selected ci-tagged tests	UNKNOWN STEP	2026-09-14T19:33:49.0896008Z [2026-09-14 21:33:49 +0200] [81/118] Test 'tasks/prometheus-export' successful in 253.7 seconds
Run selected ci-tagged tests	UNKNOWN STEP	2026-09-14T19:33:49.0898648Z [2026-09-14 21:33:49 +0200] Reserved resources for 'network/export-enable-disable-hosts': machines=2, memory=16.0 GiB, shm=16.0 GiB, cpus=12; pool: memory=88.0 GiB/90.7 GiB, shm=88.0 GiB/367.1 GiB, cpus=64/72, running=5
Run selected ci-tagged tests	UNKNOWN STEP	2026-09-14T19:33:49.0934096Z [2026-09-14 21:33:49 +0200] [87/118] Running test 'network/export-enable-disable-hosts' (#default)
Run selected ci-tagged tests	UNKNOWN STEP	2026-09-14T19:33:49.0975386Z [2026-09-14 21:33:49 +0200] Waiting for resources: pool: memory=88.0 GiB/90.7 GiB, shm=88.0 GiB/367.1 GiB, cpus=64/72, running=5; pending: storage/restore-after-reinstall-with-descendants-remote (machines=3, memory=24.0 GiB, shm=24.0 GiB, cpus=16), storage/branching-shared-snapshot-prune (machines=3, memory=24.0 GiB, shm=24.0 GiB, cpus=16), storage/restore-remote-interrupted-recv (machines=3, memory=24.0 GiB, shm=24.0 GiB, cpus=16)
Run selected ci-tagged tests	UNKNOWN STEP	2026-09-14T19:33:50.3661393Z [2026-09-14 21:33:50 +0200] Status: passing; 64 succeeded as expected, 0 failed as expected, 0 unexpectedly failed, 0 unexpectedly succeeded; 5 running, 49 remaining
Run selected ci-tagged tests	UNKNOWN STEP	2026-09-14T19:34:26.6823527Z [2026-09-14 21:34:26 +0200] [79/118] Example [1/1] 'standalone key and user-data deployment deploys the key once and writes the script payload into the guest rootfs' succeeded in 156.25 seconds
Run selected ci-tagged tests	UNKNOWN STEP	2026-09-14T19:34:46.5935937Z [2026-09-14 21:34:46 +0200] [79/118] Test 'vps/deploy-public-key-and-user-data' successful in 324.65 seconds
Run selected ci-tagged tests	UNKNOWN STEP	2026-09-14T19:34:46.5937671Z [2026-09-14 21:34:46 +0200] Reserved resources for 'admin/nodectl-read-and-queue-control': machines=2, memory=16.0 GiB, shm=16.0 GiB, cpus=12; pool: memory=88.0 GiB/90.7 GiB, shm=88.0 GiB/367.1 GiB, cpus=64/72, running=5
Run selected ci-tagged tests	UNKNOWN STEP	2026-09-14T19:34:46.5968291Z [2026-09-14 21:34:46 +0200] [90/118] Running test 'admin/nodectl-read-and-queue-control' (#default)
Run selected ci-tagged tests	UNKNOWN STEP	2026-09-14T19:36:13.1707826Z [2026-09-14 21:36:13 +0200] [42/118] Example [2/2] 'topology fixture roundtrip captures and replays a normalized topology fixture' succeeded in 406.91 seconds
Run selected ci-tagged tests	UNKNOWN STEP	2026-09-14T19:36:41.6931914Z [2026-09-14 21:36:41 +0200] [42/118] Test 'storage/topology-fixture-roundtrip' successful in 687.3 seconds
Run selected ci-tagged tests	UNKNOWN STEP	2026-09-14T19:36:41.6936594Z [2026-09-14 21:36:41 +0200] Reserved resources for 'storage/restore-after-reinstall-with-descendants-remote': machines=3, memory=24.0 GiB, shm=24.0 GiB, cpus=16; pool: memory=88.0 GiB/90.7 GiB, shm=88.0 GiB/367.1 GiB, cpus=64/72, running=5
Run selected ci-tagged tests	UNKNOWN STEP	2026-09-14T19:36:41.6961612Z [2026-09-14 21:36:41 +0200] [43/118] Running test 'storage/restore-after-reinstall-with-descendants-remote' (#default)
Run selected ci-tagged tests	UNKNOWN STEP	2026-09-14T19:36:41.7022637Z [2026-09-14 21:36:41 +0200] Waiting for resources: pool: memory=88.0 GiB/90.7 GiB, shm=88.0 GiB/367.1 GiB, cpus=64/72, running=5; pending: storage/branching-shared-snapshot-prune (machines=3, memory=24.0 GiB, shm=24.0 GiB, cpus=16), storage/restore-remote-interrupted-recv (machines=3, memory=24.0 GiB, shm=24.0 GiB, cpus=16), storage/rollback-across-trees (machines=3, memory=24.0 GiB, shm=24.0 GiB, cpus=16)
Run selected ci-tagged tests	UNKNOWN STEP	2026-09-14T19:37:14.6932415Z [2026-09-14 21:37:14 +0200] [86/118] Example [1/1] 'dataset plan lifecycle creates and removes group-snapshot plan side effects' succeeded in 68.65 seconds
Run selected ci-tagged tests	UNKNOWN STEP	2026-09-14T19:37:58.4031560Z [2026-09-14 21:37:58 +0200] [86/118] Test 'admin/dataset-plan-lifecycle' successful in 262.22 seconds
Run selected ci-tagged tests	UNKNOWN STEP	2026-09-14T19:37:58.4040312Z [2026-09-14 21:37:58 +0200] Reserved resources for 'storage/snapshot-download-remove': machines=2, memory=16.0 GiB, shm=16.0 GiB, cpus=12; pool: memory=88.0 GiB/90.7 GiB, shm=88.0 GiB/367.1 GiB, cpus=64/72, running=5
Run selected ci-tagged tests	UNKNOWN STEP	2026-09-14T19:37:58.4062952Z [2026-09-14 21:37:58 +0200] [99/118] Running test 'storage/snapshot-download-remove' (#default)
Run selected ci-tagged tests	UNKNOWN STEP	2026-09-14T19:37:58.4124375Z [2026-09-14 21:37:58 +0200] Waiting for resources: pool: memory=88.0 GiB/90.7 GiB, shm=88.0 GiB/367.1 GiB, cpus=64/72, running=5; pending: storage/branching-shared-snapshot-prune (machines=3, memory=24.0 GiB, shm=24.0 GiB, cpus=16), storage/restore-remote-interrupted-recv (machines=3, memory=24.0 GiB, shm=24.0 GiB, cpus=16), storage/rollback-across-trees (machines=3, memory=24.0 GiB, shm=24.0 GiB, cpus=16)
Run selected ci-tagged tests	UNKNOWN STEP	2026-09-14T19:38:15.3502601Z [2026-09-14 21:38:15 +0200] [87/118] Example [1/1] 'export runtime updates enables, disables, and edits export hosts without losing runtime state' succeeded in 118.2 seconds
Run selected ci-tagged tests	UNKNOWN STEP	2026-09-14T19:38:35.0803907Z [2026-09-14 21:38:35 +0200] [87/118] Test 'network/export-enable-disable-hosts' successful in 285.99 seconds
Run selected ci-tagged tests	UNKNOWN STEP	2026-09-14T19:38:35.0812871Z [2026-09-14 21:38:35 +0200] Reserved resources for 'network/network-interface-lifecycle': machines=2, memory=16.0 GiB, shm=16.0 GiB, cpus=12; pool: memory=88.0 GiB/90.7 GiB, shm=88.0 GiB/367.1 GiB, cpus=64/72, running=5
Run selected ci-tagged tests	UNKNOWN STEP	2026-09-14T19:38:35.0835267Z [2026-09-14 21:38:35 +0200] [100/118] Running test 'network/network-interface-lifecycle' (#default)
Run selected ci-tagged tests	UNKNOWN STEP	2026-09-14T19:38:50.3667992Z [2026-09-14 21:38:50 +0200] Status: passing; 68 succeeded as expected, 0 failed as expected, 0 unexpectedly failed, 0 unexpectedly succeeded; 5 running, 45 remaining
Run selected ci-tagged tests	UNKNOWN STEP	2026-09-14T19:39:37.0812311Z [2026-09-14 21:39:37 +0200] [85/118] Example [1/1] 'user namespace lifecycle uses the namespace map on the node and frees it after disuse' succeeded in 193.83 seconds
Run selected ci-tagged tests	UNKNOWN STEP	2026-09-14T19:39:55.5768805Z [2026-09-14 21:39:55 +0200] [85/118] Test 'user/user-namespace-lifecycle' successful in 431.3 seconds
Run selected ci-tagged tests	UNKNOWN STEP	2026-09-14T19:39:55.5773856Z [2026-09-14 21:39:55 +0200] Reserved resources for 'admin/scheduler-socket-control': machines=2, memory=16.0 GiB, shm=16.0 GiB, cpus=12; pool: memory=88.0 GiB/90.7 GiB, shm=88.0 GiB/367.1 GiB, cpus=64/72, running=5
Run selected ci-tagged tests	UNKNOWN STEP	2026-09-14T19:39:55.5800483Z [2026-09-14 21:39:55 +0200] [102/118] Running test 'admin/scheduler-socket-control' (#default)
Run selected ci-tagged tests	UNKNOWN STEP	2026-09-14T19:39:55.5859909Z [2026-09-14 21:39:55 +0200] Waiting for resources: pool: memory=88.0 GiB/90.7 GiB, shm=88.0 GiB/367.1 GiB, cpus=64/72, running=5; pending: storage/branching-shared-snapshot-prune (machines=3, memory=24.0 GiB, shm=24.0 GiB, cpus=16), storage/restore-remote-interrupted-recv (machines=3, memory=24.0 GiB, shm=24.0 GiB, cpus=16), storage/rollback-across-trees (machines=3, memory=24.0 GiB, shm=24.0 GiB, cpus=16)
Run selected ci-tagged tests	UNKNOWN STEP	2026-09-14T19:41:10.0735009Z [2026-09-14 21:41:10 +0200] [90/118] Example [1/1] 'nodectl read and queue control reads runtime state and controls the VPS queue' succeeded in 233.59 seconds
Run selected ci-tagged tests	UNKNOWN STEP	2026-09-14T19:41:29.0562539Z [2026-09-14 21:41:29 +0200] [90/118] Test 'admin/nodectl-read-and-queue-control' successful in 402.46 seconds
Run selected ci-tagged tests	UNKNOWN STEP	2026-09-14T19:41:29.0565530Z [2026-09-14 21:41:29 +0200] Reserved resources for 'tx/manual-confirmations': machines=2, memory=16.0 GiB, shm=16.0 GiB, cpus=12; pool: memory=88.0 GiB/90.7 GiB, shm=88.0 GiB/367.1 GiB, cpus=64/72, running=5
Run selected ci-tagged tests	UNKNOWN STEP	2026-09-14T19:41:29.0586132Z [2026-09-14 21:41:29 +0200] [105/118] Running test 'tx/manual-confirmations' (#default)
Run selected ci-tagged tests	UNKNOWN STEP	2026-09-14T19:41:29.0624888Z [2026-09-14 21:41:29 +0200] Waiting for resources: pool: memory=88.0 GiB/90.7 GiB, shm=88.0 GiB/367.1 GiB, cpus=64/72, running=5; pending: storage/branching-shared-snapshot-prune (machines=3, memory=24.0 GiB, shm=24.0 GiB, cpus=16), storage/restore-remote-interrupted-recv (machines=3, memory=24.0 GiB, shm=24.0 GiB, cpus=16), storage/rollback-across-trees (machines=3, memory=24.0 GiB, shm=24.0 GiB, cpus=16)
Run selected ci-tagged tests	UNKNOWN STEP	2026-09-14T19:41:59.9053359Z [2026-09-14 21:41:59 +0200] [99/118] Example [1/1] 'snapshot download deletion removes the database row, snapshot link, and download files' succeeded in 87.42 seconds
Run selected ci-tagged tests	UNKNOWN STEP	2026-09-14T19:42:44.4855800Z [2026-09-14 21:42:44 +0200] [99/118] Test 'storage/snapshot-download-remove' successful in 286.08 seconds
Run selected ci-tagged tests	UNKNOWN STEP	2026-09-14T19:42:44.4862673Z [2026-09-14 21:42:44 +0200] Reserved resources for 'alerts/incident-report-process': machines=2, memory=16.0 GiB, shm=16.0 GiB, cpus=12; pool: memory=88.0 GiB/90.7 GiB, shm=88.0 GiB/367.1 GiB, cpus=64/72, running=5
Run selected ci-tagged tests	UNKNOWN STEP	2026-09-14T19:42:44.4884981Z [2026-09-14 21:42:44 +0200] [106/118] Running test 'alerts/incident-report-process' (#default)
Run selected ci-tagged tests	UNKNOWN STEP	2026-09-14T19:42:44.4940263Z [2026-09-14 21:42:44 +0200] Waiting for resources: pool: memory=88.0 GiB/90.7 GiB, shm=88.0 GiB/367.1 GiB, cpus=64/72, running=5; pending: storage/branching-shared-snapshot-prune (machines=3, memory=24.0 GiB, shm=24.0 GiB, cpus=16), storage/restore-remote-interrupted-recv (machines=3, memory=24.0 GiB, shm=24.0 GiB, cpus=16), storage/rollback-across-trees (machines=3, memory=24.0 GiB, shm=24.0 GiB, cpus=16)
Run selected ci-tagged tests	UNKNOWN STEP	2026-09-14T19:43:43.8473850Z [2026-09-14 21:43:43 +0200] [105/118] Example [1/11] 'manual confirmations lists pending confirmations through nodectl' succeeded in 0.63 seconds
Run selected ci-tagged tests	UNKNOWN STEP	2026-09-14T19:43:44.5654594Z [2026-09-14 21:43:44 +0200] [105/118] Example [2/11] 'manual confirmations confirms create_type on execute success' succeeded in 0.72 seconds
Run selected ci-tagged tests	UNKNOWN STEP	2026-09-14T19:43:45.2958069Z [2026-09-14 21:43:45 +0200] [105/118] Example [3/11] 'manual confirmations deletes create_type rows on rollback' succeeded in 0.73 seconds
Run selected ci-tagged tests	UNKNOWN STEP	2026-09-14T19:43:45.9959710Z [2026-09-14 21:43:45 +0200] [105/118] Example [4/11] 'manual confirmations deletes just_create_type rows on rollback' succeeded in 0.7 seconds
Run selected ci-tagged tests	UNKNOWN STEP	2026-09-14T19:43:46.6811327Z [2026-09-14 21:43:46 +0200] [105/118] Example [5/11] 'manual confirmations restores edit_before_type rows on rollback' succeeded in 0.68 seconds
Run selected ci-tagged tests	UNKNOWN STEP	2026-09-14T19:43:47.3735544Z [2026-09-14 21:43:47 +0200] [105/118] Example [6/11] 'manual confirmations applies edit_after_type rows on execute success' succeeded in 0.69 seconds
Run selected ci-tagged tests	UNKNOWN STEP	2026-09-14T19:43:48.0941497Z [2026-09-14 21:43:48 +0200] [105/118] Example [7/11] 'manual confirmations deletes destroy_type rows on execute success' succeeded in 0.72 seconds
Run selected ci-tagged tests	UNKNOWN STEP	2026-09-14T19:43:48.8775999Z [2026-09-14 21:43:48 +0200] [105/118] Example [8/11] 'manual confirmations keeps destroy_type rows and confirms them on rollback' succeeded in 0.78 seconds
Run selected ci-tagged tests	UNKNOWN STEP	2026-09-14T19:43:49.5518325Z [2026-09-14 21:43:49 +0200] [102/118] Example [1/1] 'scheduler socket control reloads and runs a registered group-snapshot task' succeeded in 85.02 seconds
Run selected ci-tagged tests	UNKNOWN STEP	2026-09-14T19:43:49.5798580Z [2026-09-14 21:43:49 +0200] [105/118] Example [9/11] 'manual confirmations deletes just_destroy_type rows on execute success' succeeded in 0.7 seconds
Run selected ci-tagged tests	UNKNOWN STEP	2026-09-14T19:43:50.2735568Z [2026-09-14 21:43:50 +0200] [105/118] Example [10/11] 'manual confirmations applies decrement_type rows on execute success' succeeded in 0.69 seconds
Run selected ci-tagged tests	UNKNOWN STEP	2026-09-14T19:43:50.3674611Z [2026-09-14 21:43:50 +0200] Status: passing; 71 succeeded as expected, 0 failed as expected, 0 unexpectedly failed, 0 unexpectedly succeeded; 5 running, 42 remaining
Run selected ci-tagged tests	UNKNOWN STEP	2026-09-14T19:43:50.9697870Z [2026-09-14 21:43:50 +0200] [105/118] Example [11/11] 'manual confirmations applies increment_type rows on execute success' succeeded in 0.7 seconds
Run selected ci-tagged tests	UNKNOWN STEP	2026-09-14T19:44:07.6744340Z [2026-09-14 21:44:07 +0200] [102/118] Test 'admin/scheduler-socket-control' successful in 252.09 seconds
Run selected ci-tagged tests	UNKNOWN STEP	2026-09-14T19:44:07.6750637Z [2026-09-14 21:44:07 +0200] Reserved resources for 'storage/dataset-migrate-same-node-with-exports': machines=2, memory=16.0 GiB, shm=16.0 GiB, cpus=12; pool: memory=88.0 GiB/90.7 GiB, shm=88.0 GiB/367.1 GiB, cpus=64/72, running=5
Run selected ci-tagged tests	UNKNOWN STEP	2026-09-14T19:44:07.6767654Z [2026-09-14 21:44:07 +0200] [112/118] Running test 'storage/dataset-migrate-same-node-with-exports' (#default)
Run selected ci-tagged tests	UNKNOWN STEP	2026-09-14T19:44:07.6814395Z [2026-09-14 21:44:07 +0200] Waiting for resources: pool: memory=88.0 GiB/90.7 GiB, shm=88.0 GiB/367.1 GiB, cpus=64/72, running=5; pending: storage/branching-shared-snapshot-prune (machines=3, memory=24.0 GiB, shm=24.0 GiB, cpus=16), storage/restore-remote-interrupted-recv (machines=3, memory=24.0 GiB, shm=24.0 GiB, cpus=16), storage/rollback-across-trees (machines=3, memory=24.0 GiB, shm=24.0 GiB, cpus=16)
Run selected ci-tagged tests	UNKNOWN STEP	2026-09-14T19:44:28.0277077Z [2026-09-14 21:44:28 +0200] [43/118] Example [1/1] 'restore after reinstall with descendants from remote backup restores the root dataset while preserving current descendants on the primary node' succeeded in 299.96 seconds
Run selected ci-tagged tests	UNKNOWN STEP	2026-09-14T19:44:32.2336010Z [2026-09-14 21:44:32 +0200] [105/118] Test 'tx/manual-confirmations' successful in 183.17 seconds
Run selected ci-tagged tests	UNKNOWN STEP	2026-09-14T19:44:32.2344876Z [2026-09-14 21:44:32 +0200] Reserved resources for 'tasks/dataset-expansion-enforce-and-resolve': machines=2, memory=16.0 GiB, shm=16.0 GiB, cpus=12; pool: memory=88.0 GiB/90.7 GiB, shm=88.0 GiB/367.1 GiB, cpus=64/72, running=5
Run selected ci-tagged tests	UNKNOWN STEP	2026-09-14T19:44:32.2367858Z [2026-09-14 21:44:32 +0200] [113/118] Running test 'tasks/dataset-expansion-enforce-and-resolve' (#default)
Run selected ci-tagged tests	UNKNOWN STEP	2026-09-14T19:45:22.3470413Z [2026-09-14 21:45:22 +0200] [43/118] Test 'storage/restore-after-reinstall-with-descendants-remote' successful in 520.65 seconds
Run selected ci-tagged tests	UNKNOWN STEP	2026-09-14T19:45:22.3479082Z [2026-09-14 21:45:22 +0200] Reserved resources for 'storage/branching-shared-snapshot-prune': machines=3, memory=24.0 GiB, shm=24.0 GiB, cpus=16; pool: memory=88.0 GiB/90.7 GiB, shm=88.0 GiB/367.1 GiB, cpus=64/72, running=5
Run selected ci-tagged tests	UNKNOWN STEP	2026-09-14T19:45:22.3497114Z [2026-09-14 21:45:22 +0200] [45/118] Running test 'storage/branching-shared-snapshot-prune' (#default)
Run selected ci-tagged tests	UNKNOWN STEP	2026-09-14T19:45:22.3555385Z [2026-09-14 21:45:22 +0200] Waiting for resources: pool: memory=88.0 GiB/90.7 GiB, shm=88.0 GiB/367.1 GiB, cpus=64/72, running=5; pending: storage/restore-remote-interrupted-recv (machines=3, memory=24.0 GiB, shm=24.0 GiB, cpus=16), storage/rollback-across-trees (machines=3, memory=24.0 GiB, shm=24.0 GiB, cpus=16), storage/backup-remote-interrupted-send (machines=3, memory=24.0 GiB, shm=24.0 GiB, cpus=16)
Run selected ci-tagged tests	UNKNOWN STEP	2026-09-14T19:46:59.9564819Z [2026-09-14 21:46:59 +0200] [100/118] Example [1/1] 'network interface lifecycle creates, disables, re-enables, and destroys a routed interface' succeeded in 349.78 seconds
Run selected ci-tagged tests	UNKNOWN STEP	2026-09-14T19:47:22.6935200Z [2026-09-14 21:47:22 +0200] [100/118] Test 'network/network-interface-lifecycle' successful in 527.61 seconds
Run selected ci-tagged tests	UNKNOWN STEP	2026-09-14T19:47:22.6941073Z [2026-09-14 21:47:22 +0200] Reserved resources for 'vps/replace-with-backups': machines=2, memory=16.0 GiB, shm=16.0 GiB, cpus=12; pool: memory=88.0 GiB/90.7 GiB, shm=88.0 GiB/367.1 GiB, cpus=64/72, running=5
Run selected ci-tagged tests	UNKNOWN STEP	2026-09-14T19:47:22.6964499Z [2026-09-14 21:47:22 +0200] [114/118] Running test 'vps/replace-with-backups' (#default)
Run selected ci-tagged tests	UNKNOWN STEP	2026-09-14T19:47:22.7004508Z [2026-09-14 21:47:22 +0200] Waiting for resources: pool: memory=88.0 GiB/90.7 GiB, shm=88.0 GiB/367.1 GiB, cpus=64/72, running=5; pending: storage/restore-remote-interrupted-recv (machines=3, memory=24.0 GiB, shm=24.0 GiB, cpus=16), storage/rollback-across-trees (machines=3, memory=24.0 GiB, shm=24.0 GiB, cpus=16), storage/backup-remote-interrupted-send (machines=3, memory=24.0 GiB, shm=24.0 GiB, cpus=16)
Run selected ci-tagged tests	UNKNOWN STEP	2026-09-14T19:48:42.4818709Z [2026-09-14 21:48:42 +0200] [112/118] Example [1/1] 'same-node dataset migration with exports stops, destroys, and recreates the export on the destination dataset' succeeded in 124.16 seconds
Run selected ci-tagged tests	UNKNOWN STEP	2026-09-14T19:48:50.3681822Z [2026-09-14 21:48:50 +0200] Status: passing; 75 succeeded as expected, 0 failed as expected, 0 unexpectedly failed, 0 unexpectedly succeeded; 5 running, 38 remaining
Run selected ci-tagged tests	UNKNOWN STEP	2026-09-14T19:49:00.9786712Z [2026-09-14 21:49:00 +0200] [112/118] Test 'storage/dataset-migrate-same-node-with-exports' successful in 293.3 seconds
Run selected ci-tagged tests	UNKNOWN STEP	2026-09-14T19:49:00.9791858Z [2026-09-14 21:49:00 +0200] Reserved resources for 'node/register': machines=2, memory=16.0 GiB, shm=16.0 GiB, cpus=12; pool: memory=88.0 GiB/90.7 GiB, shm=88.0 GiB/367.1 GiB, cpus=64/72, running=5
Run selected ci-tagged tests	UNKNOWN STEP	2026-09-14T19:49:00.9815166Z [2026-09-14 21:49:00 +0200] [115/118] Running test 'node/register' (#default)
Run selected ci-tagged tests	UNKNOWN STEP	2026-09-14T19:49:00.9876494Z [2026-09-14 21:49:00 +0200] Waiting for resources: pool: memory=88.0 GiB/90.7 GiB, shm=88.0 GiB/367.1 GiB, cpus=64/72, running=5; pending: storage/restore-remote-interrupted-recv (machines=3, memory=24.0 GiB, shm=24.0 GiB, cpus=16), storage/rollback-across-trees (machines=3, memory=24.0 GiB, shm=24.0 GiB, cpus=16), storage/backup-remote-interrupted-send (machines=3, memory=24.0 GiB, shm=24.0 GiB, cpus=16)
Run selected ci-tagged tests	UNKNOWN STEP	2026-09-14T19:49:05.3405256Z [2026-09-14 21:49:05 +0200] [106/118] Example [1/1] 'incident report task processes an unreported incident and stops the VPS' succeeded in 157.57 seconds
Run selected ci-tagged tests	UNKNOWN STEP	2026-09-14T19:49:24.1891392Z [2026-09-14 21:49:24 +0200] [106/118] Test 'alerts/incident-report-process' successful in 399.7 seconds
Run selected ci-tagged tests	UNKNOWN STEP	2026-09-14T19:49:24.1896596Z [2026-09-14 21:49:24 +0200] Reserved resources for 'storage/snapshot-download-full-archive': machines=2, memory=16.0 GiB, shm=16.0 GiB, cpus=12; pool: memory=88.0 GiB/90.7 GiB, shm=88.0 GiB/367.1 GiB, cpus=64/72, running=5
Run selected ci-tagged tests	UNKNOWN STEP	2026-09-14T19:49:24.1921541Z [2026-09-14 21:49:24 +0200] [116/118] Running test 'storage/snapshot-download-full-archive' (#default)
Run selected ci-tagged tests	UNKNOWN STEP	2026-09-14T19:50:39.7519046Z [2026-09-14 21:50:39 +0200] [45/118] Example [1/1] 'pruning a shared backup branch snapshot keeps shared SnapshotInPool metadata and continues incrementally' succeeded in 147.49 seconds
Run selected ci-tagged tests	UNKNOWN STEP	2026-09-14T19:51:05.5791905Z [2026-09-14 21:51:05 +0200] [113/118] Example [1/1] 'dataset expansion enforcement tasks stops an over-quota VPS and shrinks the dataset after usage drops' succeeded in 189.62 seconds
Run selected ci-tagged tests	UNKNOWN STEP	2026-09-14T19:51:06.6858306Z [2026-09-14 21:51:06 +0200] [45/118] Test 'storage/branching-shared-snapshot-prune' successful in 344.34 seconds
Run selected ci-tagged tests	UNKNOWN STEP	2026-09-14T19:51:06.6860284Z [2026-09-14 21:51:06 +0200] Reserved resources for 'storage/restore-remote-interrupted-recv': machines=3, memory=24.0 GiB, shm=24.0 GiB, cpus=16; pool: memory=88.0 GiB/90.7 GiB, shm=88.0 GiB/367.1 GiB, cpus=64/72, running=5
Run selected ci-tagged tests	UNKNOWN STEP	2026-09-14T19:51:06.6881181Z [2026-09-14 21:51:06 +0200] [50/118] Running test 'storage/restore-remote-interrupted-recv' (#default)
Run selected ci-tagged tests	UNKNOWN STEP	2026-09-14T19:51:06.6925184Z [2026-09-14 21:51:06 +0200] Waiting for resources: pool: memory=88.0 GiB/90.7 GiB, shm=88.0 GiB/367.1 GiB, cpus=64/72, running=5; pending: storage/rollback-across-trees (machines=3, memory=24.0 GiB, shm=24.0 GiB, cpus=16), storage/backup-remote-interrupted-send (machines=3, memory=24.0 GiB, shm=24.0 GiB, cpus=16), storage/source-rotation-after-backup-prune (machines=3, memory=24.0 GiB, shm=24.0 GiB, cpus=16)
Run selected ci-tagged tests	UNKNOWN STEP	2026-09-14T19:51:33.4483116Z [2026-09-14 21:51:33 +0200] [115/118] Example [1/5] 'node boots and imports pool' succeeded in 34.29 seconds
Run selected ci-tagged tests	UNKNOWN STEP	2026-09-14T19:51:33.5311737Z [2026-09-14 21:51:33 +0200] [115/118] Example [2/5] 'node reaches services over socket network' succeeded in 0.08 seconds
Run selected ci-tagged tests	UNKNOWN STEP	2026-09-14T19:51:47.7936367Z [2026-09-14 21:51:47 +0200] [113/118] Test 'tasks/dataset-expansion-enforce-and-resolve' successful in 435.56 seconds
Run selected ci-tagged tests	UNKNOWN STEP	2026-09-14T19:51:51.4455626Z [2026-09-14 21:51:51 +0200] [115/118] Example [3/5] 'registration waits for the api server' succeeded in 17.91 seconds
Run selected ci-tagged tests	UNKNOWN STEP	2026-09-14T19:51:53.3146712Z [2026-09-14 21:51:53 +0200] [115/118] Example [4/5] 'registration creates rabbitmq user' succeeded in 1.87 seconds
Run selected ci-tagged tests	UNKNOWN STEP	2026-09-14T19:53:12.8772832Z [2026-09-14 21:53:12 +0200] [114/118] Example [1/1] 'same-node VPS replace with backups moves backup history and keeps future backups incremental' succeeded in 189.01 seconds
Run selected ci-tagged tests	UNKNOWN STEP	2026-09-14T19:53:13.1991013Z [2026-09-14 21:53:13 +0200] [116/118] Example [1/1] 'archive snapshot download writes a ready tarball and exposes it through the download row' succeeded in 72.38 seconds
Run selected ci-tagged tests	UNKNOWN STEP	2026-09-14T19:53:31.3804178Z [2026-09-14 21:53:31 +0200] [116/118] Test 'storage/snapshot-download-full-archive' successful in 247.19 seconds
Run selected ci-tagged tests	UNKNOWN STEP	2026-09-14T19:53:31.3809011Z [2026-09-14 21:53:31 +0200] Reserved resources for 'storage/rollback-across-trees': machines=3, memory=24.0 GiB, shm=24.0 GiB, cpus=16; pool: memory=80.0 GiB/90.7 GiB, shm=80.0 GiB/367.1 GiB, cpus=56/72, running=4
Run selected ci-tagged tests	UNKNOWN STEP	2026-09-14T19:53:31.3841274Z [2026-09-14 21:53:31 +0200] [51/118] Running test 'storage/rollback-across-trees' (#default)
Run selected ci-tagged tests	UNKNOWN STEP	2026-09-14T19:53:31.3891913Z [2026-09-14 21:53:31 +0200] Waiting for resources: pool: memory=80.0 GiB/90.7 GiB, shm=80.0 GiB/367.1 GiB, cpus=56/72, running=4; pending: storage/backup-remote-interrupted-send (machines=3, memory=24.0 GiB, shm=24.0 GiB, cpus=16), storage/source-rotation-after-backup-prune (machines=3, memory=24.0 GiB, shm=24.0 GiB, cpus=16), storage/branching-destroy (machines=3, memory=24.0 GiB, shm=24.0 GiB, cpus=16)
Run selected ci-tagged tests	UNKNOWN STEP	2026-09-14T19:53:33.4029085Z [2026-09-14 21:53:33 +0200] [114/118] Test 'vps/replace-with-backups' successful in 370.71 seconds
Run selected ci-tagged tests	UNKNOWN STEP	2026-09-14T19:53:33.4034038Z [2026-09-14 21:53:33 +0200] Reserved resources for 'storage/backup-remote-interrupted-send': machines=3, memory=24.0 GiB, shm=24.0 GiB, cpus=16; pool: memory=88.0 GiB/90.7 GiB, shm=88.0 GiB/367.1 GiB, cpus=60/72, running=4
Run selected ci-tagged tests	UNKNOWN STEP	2026-09-14T19:53:33.4055756Z [2026-09-14 21:53:33 +0200] [52/118] Running test 'storage/backup-remote-interrupted-send' (#default)
Run selected ci-tagged tests	UNKNOWN STEP	2026-09-14T19:53:50.3686663Z [2026-09-14 21:53:50 +0200] Status: passing; 81 succeeded as expected, 0 failed as expected, 0 unexpectedly failed, 0 unexpectedly succeeded; 4 running, 33 remaining
Run selected ci-tagged tests	UNKNOWN STEP	2026-09-14T19:56:04.7082986Z [2026-09-14 21:56:04 +0200] [115/118] Example [5/5] 'registration registers node and starts nodectld' succeeded in 251.39 seconds
Run selected ci-tagged tests	UNKNOWN STEP	2026-09-14T19:56:48.3870368Z [2026-09-14 21:56:48 +0200] [115/118] Test 'node/register' successful in 467.4 seconds
Run selected ci-tagged tests	UNKNOWN STEP	2026-09-14T19:56:48.3878580Z [2026-09-14 21:56:48 +0200] Waiting for resources: pool: memory=72.0 GiB/90.7 GiB, shm=72.0 GiB/367.1 GiB, cpus=48/72, running=3; pending: storage/source-rotation-after-backup-prune (machines=3, memory=24.0 GiB, shm=24.0 GiB, cpus=16), storage/branching-destroy (machines=3, memory=24.0 GiB, shm=24.0 GiB, cpus=16), storage/backup-multiple-destinations-diverged-remote (machines=3, memory=24.0 GiB, shm=24.0 GiB, cpus=16)
Run selected ci-tagged tests	UNKNOWN STEP	2026-09-14T19:57:49.7573683Z [2026-09-14 21:57:49 +0200] [51/118] Example [1/2] 'rollback across backup trees creates a VPS with primary storage on node1 and backup storage on node2' succeeded in 89.52 seconds
Run selected ci-tagged tests	UNKNOWN STEP	2026-09-14T19:58:00.8916230Z [2026-09-14 21:58:00 +0200] [50/118] Example [1/1] 'remote restore interrupted on recv cleans up rollback state when primary receive is interrupted and retry succeeds' succeeded in 246.92 seconds
Run selected ci-tagged tests	UNKNOWN STEP	2026-09-14T19:58:29.1425302Z [2026-09-14 21:58:29 +0200] [50/118] Test 'storage/restore-remote-interrupted-recv' successful in 442.45 seconds
Run selected ci-tagged tests	UNKNOWN STEP	2026-09-14T19:58:29.1428593Z [2026-09-14 21:58:29 +0200] Reserved resources for 'storage/source-rotation-after-backup-prune': machines=3, memory=24.0 GiB, shm=24.0 GiB, cpus=16; pool: memory=72.0 GiB/90.7 GiB, shm=72.0 GiB/367.1 GiB, cpus=48/72, running=3
Run selected ci-tagged tests	UNKNOWN STEP	2026-09-14T19:58:29.1455093Z [2026-09-14 21:58:29 +0200] [55/118] Running test 'storage/source-rotation-after-backup-prune' (#default)
Run selected ci-tagged tests	UNKNOWN STEP	2026-09-14T19:58:29.1490043Z [2026-09-14 21:58:29 +0200] Waiting for resources: pool: memory=72.0 GiB/90.7 GiB, shm=72.0 GiB/367.1 GiB, cpus=48/72, running=3; pending: storage/branching-destroy (machines=3, memory=24.0 GiB, shm=24.0 GiB, cpus=16), storage/backup-multiple-destinations-diverged-remote (machines=3, memory=24.0 GiB, shm=24.0 GiB, cpus=16), storage/vps-hard-delete-after-complex-history (machines=3, memory=24.0 GiB, shm=24.0 GiB, cpus=16)
Run selected ci-tagged tests	UNKNOWN STEP	2026-09-14T19:58:50.3696694Z [2026-09-14 21:58:50 +0200] Status: passing; 83 succeeded as expected, 0 failed as expected, 0 unexpectedly failed, 0 unexpectedly succeeded; 3 running, 32 remaining
Run selected ci-tagged tests	UNKNOWN STEP	2026-09-14T19:59:26.4211667Z [2026-09-14 21:59:26 +0200] [52/118] Example [1/1] 'remote backup interrupted on send fails cleanly when the sender side is interrupted and later backup still works' succeeded in 187.03 seconds
Run selected ci-tagged tests	UNKNOWN STEP	2026-09-14T20:00:22.6677958Z [2026-09-14 22:00:22 +0200] [52/118] Test 'storage/backup-remote-interrupted-send' successful in 409.26 seconds
Run selected ci-tagged tests	UNKNOWN STEP	2026-09-14T20:00:22.6683133Z [2026-09-14 22:00:22 +0200] Reserved resources for 'storage/branching-destroy': machines=3, memory=24.0 GiB, shm=24.0 GiB, cpus=16; pool: memory=72.0 GiB/90.7 GiB, shm=72.0 GiB/367.1 GiB, cpus=48/72, running=3
Run selected ci-tagged tests	UNKNOWN STEP	2026-09-14T20:00:22.6709546Z [2026-09-14 22:00:22 +0200] [56/118] Running test 'storage/branching-destroy' (#default)
Run selected ci-tagged tests	UNKNOWN STEP	2026-09-14T20:00:22.6758726Z [2026-09-14 22:00:22 +0200] Waiting for resources: pool: memory=72.0 GiB/90.7 GiB, shm=72.0 GiB/367.1 GiB, cpus=48/72, running=3; pending: storage/backup-multiple-destinations-diverged-remote (machines=3, memory=24.0 GiB, shm=24.0 GiB, cpus=16), storage/vps-hard-delete-after-complex-history (machines=3, memory=24.0 GiB, shm=24.0 GiB, cpus=16), vps/migrate-skip-start (machines=3, memory=24.0 GiB, shm=24.0 GiB, cpus=16)
Run selected ci-tagged tests	UNKNOWN STEP	2026-09-14T20:01:53.7154985Z [2026-09-14 22:01:53 +0200] [51/118] Example [2/2] 'rollback across backup trees switches the backup head tree and keeps future backups incremental' succeeded in 243.96 seconds
Run selected ci-tagged tests	UNKNOWN STEP	2026-09-14T20:02:12.3896554Z [2026-09-14 22:02:12 +0200] [55/118] Example [1/3] 'source rotation after backup prune creates a dataset with primary storage on node1 and backup storage on node2' succeeded in 58.22 seconds
Run selected ci-tagged tests	UNKNOWN STEP	2026-09-14T20:02:24.0146647Z [2026-09-14 22:02:24 +0200] [51/118] Test 'storage/rollback-across-trees' successful in 532.63 seconds
Run selected ci-tagged tests	UNKNOWN STEP	2026-09-14T20:02:24.0158839Z [2026-09-14 22:02:24 +0200] Reserved resources for 'storage/backup-multiple-destinations-diverged-remote': machines=3, memory=24.0 GiB, shm=24.0 GiB, cpus=16; pool: memory=72.0 GiB/90.7 GiB, shm=72.0 GiB/367.1 GiB, cpus=48/72, running=3
Run selected ci-tagged tests	UNKNOWN STEP	2026-09-14T20:02:24.0176785Z [2026-09-14 22:02:24 +0200] [58/118] Running test 'storage/backup-multiple-destinations-diverged-remote' (#default)
Run selected ci-tagged tests	UNKNOWN STEP	2026-09-14T20:02:24.0233565Z [2026-09-14 22:02:24 +0200] Waiting for resources: pool: memory=72.0 GiB/90.7 GiB, shm=72.0 GiB/367.1 GiB, cpus=48/72, running=3; pending: storage/vps-hard-delete-after-complex-history (machines=3, memory=24.0 GiB, shm=24.0 GiB, cpus=16), vps/migrate-skip-start (machines=3, memory=24.0 GiB, shm=24.0 GiB, cpus=16), storage/dataset-migrate-retain-source (machines=3, memory=24.0 GiB, shm=24.0 GiB, cpus=16)
Run selected ci-tagged tests	UNKNOWN STEP	2026-09-14T20:03:50.3705270Z [2026-09-14 22:03:50 +0200] Status: passing; 85 succeeded as expected, 0 failed as expected, 0 unexpectedly failed, 0 unexpectedly succeeded; 3 running, 30 remaining
Run selected ci-tagged tests	UNKNOWN STEP	2026-09-14T20:04:03.4284608Z [2026-09-14 22:04:03 +0200] [55/118] Example [2/3] 'source rotation after backup prune rotates away obsolete source snapshots after their old backup copy is pruned' succeeded in 111.04 seconds
Run selected ci-tagged tests	UNKNOWN STEP	2026-09-14T20:04:36.8333953Z [2026-09-14 22:04:36 +0200] [56/118] Example [1/2] 'destroying branched backup history creates a VPS with primary storage on node1 and backup storage on node2' succeeded in 85.71 seconds
Run selected ci-tagged tests	UNKNOWN STEP	2026-09-14T20:06:02.9145989Z [2026-09-14 22:06:02 +0200] [55/118] Example [3/3] 'source rotation after backup prune keeps a source snapshot when newer backup copies are only in a non-head tree' succeeded in 119.49 seconds
Run selected ci-tagged tests	UNKNOWN STEP	2026-09-14T20:06:30.0143011Z [2026-09-14 22:06:30 +0200] [55/118] Test 'storage/source-rotation-after-backup-prune' successful in 480.87 seconds
Run selected ci-tagged tests	UNKNOWN STEP	2026-09-14T20:06:30.0146137Z [2026-09-14 22:06:30 +0200] Reserved resources for 'storage/vps-hard-delete-after-complex-history': machines=3, memory=24.0 GiB, shm=24.0 GiB, cpus=16; pool: memory=72.0 GiB/90.7 GiB, shm=72.0 GiB/367.1 GiB, cpus=48/72, running=3
Run selected ci-tagged tests	UNKNOWN STEP	2026-09-14T20:06:30.0179993Z [2026-09-14 22:06:30 +0200] [62/118] Running test 'storage/vps-hard-delete-after-complex-history' (#default)
Run selected ci-tagged tests	UNKNOWN STEP	2026-09-14T20:06:30.0242128Z [2026-09-14 22:06:30 +0200] Waiting for resources: pool: memory=72.0 GiB/90.7 GiB, shm=72.0 GiB/367.1 GiB, cpus=48/72, running=3; pending: vps/migrate-skip-start (machines=3, memory=24.0 GiB, shm=24.0 GiB, cpus=16), storage/dataset-migrate-retain-source (machines=3, memory=24.0 GiB, shm=24.0 GiB, cpus=16), vps/replace-with-backups-remote (machines=3, memory=24.0 GiB, shm=24.0 GiB, cpus=16)
Run selected ci-tagged tests	UNKNOWN STEP	2026-09-14T20:06:52.0373139Z [2026-09-14 22:06:52 +0200] [58/118] Example [1/2] 'remote backups with diverged multiple destinations creates a VPS with one primary pool and two backup pools' succeeded in 102.86 seconds
Run selected ci-tagged tests	UNKNOWN STEP	2026-09-14T20:08:50.3712321Z [2026-09-14 22:08:50 +0200] Status: passing; 86 succeeded as expected, 0 failed as expected, 0 unexpectedly failed, 0 unexpectedly succeeded; 3 running, 29 remaining
Run selected ci-tagged tests	UNKNOWN STEP	2026-09-14T20:10:09.5556763Z [2026-09-14 22:10:09 +0200] [56/118] Example [2/2] 'destroying branched backup history destroys branched snapshots in dependency-safe order until the backup dataset is gone' succeeded in 332.72 seconds
Run selected ci-tagged tests	UNKNOWN STEP	2026-09-14T20:10:36.4879883Z [2026-09-14 22:10:36 +0200] [56/118] Test 'storage/branching-destroy' successful in 613.82 seconds
Run selected ci-tagged tests	UNKNOWN STEP	2026-09-14T20:10:36.4884399Z [2026-09-14 22:10:36 +0200] Reserved resources for 'vps/migrate-skip-start': machines=3, memory=24.0 GiB, shm=24.0 GiB, cpus=16; pool: memory=72.0 GiB/90.7 GiB, shm=72.0 GiB/367.1 GiB, cpus=48/72, running=3
Run selected ci-tagged tests	UNKNOWN STEP	2026-09-14T20:10:36.4908661Z [2026-09-14 22:10:36 +0200] [64/118] Running test 'vps/migrate-skip-start' (#default)
Run selected ci-tagged tests	UNKNOWN STEP	2026-09-14T20:10:36.4964709Z [2026-09-14 22:10:36 +0200] Waiting for resources: pool: memory=72.0 GiB/90.7 GiB, shm=72.0 GiB/367.1 GiB, cpus=48/72, running=3; pending: storage/dataset-migrate-retain-source (machines=3, memory=24.0 GiB, shm=24.0 GiB, cpus=16), vps/replace-with-backups-remote (machines=3, memory=24.0 GiB, shm=24.0 GiB, cpus=16), cluster/node-evacuate-concurrency (machines=3, memory=24.0 GiB, shm=24.0 GiB, cpus=16)
Run selected ci-tagged tests	UNKNOWN STEP	2026-09-14T20:11:40.2633210Z [2026-09-14 22:11:40 +0200] [58/118] Example [2/2] 'remote backups with diverged multiple destinations preserves incremental viability for the lagging destination after the other destination is rebuilt' succeeded in 288.23 seconds
Run selected ci-tagged tests	UNKNOWN STEP	2026-09-14T20:12:10.7978604Z [2026-09-14 22:12:10 +0200] [58/118] Test 'storage/backup-multiple-destinations-diverged-remote' successful in 586.78 seconds
Run selected ci-tagged tests	UNKNOWN STEP	2026-09-14T20:12:10.7984041Z [2026-09-14 22:12:10 +0200] Reserved resources for 'storage/dataset-migrate-retain-source': machines=3, memory=24.0 GiB, shm=24.0 GiB, cpus=16; pool: memory=72.0 GiB/90.7 GiB, shm=72.0 GiB/367.1 GiB, cpus=48/72, running=3
Run selected ci-tagged tests	UNKNOWN STEP	2026-09-14T20:12:10.8012046Z [2026-09-14 22:12:10 +0200] [66/118] Running test 'storage/dataset-migrate-retain-source' (#default)
Run selected ci-tagged tests	UNKNOWN STEP	2026-09-14T20:12:10.8073700Z [2026-09-14 22:12:10 +0200] Waiting for resources: pool: memory=72.0 GiB/90.7 GiB, shm=72.0 GiB/367.1 GiB, cpus=48/72, running=3; pending: vps/replace-with-backups-remote (machines=3, memory=24.0 GiB, shm=24.0 GiB, cpus=16), cluster/node-evacuate-concurrency (machines=3, memory=24.0 GiB, shm=24.0 GiB, cpus=16), storage/rollback-with-descendants (machines=3, memory=24.0 GiB, shm=24.0 GiB, cpus=16)
Run selected ci-tagged tests	UNKNOWN STEP	2026-09-14T20:13:50.3721322Z [2026-09-14 22:13:50 +0200] Status: passing; 88 succeeded as expected, 0 failed as expected, 0 unexpectedly failed, 0 unexpectedly succeeded; 3 running, 27 remaining
Run selected ci-tagged tests	UNKNOWN STEP	2026-09-14T20:17:13.1295690Z [2026-09-14 22:17:13 +0200] [64/118] Example [1/1] 'VPS migration with skip_start finishes done when the destination start fails and keep-going is set' succeeded in 230.55 seconds
Run selected ci-tagged tests	UNKNOWN STEP	2026-09-14T20:17:24.6232409Z [2026-09-14 22:17:24 +0200] [66/118] Example [1/1] 'dataset migration with retained source data keeps the source dataset when cleanup_data is false' succeeded in 150.38 seconds
Run selected ci-tagged tests	UNKNOWN STEP	2026-09-14T20:17:38.8513081Z [2026-09-14 22:17:38 +0200] [64/118] Test 'vps/migrate-skip-start' successful in 422.36 seconds
Run selected ci-tagged tests	UNKNOWN STEP	2026-09-14T20:17:38.8515524Z [2026-09-14 22:17:38 +0200] Reserved resources for 'vps/replace-with-backups-remote': machines=3, memory=24.0 GiB, shm=24.0 GiB, cpus=16; pool: memory=72.0 GiB/90.7 GiB, shm=72.0 GiB/367.1 GiB, cpus=48/72, running=3
Run selected ci-tagged tests	UNKNOWN STEP	2026-09-14T20:17:38.8531811Z [2026-09-14 22:17:38 +0200] [67/118] Running test 'vps/replace-with-backups-remote' (#default)
Run selected ci-tagged tests	UNKNOWN STEP	2026-09-14T20:17:38.8569545Z [2026-09-14 22:17:38 +0200] Waiting for resources: pool: memory=72.0 GiB/90.7 GiB, shm=72.0 GiB/367.1 GiB, cpus=48/72, running=3; pending: cluster/node-evacuate-concurrency (machines=3, memory=24.0 GiB, shm=24.0 GiB, cpus=16), storage/rollback-with-descendants (machines=3, memory=24.0 GiB, shm=24.0 GiB, cpus=16), storage/dataset-destroy-after-rollback-history (machines=3, memory=24.0 GiB, shm=24.0 GiB, cpus=16)
Run selected ci-tagged tests	UNKNOWN STEP	2026-09-14T20:17:52.9297827Z [2026-09-14 22:17:52 +0200] [66/118] Test 'storage/dataset-migrate-retain-source' successful in 342.13 seconds
Run selected ci-tagged tests	UNKNOWN STEP	2026-09-14T20:17:52.9300825Z [2026-09-14 22:17:52 +0200] Reserved resources for 'cluster/node-evacuate-concurrency': machines=3, memory=24.0 GiB, shm=24.0 GiB, cpus=16; pool: memory=72.0 GiB/90.7 GiB, shm=72.0 GiB/367.1 GiB, cpus=48/72, running=3
Run selected ci-tagged tests	UNKNOWN STEP	2026-09-14T20:17:52.9329867Z [2026-09-14 22:17:52 +0200] [70/118] Running test 'cluster/node-evacuate-concurrency' (#default)
Run selected ci-tagged tests	UNKNOWN STEP	2026-09-14T20:18:15.4586017Z [2026-09-14 22:18:15 +0200] [62/118] Example [1/1] 'VPS hard delete after complex history hard-deletes the VPS while keeping remaining backup metadata consistent' succeeded in 541.87 seconds
Run selected ci-tagged tests	UNKNOWN STEP	2026-09-14T20:18:41.0165814Z [2026-09-14 22:18:41 +0200] [62/118] Test 'storage/vps-hard-delete-after-complex-history' successful in 731.0 seconds
Run selected ci-tagged tests	UNKNOWN STEP	2026-09-14T20:18:41.0175410Z [2026-09-14 22:18:41 +0200] Reserved resources for 'storage/rollback-with-descendants': machines=3, memory=24.0 GiB, shm=24.0 GiB, cpus=16; pool: memory=72.0 GiB/90.7 GiB, shm=72.0 GiB/367.1 GiB, cpus=48/72, running=3
Run selected ci-tagged tests	UNKNOWN STEP	2026-09-14T20:18:41.0192484Z [2026-09-14 22:18:41 +0200] [73/118] Running test 'storage/rollback-with-descendants' (#default)
Run selected ci-tagged tests	UNKNOWN STEP	2026-09-14T20:18:41.0293537Z [2026-09-14 22:18:41 +0200] Waiting for resources: pool: memory=72.0 GiB/90.7 GiB, shm=72.0 GiB/367.1 GiB, cpus=48/72, running=3; pending: storage/dataset-destroy-after-rollback-history (machines=3, memory=24.0 GiB, shm=24.0 GiB, cpus=16), vps/replace-no-start (machines=3, memory=24.0 GiB, shm=24.0 GiB, cpus=16), storage/dataset-migrate-rsync-remote (machines=3, memory=24.0 GiB, shm=24.0 GiB, cpus=16)
Run selected ci-tagged tests	UNKNOWN STEP	2026-09-14T20:18:50.3727483Z [2026-09-14 22:18:50 +0200] Status: passing; 91 succeeded as expected, 0 failed as expected, 0 unexpectedly failed, 0 unexpectedly succeeded; 3 running, 24 remaining
Run selected ci-tagged tests	UNKNOWN STEP	2026-09-14T20:23:50.3736857Z [2026-09-14 22:23:50 +0200] Status: passing; 91 succeeded as expected, 0 failed as expected, 0 unexpectedly failed, 0 unexpectedly succeeded; 3 running, 24 remaining
Run selected ci-tagged tests	UNKNOWN STEP	2026-09-14T20:24:10.3031689Z [2026-09-14 22:24:10 +0200] [67/118] Example [1/1] 'remote VPS replace with backups moves backup history and keeps database state aligned with ZFS' succeeded in 226.04 seconds
Run selected ci-tagged tests	UNKNOWN STEP	2026-09-14T20:24:36.4828221Z [2026-09-14 22:24:36 +0200] [67/118] Test 'vps/replace-with-backups-remote' successful in 417.63 seconds
Run selected ci-tagged tests	UNKNOWN STEP	2026-09-14T20:24:36.4834354Z [2026-09-14 22:24:36 +0200] Reserved resources for 'storage/dataset-destroy-after-rollback-history': machines=3, memory=24.0 GiB, shm=24.0 GiB, cpus=16; pool: memory=72.0 GiB/90.7 GiB, shm=72.0 GiB/367.1 GiB, cpus=48/72, running=3
Run selected ci-tagged tests	UNKNOWN STEP	2026-09-14T20:24:36.4859026Z [2026-09-14 22:24:36 +0200] [74/118] Running test 'storage/dataset-destroy-after-rollback-history' (#default)
Run selected ci-tagged tests	UNKNOWN STEP	2026-09-14T20:24:36.4915306Z [2026-09-14 22:24:36 +0200] Waiting for resources: pool: memory=72.0 GiB/90.7 GiB, shm=72.0 GiB/367.1 GiB, cpus=48/72, running=3; pending: vps/replace-no-start (machines=3, memory=24.0 GiB, shm=24.0 GiB, cpus=16), storage/dataset-migrate-rsync-remote (machines=3, memory=24.0 GiB, shm=24.0 GiB, cpus=16), vps/clone-remote (machines=3, memory=24.0 GiB, shm=24.0 GiB, cpus=16)
Run selected ci-tagged tests	UNKNOWN STEP	2026-09-14T20:27:29.1996227Z [2026-09-14 22:27:29 +0200] [73/118] Example [1/1] 'rollback with descendants preserves descendant datasets across rollback and keeps future backups working' succeeded in 362.27 seconds
Run selected ci-tagged tests	UNKNOWN STEP	2026-09-14T20:28:00.6514291Z [2026-09-14 22:28:00 +0200] [73/118] Test 'storage/rollback-with-descendants' successful in 559.63 seconds
Run selected ci-tagged tests	UNKNOWN STEP	2026-09-14T20:28:00.6517333Z [2026-09-14 22:28:00 +0200] Reserved resources for 'vps/replace-no-start': machines=3, memory=24.0 GiB, shm=24.0 GiB, cpus=16; pool: memory=72.0 GiB/90.7 GiB, shm=72.0 GiB/367.1 GiB, cpus=48/72, running=3
Run selected ci-tagged tests	UNKNOWN STEP	2026-09-14T20:28:00.6537667Z [2026-09-14 22:28:00 +0200] [78/118] Running test 'vps/replace-no-start' (#default)
Run selected ci-tagged tests	UNKNOWN STEP	2026-09-14T20:28:00.6596000Z [2026-09-14 22:28:00 +0200] Waiting for resources: pool: memory=72.0 GiB/90.7 GiB, shm=72.0 GiB/367.1 GiB, cpus=48/72, running=3; pending: storage/dataset-migrate-rsync-remote (machines=3, memory=24.0 GiB, shm=24.0 GiB, cpus=16), vps/clone-remote (machines=3, memory=24.0 GiB, shm=24.0 GiB, cpus=16), storage/complex-destroy-order (machines=3, memory=24.0 GiB, shm=24.0 GiB, cpus=16)
Run selected ci-tagged tests	UNKNOWN STEP	2026-09-14T20:28:17.6547809Z [2026-09-14 22:28:17 +0200] [74/118] Example [1/2] 'destroying a dataset after rollback history creates a standalone remote backup dataset' succeeded in 56.04 seconds
Run selected ci-tagged tests	UNKNOWN STEP	2026-09-14T20:28:50.3744542Z [2026-09-14 22:28:50 +0200] Status: passing; 93 succeeded as expected, 0 failed as expected, 0 unexpectedly failed, 0 unexpectedly succeeded; 3 running, 22 remaining
Run selected ci-tagged tests	UNKNOWN STEP	2026-09-14T20:32:14.3125137Z [2026-09-14 22:32:14 +0200] [74/118] Example [2/2] 'destroying a dataset after rollback history destroys the whole dataset after repeated rollback history' succeeded in 236.66 seconds
Run selected ci-tagged tests	UNKNOWN STEP	2026-09-14T20:32:39.6613957Z [2026-09-14 22:32:39 +0200] [74/118] Test 'storage/dataset-destroy-after-rollback-history' successful in 483.17 seconds
Run selected ci-tagged tests	UNKNOWN STEP	2026-09-14T20:32:39.6619021Z [2026-09-14 22:32:39 +0200] Reserved resources for 'storage/dataset-migrate-rsync-remote': machines=3, memory=24.0 GiB, shm=24.0 GiB, cpus=16; pool: memory=72.0 GiB/90.7 GiB, shm=72.0 GiB/367.1 GiB, cpus=48/72, running=3
Run selected ci-tagged tests	UNKNOWN STEP	2026-09-14T20:32:39.6650292Z [2026-09-14 22:32:39 +0200] [80/118] Running test 'storage/dataset-migrate-rsync-remote' (#default)
Run selected ci-tagged tests	UNKNOWN STEP	2026-09-14T20:32:39.6703992Z [2026-09-14 22:32:39 +0200] Waiting for resources: pool: memory=72.0 GiB/90.7 GiB, shm=72.0 GiB/367.1 GiB, cpus=48/72, running=3; pending: vps/clone-remote (machines=3, memory=24.0 GiB, shm=24.0 GiB, cpus=16), storage/complex-destroy-order (machines=3, memory=24.0 GiB, shm=24.0 GiB, cpus=16), storage/restore-after-reinstall-remote (machines=3, memory=24.0 GiB, shm=24.0 GiB, cpus=16)
Run selected ci-tagged tests	UNKNOWN STEP	2026-09-14T20:33:50.3751052Z [2026-09-14 22:33:50 +0200] Status: passing; 94 succeeded as expected, 0 failed as expected, 0 unexpectedly failed, 0 unexpectedly succeeded; 3 running, 21 remaining
Run selected ci-tagged tests	UNKNOWN STEP	2026-09-14T20:36:32.1863745Z [2026-09-14 22:36:32 +0200] [70/118] Example [1/1] 'node evacuation concurrency honors plan concurrency and starts queued migrations in order' succeeded in 956.16 seconds
Run selected ci-tagged tests	UNKNOWN STEP	2026-09-14T20:36:59.7005908Z [2026-09-14 22:36:59 +0200] [70/118] Test 'cluster/node-evacuate-concurrency' successful in 1146.77 seconds
Run selected ci-tagged tests	UNKNOWN STEP	2026-09-14T20:36:59.7010476Z [2026-09-14 22:36:59 +0200] Reserved resources for 'vps/clone-remote': machines=3, memory=24.0 GiB, shm=24.0 GiB, cpus=16; pool: memory=72.0 GiB/90.7 GiB, shm=72.0 GiB/367.1 GiB, cpus=48/72, running=3
Run selected ci-tagged tests	UNKNOWN STEP	2026-09-14T20:36:59.7032523Z [2026-09-14 22:36:59 +0200] [82/118] Running test 'vps/clone-remote' (#default)
Run selected ci-tagged tests	UNKNOWN STEP	2026-09-14T20:36:59.7086769Z [2026-09-14 22:36:59 +0200] Waiting for resources: pool: memory=72.0 GiB/90.7 GiB, shm=72.0 GiB/367.1 GiB, cpus=48/72, running=3; pending: storage/complex-destroy-order (machines=3, memory=24.0 GiB, shm=24.0 GiB, cpus=16), storage/restore-after-reinstall-remote (machines=3, memory=24.0 GiB, shm=24.0 GiB, cpus=16), webui (machines=3, memory=24.0 GiB, shm=24.0 GiB, cpus=16)
Run selected ci-tagged tests	UNKNOWN STEP	2026-09-14T20:37:46.4536066Z [2026-09-14 22:37:46 +0200] [80/118] Example [1/1] 'remote dataset migration over rsync moves the dataset with rsync-specific transactions and intact data' succeeded in 142.74 seconds
Run selected ci-tagged tests	UNKNOWN STEP	2026-09-14T20:38:12.9469638Z [2026-09-14 22:38:12 +0200] [80/118] Test 'storage/dataset-migrate-rsync-remote' successful in 333.28 seconds
Run selected ci-tagged tests	UNKNOWN STEP	2026-09-14T20:38:12.9479896Z [2026-09-14 22:38:12 +0200] Reserved resources for 'storage/complex-destroy-order': machines=3, memory=24.0 GiB, shm=24.0 GiB, cpus=16; pool: memory=72.0 GiB/90.7 GiB, shm=72.0 GiB/367.1 GiB, cpus=48/72, running=3
Run selected ci-tagged tests	UNKNOWN STEP	2026-09-14T20:38:12.9499052Z [2026-09-14 22:38:12 +0200] [84/118] Running test 'storage/complex-destroy-order' (#default)
Run selected ci-tagged tests	UNKNOWN STEP	2026-09-14T20:38:12.9556765Z [2026-09-14 22:38:12 +0200] Waiting for resources: pool: memory=72.0 GiB/90.7 GiB, shm=72.0 GiB/367.1 GiB, cpus=48/72, running=3; pending: storage/restore-after-reinstall-remote (machines=3, memory=24.0 GiB, shm=24.0 GiB, cpus=16), webui (machines=3, memory=24.0 GiB, shm=24.0 GiB, cpus=16), vps/clone-remote-consistent (machines=3, memory=24.0 GiB, shm=24.0 GiB, cpus=16)
Run selected ci-tagged tests	UNKNOWN STEP	2026-09-14T20:38:32.9327156Z [2026-09-14 22:38:32 +0200] [78/118] Example [1/1] 'remote VPS replace with start=false finishes without starting the replacement on the destination' succeeded in 465.2 seconds
Run selected ci-tagged tests	UNKNOWN STEP	2026-09-14T20:38:50.3761214Z [2026-09-14 22:38:50 +0200] Status: passing; 96 succeeded as expected, 0 failed as expected, 0 unexpectedly failed, 0 unexpectedly succeeded; 3 running, 19 remaining
Run selected ci-tagged tests	UNKNOWN STEP	2026-09-14T20:39:02.5424676Z [2026-09-14 22:39:02 +0200] [78/118] Test 'vps/replace-no-start' successful in 661.89 seconds
Run selected ci-tagged tests	UNKNOWN STEP	2026-09-14T20:39:02.5430169Z [2026-09-14 22:39:02 +0200] Reserved resources for 'storage/restore-after-reinstall-remote': machines=3, memory=24.0 GiB, shm=24.0 GiB, cpus=16; pool: memory=72.0 GiB/90.7 GiB, shm=72.0 GiB/367.1 GiB, cpus=48/72, running=3
Run selected ci-tagged tests	UNKNOWN STEP	2026-09-14T20:39:02.5466000Z [2026-09-14 22:39:02 +0200] [88/118] Running test 'storage/restore-after-reinstall-remote' (#default)
Run selected ci-tagged tests	UNKNOWN STEP	2026-09-14T20:42:25.5030847Z [2026-09-14 22:42:25 +0200] [84/118] Example [1/2] 'destroying a complex multi-tree backup topology creates a VPS with primary storage on node1 and backup storage on node2' succeeded in 89.73 seconds
Run selected ci-tagged tests	UNKNOWN STEP	2026-09-14T20:43:16.3351189Z [2026-09-14 22:43:16 +0200] [88/118] Example [1/4] 'restore after reinstall from remote backup creates a VPS with primary storage on node1 and backup storage on node2' succeeded in 86.76 seconds
Run selected ci-tagged tests	UNKNOWN STEP	2026-09-14T20:43:39.5100260Z [2026-09-14 22:43:39 +0200] [82/118] Example [1/1] 'remote VPS clone clones the VPS to node2 with remote send steps' succeeded in 236.22 seconds
Run selected ci-tagged tests	UNKNOWN STEP	2026-09-14T20:43:50.3769861Z [2026-09-14 22:43:50 +0200] Status: passing; 97 succeeded as expected, 0 failed as expected, 0 unexpectedly failed, 0 unexpectedly succeeded; 3 running, 18 remaining
Run selected ci-tagged tests	UNKNOWN STEP	2026-09-14T20:44:09.0840945Z [2026-09-14 22:44:09 +0200] [82/118] Test 'vps/clone-remote' successful in 429.38 seconds
Run selected ci-tagged tests	UNKNOWN STEP	2026-09-14T20:44:09.0844904Z [2026-09-14 22:44:09 +0200] Reserved resources for 'webui': machines=3, memory=24.0 GiB, shm=24.0 GiB, cpus=16; pool: memory=72.0 GiB/90.7 GiB, shm=72.0 GiB/367.1 GiB, cpus=48/72, running=3
Run selected ci-tagged tests	UNKNOWN STEP	2026-09-14T20:44:09.0879902Z [2026-09-14 22:44:09 +0200] [89/118] Running test 'webui' (#support-pages, #vps-user-core, #jumpto, #admin-cluster, #vps-user-ops, #vps-lifecycle, #networking-dns, #vps-admin-ops, #storage-backup-export, #userns, #navigation-readonly, #auth, #security-advisories, #misc-pages, #vps-admin-core, #users-self-service, #transactions, #users-admin)
Run selected ci-tagged tests	UNKNOWN STEP	2026-09-14T20:44:09.0936847Z [2026-09-14 22:44:09 +0200] Waiting for resources: pool: memory=72.0 GiB/90.7 GiB, shm=72.0 GiB/367.1 GiB, cpus=48/72, running=3; pending: vps/clone-remote-consistent (machines=3, memory=24.0 GiB, shm=24.0 GiB, cpus=16), vps/migrate-with-data-check (machines=3, memory=24.0 GiB, shm=24.0 GiB, cpus=16), storage/backup-multiple-destinations-remote (machines=3, memory=24.0 GiB, shm=24.0 GiB, cpus=16)
Run selected ci-tagged tests	UNKNOWN STEP	2026-09-14T20:44:50.8333348Z [2026-09-14 22:44:50 +0200] [88/118] Example [2/4] 'restore after reinstall from remote backup creates remote backup history and reinstalls the VPS' succeeded in 94.5 seconds
Run selected ci-tagged tests	UNKNOWN STEP	2026-09-14T20:47:34.1742763Z [2026-09-14 22:47:34 +0200] [88/118] Example [3/4] 'restore after reinstall from remote backup restores from backup-only history over the remote send/recv rollback path' succeeded in 163.34 seconds
Run selected ci-tagged tests	UNKNOWN STEP	2026-09-14T20:47:58.6762716Z [2026-09-14 22:47:58 +0200] [88/118] Example [4/4] 'restore after reinstall from remote backup keeps the restored backup history incrementally usable for future backups' succeeded in 24.5 seconds
Run selected ci-tagged tests	UNKNOWN STEP	2026-09-14T20:48:50.3780815Z [2026-09-14 22:48:50 +0200] Status: passing; 98 succeeded as expected, 0 failed as expected, 0 unexpectedly failed, 0 unexpectedly succeeded; 3 running, 17 remaining
Run selected ci-tagged tests	UNKNOWN STEP	2026-09-14T20:48:54.4660819Z [2026-09-14 22:48:54 +0200] [88/118] Test 'storage/restore-after-reinstall-remote' successful in 591.92 seconds
Run selected ci-tagged tests	UNKNOWN STEP	2026-09-14T20:48:54.4663151Z [2026-09-14 22:48:54 +0200] Reserved resources for 'vps/clone-remote-consistent': machines=3, memory=24.0 GiB, shm=24.0 GiB, cpus=16; pool: memory=72.0 GiB/90.7 GiB, shm=72.0 GiB/367.1 GiB, cpus=48/72, running=3
Run selected ci-tagged tests	UNKNOWN STEP	2026-09-14T20:48:54.4691029Z [2026-09-14 22:48:54 +0200] [91/118] Running test 'vps/clone-remote-consistent' (#default)
Run selected ci-tagged tests	UNKNOWN STEP	2026-09-14T20:48:54.4758325Z [2026-09-14 22:48:54 +0200] Waiting for resources: pool: memory=72.0 GiB/90.7 GiB, shm=72.0 GiB/367.1 GiB, cpus=48/72, running=3; pending: vps/migrate-with-data-check (machines=3, memory=24.0 GiB, shm=24.0 GiB, cpus=16), storage/backup-multiple-destinations-remote (machines=3, memory=24.0 GiB, shm=24.0 GiB, cpus=16), storage/branching-rotation (machines=3, memory=24.0 GiB, shm=24.0 GiB, cpus=16)
Run selected ci-tagged tests	UNKNOWN STEP	2026-09-14T20:49:37.5812685Z [2026-09-14 22:49:37 +0200] [84/118] Example [2/2] 'destroying a complex multi-tree backup topology destroys the backup dataset in dependency-safe order across tree switches' succeeded in 432.08 seconds
Run selected ci-tagged tests	UNKNOWN STEP	2026-09-14T20:50:32.1286309Z [2026-09-14 22:50:32 +0200] [84/118] Test 'storage/complex-destroy-order' successful in 739.18 seconds
Run selected ci-tagged tests	UNKNOWN STEP	2026-09-14T20:50:32.1288125Z [2026-09-14 22:50:32 +0200] Reserved resources for 'vps/migrate-with-data-check': machines=3, memory=24.0 GiB, shm=24.0 GiB, cpus=16; pool: memory=72.0 GiB/90.7 GiB, shm=72.0 GiB/367.1 GiB, cpus=48/72, running=3
Run selected ci-tagged tests	UNKNOWN STEP	2026-09-14T20:50:32.1308984Z [2026-09-14 22:50:32 +0200] [92/118] Running test 'vps/migrate-with-data-check' (#default)
Run selected ci-tagged tests	UNKNOWN STEP	2026-09-14T20:50:32.1343704Z [2026-09-14 22:50:32 +0200] Waiting for resources: pool: memory=72.0 GiB/90.7 GiB, shm=72.0 GiB/367.1 GiB, cpus=48/72, running=3; pending: storage/backup-multiple-destinations-remote (machines=3, memory=24.0 GiB, shm=24.0 GiB, cpus=16), storage/branching-rotation (machines=3, memory=24.0 GiB, shm=24.0 GiB, cpus=16), storage/complex-rotation-order-pending (machines=3, memory=24.0 GiB, shm=24.0 GiB, cpus=16)
Run selected ci-tagged tests	UNKNOWN STEP	2026-09-14T20:51:27.5588898Z [2026-09-14 22:51:27 +0200] [89/118] Example [1/1] 'webui support and status browser flow passes Playwright support and status tests' succeeded in 127.67 seconds
Run selected ci-tagged tests	UNKNOWN STEP	2026-09-14T20:51:27.5594395Z [2026-09-14 22:51:27 +0200] [89/118] Script 'webui#support-pages' successful in 313.11 seconds
Run selected ci-tagged tests	UNKNOWN STEP	2026-09-14T20:53:50.3786600Z [2026-09-14 22:53:50 +0200] Status: passing; 100 succeeded as expected, 0 failed as expected, 0 unexpectedly failed, 0 unexpectedly succeeded; 3 running, 15 remaining
Run selected ci-tagged tests	UNKNOWN STEP	2026-09-14T20:55:25.0578886Z [2026-09-14 22:55:25 +0200] [91/118] Example [1/1] 'remote consistent VPS clone stops, syncs, and restarts the source before finishing the clone' succeeded in 224.33 seconds
Run selected ci-tagged tests	UNKNOWN STEP	2026-09-14T20:55:57.1752415Z [2026-09-14 22:55:57 +0200] [91/118] Test 'vps/clone-remote-consistent' successful in 422.7 seconds
Run selected ci-tagged tests	UNKNOWN STEP	2026-09-14T20:55:57.1756183Z [2026-09-14 22:55:57 +0200] Reserved resources for 'storage/backup-multiple-destinations-remote': machines=3, memory=24.0 GiB, shm=24.0 GiB, cpus=16; pool: memory=72.0 GiB/90.7 GiB, shm=72.0 GiB/367.1 GiB, cpus=48/72, running=3
Run selected ci-tagged tests	UNKNOWN STEP	2026-09-14T20:55:57.1785339Z [2026-09-14 22:55:57 +0200] [93/118] Running test 'storage/backup-multiple-destinations-remote' (#default)
Run selected ci-tagged tests	UNKNOWN STEP	2026-09-14T20:55:57.1844712Z [2026-09-14 22:55:57 +0200] Waiting for resources: pool: memory=72.0 GiB/90.7 GiB, shm=72.0 GiB/367.1 GiB, cpus=48/72, running=3; pending: storage/branching-rotation (machines=3, memory=24.0 GiB, shm=24.0 GiB, cpus=16), storage/complex-rotation-order-pending (machines=3, memory=24.0 GiB, shm=24.0 GiB, cpus=16), storage/rollback-from-remote-backup (machines=3, memory=24.0 GiB, shm=24.0 GiB, cpus=16)
Run selected ci-tagged tests	UNKNOWN STEP	2026-09-14T20:56:34.6112134Z [2026-09-14 22:56:34 +0200] [92/118] Example [1/1] 'VPS migration with data verification moves the VPS to node2 and preserves its root dataset contents' succeeded in 194.07 seconds
Run selected ci-tagged tests	UNKNOWN STEP	2026-09-14T20:57:02.1182397Z [2026-09-14 22:57:02 +0200] [92/118] Test 'vps/migrate-with-data-check' successful in 389.99 seconds
Run selected ci-tagged tests	UNKNOWN STEP	2026-09-14T20:57:02.1187327Z [2026-09-14 22:57:02 +0200] Reserved resources for 'storage/branching-rotation': machines=3, memory=24.0 GiB, shm=24.0 GiB, cpus=16; pool: memory=72.0 GiB/90.7 GiB, shm=72.0 GiB/367.1 GiB, cpus=48/72, running=3
Run selected ci-tagged tests	UNKNOWN STEP	2026-09-14T20:57:02.1212649Z [2026-09-14 22:57:02 +0200] [94/118] Running test 'storage/branching-rotation' (#default)
Run selected ci-tagged tests	UNKNOWN STEP	2026-09-14T20:57:02.1270082Z [2026-09-14 22:57:02 +0200] Waiting for resources: pool: memory=72.0 GiB/90.7 GiB, shm=72.0 GiB/367.1 GiB, cpus=48/72, running=3; pending: storage/complex-rotation-order-pending (machines=3, memory=24.0 GiB, shm=24.0 GiB, cpus=16), storage/rollback-from-remote-backup (machines=3, memory=24.0 GiB, shm=24.0 GiB, cpus=16), storage/snapshot-download-incremental-branch-mismatch (machines=3, memory=24.0 GiB, shm=24.0 GiB, cpus=16)
Run selected ci-tagged tests	UNKNOWN STEP	2026-09-14T20:58:50.3799981Z [2026-09-14 22:58:50 +0200] Status: passing; 102 succeeded as expected, 0 failed as expected, 0 unexpectedly failed, 0 unexpectedly succeeded; 3 running, 13 remaining
Run selected ci-tagged tests	UNKNOWN STEP	2026-09-14T21:00:22.0410178Z [2026-09-14 23:00:22 +0200] [93/118] Example [1/2] 'remote backups with multiple destinations creates a VPS with one primary pool and two backup pools' succeeded in 99.47 seconds
Run selected ci-tagged tests	UNKNOWN STEP	2026-09-14T21:01:19.1405302Z [2026-09-14 23:01:19 +0200] [94/118] Example [1/2] 'rotation on branched backup history creates a VPS with primary storage on node1 and backup storage on node2' succeeded in 89.6 seconds
Run selected ci-tagged tests	UNKNOWN STEP	2026-09-14T21:03:04.5792481Z [2026-09-14 23:03:04 +0200] [93/118] Example [2/2] 'remote backups with multiple destinations keeps the shared source snapshot needed by a lagging remote destination' succeeded in 162.54 seconds
Run selected ci-tagged tests	UNKNOWN STEP	2026-09-14T21:03:32.9994893Z [2026-09-14 23:03:32 +0200] [93/118] Test 'storage/backup-multiple-destinations-remote' successful in 455.82 seconds
Run selected ci-tagged tests	UNKNOWN STEP	2026-09-14T21:03:32.9999601Z [2026-09-14 23:03:32 +0200] Reserved resources for 'storage/complex-rotation-order-pending': machines=3, memory=24.0 GiB, shm=24.0 GiB, cpus=16; pool: memory=72.0 GiB/90.7 GiB, shm=72.0 GiB/367.1 GiB, cpus=48/72, running=3
Run selected ci-tagged tests	UNKNOWN STEP	2026-09-14T21:03:33.0022511Z [2026-09-14 23:03:33 +0200] [95/118] Running test 'storage/complex-rotation-order-pending' (#default)
Run selected ci-tagged tests	UNKNOWN STEP	2026-09-14T21:03:33.0069986Z [2026-09-14 23:03:33 +0200] Waiting for resources: pool: memory=72.0 GiB/90.7 GiB, shm=72.0 GiB/367.1 GiB, cpus=48/72, running=3; pending: storage/rollback-from-remote-backup (machines=3, memory=24.0 GiB, shm=24.0 GiB, cpus=16), storage/snapshot-download-incremental-branch-mismatch (machines=3, memory=24.0 GiB, shm=24.0 GiB, cpus=16), vps/clone-with-descendants-and-mounts (machines=3, memory=24.0 GiB, shm=24.0 GiB, cpus=16)
Run selected ci-tagged tests	UNKNOWN STEP	2026-09-14T21:03:50.3804908Z [2026-09-14 23:03:50 +0200] Status: passing; 103 succeeded as expected, 0 failed as expected, 0 unexpectedly failed, 0 unexpectedly succeeded; 3 running, 12 remaining
Run selected ci-tagged tests	UNKNOWN STEP	2026-09-14T21:08:12.0983506Z [2026-09-14 23:08:12 +0200] [95/118] Example [1/2] 'rotating a complex multi-tree backup topology creates a VPS with primary storage on node1 and backup storage on node2' succeeded in 102.8 seconds
Run selected ci-tagged tests	UNKNOWN STEP	2026-09-14T21:08:50.3811963Z [2026-09-14 23:08:50 +0200] Status: passing; 103 succeeded as expected, 0 failed as expected, 0 unexpectedly failed, 0 unexpectedly succeeded; 3 running, 12 remaining
Run selected ci-tagged tests	UNKNOWN STEP	2026-09-14T21:09:13.9134491Z [2026-09-14 23:09:13 +0200] [94/118] Example [2/2] 'rotation on branched backup history eventually deletes unreferenced branched snapshots without deleting live parents' succeeded in 474.77 seconds
Run selected ci-tagged tests	UNKNOWN STEP	2026-09-14T21:09:43.7253427Z [2026-09-14 23:09:43 +0200] [94/118] Test 'storage/branching-rotation' successful in 761.6 seconds
Run selected ci-tagged tests	UNKNOWN STEP	2026-09-14T21:09:43.7255056Z [2026-09-14 23:09:43 +0200] Reserved resources for 'storage/rollback-from-remote-backup': machines=3, memory=24.0 GiB, shm=24.0 GiB, cpus=16; pool: memory=72.0 GiB/90.7 GiB, shm=72.0 GiB/367.1 GiB, cpus=48/72, running=3
Run selected ci-tagged tests	UNKNOWN STEP	2026-09-14T21:09:43.7279444Z [2026-09-14 23:09:43 +0200] [97/118] Running test 'storage/rollback-from-remote-backup' (#default)
Run selected ci-tagged tests	UNKNOWN STEP	2026-09-14T21:09:43.7333423Z [2026-09-14 23:09:43 +0200] Waiting for resources: pool: memory=72.0 GiB/90.7 GiB, shm=72.0 GiB/367.1 GiB, cpus=48/72, running=3; pending: storage/snapshot-download-incremental-branch-mismatch (machines=3, memory=24.0 GiB, shm=24.0 GiB, cpus=16), vps/clone-with-descendants-and-mounts (machines=3, memory=24.0 GiB, shm=24.0 GiB, cpus=16), vps/migrate-no-start (machines=3, memory=24.0 GiB, shm=24.0 GiB, cpus=16)
Run selected ci-tagged tests	UNKNOWN STEP	2026-09-14T21:13:50.3817046Z [2026-09-14 23:13:50 +0200] Status: passing; 104 succeeded as expected, 0 failed as expected, 0 unexpectedly failed, 0 unexpectedly succeeded; 3 running, 11 remaining
Run selected ci-tagged tests	UNKNOWN STEP	2026-09-14T21:13:58.5586607Z [2026-09-14 23:13:58 +0200] [97/118] Example [1/4] 'rollback from remote backup creates a VPS with primary storage on node1 and backup storage on node2' succeeded in 84.82 seconds
Run selected ci-tagged tests	UNKNOWN STEP	2026-09-14T21:15:25.7082354Z [2026-09-14 23:15:25 +0200] [89/118] Example [1/1] 'webui user VPS core browser flow passes Playwright user VPS core tests' succeeded in 1401.75 seconds
Run selected ci-tagged tests	UNKNOWN STEP	2026-09-14T21:15:25.7091124Z [2026-09-14 23:15:25 +0200] [89/118] Script 'webui#vps-user-core' successful in 1438.15 seconds
Run selected ci-tagged tests	UNKNOWN STEP	2026-09-14T21:16:41.5438863Z [2026-09-14 23:16:41 +0200] [89/118] Example [1/1] 'webui admin jumpto browser flow passes Playwright jumpto tests' succeeded in 40.97 seconds
Run selected ci-tagged tests	UNKNOWN STEP	2026-09-14T21:16:41.5441699Z [2026-09-14 23:16:41 +0200] [89/118] Script 'webui#jumpto' successful in 75.84 seconds
Run selected ci-tagged tests	UNKNOWN STEP	2026-09-14T21:16:50.5430149Z [2026-09-14 23:16:50 +0200] [95/118] Example [2/2] 'rotating a complex multi-tree backup topology keeps a pending contract for dependency-safe aggressive rotation across tree switches' pending in 518.44 seconds
Run selected ci-tagged tests	UNKNOWN STEP	2026-09-14T21:17:20.0351938Z [2026-09-14 23:17:20 +0200] [95/118] Test 'storage/complex-rotation-order-pending' successful in 827.03 seconds
Run selected ci-tagged tests	UNKNOWN STEP	2026-09-14T21:17:20.0357281Z [2026-09-14 23:17:20 +0200] Reserved resources for 'storage/snapshot-download-incremental-branch-mismatch': machines=3, memory=24.0 GiB, shm=24.0 GiB, cpus=16; pool: memory=72.0 GiB/90.7 GiB, shm=72.0 GiB/367.1 GiB, cpus=48/72, running=3
Run selected ci-tagged tests	UNKNOWN STEP	2026-09-14T21:17:20.0369001Z [2026-09-14 23:17:20 +0200] [98/118] Running test 'storage/snapshot-download-incremental-branch-mismatch' (#default)
Run selected ci-tagged tests	UNKNOWN STEP	2026-09-14T21:17:20.0429090Z [2026-09-14 23:17:20 +0200] Waiting for resources: pool: memory=72.0 GiB/90.7 GiB, shm=72.0 GiB/367.1 GiB, cpus=48/72, running=3; pending: vps/clone-with-descendants-and-mounts (machines=3, memory=24.0 GiB, shm=24.0 GiB, cpus=16), vps/migrate-no-start (machines=3, memory=24.0 GiB, shm=24.0 GiB, cpus=16), storage/topology-reconciliation (machines=3, memory=24.0 GiB, shm=24.0 GiB, cpus=16)
Run selected ci-tagged tests	UNKNOWN STEP	2026-09-14T21:17:22.6356785Z [2026-09-14 23:17:22 +0200] [97/118] Example [2/4] 'rollback from remote backup builds remote backup history and rolls back to the middle snapshot' succeeded in 204.08 seconds
Run selected ci-tagged tests	UNKNOWN STEP	2026-09-14T21:17:26.2677211Z [2026-09-14 23:17:26 +0200] [97/118] Example [3/4] 'rollback from remote backup records rollback branching on the remote backup dataset' succeeded in 3.63 seconds
Run selected ci-tagged tests	UNKNOWN STEP	2026-09-14T21:17:50.4515421Z [2026-09-14 23:17:50 +0200] [97/118] Example [4/4] 'rollback from remote backup continues future backups on the new head branch over the remote send path' succeeded in 24.18 seconds
Run selected ci-tagged tests	UNKNOWN STEP	2026-09-14T21:18:20.1300875Z [2026-09-14 23:18:20 +0200] [97/118] Test 'storage/rollback-from-remote-backup' successful in 516.4 seconds
Run selected ci-tagged tests	UNKNOWN STEP	2026-09-14T21:18:20.1308705Z [2026-09-14 23:18:20 +0200] Reserved resources for 'vps/clone-with-descendants-and-mounts': machines=3, memory=24.0 GiB, shm=24.0 GiB, cpus=16; pool: memory=72.0 GiB/90.7 GiB, shm=72.0 GiB/367.1 GiB, cpus=48/72, running=3
Run selected ci-tagged tests	UNKNOWN STEP	2026-09-14T21:18:20.1323267Z [2026-09-14 23:18:20 +0200] [101/118] Running test 'vps/clone-with-descendants-and-mounts' (#default)
Run selected ci-tagged tests	UNKNOWN STEP	2026-09-14T21:18:20.1367351Z [2026-09-14 23:18:20 +0200] Waiting for resources: pool: memory=72.0 GiB/90.7 GiB, shm=72.0 GiB/367.1 GiB, cpus=48/72, running=3; pending: vps/migrate-no-start (machines=3, memory=24.0 GiB, shm=24.0 GiB, cpus=16), storage/topology-reconciliation (machines=3, memory=24.0 GiB, shm=24.0 GiB, cpus=16), vps/migrate-with-open-maintenance-window (machines=3, memory=24.0 GiB, shm=24.0 GiB, cpus=16)
Run selected ci-tagged tests	UNKNOWN STEP	2026-09-14T21:18:50.3824004Z [2026-09-14 23:18:50 +0200] Status: passing; 106 succeeded as expected, 0 failed as expected, 0 unexpectedly failed, 0 unexpectedly succeeded; 3 running, 9 remaining
Run selected ci-tagged tests	UNKNOWN STEP	2026-09-14T21:19:59.6130600Z [2026-09-14 23:19:59 +0200] [89/118] Example [1/1] 'webui admin cluster browser flow passes Playwright admin cluster tests' succeeded in 162.81 seconds
Run selected ci-tagged tests	UNKNOWN STEP	2026-09-14T21:19:59.6133952Z [2026-09-14 23:19:59 +0200] [89/118] Script 'webui#admin-cluster' successful in 198.07 seconds
Run selected ci-tagged tests	UNKNOWN STEP	2026-09-14T21:23:50.3835092Z [2026-09-14 23:23:50 +0200] Status: passing; 106 succeeded as expected, 0 failed as expected, 0 unexpectedly failed, 0 unexpectedly succeeded; 3 running, 9 remaining
Run selected ci-tagged tests	UNKNOWN STEP	2026-09-14T21:23:57.7603487Z [2026-09-14 23:23:57 +0200] [98/118] Example [1/1] 'incremental download across mismatched backup branches fails during planning instead of sending from the wrong branch' succeeded in 230.43 seconds
Run selected ci-tagged tests	UNKNOWN STEP	2026-09-14T21:24:26.4482647Z [2026-09-14 23:24:26 +0200] [98/118] Test 'storage/snapshot-download-incremental-branch-mismatch' successful in 426.41 seconds
Run selected ci-tagged tests	UNKNOWN STEP	2026-09-14T21:24:26.4487853Z [2026-09-14 23:24:26 +0200] Reserved resources for 'vps/migrate-no-start': machines=3, memory=24.0 GiB, shm=24.0 GiB, cpus=16; pool: memory=72.0 GiB/90.7 GiB, shm=72.0 GiB/367.1 GiB, cpus=48/72, running=3
Run selected ci-tagged tests	UNKNOWN STEP	2026-09-14T21:24:26.4511142Z [2026-09-14 23:24:26 +0200] [103/118] Running test 'vps/migrate-no-start' (#default)
Run selected ci-tagged tests	UNKNOWN STEP	2026-09-14T21:24:26.4585190Z [2026-09-14 23:24:26 +0200] Waiting for resources: pool: memory=72.0 GiB/90.7 GiB, shm=72.0 GiB/367.1 GiB, cpus=48/72, running=3; pending: storage/topology-reconciliation (machines=3, memory=24.0 GiB, shm=24.0 GiB, cpus=16), vps/migrate-with-open-maintenance-window (machines=3, memory=24.0 GiB, shm=24.0 GiB, cpus=16), vps/replace-with-descendants-and-mounts (machines=3, memory=24.0 GiB, shm=24.0 GiB, cpus=16)
Run selected ci-tagged tests	UNKNOWN STEP	2026-09-14T21:26:49.7900212Z [2026-09-14 23:26:49 +0200] [101/118] Example [1/1] 'remote VPS clone with descendants and mounts copies descendant datasets and remaps descendant mounts to the clone' succeeded in 340.26 seconds
Run selected ci-tagged tests	UNKNOWN STEP	2026-09-14T21:27:18.9017267Z [2026-09-14 23:27:18 +0200] [101/118] Test 'vps/clone-with-descendants-and-mounts' successful in 538.77 seconds
Run selected ci-tagged tests	UNKNOWN STEP	2026-09-14T21:27:18.9021009Z [2026-09-14 23:27:18 +0200] Reserved resources for 'storage/topology-reconciliation': machines=3, memory=24.0 GiB, shm=24.0 GiB, cpus=16; pool: memory=72.0 GiB/90.7 GiB, shm=72.0 GiB/367.1 GiB, cpus=48/72, running=3
Run selected ci-tagged tests	UNKNOWN STEP	2026-09-14T21:27:18.9042944Z [2026-09-14 23:27:18 +0200] [104/118] Running test 'storage/topology-reconciliation' (#default)
Run selected ci-tagged tests	UNKNOWN STEP	2026-09-14T21:27:18.9087485Z [2026-09-14 23:27:18 +0200] Waiting for resources: pool: memory=72.0 GiB/90.7 GiB, shm=72.0 GiB/367.1 GiB, cpus=48/72, running=3; pending: vps/migrate-with-open-maintenance-window (machines=3, memory=24.0 GiB, shm=24.0 GiB, cpus=16), vps/replace-with-descendants-and-mounts (machines=3, memory=24.0 GiB, shm=24.0 GiB, cpus=16), cluster/node-evacuate-basic (machines=3, memory=24.0 GiB, shm=24.0 GiB, cpus=16)
Run selected ci-tagged tests	UNKNOWN STEP	2026-09-14T21:28:50.3846451Z [2026-09-14 23:28:50 +0200] Status: passing; 108 succeeded as expected, 0 failed as expected, 0 unexpectedly failed, 0 unexpectedly succeeded; 3 running, 7 remaining
Run selected ci-tagged tests	UNKNOWN STEP	2026-09-14T21:31:35.2248125Z [2026-09-14 23:31:35 +0200] [104/118] Example [1/3] 'DB and ZFS topology reconciliation creates a VPS with primary storage on node1 and backup storage on node2' succeeded in 88.33 seconds
Run selected ci-tagged tests	UNKNOWN STEP	2026-09-14T21:32:56.0878392Z [2026-09-14 23:32:56 +0200] [103/118] Example [1/1] 'VPS migration with no_start moves the VPS to node2 without starting it on the destination' succeeded in 340.05 seconds
Run selected ci-tagged tests	UNKNOWN STEP	2026-09-14T21:33:23.4740805Z [2026-09-14 23:33:23 +0200] [103/118] Test 'vps/migrate-no-start' successful in 537.02 seconds
Run selected ci-tagged tests	UNKNOWN STEP	2026-09-14T21:33:23.4750728Z [2026-09-14 23:33:23 +0200] Reserved resources for 'vps/migrate-with-open-maintenance-window': machines=3, memory=24.0 GiB, shm=24.0 GiB, cpus=16; pool: memory=72.0 GiB/90.7 GiB, shm=72.0 GiB/367.1 GiB, cpus=48/72, running=3
Run selected ci-tagged tests	UNKNOWN STEP	2026-09-14T21:33:23.4772814Z [2026-09-14 23:33:23 +0200] [107/118] Running test 'vps/migrate-with-open-maintenance-window' (#default)
Run selected ci-tagged tests	UNKNOWN STEP	2026-09-14T21:33:23.4817318Z [2026-09-14 23:33:23 +0200] Waiting for resources: pool: memory=72.0 GiB/90.7 GiB, shm=72.0 GiB/367.1 GiB, cpus=48/72, running=3; pending: vps/replace-with-descendants-and-mounts (machines=3, memory=24.0 GiB, shm=24.0 GiB, cpus=16), cluster/node-evacuate-basic (machines=3, memory=24.0 GiB, shm=24.0 GiB, cpus=16), storage/rollback-dependent-branch-rotation (machines=3, memory=24.0 GiB, shm=24.0 GiB, cpus=16)
Run selected ci-tagged tests	UNKNOWN STEP	2026-09-14T21:33:50.3857095Z [2026-09-14 23:33:50 +0200] Status: passing; 109 succeeded as expected, 0 failed as expected, 0 unexpectedly failed, 0 unexpectedly succeeded; 3 running, 6 remaining
Run selected ci-tagged tests	UNKNOWN STEP	2026-09-14T21:36:06.9798781Z [2026-09-14 23:36:06 +0200] [104/118] Example [2/3] 'DB and ZFS topology reconciliation builds a simple rollback topology on the remote backup dataset' succeeded in 271.75 seconds
Run selected ci-tagged tests	UNKNOWN STEP	2026-09-14T21:36:07.2126498Z [2026-09-14 23:36:07 +0200] [104/118] Example [3/3] 'DB and ZFS topology reconciliation keeps DB dependency metadata aligned with ZFS origin and clone state' succeeded in 0.23 seconds
Run selected ci-tagged tests	UNKNOWN STEP	2026-09-14T21:37:00.6745962Z [2026-09-14 23:37:00 +0200] [104/118] Test 'storage/topology-reconciliation' successful in 581.77 seconds
Run selected ci-tagged tests	UNKNOWN STEP	2026-09-14T21:37:00.6752384Z [2026-09-14 23:37:00 +0200] Reserved resources for 'vps/replace-with-descendants-and-mounts': machines=3, memory=24.0 GiB, shm=24.0 GiB, cpus=16; pool: memory=72.0 GiB/90.7 GiB, shm=72.0 GiB/367.1 GiB, cpus=48/72, running=3
Run selected ci-tagged tests	UNKNOWN STEP	2026-09-14T21:37:00.6784059Z [2026-09-14 23:37:00 +0200] [108/118] Running test 'vps/replace-with-descendants-and-mounts' (#default)
Run selected ci-tagged tests	UNKNOWN STEP	2026-09-14T21:37:00.6832135Z [2026-09-14 23:37:00 +0200] Waiting for resources: pool: memory=72.0 GiB/90.7 GiB, shm=72.0 GiB/367.1 GiB, cpus=48/72, running=3; pending: cluster/node-evacuate-basic (machines=3, memory=24.0 GiB, shm=24.0 GiB, cpus=16), storage/rollback-dependent-branch-rotation (machines=3, memory=24.0 GiB, shm=24.0 GiB, cpus=16), vps/replace-remote (machines=3, memory=24.0 GiB, shm=24.0 GiB, cpus=16)
Run selected ci-tagged tests	UNKNOWN STEP	2026-09-14T21:38:50.3867252Z [2026-09-14 23:38:50 +0200] Status: passing; 110 succeeded as expected, 0 failed as expected, 0 unexpectedly failed, 0 unexpectedly succeeded; 3 running, 5 remaining
Run selected ci-tagged tests	UNKNOWN STEP	2026-09-14T21:41:32.0507141Z [2026-09-14 23:41:32 +0200] [107/118] Example [1/1] 'VPS migration in an open maintenance window migrates to node2 and includes maintenance-window transactions' succeeded in 320.95 seconds
Run selected ci-tagged tests	UNKNOWN STEP	2026-09-14T21:41:59.6871448Z [2026-09-14 23:41:59 +0200] [107/118] Test 'vps/migrate-with-open-maintenance-window' successful in 516.21 seconds
Run selected ci-tagged tests	UNKNOWN STEP	2026-09-14T21:41:59.6874411Z [2026-09-14 23:41:59 +0200] Reserved resources for 'cluster/node-evacuate-basic': machines=3, memory=24.0 GiB, shm=24.0 GiB, cpus=16; pool: memory=72.0 GiB/90.7 GiB, shm=72.0 GiB/367.1 GiB, cpus=48/72, running=3
Run selected ci-tagged tests	UNKNOWN STEP	2026-09-14T21:41:59.6897255Z [2026-09-14 23:41:59 +0200] [109/118] Running test 'cluster/node-evacuate-basic' (#default)
Run selected ci-tagged tests	UNKNOWN STEP	2026-09-14T21:41:59.6943002Z [2026-09-14 23:41:59 +0200] Waiting for resources: pool: memory=72.0 GiB/90.7 GiB, shm=72.0 GiB/367.1 GiB, cpus=48/72, running=3; pending: storage/rollback-dependent-branch-rotation (machines=3, memory=24.0 GiB, shm=24.0 GiB, cpus=16), vps/replace-remote (machines=3, memory=24.0 GiB, shm=24.0 GiB, cpus=16), vps/clone-remote-consistent-keep-snapshots (machines=3, memory=24.0 GiB, shm=24.0 GiB, cpus=16)
Run selected ci-tagged tests	UNKNOWN STEP	2026-09-14T21:42:09.0305001Z [2026-09-14 23:42:09 +0200] [89/118] Example [1/1] 'webui user VPS side operation browser flow passes Playwright user VPS side operation tests' succeeded in 1188.85 seconds
Run selected ci-tagged tests	UNKNOWN STEP	2026-09-14T21:42:09.0306769Z [2026-09-14 23:42:09 +0200] [89/118] Script 'webui#vps-user-ops' successful in 1329.42 seconds
Run selected ci-tagged tests	UNKNOWN STEP	2026-09-14T21:43:50.3881709Z [2026-09-14 23:43:50 +0200] Status: passing; 111 succeeded as expected, 0 failed as expected, 0 unexpectedly failed, 0 unexpectedly succeeded; 3 running, 4 remaining
Run selected ci-tagged tests	UNKNOWN STEP	2026-09-14T21:47:30.6019793Z [2026-09-14 23:47:30 +0200] [108/118] Example [1/1] 'remote VPS replace with descendants and mounts copies descendant datasets, remaps descendant mounts, and skips external mounts' succeeded in 460.25 seconds
Run selected ci-tagged tests	UNKNOWN STEP	2026-09-14T21:47:58.1392798Z [2026-09-14 23:47:58 +0200] [108/118] Test 'vps/replace-with-descendants-and-mounts' successful in 657.46 seconds
Run selected ci-tagged tests	UNKNOWN STEP	2026-09-14T21:47:58.1397639Z [2026-09-14 23:47:58 +0200] Reserved resources for 'storage/rollback-dependent-branch-rotation': machines=3, memory=24.0 GiB, shm=24.0 GiB, cpus=16; pool: memory=72.0 GiB/90.7 GiB, shm=72.0 GiB/367.1 GiB, cpus=48/72, running=3
Run selected ci-tagged tests	UNKNOWN STEP	2026-09-14T21:47:58.1424487Z [2026-09-14 23:47:58 +0200] [110/118] Running test 'storage/rollback-dependent-branch-rotation' (#default)
Run selected ci-tagged tests	UNKNOWN STEP	2026-09-14T21:47:58.1480951Z [2026-09-14 23:47:58 +0200] Waiting for resources: pool: memory=72.0 GiB/90.7 GiB, shm=72.0 GiB/367.1 GiB, cpus=48/72, running=3; pending: vps/replace-remote (machines=3, memory=24.0 GiB, shm=24.0 GiB, cpus=16), vps/clone-remote-consistent-keep-snapshots (machines=3, memory=24.0 GiB, shm=24.0 GiB, cpus=16), storage/repeated-rollback-branching (machines=3, memory=24.0 GiB, shm=24.0 GiB, cpus=16)
Run selected ci-tagged tests	UNKNOWN STEP	2026-09-14T21:48:50.3884870Z [2026-09-14 23:48:50 +0200] Status: passing; 112 succeeded as expected, 0 failed as expected, 0 unexpectedly failed, 0 unexpectedly succeeded; 3 running, 3 remaining
Run selected ci-tagged tests	UNKNOWN STEP	2026-09-14T21:52:10.2252776Z [2026-09-14 23:52:10 +0200] [110/118] Example [1/4] 'rotation after rollback back to a dependent backup branch creates a VPS with primary storage on node1 and backup storage on node2' succeeded in 85.4 seconds
Run selected ci-tagged tests	UNKNOWN STEP	2026-09-14T21:52:30.9895592Z [2026-09-14 23:52:30 +0200] [89/118] Example [1/1] 'webui VPS lifecycle browser flow passes Playwright VPS lifecycle tests' succeeded in 587.09 seconds
Run selected ci-tagged tests	UNKNOWN STEP	2026-09-14T21:52:30.9897282Z [2026-09-14 23:52:30 +0200] [89/118] Script 'webui#vps-lifecycle' successful in 621.96 seconds
Run selected ci-tagged tests	UNKNOWN STEP	2026-09-14T21:53:50.3893838Z [2026-09-14 23:53:50 +0200] Status: passing; 112 succeeded as expected, 0 failed as expected, 0 unexpectedly failed, 0 unexpectedly succeeded; 3 running, 3 remaining
Run selected ci-tagged tests	UNKNOWN STEP	2026-09-14T21:54:28.4747348Z [2026-09-14 23:54:28 +0200] [109/118] Example [1/1] 'node evacuation migrates all VPSes off the source node' succeeded in 579.45 seconds
Run selected ci-tagged tests	UNKNOWN STEP	2026-09-14T21:54:33.2102880Z [2026-09-14 23:54:33 +0200] [89/118] Example [1/1] 'webui networking and DNS browser flow passes Playwright networking and DNS tests' succeeded in 86.95 seconds
Run selected ci-tagged tests	UNKNOWN STEP	2026-09-14T21:54:33.2106357Z [2026-09-14 23:54:33 +0200] [89/118] Script 'webui#networking-dns' successful in 122.22 seconds
Run selected ci-tagged tests	UNKNOWN STEP	2026-09-14T21:54:56.2168483Z [2026-09-14 23:54:56 +0200] [109/118] Test 'cluster/node-evacuate-basic' successful in 776.53 seconds
Run selected ci-tagged tests	UNKNOWN STEP	2026-09-14T21:54:56.2171609Z [2026-09-14 23:54:56 +0200] Reserved resources for 'vps/replace-remote': machines=3, memory=24.0 GiB, shm=24.0 GiB, cpus=16; pool: memory=72.0 GiB/90.7 GiB, shm=72.0 GiB/367.1 GiB, cpus=48/72, running=3
Run selected ci-tagged tests	UNKNOWN STEP	2026-09-14T21:54:56.2195019Z [2026-09-14 23:54:56 +0200] [111/118] Running test 'vps/replace-remote' (#default)
Run selected ci-tagged tests	UNKNOWN STEP	2026-09-14T21:54:56.2251420Z [2026-09-14 23:54:56 +0200] Waiting for resources: pool: memory=72.0 GiB/90.7 GiB, shm=72.0 GiB/367.1 GiB, cpus=48/72, running=3; pending: vps/clone-remote-consistent-keep-snapshots (machines=3, memory=24.0 GiB, shm=24.0 GiB, cpus=16), storage/repeated-rollback-branching (machines=3, memory=24.0 GiB, shm=24.0 GiB, cpus=16)
Run selected ci-tagged tests	UNKNOWN STEP	2026-09-14T21:56:10.5138280Z [2026-09-14 23:56:10 +0200] [110/118] Example [2/4] 'rotation after rollback back to a dependent backup branch backs up snapshots on a branch that remains a ZFS clone after rollback' succeeded in 240.29 seconds
Run selected ci-tagged tests	UNKNOWN STEP	2026-09-14T21:56:10.6111555Z [2026-09-14 23:56:10 +0200] [110/118] Example [3/4] 'rotation after rollback back to a dependent backup branch records appended backup snapshots as dependents of the clone origin' succeeded in 0.1 seconds
Run selected ci-tagged tests	UNKNOWN STEP	2026-09-14T21:56:40.1816443Z [2026-09-14 23:56:40 +0200] [110/118] Example [4/4] 'rotation after rollback back to a dependent backup branch rotates the clone origin only after the dependent branch is gone' succeeded in 29.57 seconds
Run selected ci-tagged tests	UNKNOWN STEP	2026-09-14T21:57:08.3129743Z [2026-09-14 23:57:08 +0200] [110/118] Test 'storage/rollback-dependent-branch-rotation' successful in 550.17 seconds
Run selected ci-tagged tests	UNKNOWN STEP	2026-09-14T21:57:08.3131711Z [2026-09-14 23:57:08 +0200] Reserved resources for 'vps/clone-remote-consistent-keep-snapshots': machines=3, memory=24.0 GiB, shm=24.0 GiB, cpus=16; pool: memory=72.0 GiB/90.7 GiB, shm=72.0 GiB/367.1 GiB, cpus=48/72, running=3
Run selected ci-tagged tests	UNKNOWN STEP	2026-09-14T21:57:08.3158582Z [2026-09-14 23:57:08 +0200] [117/118] Running test 'vps/clone-remote-consistent-keep-snapshots' (#default)
Run selected ci-tagged tests	UNKNOWN STEP	2026-09-14T21:57:08.3216337Z [2026-09-14 23:57:08 +0200] Waiting for resources: pool: memory=72.0 GiB/90.7 GiB, shm=72.0 GiB/367.1 GiB, cpus=48/72, running=3; pending: storage/repeated-rollback-branching (machines=3, memory=24.0 GiB, shm=24.0 GiB, cpus=16)
Run selected ci-tagged tests	UNKNOWN STEP	2026-09-14T21:58:50.3904818Z [2026-09-14 23:58:50 +0200] Status: passing; 114 succeeded as expected, 0 failed as expected, 0 unexpectedly failed, 0 unexpectedly succeeded; 3 running, 1 remaining
Run selected ci-tagged tests	UNKNOWN STEP	2026-09-14T22:03:40.6612935Z [2026-09-15 00:03:40 +0200] [117/118] Example [1/1] 'remote consistent VPS clone with keep_snapshots keeps transfer snapshots on the source as a pending contract' pending in 225.7 seconds
Run selected ci-tagged tests	UNKNOWN STEP	2026-09-14T22:03:50.3909367Z [2026-09-15 00:03:50 +0200] Status: passing; 114 succeeded as expected, 0 failed as expected, 0 unexpectedly failed, 0 unexpectedly succeeded; 3 running, 1 remaining
Run selected ci-tagged tests	UNKNOWN STEP	2026-09-14T22:05:26.5329486Z [2026-09-15 00:05:26 +0200] [111/118] Example [1/1] 'remote VPS replace moves the replacement to node2 and reassigns interfaces there' succeeded in 462.5 seconds
Run selected ci-tagged tests	UNKNOWN STEP	2026-09-14T22:05:54.0077167Z [2026-09-15 00:05:54 +0200] [111/118] Test 'vps/replace-remote' successful in 657.79 seconds
Run selected ci-tagged tests	UNKNOWN STEP	2026-09-14T22:05:54.0082064Z [2026-09-15 00:05:54 +0200] Reserved resources for 'storage/repeated-rollback-branching': machines=3, memory=24.0 GiB, shm=24.0 GiB, cpus=16; pool: memory=72.0 GiB/90.7 GiB, shm=72.0 GiB/367.1 GiB, cpus=48/72, running=3
Run selected ci-tagged tests	UNKNOWN STEP	2026-09-14T22:05:54.0101127Z [2026-09-15 00:05:54 +0200] [118/118] Running test 'storage/repeated-rollback-branching' (#default)
Run selected ci-tagged tests	UNKNOWN STEP	2026-09-14T22:08:50.3920637Z [2026-09-15 00:08:50 +0200] Status: passing; 115 succeeded as expected, 0 failed as expected, 0 unexpectedly failed, 0 unexpectedly succeeded; 3 running, 0 remaining
Run selected ci-tagged tests	UNKNOWN STEP	2026-09-14T22:09:02.3042484Z [2026-09-15 00:09:02 +0200] [117/118] Test 'vps/clone-remote-consistent-keep-snapshots' successful in 713.99 seconds
Run selected ci-tagged tests	UNKNOWN STEP	2026-09-14T22:10:04.0406101Z [2026-09-15 00:10:04 +0200] [118/118] Example [1/2] 'repeated rollback branching creates a VPS with primary storage on node1 and backup storage on node2' succeeded in 84.71 seconds
Run selected ci-tagged tests	UNKNOWN STEP	2026-09-14T22:13:50.3927313Z [2026-09-15 00:13:50 +0200] Status: passing; 116 succeeded as expected, 0 failed as expected, 0 unexpectedly failed, 0 unexpectedly succeeded; 2 running, 0 remaining
Run selected ci-tagged tests	UNKNOWN STEP	2026-09-14T22:15:38.5030499Z [2026-09-15 00:15:38 +0200] [118/118] Example [2/2] 'repeated rollback branching keeps DB dependency metadata aligned with ZFS after repeated rollback branching' succeeded in 334.46 seconds
Run selected ci-tagged tests	UNKNOWN STEP	2026-09-14T22:15:42.0066973Z [2026-09-15 00:15:42 +0200] [89/118] Example [1/1] 'webui admin VPS long operation browser flow passes Playwright admin VPS long operation tests' succeeded in 1195.73 seconds
Run selected ci-tagged tests	UNKNOWN STEP	2026-09-14T22:15:42.0071425Z [2026-09-15 00:15:42 +0200] [89/118] Script 'webui#vps-admin-ops' successful in 1268.8 seconds
Run selected ci-tagged tests	UNKNOWN STEP	2026-09-14T22:16:06.4526885Z [2026-09-15 00:16:06 +0200] [118/118] Test 'storage/repeated-rollback-branching' successful in 612.44 seconds
Run selected ci-tagged tests	UNKNOWN STEP	2026-09-14T22:18:50.3937463Z [2026-09-15 00:18:50 +0200] Status: passing; 117 succeeded as expected, 0 failed as expected, 0 unexpectedly failed, 0 unexpectedly succeeded; 1 running, 0 remaining
Run selected ci-tagged tests	UNKNOWN STEP	2026-09-14T22:20:30.1759381Z [2026-09-15 00:20:30 +0200] [89/118] Example [1/1] 'webui storage backup export browser flow passes Playwright storage, backup, dataset, and export tests' succeeded in 189.14 seconds
Run selected ci-tagged tests	UNKNOWN STEP	2026-09-14T22:20:30.1769020Z [2026-09-15 00:20:30 +0200] [89/118] Script 'webui#storage-backup-export' successful in 288.17 seconds
Run selected ci-tagged tests	UNKNOWN STEP	2026-09-14T22:21:58.5926392Z [2026-09-15 00:21:58 +0200] [89/118] Example [1/1] 'webui user namespace browser flow passes Playwright user namespace tests' succeeded in 54.07 seconds
Run selected ci-tagged tests	UNKNOWN STEP	2026-09-14T22:21:58.5930033Z [2026-09-15 00:21:58 +0200] [89/118] Script 'webui#userns' successful in 88.42 seconds
Run selected ci-tagged tests	UNKNOWN STEP	2026-09-14T22:23:30.9956896Z [2026-09-15 00:23:30 +0200] [89/118] Example [1/1] 'webui read-only navigation browser flow passes Playwright read-only navigation tests' succeeded in 57.6 seconds
Run selected ci-tagged tests	UNKNOWN STEP	2026-09-14T22:23:30.9960984Z [2026-09-15 00:23:30 +0200] [89/118] Script 'webui#navigation-readonly' successful in 92.4 seconds
Run selected ci-tagged tests	UNKNOWN STEP	2026-09-14T22:23:50.3949067Z [2026-09-15 00:23:50 +0200] Status: passing; 117 succeeded as expected, 0 failed as expected, 0 unexpectedly failed, 0 unexpectedly succeeded; 1 running, 0 remaining
Run selected ci-tagged tests	UNKNOWN STEP	2026-09-14T22:26:33.0197928Z [2026-09-15 00:26:33 +0200] [89/118] Example [1/1] 'webui auth browser flow passes Playwright auth tests' succeeded in 147.78 seconds
Run selected ci-tagged tests	UNKNOWN STEP	2026-09-14T22:26:33.0201965Z [2026-09-15 00:26:33 +0200] [89/118] Script 'webui#auth' successful in 182.02 seconds
Run selected ci-tagged tests	UNKNOWN STEP	2026-09-14T22:28:50.3961008Z [2026-09-15 00:28:50 +0200] Status: passing; 117 succeeded as expected, 0 failed as expected, 0 unexpectedly failed, 0 unexpectedly succeeded; 1 running, 0 remaining
Run selected ci-tagged tests	UNKNOWN STEP	2026-09-14T22:29:11.6498281Z [2026-09-15 00:29:11 +0200] [89/118] Example [1/1] 'webui security advisory browser flow passes Playwright security advisory tests' succeeded in 123.41 seconds
Run selected ci-tagged tests	UNKNOWN STEP	2026-09-14T22:29:11.6502581Z [2026-09-15 00:29:11 +0200] [89/118] Script 'webui#security-advisories' successful in 158.63 seconds
Run selected ci-tagged tests	UNKNOWN STEP	2026-09-14T22:30:57.8878115Z [2026-09-15 00:30:57 +0200] [89/118] Example [1/1] 'webui miscellaneous page browser flow passes Playwright miscellaneous page tests' succeeded in 71.26 seconds
Run selected ci-tagged tests	UNKNOWN STEP	2026-09-14T22:30:57.8882464Z [2026-09-15 00:30:57 +0200] [89/118] Script 'webui#misc-pages' successful in 106.24 seconds
Run selected ci-tagged tests	UNKNOWN STEP	2026-09-14T22:33:50.3975188Z [2026-09-15 00:33:50 +0200] Status: passing; 117 succeeded as expected, 0 failed as expected, 0 unexpectedly failed, 0 unexpectedly succeeded; 1 running, 0 remaining
Run selected ci-tagged tests	UNKNOWN STEP	2026-09-14T22:38:50.3986786Z [2026-09-15 00:38:50 +0200] Status: passing; 117 succeeded as expected, 0 failed as expected, 0 unexpectedly failed, 0 unexpectedly succeeded; 1 running, 0 remaining
Run selected ci-tagged tests	UNKNOWN STEP	2026-09-14T22:43:50.3995940Z [2026-09-15 00:43:50 +0200] Status: passing; 117 succeeded as expected, 0 failed as expected, 0 unexpectedly failed, 0 unexpectedly succeeded; 1 running, 0 remaining
Run selected ci-tagged tests	UNKNOWN STEP	2026-09-14T22:46:55.4227236Z [2026-09-15 00:46:55 +0200] [89/118] Example [1/1] 'webui admin VPS core browser flow passes Playwright admin VPS core tests' succeeded in 922.61 seconds
Run selected ci-tagged tests	UNKNOWN STEP	2026-09-14T22:46:55.4231093Z [2026-09-15 00:46:55 +0200] [89/118] Script 'webui#vps-admin-core' successful in 957.54 seconds
Run selected ci-tagged tests	UNKNOWN STEP	2026-09-14T22:48:50.4003054Z [2026-09-15 00:48:50 +0200] Status: passing; 117 succeeded as expected, 0 failed as expected, 0 unexpectedly failed, 0 unexpectedly succeeded; 1 running, 0 remaining
Run selected ci-tagged tests	UNKNOWN STEP	2026-09-14T22:49:56.9538668Z [2026-09-15 00:49:56 +0200] [89/118] Example [1/1] 'webui user self-service browser flow passes Playwright user self-service tests' succeeded in 147.34 seconds
Run selected ci-tagged tests	UNKNOWN STEP	2026-09-14T22:49:56.9542577Z [2026-09-15 00:49:56 +0200] [89/118] Script 'webui#users-self-service' successful in 181.53 seconds
Run selected ci-tagged tests	UNKNOWN STEP	2026-09-14T22:51:33.4434942Z [2026-09-15 00:51:33 +0200] [89/118] Example [1/1] 'webui transactions browser flow passes Playwright transaction tests' succeeded in 62.03 seconds
Run selected ci-tagged tests	UNKNOWN STEP	2026-09-14T22:51:33.4437939Z [2026-09-15 00:51:33 +0200] [89/118] Script 'webui#transactions' successful in 96.49 seconds
Run selected ci-tagged tests	UNKNOWN STEP	2026-09-14T22:53:50.4012563Z [2026-09-15 00:53:50 +0200] Status: passing; 117 succeeded as expected, 0 failed as expected, 0 unexpectedly failed, 0 unexpectedly succeeded; 1 running, 0 remaining
Run selected ci-tagged tests	UNKNOWN STEP	2026-09-14T22:54:19.7785279Z [2026-09-15 00:54:19 +0200] [89/118] Example [1/1] 'webui admin member management browser flow passes Playwright admin member management tests' succeeded in 132.35 seconds
Run selected ci-tagged tests	UNKNOWN STEP	2026-09-14T22:54:19.7791300Z [2026-09-15 00:54:19 +0200] [89/118] Script 'webui#users-admin' successful in 166.33 seconds
Run selected ci-tagged tests	UNKNOWN STEP	2026-09-14T22:58:50.4020692Z [2026-09-15 00:58:50 +0200] Status: passing; 117 succeeded as expected, 0 failed as expected, 0 unexpectedly failed, 0 unexpectedly succeeded; 1 running, 0 remaining
Run selected ci-tagged tests	UNKNOWN STEP	2026-09-14T22:59:40.2504389Z [2026-09-15 00:59:40 +0200] [89/118] Test 'webui' successful in 8131.16 seconds
Run selected ci-tagged tests	UNKNOWN STEP	2026-09-14T22:59:40.2511529Z [2026-09-15 00:59:40 +0200] Run 135 test scripts of 118 tests in 17149.92 seconds
Run selected ci-tagged tests	UNKNOWN STEP	2026-09-14T22:59:40.2519815Z [2026-09-15 00:59:40 +0200] 118 tests successful
Run selected ci-tagged tests	UNKNOWN STEP	2026-09-14T22:59:40.2998487Z ##[group]Run vpsfreecz/vpsadminos/.github/actions/evaluate-test-results@staging
Run selected ci-tagged tests	UNKNOWN STEP	2026-09-14T22:59:40.2999346Z with:
Run selected ci-tagged tests	UNKNOWN STEP	2026-09-14T22:59:40.2999779Z   log-file: /tmp/os-test-runner-19884793-34877084413-1/test.log
Run selected ci-tagged tests	UNKNOWN STEP	2026-09-14T22:59:40.3000332Z env:
Run selected ci-tagged tests	UNKNOWN STEP	2026-09-14T22:59:40.3000765Z   TEST_RUNNER_STATE_DIR: /tmp/os-test-runner-19884793-34877084413-1
Run selected ci-tagged tests	UNKNOWN STEP	2026-09-14T22:59:40.3001322Z ##[endgroup]
Run selected ci-tagged tests	UNKNOWN STEP	2026-09-14T22:59:40.3030070Z ##[start-action display=Run set -euo pipefail;id=__vpsfreecz_vpsadminos.evaluate]
Run selected ci-tagged tests	UNKNOWN STEP	2026-09-14T22:59:40.3049330Z ##[group]Run set -euo pipefail
Run selected ci-tagged tests	UNKNOWN STEP	2026-09-14T22:59:40.3049799Z ^[[36;1mset -euo pipefail^[[0m
Run selected ci-tagged tests	UNKNOWN STEP	2026-09-14T22:59:40.3050141Z ^[[36;1m^[[0m
Run selected ci-tagged tests	UNKNOWN STEP	2026-09-14T22:59:40.3050575Z ^[[36;1mlog_file="/tmp/os-test-runner-19884793-34877084413-1/test.log"^[[0m
Run selected ci-tagged tests	UNKNOWN STEP	2026-09-14T22:59:40.3051114Z ^[[36;1m^[[0m
Run selected ci-tagged tests	UNKNOWN STEP	2026-09-14T22:59:40.3051422Z ^[[36;1mif [ ! -f "$log_file" ]; then^[[0m
Run selected ci-tagged tests	UNKNOWN STEP	2026-09-14T22:59:40.3051884Z ^[[36;1m  echo "::error::Test log '$log_file' not found"^[[0m
Run selected ci-tagged tests	UNKNOWN STEP	2026-09-14T22:59:40.3052389Z ^[[36;1m  exit 1^[[0m
Run selected ci-tagged tests	UNKNOWN STEP	2026-09-14T22:59:40.3052679Z ^[[36;1mfi^[[0m
Run selected ci-tagged tests	UNKNOWN STEP	2026-09-14T22:59:40.3052946Z ^[[36;1m^[[0m
Run selected ci-tagged tests	UNKNOWN STEP	2026-09-14T22:59:40.3053418Z ^[[36;1m# Disable pipefail while grepping so missing matches do not fail the step^[[0m
Run selected ci-tagged tests	UNKNOWN STEP	2026-09-14T22:59:40.3054042Z ^[[36;1mset +o pipefail^[[0m
Run selected ci-tagged tests	UNKNOWN STEP	2026-09-14T22:59:40.3054615Z ^[[36;1mEXPECTED_SUCCESSFUL=$(grep -oP "\d+ tests successful" "$log_file" | cut -f1 -d ' ')^[[0m
Run selected ci-tagged tests	UNKNOWN STEP	2026-09-14T22:59:40.3055493Z ^[[36;1mEXPECTED_FAILED=$(grep -oP "\d+ tests failed as expected" "$log_file" | cut -f1 -d ' ')^[[0m
Run selected ci-tagged tests	UNKNOWN STEP	2026-09-14T22:59:40.3056412Z ^[[36;1mUNEXPECTED_FAILED=$(grep -oP "\d+ tests should have succeeded" "$log_file" | cut -f1 -d ' ')^[[0m
Run selected ci-tagged tests	UNKNOWN STEP	2026-09-14T22:59:40.3057583Z ^[[36;1mUNEXPECTED_SUCCESSFUL=$(grep -oP "\d+ tests should have failed" "$log_file" | cut -f1 -d ' ')^[[0m
Run selected ci-tagged tests	UNKNOWN STEP	2026-09-14T22:59:40.3058265Z ^[[36;1mset -o pipefail^[[0m
Run selected ci-tagged tests	UNKNOWN STEP	2026-09-14T22:59:40.3058593Z ^[[36;1m^[[0m
Run selected ci-tagged tests	UNKNOWN STEP	2026-09-14T22:59:40.3059071Z ^[[36;1mecho "expected_successful=${EXPECTED_SUCCESSFUL:-0}" >>"$GITHUB_OUTPUT"^[[0m
Run selected ci-tagged tests	UNKNOWN STEP	2026-09-14T22:59:40.3059889Z ^[[36;1mecho "expected_failed=${EXPECTED_FAILED:-0}" >>"$GITHUB_OUTPUT"^[[0m
Run selected ci-tagged tests	UNKNOWN STEP	2026-09-14T22:59:40.3060602Z ^[[36;1mecho "unexpected_failed=${UNEXPECTED_FAILED:-0}" >>"$GITHUB_OUTPUT"^[[0m
Run selected ci-tagged tests	UNKNOWN STEP	2026-09-14T22:59:40.3061377Z ^[[36;1mecho "unexpected_successful=${UNEXPECTED_SUCCESSFUL:-0}" >>"$GITHUB_OUTPUT"^[[0m
Run selected ci-tagged tests	UNKNOWN STEP	2026-09-14T22:59:40.3061980Z ^[[36;1m^[[0m
Run selected ci-tagged tests	UNKNOWN STEP	2026-09-14T22:59:40.3062259Z ^[[36;1m{^[[0m
Run selected ci-tagged tests	UNKNOWN STEP	2026-09-14T22:59:40.3062546Z ^[[36;1m  echo '### Test summary'^[[0m
Run selected ci-tagged tests	UNKNOWN STEP	2026-09-14T22:59:40.3062912Z ^[[36;1m  echo ""^[[0m
Run selected ci-tagged tests	UNKNOWN STEP	2026-09-14T22:59:40.3063230Z ^[[36;1m  echo "| Result | Count |"^[[0m
Run selected ci-tagged tests	UNKNOWN STEP	2026-09-14T22:59:40.3063615Z ^[[36;1m  echo "|--------|-------|"^[[0m
Run selected ci-tagged tests	UNKNOWN STEP	2026-09-14T22:59:40.3064231Z ^[[36;1m  echo "| ✅ Successful (expected) | ${EXPECTED_SUCCESSFUL:-0} |"^[[0m
Run selected ci-tagged tests	UNKNOWN STEP	2026-09-14T22:59:40.3064958Z ^[[36;1m  echo "| ⚠️ Failed (expected) | ${EXPECTED_FAILED:-0} |"^[[0m
Run selected ci-tagged tests	UNKNOWN STEP	2026-09-14T22:59:40.3065650Z ^[[36;1m  echo "| ❌ Failed (unexpected) | ${UNEXPECTED_FAILED:-0} |"^[[0m
Run selected ci-tagged tests	UNKNOWN STEP	2026-09-14T22:59:40.3080678Z ^[[36;1m  echo "| ❌ Successful (unexpected) | ${UNEXPECTED_SUCCESSFUL:-0} |"^[[0m
Run selected ci-tagged tests	UNKNOWN STEP	2026-09-14T22:59:40.3081261Z ^[[36;1m  echo ""^[[0m
Run selected ci-tagged tests	UNKNOWN STEP	2026-09-14T22:59:40.3081594Z ^[[36;1m} >>"$GITHUB_STEP_SUMMARY"^[[0m
Run selected ci-tagged tests	UNKNOWN STEP	2026-09-14T22:59:40.3081967Z ^[[36;1m^[[0m
Run selected ci-tagged tests	UNKNOWN STEP	2026-09-14T22:59:40.3082476Z ^[[36;1mif [ "${UNEXPECTED_FAILED:-0}" -gt 0 ] || [ "${UNEXPECTED_SUCCESSFUL:-0}" -gt 0 ]; then^[[0m
Run selected ci-tagged tests	UNKNOWN STEP	2026-09-14T22:59:40.3085904Z ^[[36;1m  echo "::error::${UNEXPECTED_FAILED:-0} tests unexpectedly failed, ${UNEXPECTED_SUCCESSFUL:-0} tests unexpectedly succeeded"^[[0m
Run selected ci-tagged tests	UNKNOWN STEP	2026-09-14T22:59:40.3086747Z ^[[36;1m  exit 1^[[0m
Run selected ci-tagged tests	UNKNOWN STEP	2026-09-14T22:59:40.3087037Z ^[[36;1mfi^[[0m
Run selected ci-tagged tests	UNKNOWN STEP	2026-09-14T22:59:40.3091740Z shell: /nix/store/pkf547jp8a92k4wmxikkyby58w10pysr-bash-interactive-5.3p9/bin/bash --noprofile --norc -e -o pipefail {0}
Run selected ci-tagged tests	UNKNOWN STEP	2026-09-14T22:59:40.3092592Z env:
Run selected ci-tagged tests	UNKNOWN STEP	2026-09-14T22:59:40.3092998Z   TEST_RUNNER_STATE_DIR: /tmp/os-test-runner-19884793-34877084413-1
Run selected ci-tagged tests	UNKNOWN STEP	2026-09-14T22:59:40.3093510Z ##[endgroup]
Run selected ci-tagged tests	UNKNOWN STEP	2026-09-14T22:59:40.3683053Z ##[end-action id=__vpsfreecz_vpsadminos.evaluate;outcome=success;conclusion=success;duration_ms=64]
Run selected ci-tagged tests	UNKNOWN STEP	2026-09-14T22:59:40.3814746Z ##[group]Run vpsfreecz/vpsadminos/.github/actions/summarise-test-logs@staging
Run selected ci-tagged tests	UNKNOWN STEP	2026-09-14T22:59:40.3815703Z with:
Run selected ci-tagged tests	UNKNOWN STEP	2026-09-14T22:59:40.3816255Z   logs-root: /tmp/os-test-runner-19884793-34877084413-1
Run selected ci-tagged tests	UNKNOWN STEP	2026-09-14T22:59:40.3816988Z   tail-lines: 200
Run selected ci-tagged tests	UNKNOWN STEP	2026-09-14T22:59:40.3817446Z   max-bytes: 921600
Run selected ci-tagged tests	UNKNOWN STEP	2026-09-14T22:59:40.3817883Z env:
Run selected ci-tagged tests	UNKNOWN STEP	2026-09-14T22:59:40.3818510Z   TEST_RUNNER_STATE_DIR: /tmp/os-test-runner-19884793-34877084413-1
Run selected ci-tagged tests	UNKNOWN STEP	2026-09-14T22:59:40.3819418Z ##[endgroup]
Run selected ci-tagged tests	UNKNOWN STEP	2026-09-14T22:59:40.3826689Z ##[start-action display=Run bash "$GITHUB_ACTION_PATH/summarise-test-logs.bash";id=__vpsfreecz_vpsadminos_2.__run]
Run selected ci-tagged tests	UNKNOWN STEP	2026-09-14T22:59:40.3846269Z ##[group]Run bash "$GITHUB_ACTION_PATH/summarise-test-logs.bash"
Run selected ci-tagged tests	UNKNOWN STEP	2026-09-14T22:59:40.3846956Z ^[[36;1mbash "$GITHUB_ACTION_PATH/summarise-test-logs.bash"^[[0m
Run selected ci-tagged tests	UNKNOWN STEP	2026-09-14T22:59:40.3850526Z shell: /nix/store/pkf547jp8a92k4wmxikkyby58w10pysr-bash-interactive-5.3p9/bin/bash --noprofile --norc -e -o pipefail {0}
Run selected ci-tagged tests	UNKNOWN STEP	2026-09-14T22:59:40.3851390Z env:
Run selected ci-tagged tests	UNKNOWN STEP	2026-09-14T22:59:40.3851850Z   TEST_RUNNER_STATE_DIR: /tmp/os-test-runner-19884793-34877084413-1
Run selected ci-tagged tests	UNKNOWN STEP	2026-09-14T22:59:40.3852458Z   LOGS_ROOT: /tmp/os-test-runner-19884793-34877084413-1
Run selected ci-tagged tests	UNKNOWN STEP	2026-09-14T22:59:40.3852912Z   TAIL_LINES: 200
Run selected ci-tagged tests	UNKNOWN STEP	2026-09-14T22:59:40.3853238Z   MAX_SUMMARY_BYTES: 921600
Run selected ci-tagged tests	UNKNOWN STEP	2026-09-14T22:59:40.3853575Z ##[endgroup]
Run selected ci-tagged tests	UNKNOWN STEP	2026-09-14T22:59:41.3924668Z ##[end-action id=__vpsfreecz_vpsadminos_2.__run;outcome=success;conclusion=success;duration_ms=1009]
Run selected ci-tagged tests	UNKNOWN STEP	2026-09-14T22:59:41.4037850Z ##[group]Run vpsfreecz/vpsadminos/.github/actions/cleanup-test-state@staging
Run selected ci-tagged tests	UNKNOWN STEP	2026-09-14T22:59:41.4038876Z with:
Run selected ci-tagged tests	UNKNOWN STEP	2026-09-14T22:59:41.4039622Z   state-directory: /tmp/os-test-runner-19884793-34877084413-1
Run selected ci-tagged tests	UNKNOWN STEP	2026-09-14T22:59:41.4040491Z   prepare-outcome: success
Run selected ci-tagged tests	UNKNOWN STEP	2026-09-14T22:59:41.4041070Z   test-outcome: success
Run selected ci-tagged tests	UNKNOWN STEP	2026-09-14T22:59:41.4041599Z   upload-outcome: skipped
Run selected ci-tagged tests	UNKNOWN STEP	2026-09-14T22:59:41.4042120Z env:
Run selected ci-tagged tests	UNKNOWN STEP	2026-09-14T22:59:41.4042753Z   TEST_RUNNER_STATE_DIR: /tmp/os-test-runner-19884793-34877084413-1
Run selected ci-tagged tests	UNKNOWN STEP	2026-09-14T22:59:41.4043588Z ##[endgroup]
Run selected ci-tagged tests	UNKNOWN STEP	2026-09-14T22:59:41.4052351Z ##[start-action display=Run bash "$GITHUB_ACTION_PATH/cleanup-test-state.bash";id=__vpsfreecz_vpsadminos_3.__run]
Run selected ci-tagged tests	UNKNOWN STEP	2026-09-14T22:59:41.4079933Z ##[group]Run bash "$GITHUB_ACTION_PATH/cleanup-test-state.bash"
Run selected ci-tagged tests	UNKNOWN STEP	2026-09-14T22:59:41.4081014Z ^[[36;1mbash "$GITHUB_ACTION_PATH/cleanup-test-state.bash"^[[0m
Run selected ci-tagged tests	UNKNOWN STEP	2026-09-14T22:59:41.4086098Z shell: /nix/store/pkf547jp8a92k4wmxikkyby58w10pysr-bash-interactive-5.3p9/bin/bash --noprofile --norc -e -o pipefail {0}
Run selected ci-tagged tests	UNKNOWN STEP	2026-09-14T22:59:41.4087503Z env:
Run selected ci-tagged tests	UNKNOWN STEP	2026-09-14T22:59:41.4088153Z   TEST_RUNNER_STATE_DIR: /tmp/os-test-runner-19884793-34877084413-1
Run selected ci-tagged tests	UNKNOWN STEP	2026-09-14T22:59:41.4089321Z   TEST_STATE_DIRECTORY: /tmp/os-test-runner-19884793-34877084413-1
Run selected ci-tagged tests	UNKNOWN STEP	2026-09-14T22:59:41.4090180Z   TEST_STATE_PREPARE_OUTCOME: success
Run selected ci-tagged tests	UNKNOWN STEP	2026-09-14T22:59:41.4090864Z   TEST_STATE_TEST_OUTCOME: success
Run selected ci-tagged tests	UNKNOWN STEP	2026-09-14T22:59:41.4091542Z   TEST_STATE_UPLOAD_OUTCOME: skipped
Run selected ci-tagged tests	UNKNOWN STEP	2026-09-14T22:59:41.4092156Z   TEST_STATE_REPOSITORY_ID: 19884793
Run selected ci-tagged tests	UNKNOWN STEP	2026-09-14T22:59:41.4092829Z   TEST_STATE_RUN_ID: 34877084413
Run selected ci-tagged tests	UNKNOWN STEP	2026-09-14T22:59:41.4093399Z   TEST_STATE_RUN_ATTEMPT: 1
Run selected ci-tagged tests	UNKNOWN STEP	2026-09-14T22:59:41.4093918Z ##[endgroup]
Run selected ci-tagged tests	UNKNOWN STEP	2026-09-14T22:59:41.5501383Z Removed test-runner state directory: /tmp/os-test-runner-19884793-34877084413-1
Run selected ci-tagged tests	UNKNOWN STEP	2026-09-14T22:59:41.5534611Z ##[end-action id=__vpsfreecz_vpsadminos_3.__run;outcome=success;conclusion=success;duration_ms=147]
Run selected ci-tagged tests	UNKNOWN STEP	2026-09-14T22:59:41.5733607Z Post job cleanup.
Run selected ci-tagged tests	UNKNOWN STEP	2026-09-14T22:59:41.6977694Z [command]/nix/store/nly4cml071i82515r89rpdw38z55wjqd-git-2.54.0/bin/git version
Run selected ci-tagged tests	UNKNOWN STEP	2026-09-14T22:59:41.7066645Z git version 2.54.0
Run selected ci-tagged tests	UNKNOWN STEP	2026-09-14T22:59:41.7106950Z Temporarily overriding HOME='/run/github-runner/runner/_temp/54823c96-14d8-40ce-9898-435a92f5b0c1' before making global git config changes
Run selected ci-tagged tests	UNKNOWN STEP	2026-09-14T22:59:41.7111029Z Adding repository directory to the temporary git global config as a safe directory
Run selected ci-tagged tests	UNKNOWN STEP	2026-09-14T22:59:41.7115187Z [command]/nix/store/nly4cml071i82515r89rpdw38z55wjqd-git-2.54.0/bin/git config --global --add safe.directory /run/github-runner/runner/vpsadmin/vpsadmin
Run selected ci-tagged tests	UNKNOWN STEP	2026-09-14T22:59:41.7181393Z Removing SSH command configuration
Run selected ci-tagged tests	UNKNOWN STEP	2026-09-14T22:59:41.7189889Z [command]/nix/store/nly4cml071i82515r89rpdw38z55wjqd-git-2.54.0/bin/git config --local --name-only --get-regexp core\.sshCommand
Run selected ci-tagged tests	UNKNOWN STEP	2026-09-14T22:59:41.7311134Z [command]/nix/store/nly4cml071i82515r89rpdw38z55wjqd-git-2.54.0/bin/git submodule foreach --recursive sh -c "git config --local --name-only --get-regexp 'core\.sshCommand' && git config --local --unset-all 'core.sshCommand' || :"
Run selected ci-tagged tests	UNKNOWN STEP	2026-09-14T22:59:41.8226229Z Removing HTTP extra header
Run selected ci-tagged tests	UNKNOWN STEP	2026-09-14T22:59:41.8238549Z [command]/nix/store/nly4cml071i82515r89rpdw38z55wjqd-git-2.54.0/bin/git config --local --name-only --get-regexp http\.https\:\/\/github\.com\/\.extraheader
Run selected ci-tagged tests	UNKNOWN STEP	2026-09-14T22:59:41.8378520Z [command]/nix/store/nly4cml071i82515r89rpdw38z55wjqd-git-2.54.0/bin/git submodule foreach --recursive sh -c "git config --local --name-only --get-regexp 'http\.https\:\/\/github\.com\/\.extraheader' && git config --local --unset-all 'http.https://github.com/.extraheader' || :"
Run selected ci-tagged tests	UNKNOWN STEP	2026-09-14T22:59:41.9161725Z Removing includeIf entries pointing to credentials config files
Run selected ci-tagged tests	UNKNOWN STEP	2026-09-14T22:59:41.9169827Z [command]/nix/store/nly4cml071i82515r89rpdw38z55wjqd-git-2.54.0/bin/git config --local --name-only --get-regexp ^includeIf\.gitdir:
Run selected ci-tagged tests	UNKNOWN STEP	2026-09-14T22:59:41.9221741Z includeif.gitdir:/run/github-runner/runner/vpsadmin/vpsadmin/.git.path
Run selected ci-tagged tests	UNKNOWN STEP	2026-09-14T22:59:41.9225353Z includeif.gitdir:/run/github-runner/runner/vpsadmin/vpsadmin/.git/worktrees/*.path
Run selected ci-tagged tests	UNKNOWN STEP	2026-09-14T22:59:41.9228345Z includeif.gitdir:/github/workspace/.git.path
Run selected ci-tagged tests	UNKNOWN STEP	2026-09-14T22:59:41.9230774Z includeif.gitdir:/github/workspace/.git/worktrees/*.path
Run selected ci-tagged tests	UNKNOWN STEP	2026-09-14T22:59:41.9235634Z [command]/nix/store/nly4cml071i82515r89rpdw38z55wjqd-git-2.54.0/bin/git config --local --get-all includeif.gitdir:/run/github-runner/runner/vpsadmin/vpsadmin/.git.path
Run selected ci-tagged tests	UNKNOWN STEP	2026-09-14T22:59:41.9263270Z /run/github-runner/runner/_temp/git-credentials-29d4abae-1ac9-4108-b613-68890ca20a14.config
Run selected ci-tagged tests	UNKNOWN STEP	2026-09-14T22:59:41.9278918Z [command]/nix/store/nly4cml071i82515r89rpdw38z55wjqd-git-2.54.0/bin/git config --local --unset includeif.gitdir:/run/github-runner/runner/vpsadmin/vpsadmin/.git.path \/run\/github\-runner\/runner\/_temp\/git\-credentials\-29d4abae\-1ac9\-4108\-b613\-68890ca20a14\.config
Run selected ci-tagged tests	UNKNOWN STEP	2026-09-14T22:59:41.9331862Z [command]/nix/store/nly4cml071i82515r89rpdw38z55wjqd-git-2.54.0/bin/git config --local --get-all includeif.gitdir:/run/github-runner/runner/vpsadmin/vpsadmin/.git/worktrees/*.path
Run selected ci-tagged tests	UNKNOWN STEP	2026-09-14T22:59:41.9356567Z /run/github-runner/runner/_temp/git-credentials-29d4abae-1ac9-4108-b613-68890ca20a14.config
Run selected ci-tagged tests	UNKNOWN STEP	2026-09-14T22:59:41.9368626Z [command]/nix/store/nly4cml071i82515r89rpdw38z55wjqd-git-2.54.0/bin/git config --local --unset includeif.gitdir:/run/github-runner/runner/vpsadmin/vpsadmin/.git/worktrees/*.path \/run\/github\-runner\/runner\/_temp\/git\-credentials\-29d4abae\-1ac9\-4108\-b613\-68890ca20a14\.config
Run selected ci-tagged tests	UNKNOWN STEP	2026-09-14T22:59:41.9427172Z [command]/nix/store/nly4cml071i82515r89rpdw38z55wjqd-git-2.54.0/bin/git config --local --get-all includeif.gitdir:/github/workspace/.git.path
Run selected ci-tagged tests	UNKNOWN STEP	2026-09-14T22:59:41.9451378Z /github/runner_temp/git-credentials-29d4abae-1ac9-4108-b613-68890ca20a14.config
Run selected ci-tagged tests	UNKNOWN STEP	2026-09-14T22:59:41.9465033Z [command]/nix/store/nly4cml071i82515r89rpdw38z55wjqd-git-2.54.0/bin/git config --local --unset includeif.gitdir:/github/workspace/.git.path \/github\/runner_temp\/git\-credentials\-29d4abae\-1ac9\-4108\-b613\-68890ca20a14\.config
Run selected ci-tagged tests	UNKNOWN STEP	2026-09-14T22:59:41.9522691Z [command]/nix/store/nly4cml071i82515r89rpdw38z55wjqd-git-2.54.0/bin/git config --local --get-all includeif.gitdir:/github/workspace/.git/worktrees/*.path
Run selected ci-tagged tests	UNKNOWN STEP	2026-09-14T22:59:41.9554957Z /github/runner_temp/git-credentials-29d4abae-1ac9-4108-b613-68890ca20a14.config
Run selected ci-tagged tests	UNKNOWN STEP	2026-09-14T22:59:41.9566200Z [command]/nix/store/nly4cml071i82515r89rpdw38z55wjqd-git-2.54.0/bin/git config --local --unset includeif.gitdir:/github/workspace/.git/worktrees/*.path \/github\/runner_temp\/git\-credentials\-29d4abae\-1ac9\-4108\-b613\-68890ca20a14\.config
Run selected ci-tagged tests	UNKNOWN STEP	2026-09-14T22:59:41.9636749Z [command]/nix/store/nly4cml071i82515r89rpdw38z55wjqd-git-2.54.0/bin/git submodule foreach --recursive git config --local --show-origin --name-only --get-regexp remote.origin.url
Run selected ci-tagged tests	UNKNOWN STEP	2026-09-14T22:59:42.0445793Z Removing credentials config '/run/github-runner/runner/_temp/git-credentials-29d4abae-1ac9-4108-b613-68890ca20a14.config'
Run selected ci-tagged tests	UNKNOWN STEP	2026-09-14T22:59:42.0713555Z A job completed hook has been configured by the self-hosted runner administrator
Run selected ci-tagged tests	UNKNOWN STEP	2026-09-14T22:59:42.0753400Z ##[group]Run '/nix/store/10h95s0bwjpj3811h99j036bxyrhk9g5-github-runner-job-completed.sh'
Run selected ci-tagged tests	UNKNOWN STEP	2026-09-14T22:59:42.0762303Z shell: /nix/store/pkf547jp8a92k4wmxikkyby58w10pysr-bash-interactive-5.3p9/bin/bash --noprofile --norc -e -o pipefail {0}
Run selected ci-tagged tests	UNKNOWN STEP	2026-09-14T22:59:42.0764895Z ##[endgroup]
Run selected ci-tagged tests	UNKNOWN STEP	2026-09-14T22:59:42.0992949Z Cleared the GitHub runner job marker; Nix garbage collection can resume
Run selected ci-tagged tests	UNKNOWN STEP	2026-09-14T22:59:42.1164831Z Cleaning up orphan processes
