warning: Git tree '/home/aither/workspace/ai/vpsfree.cz/worktrees/2026-09-14-kernel-history-fix/vpsadmin' is dirty
Bundle complete! 30 Gemfile dependencies, 117 gems now installed.
Bundled gems are installed into `./.gems`
Started local MariaDB test database at mysql2://root:root@127.0.0.1:33601/vpsadmin_test?encoding=utf8mb3&collation=utf8mb3_unicode_ci
-- create_table("auth_tokens", {id: {type: :integer, unsigned: true}, charset: "utf8mb3", collation: "utf8mb3_czech_ci", force: :cascade})
   -> 0.0444s
-- create_table("branches", {id: {type: :integer, unsigned: true}, charset: "utf8mb3", collation: "utf8mb3_czech_ci", force: :cascade})
   -> 0.0279s
-- create_table("cluster_resource_package_items", {id: {type: :integer, unsigned: true}, charset: "utf8mb3", collation: "utf8mb3_czech_ci", force: :cascade})
   -> 0.0370s
-- create_table("cluster_resource_packages", {id: {type: :integer, unsigned: true}, charset: "utf8mb3", collation: "utf8mb3_czech_ci", force: :cascade})
   -> 0.0287s
-- create_table("cluster_resource_uses", {id: {type: :integer, unsigned: true}, charset: "utf8mb3", collation: "utf8mb3_czech_ci", force: :cascade})
   -> 0.0383s
-- create_table("cluster_resources", {id: {type: :integer, unsigned: true}, charset: "utf8mb3", collation: "utf8mb3_czech_ci", force: :cascade})
   -> 0.0302s
-- create_table("components", {charset: "utf8mb3", collation: "utf8mb3_czech_ci", force: :cascade})
   -> 0.0245s
-- create_table("dataset_actions", {id: {type: :integer, unsigned: true}, charset: "utf8mb3", collation: "utf8mb3_czech_ci", force: :cascade})
   -> 0.0214s
-- create_table("dataset_expansion_events", {charset: "utf8mb3", collation: "utf8mb3_czech_ci", force: :cascade})
   -> 0.0208s
-- create_table("dataset_expansion_histories", {charset: "utf8mb3", collation: "utf8mb3_czech_ci", force: :cascade})
   -> 0.0226s
-- create_table("dataset_expansions", {charset: "utf8mb3", collation: "utf8mb3_czech_ci", force: :cascade})
   -> 0.0275s
-- create_table("dataset_in_pool_plans", {id: {type: :integer, unsigned: true}, charset: "utf8mb3", collation: "utf8mb3_czech_ci", force: :cascade})
   -> 0.0240s
-- create_table("dataset_in_pools", {id: {type: :integer, unsigned: true}, charset: "utf8mb3", collation: "utf8mb3_czech_ci", force: :cascade})
   -> 0.0287s
-- create_table("dataset_plans", {id: {type: :integer, unsigned: true}, charset: "utf8mb3", collation: "utf8mb3_czech_ci", force: :cascade})
   -> 0.0211s
-- create_table("dataset_properties", {id: {type: :integer, unsigned: true}, charset: "utf8mb3", collation: "utf8mb3_czech_ci", force: :cascade})
   -> 0.0329s
-- create_table("dataset_property_histories", {id: {type: :integer, unsigned: true}, charset: "utf8mb3", collation: "utf8mb3_czech_ci", force: :cascade})
   -> 0.0224s
-- create_table("dataset_trees", {id: {type: :integer, unsigned: true}, charset: "utf8mb3", collation: "utf8mb3_czech_ci", force: :cascade})
   -> 0.0211s
-- create_table("datasets", {id: {type: :integer, unsigned: true}, charset: "utf8mb3", collation: "utf8mb3_czech_ci", force: :cascade})
   -> 0.0315s
-- create_table("default_lifetime_values", {id: {type: :integer, unsigned: true}, charset: "utf8mb3", collation: "utf8mb3_czech_ci", force: :cascade})
   -> 0.0180s
-- create_table("default_object_cluster_resources", {id: {type: :integer, unsigned: true}, charset: "utf8mb3", collation: "utf8mb3_czech_ci", force: :cascade})
   -> 0.0193s
-- create_table("default_user_cluster_resource_packages", {id: {type: :integer, unsigned: true}, charset: "utf8mb3", collation: "utf8mb3_czech_ci", force: :cascade})
   -> 0.0191s
-- create_table("dns_record_logs", {charset: "utf8mb3", collation: "utf8mb3_czech_ci", force: :cascade})
   -> 0.0230s
-- create_table("dns_records", {charset: "utf8mb3", collation: "utf8mb3_czech_ci", force: :cascade})
   -> 0.0507s
-- create_table("dns_resolvers", {id: {type: :integer, unsigned: true}, charset: "utf8mb3", collation: "utf8mb3_czech_ci", force: :cascade})
   -> 0.0206s
-- create_table("dns_server_zone_transfer_logs", {charset: "utf8mb3", collation: "utf8mb3_czech_ci", force: :cascade})
   -> 0.0393s
-- create_table("dns_server_zones", {charset: "utf8mb3", collation: "utf8mb3_czech_ci", force: :cascade})
   -> 0.0388s
-- create_table("dns_servers", {charset: "utf8mb3", collation: "utf8mb3_czech_ci", force: :cascade})
   -> 0.0397s
-- create_table("dns_tsig_keys", {charset: "utf8mb3", collation: "utf8mb3_czech_ci", force: :cascade})
   -> 0.0279s
-- create_table("dns_zone_transfers", {charset: "utf8mb3", collation: "utf8mb3_czech_ci", force: :cascade})
   -> 0.0413s
-- create_table("dns_zones", {charset: "utf8mb3", collation: "utf8mb3_czech_ci", force: :cascade})
   -> 0.0317s
-- create_table("dnssec_records", {charset: "utf8mb3", collation: "utf8mb3_czech_ci", force: :cascade})
   -> 0.0335s
-- create_table("environment_dataset_plans", {id: {type: :integer, unsigned: true}, charset: "utf8mb3", collation: "utf8mb3_czech_ci", force: :cascade})
   -> 0.0208s
-- create_table("environment_user_configs", {id: {type: :integer, unsigned: true}, charset: "utf8mb3", collation: "utf8mb3_czech_ci", force: :cascade})
   -> 0.0312s
-- create_table("environments", {id: {type: :integer, unsigned: true}, charset: "utf8mb3", collation: "utf8mb3_czech_ci", force: :cascade})
   -> 0.0300s
-- create_table("export_hosts", {id: {type: :integer, unsigned: true}, charset: "utf8mb3", collation: "utf8mb3_czech_ci", force: :cascade})
   -> 0.0224s
-- create_table("export_mounts", {charset: "utf8mb3", collation: "utf8mb3_czech_ci", force: :cascade})
   -> 0.0245s
-- create_table("exports", {id: {type: :integer, unsigned: true}, charset: "utf8mb3", collation: "utf8mb3_czech_ci", force: :cascade})
   -> 0.0259s
-- create_table("group_snapshots", {id: {type: :integer, unsigned: true}, charset: "utf8mb3", collation: "utf8mb3_czech_ci", force: :cascade})
   -> 0.0205s
-- create_table("host_ip_addresses", {id: {type: :integer, unsigned: true}, charset: "utf8mb3", collation: "utf8mb3_czech_ci", force: :cascade})
   -> 0.0253s
-- create_table("incident_reports", {charset: "utf8mb3", collation: "utf8mb3_czech_ci", force: :cascade})
   -> 0.0552s
-- create_table("ip_address_assignments", {charset: "utf8mb3", collation: "utf8mb3_czech_ci", force: :cascade})
   -> 0.0392s
-- create_table("ip_addresses", {id: {type: :integer, unsigned: true}, charset: "utf8mb3", collation: "utf8mb3_czech_ci", force: :cascade})
   -> 0.0380s
-- create_table("ip_traffic_monthly_summaries", {id: {type: :integer, unsigned: true}, charset: "utf8mb3", collation: "utf8mb3_czech_ci", force: :cascade})
   -> 0.0428s
-- create_table("languages", {id: {type: :integer, unsigned: true}, charset: "utf8mb3", collation: "utf8mb3_czech_ci", force: :cascade})
   -> 0.0254s
-- create_table("location_networks", {id: {type: :integer, unsigned: true}, charset: "utf8mb3", collation: "utf8mb3_czech_ci", force: :cascade})
   -> 0.0226s
-- create_table("locations", {id: {type: :integer, unsigned: true}, charset: "utf8mb3", collation: "utf8mb3_czech_ci", force: :cascade})
   -> 0.0253s
-- create_table("mail_logs", {id: {type: :integer, unsigned: true}, charset: "utf8mb3", collation: "utf8mb3_czech_ci", force: :cascade})
   -> 0.0309s
-- create_table("mail_recipients", {id: {type: :integer, unsigned: true}, charset: "utf8mb3", collation: "utf8mb3_czech_ci", force: :cascade})
   -> 0.0160s
-- create_table("mail_template_recipients", {id: {type: :integer, unsigned: true}, charset: "utf8mb3", collation: "utf8mb3_czech_ci", force: :cascade})
   -> 0.0216s
-- create_table("mail_template_translations", {id: {type: :integer, unsigned: true}, charset: "utf8mb3", collation: "utf8mb3_czech_ci", force: :cascade})
   -> 0.0197s
-- create_table("mail_templates", {id: {type: :integer, unsigned: true}, charset: "utf8mb3", collation: "utf8mb3_czech_ci", force: :cascade})
   -> 0.0279s
-- create_table("mailbox_handlers", {charset: "utf8mb3", collation: "utf8mb3_czech_ci", force: :cascade})
   -> 0.0165s
-- create_table("mailboxes", {charset: "utf8mb3", collation: "utf8mb3_czech_ci", force: :cascade})
   -> 0.0134s
-- create_table("maintenance_locks", {id: {type: :integer, unsigned: true}, charset: "utf8mb3", collation: "utf8mb3_czech_ci", force: :cascade})
   -> 0.0152s
-- create_table("metrics_access_tokens", {charset: "utf8mb3", collation: "utf8mb3_czech_ci", force: :cascade})
   -> 0.0225s
-- create_table("migration_plans", {id: {type: :integer, unsigned: true}, charset: "utf8mb3", collation: "utf8mb3_czech_ci", force: :cascade})
   -> 0.0171s
-- create_table("mirrors", {id: {type: :integer, unsigned: true}, charset: "utf8mb3", collation: "utf8mb3_czech_ci", force: :cascade})
   -> 0.0179s
-- create_table("mounts", {id: {type: :integer, unsigned: true}, charset: "utf8mb3", collation: "utf8mb3_czech_ci", force: :cascade})
   -> 0.0302s
-- create_table("network_interface_daily_accountings", {primary_key: ["network_interface_id", "user_id", "year", "month", "day"], charset: "utf8mb3", collation: "utf8mb3_czech_ci", force: :cascade})
   -> 0.0390s
-- create_table("network_interface_monitors", {primary_key: "network_interface_id", id: :bigint, default: nil, charset: "utf8mb3", collation: "utf8mb3_czech_ci", force: :cascade})
   -> 0.0159s
-- create_table("network_interface_monthly_accountings", {primary_key: ["network_interface_id", "user_id", "year", "month"], charset: "utf8mb3", collation: "utf8mb3_czech_ci", force: :cascade})
   -> 0.0423s
-- create_table("network_interface_yearly_accountings", {primary_key: ["network_interface_id", "user_id", "year"], charset: "utf8mb3", collation: "utf8mb3_czech_ci", force: :cascade})
   -> 0.0255s
-- create_table("network_interfaces", {id: {type: :integer, unsigned: true}, charset: "utf8mb3", collation: "utf8mb3_czech_ci", force: :cascade})
   -> 0.0311s
-- create_table("networks", {id: {type: :integer, unsigned: true}, charset: "utf8mb3", collation: "utf8mb3_czech_ci", force: :cascade})
   -> 0.0205s
-- create_table("node_current_statuses", {id: {type: :integer, unsigned: true}, charset: "utf8mb3", collation: "utf8mb3_czech_ci", force: :cascade})
   -> 0.0261s
-- create_table("node_ebpf_program_links", {charset: "utf8mb3", collation: "utf8mb3_bin", force: :cascade})
   -> 0.0197s
-- create_table("node_ebpf_program_objects", {charset: "utf8mb3", collation: "utf8mb3_bin", force: :cascade})
   -> 0.0292s
-- create_table("node_ebpf_programs", {charset: "utf8mb3", collation: "utf8mb3_bin", force: :cascade})
   -> 0.0229s
-- create_table("node_kernel_configuration_options", {charset: "utf8mb3", collation: "utf8mb3_bin", force: :cascade})
   -> 0.0212s
-- create_table("node_kernel_configurations", {charset: "utf8mb3", collation: "utf8mb3_bin", force: :cascade})
   -> 0.0402s
-- create_table("node_kernel_livepatch_patches", {charset: "utf8mb3", collation: "utf8mb3_bin", force: :cascade})
   -> 0.0230s
-- create_table("node_kernel_livepatches", {charset: "utf8mb3", collation: "utf8mb3_bin", force: :cascade})
   -> 0.0319s
-- create_table("node_kernel_modules", {charset: "utf8mb3", collation: "utf8mb3_bin", force: :cascade})
   -> 0.0217s
-- create_table("node_kernel_parameters", {charset: "utf8mb3", collation: "utf8mb3_bin", force: :cascade})
   -> 0.0291s
-- create_table("node_kernel_events", {charset: "utf8mb3", collation: "utf8mb3_czech_ci", force: :cascade})
   -> 0.0389s
-- create_table("node_kernel_evidence_errors", {charset: "utf8mb3", collation: "utf8mb3_bin", force: :cascade})
   -> 0.0171s
-- create_table("node_kernel_evidences", {charset: "utf8mb3", collation: "utf8mb3_bin", force: :cascade})
   -> 0.0306s
-- create_table("node_kernel_history_gaps", {charset: "utf8mb3", collation: "utf8mb3_czech_ci", force: :cascade})
   -> 0.0191s
-- create_table("node_kernel_history_states", {charset: "utf8mb3", collation: "utf8mb3_czech_ci", force: :cascade})
   -> 0.0255s
-- create_table("node_software_changes", {charset: "utf8mb3", collation: "utf8mb3_bin", force: :cascade})
   -> 0.0270s
-- create_table("node_software_versions", {charset: "utf8mb3", collation: "utf8mb3_bin", force: :cascade})
   -> 0.0202s
-- create_table("node_sysctl_changes", {charset: "utf8mb3", collation: "utf8mb3_bin", force: :cascade})
   -> 0.0173s
-- create_table("node_sysctls", {charset: "utf8mb3", collation: "utf8mb3_bin", force: :cascade})
   -> 0.0179s
-- create_table("node_statuses", {id: {type: :integer, unsigned: true}, charset: "utf8mb3", collation: "utf8mb3_czech_ci", force: :cascade})
   -> 0.0171s
-- create_table("node_system_history_states", {charset: "utf8mb3", collation: "utf8mb3_czech_ci", force: :cascade})
   -> 0.0158s
-- create_table("node_system_states", {charset: "utf8mb3", collation: "utf8mb3_czech_ci", force: :cascade})
   -> 0.0221s
-- create_table("node_transfer_connections", {charset: "utf8mb3", collation: "utf8mb3_czech_ci", force: :cascade})
   -> 0.0209s
-- create_table("nodes", {id: {type: :integer, unsigned: true}, charset: "utf8mb3", collation: "utf8mb3_czech_ci", force: :cascade})
   -> 0.0205s
-- create_table("oauth2_authorizations", {charset: "utf8mb3", collation: "utf8mb3_czech_ci", force: :cascade})
   -> 0.0332s
-- create_table("oauth2_clients", {charset: "utf8mb3", collation: "utf8mb3_czech_ci", force: :cascade})
   -> 0.0282s
-- create_table("password_change_logs", {charset: "utf8mb3", collation: "utf8mb3_czech_ci", force: :cascade})
   -> 0.0314s
-- create_table("password_event_counters", {charset: "utf8mb3", collation: "utf8mb3_czech_ci", force: :cascade})
   -> 0.0210s
-- create_table("password_recoveries", {charset: "utf8mb3", collation: "utf8mb3_czech_ci", force: :cascade})
   -> 0.0413s
-- create_table("password_recovery_requests", {charset: "utf8mb3", collation: "utf8mb3_czech_ci", force: :cascade})
   -> 0.0266s
-- create_table("password_recovery_submissions", {charset: "utf8mb3", collation: "utf8mb3_czech_ci", force: :cascade})
   -> 0.0314s
-- create_table("object_histories", {id: {type: :integer, unsigned: true}, charset: "utf8mb3", collation: "utf8mb3_czech_ci", force: :cascade})
   -> 0.0331s
-- create_table("object_states", {id: {type: :integer, unsigned: true}, charset: "utf8mb3", collation: "utf8mb3_czech_ci", force: :cascade})
   -> 0.0204s
-- create_table("oom_preventions", {charset: "utf8mb3", collation: "utf8mb3_czech_ci", force: :cascade})
   -> 0.0290s
-- create_table("oom_report_counters", {charset: "utf8mb3", collation: "utf8mb3_czech_ci", force: :cascade})
   -> 0.0230s
-- create_table("oom_report_rules", {charset: "utf8mb3", collation: "utf8mb3_czech_ci", force: :cascade})
   -> 0.0256s
-- create_table("oom_report_stats", {id: {type: :integer, unsigned: true}, charset: "utf8mb3", collation: "utf8mb3_czech_ci", force: :cascade})
   -> 0.0233s
-- create_table("oom_report_tasks", {id: {type: :integer, unsigned: true}, charset: "utf8mb3", collation: "utf8mb3_czech_ci", force: :cascade})
   -> 0.0205s
-- create_table("oom_report_usages", {id: {type: :integer, unsigned: true}, charset: "utf8mb3", collation: "utf8mb3_czech_ci", force: :cascade})
   -> 0.0292s
-- create_table("oom_reports", {id: {type: :integer, unsigned: true}, charset: "utf8mb3", collation: "utf8mb3_czech_ci", force: :cascade})
   -> 0.0298s
-- create_table("os_families", {charset: "utf8mb3", collation: "utf8mb3_czech_ci", force: :cascade})
   -> 0.0238s
-- create_table("os_templates", {id: {type: :integer, unsigned: true}, charset: "utf8mb3", collation: "utf8mb3_czech_ci", force: :cascade})
   -> 0.0294s
-- create_table("pools", {id: {type: :integer, unsigned: true}, charset: "utf8mb3", collation: "utf8mb3_czech_ci", force: :cascade})
   -> 0.0285s
-- create_table("port_reservations", {id: {type: :integer, unsigned: true}, charset: "utf8mb3", collation: "utf8mb3_czech_ci", force: :cascade})
   -> 0.0318s
-- create_table("repeatable_tasks", {id: {type: :integer, unsigned: true}, charset: "utf8mb3", collation: "utf8mb3_czech_ci", force: :cascade})
   -> 0.0167s
-- create_table("resource_locks", {id: {type: :integer, unsigned: true}, charset: "utf8mb3", collation: "utf8mb3_czech_ci", force: :cascade})
   -> 0.0217s
-- create_table("security_advisories", {charset: "utf8mb3", collation: "utf8mb3_czech_ci", force: :cascade})
   -> 0.0342s
-- create_table("security_advisory_cves", {charset: "utf8mb3", collation: "utf8mb3_czech_ci", force: :cascade})
   -> 0.0236s
-- create_table("security_advisory_node_statuses", {charset: "utf8mb3", collation: "utf8mb3_czech_ci", force: :cascade})
   -> 0.0261s
-- create_table("security_advisory_node_status_translations", {charset: "utf8mb3", collation: "utf8mb3_czech_ci", force: :cascade})
   -> 0.0199s
-- create_table("security_advisory_translations", {charset: "utf8mb3", collation: "utf8mb3_czech_ci", force: :cascade})
   -> 0.0220s
-- create_table("security_advisory_updates", {charset: "utf8mb3", collation: "utf8mb3_czech_ci", force: :cascade})
   -> 0.0226s
-- create_table("security_advisory_users", {charset: "utf8mb3", collation: "utf8mb3_czech_ci", force: :cascade})
   -> 0.0250s
-- create_table("security_advisory_vpses", {charset: "utf8mb3", collation: "utf8mb3_czech_ci", force: :cascade})
   -> 0.0313s
-- create_table("single_sign_ons", {charset: "utf8mb3", collation: "utf8mb3_czech_ci", force: :cascade})
   -> 0.0225s
-- create_table("snapshot_downloads", {id: {type: :integer, unsigned: true}, charset: "utf8mb3", collation: "utf8mb3_czech_ci", force: :cascade})
   -> 0.0208s
-- create_table("snapshot_in_pool_clones", {id: {type: :integer, unsigned: true}, charset: "utf8mb3", collation: "utf8mb3_czech_ci", force: :cascade})
   -> 0.0227s
-- create_table("snapshot_in_pool_in_branches", {id: {type: :integer, unsigned: true}, charset: "utf8mb3", collation: "utf8mb3_czech_ci", force: :cascade})
   -> 0.0285s
-- create_table("snapshot_in_pools", {id: {type: :integer, unsigned: true}, charset: "utf8mb3", collation: "utf8mb3_czech_ci", force: :cascade})
   -> 0.0398s
-- create_table("snapshots", {id: {type: :integer, unsigned: true}, charset: "utf8mb3", collation: "utf8mb3_czech_ci", force: :cascade})
   -> 0.0193s
-- create_table("sysconfig", {id: {type: :integer, unsigned: true}, charset: "utf8mb3", collation: "utf8mb3_czech_ci", force: :cascade})
   -> 0.0241s
-- create_table("tokens", {id: {type: :integer, unsigned: true}, charset: "utf8mb3", collation: "utf8mb3_czech_ci", force: :cascade})
   -> 0.0207s
-- create_table("transaction_chain_concerns", {id: {type: :integer, unsigned: true}, charset: "utf8mb3", collation: "utf8mb3_czech_ci", force: :cascade})
   -> 0.0285s
-- create_table("transaction_chains", {id: {type: :integer, unsigned: true}, charset: "utf8mb3", collation: "utf8mb3_czech_ci", force: :cascade})
   -> 0.0305s
-- create_table("transaction_confirmations", {id: {type: :integer, unsigned: true}, charset: "utf8mb3", collation: "utf8mb3_czech_ci", force: :cascade})
   -> 0.0282s
-- create_table("transactions", {id: {type: :integer, unsigned: true}, charset: "utf8mb3", collation: "utf8mb3_czech_ci", force: :cascade})
   -> 0.0298s
-- create_table("user_agents", {id: {type: :integer, unsigned: true}, charset: "utf8mb3", collation: "utf8mb3_czech_ci", force: :cascade})
   -> 0.0249s
-- create_table("user_cluster_resource_packages", {id: {type: :integer, unsigned: true}, charset: "utf8mb3", collation: "utf8mb3_czech_ci", force: :cascade})
   -> 0.0238s
-- create_table("user_cluster_resources", {id: {type: :integer, unsigned: true}, charset: "utf8mb3", collation: "utf8mb3_czech_ci", force: :cascade})
   -> 0.0353s
-- create_table("user_devices", {charset: "utf8mb3", collation: "utf8mb3_czech_ci", force: :cascade})
   -> 0.0258s
-- create_table("user_failed_logins", {id: {type: :integer, unsigned: true}, charset: "utf8mb3", collation: "utf8mb3_czech_ci", force: :cascade})
   -> 0.0326s
-- create_table("user_mail_role_recipients", {id: {type: :integer, unsigned: true}, charset: "utf8mb3", collation: "utf8mb3_czech_ci", force: :cascade})
   -> 0.0276s
-- create_table("user_mail_template_recipients", {id: {type: :integer, unsigned: true}, charset: "utf8mb3", collation: "utf8mb3_czech_ci", force: :cascade})
   -> 0.0202s
-- create_table("user_namespace_blocks", {id: {type: :integer, unsigned: true}, charset: "utf8mb3", collation: "utf8mb3_czech_ci", force: :cascade})
   -> 0.0334s
-- create_table("user_namespace_map_entries", {id: {type: :integer, unsigned: true}, charset: "utf8mb3", collation: "utf8mb3_czech_ci", force: :cascade})
   -> 0.0225s
-- create_table("user_namespace_maps", {id: {type: :integer, unsigned: true}, charset: "utf8mb3", collation: "utf8mb3_czech_ci", force: :cascade})
   -> 0.0285s
-- create_table("user_namespaces", {id: {type: :integer, unsigned: true}, charset: "utf8mb3", collation: "utf8mb3_czech_ci", force: :cascade})
   -> 0.0267s
-- create_table("user_public_keys", {id: {type: :integer, unsigned: true}, charset: "utf8mb3", collation: "utf8mb3_czech_ci", force: :cascade})
   -> 0.0239s
-- create_table("user_sessions", {id: {type: :integer, unsigned: true}, charset: "utf8mb3", collation: "utf8mb3_czech_ci", force: :cascade})
   -> 0.0179s
-- create_table("user_totp_devices", {id: {type: :integer, unsigned: true}, charset: "utf8mb3", collation: "utf8mb3_czech_ci", force: :cascade})
   -> 0.0317s
-- create_table("users", {id: {type: :integer, unsigned: true}, charset: "utf8mb3", collation: "utf8mb3_czech_ci", force: :cascade})
   -> 0.0237s
-- create_table("uuids", {charset: "utf8mb3", collation: "utf8mb3_czech_ci", force: :cascade})
   -> 0.0190s
-- create_table("versions", {id: {type: :integer, unsigned: true}, charset: "utf8mb3", collation: "utf8mb3_czech_ci", force: :cascade})
   -> 0.0225s
-- create_table("vps_consoles", {id: {type: :integer, unsigned: true}, charset: "utf8mb3", collation: "utf8mb3_czech_ci", force: :cascade})
   -> 0.0200s
-- create_table("vps_current_statuses", {id: {type: :integer, unsigned: true}, charset: "utf8mb3", collation: "utf8mb3_czech_ci", force: :cascade})
   -> 0.0229s
-- create_table("vps_features", {id: {type: :integer, unsigned: true}, charset: "utf8mb3", collation: "utf8mb3_czech_ci", force: :cascade})
   -> 0.0214s
-- create_table("vps_maintenance_windows", {id: {type: :integer, unsigned: true}, charset: "utf8mb3", collation: "utf8mb3_czech_ci", force: :cascade})
   -> 0.0266s
-- create_table("vps_migrations", {id: {type: :integer, unsigned: true}, charset: "utf8mb3", collation: "utf8mb3_czech_ci", force: :cascade})
   -> 0.0205s
-- create_table("vps_os_processes", {primary_key: ["vps_id", "state"], charset: "utf8mb3", collation: "utf8mb3_czech_ci", force: :cascade})
   -> 0.0220s
-- create_table("vps_ssh_host_keys", {charset: "utf8mb3", collation: "utf8mb3_czech_ci", force: :cascade})
   -> 0.0213s
-- create_table("vps_statuses", {id: {type: :integer, unsigned: true}, charset: "utf8mb3", collation: "utf8mb3_czech_ci", force: :cascade})
   -> 0.0201s
-- create_table("vps_user_data", {charset: "utf8mb3", collation: "utf8mb3_czech_ci", force: :cascade})
   -> 0.0217s
-- create_table("vpses", {id: {type: :integer, unsigned: true}, charset: "utf8mb3", collation: "utf8mb3_czech_ci", force: :cascade})
   -> 0.0455s
-- create_table("webauthn_challenges", {charset: "utf8mb3", collation: "utf8mb3_czech_ci", force: :cascade})
   -> 0.0235s
-- create_table("webauthn_credentials", {charset: "utf8mb3", collation: "utf8mb3_czech_ci", force: :cascade})
   -> 0.0293s
-- add_foreign_key("node_current_statuses", "node_kernel_evidences", {on_delete: :nullify})
   -> 0.0352s
-- add_foreign_key("node_ebpf_program_links", "node_ebpf_programs", {on_delete: :cascade})
   -> 0.0456s
-- add_foreign_key("node_ebpf_program_objects", "node_ebpf_programs", {on_delete: :cascade})
   -> 0.0378s
-- add_foreign_key("node_ebpf_programs", "node_kernel_evidences", {on_delete: :cascade})
   -> 0.0264s
-- add_foreign_key("node_kernel_configuration_options", "node_kernel_configurations", {on_delete: :cascade})
   -> 0.0255s
-- add_foreign_key("node_kernel_livepatch_patches", "node_kernel_livepatches", {on_delete: :cascade})
   -> 0.0262s
-- add_foreign_key("node_kernel_livepatches", "node_kernel_evidences", {on_delete: :cascade})
   -> 0.0341s
-- add_foreign_key("node_kernel_modules", "node_kernel_evidences", {on_delete: :cascade})
   -> 0.0300s
-- add_foreign_key("node_kernel_parameters", "node_kernel_evidences", {on_delete: :cascade})
   -> 0.0354s
-- add_foreign_key("node_kernel_events", "node_kernel_evidences", {on_delete: :nullify})
   -> 0.0385s
-- add_foreign_key("node_kernel_evidence_errors", "node_kernel_evidences", {on_delete: :cascade})
   -> 0.0361s
-- add_foreign_key("node_kernel_history_gaps", "node_kernel_history_states", {on_delete: :cascade})
   -> 0.0336s
-- add_foreign_key("node_software_changes", "node_kernel_events", {on_delete: :cascade})
   -> 0.0432s
-- add_foreign_key("node_software_versions", "node_kernel_evidences", {on_delete: :cascade})
   -> 0.0334s
-- add_foreign_key("node_sysctl_changes", "node_kernel_events", {on_delete: :cascade})
   -> 0.0277s
-- add_foreign_key("node_sysctls", "node_kernel_evidences", {on_delete: :cascade})
   -> 0.0311s
Run options: exclude {generator: true}

Randomized with seed 10888
== 20170223191015 Setup: migrating ============================================
-- create_table(:outages, {options: "ENGINE=InnoDB", id: :integer})
   -> 0.0103s
-- add_index(:outages, :state, {name: "index_outages_on_state"})
   -> 0.0170s
-- add_index(:outages, :outage_type, {name: "index_outages_on_outage_type"})
   -> 0.0190s
-- add_index(:outages, :planned, {name: "index_outages_on_planned"})
   -> 0.0181s
-- create_table(:outage_entities, {options: "ENGINE=InnoDB", id: :integer})
   -> 0.0217s
-- add_index(:outage_entities, :outage_id, {name: "index_outage_entities_on_outage_id"})
   -> 0.0303s
-- add_index(:outage_entities, :name, {name: "index_outage_entities_on_name"})
   -> 0.0200s
-- add_index(:outage_entities, :row_id, {name: "index_outage_entities_on_row_id"})
   -> 0.0254s
-- add_index(:outage_entities, [:outage_id, :name, :row_id], {unique: true, name: "index_outage_entities_on_outage_id_and_name_and_row_id"})
   -> 0.0232s
-- create_table(:outage_handlers, {options: "ENGINE=InnoDB", id: :integer})
   -> 0.0103s
-- add_index(:outage_handlers, :outage_id, {name: "index_outage_handlers_on_outage_id"})
   -> 0.0281s
-- add_index(:outage_handlers, :user_id, {name: "index_outage_handlers_on_user_id"})
   -> 0.0208s
-- add_index(:outage_handlers, [:outage_id, :user_id], {unique: true, name: "index_outage_handlers_on_outage_id_and_user_id"})
   -> 0.0209s
-- create_table(:outage_updates, {options: "ENGINE=InnoDB", id: :integer})
   -> 0.0109s
-- add_index(:outage_updates, :outage_id, {name: "index_outage_updates_on_outage_id"})
   -> 0.0167s
-- add_index(:outage_updates, :reported_by_id, {name: "index_outage_updates_on_reported_by_id"})
   -> 0.0188s
-- add_index(:outage_updates, :state, {name: "index_outage_updates_on_state"})
   -> 0.0201s
-- add_index(:outage_updates, :outage_type, {name: "index_outage_updates_on_outage_type"})
   -> 0.0237s
-- create_table(:outage_translations, {options: "ENGINE=InnoDB", id: :integer})
   -> 0.0130s
-- add_index(:outage_translations, :outage_id, {name: "index_outage_translations_on_outage_id"})
   -> 0.0178s
-- add_index(:outage_translations, :outage_update_id, {name: "index_outage_translations_on_outage_update_id"})
   -> 0.0267s
-- add_index(:outage_translations, :language_id, {name: "index_outage_translations_on_language_id"})
   -> 0.0227s
-- add_index(:outage_translations, [:outage_id, :language_id], {unique: true, name: "index_outage_translations_on_outage_id_and_language_id"})
   -> 0.0200s
-- add_index(:outage_translations, [:outage_update_id, :language_id], {unique: true, name: "index_outage_translations_on_outage_update_id_and_language_id"})
   -> 0.0205s
-- create_table(:outage_vpses, {options: "ENGINE=InnoDB", id: :integer})
   -> 0.0109s
-- add_index(:outage_vpses, [:outage_id, :vps_id], {unique: true, name: "index_outage_vpses_on_outage_id_and_vps_id"})
   -> 0.0181s
-- add_index(:outage_vpses, :outage_id, {name: "index_outage_vpses_on_outage_id"})
   -> 0.0191s
-- add_index(:outage_vpses, :vps_id, {name: "index_outage_vpses_on_vps_id"})
   -> 0.0186s
-- add_index(:outage_vpses, :user_id, {name: "index_outage_vpses_on_user_id"})
   -> 0.0220s
-- add_index(:outage_vpses, :environment_id, {name: "index_outage_vpses_on_environment_id"})
   -> 0.0232s
-- add_index(:outage_vpses, :location_id, {name: "index_outage_vpses_on_location_id"})
   -> 0.0201s
-- add_index(:outage_vpses, :node_id, {name: "index_outage_vpses_on_node_id"})
   -> 0.0225s
-- create_table(:outage_vps_mounts, {options: "ENGINE=InnoDB", id: :integer})
   -> 0.0123s
-- add_index(:outage_vps_mounts, [:outage_vps_id, :mount_id], {unique: true, name: "index_outage_vps_mounts_on_outage_vps_id_and_mount_id"})
   -> 0.0235s
-- add_index(:outage_vps_mounts, :outage_vps_id, {name: "index_outage_vps_mounts_on_outage_vps_id"})
   -> 0.0210s
-- add_index(:outage_vps_mounts, :mount_id, {name: "index_outage_vps_mounts_on_mount_id"})
   -> 0.0368s
== 20170223191015 Setup: migrated (0.7346s) ===================================

== 20201129113300 AddOutageExports: migrating =================================
-- create_table(:outage_users, {options: "ENGINE=InnoDB", id: :integer})
   -> 0.0105s
-- add_index(:outage_users, [:outage_id, :user_id], {unique: true, name: "index_outage_users_on_outage_id_and_user_id"})
   -> 0.0184s
-- add_index(:outage_users, :outage_id, {name: "index_outage_users_on_outage_id"})
   -> 0.0209s
-- add_index(:outage_users, :user_id, {name: "index_outage_users_on_user_id"})
   -> 0.0190s
-- create_table(:outage_exports, {options: "ENGINE=InnoDB", id: :integer})
   -> 0.0135s
-- add_index(:outage_exports, [:outage_id, :export_id], {unique: true, name: "index_outage_exports_on_outage_id_and_export_id"})
   -> 0.0287s
-- add_index(:outage_exports, :outage_id, {name: "index_outage_exports_on_outage_id"})
   -> 0.0184s
-- add_index(:outage_exports, :export_id, {name: "index_outage_exports_on_export_id"})
   -> 0.0188s
-- add_index(:outage_exports, :user_id, {name: "index_outage_exports_on_user_id"})
   -> 0.0178s
-- add_index(:outage_exports, :environment_id, {name: "index_outage_exports_on_environment_id"})
   -> 0.0180s
-- add_index(:outage_exports, :location_id, {name: "index_outage_exports_on_location_id"})
   -> 0.0146s
-- add_index(:outage_exports, :node_id, {name: "index_outage_exports_on_node_id"})
   -> 0.0166s
== 20201129113300 AddOutageExports: migrated (0.2247s) ========================

== 20240123092400 RemoveVpsOutageMounts: migrating ============================
-- remove_index(:outage_vps_mounts, [:outage_vps_id, :mount_id], {unique: true})
   -> 0.0184s
-- drop_table(:outage_vps_mounts)
   -> 0.0088s
== 20240123092400 RemoveVpsOutageMounts: migrated (0.0277s) ===================

== 20240124093200 AddImpactType: migrating ====================================
-- add_column(:outages, :impact_type, :integer, {null: false, default: 0})
   -> 0.0140s
-- add_index(:outages, :impact_type)
   -> 0.0262s
-- remove_index(:outages, :planned)
   -> 0.0190s
-- remove_column(:outages, :planned, :boolean, {null: false, default: false})
   -> 0.0159s
-- remove_index(:outage_updates, :outage_type)
   -> 0.0209s
-- rename_column(:outage_updates, :outage_type, :impact_type)
   -> 0.0170s
-- add_index(:outage_updates, :impact_type)
   -> 0.0216s
== 20240124093200 AddImpactType: migrated (0.1397s) ===========================

== 20240124185400 AddAutoResolve: migrating ===================================
-- add_column(:outages, :auto_resolve, :boolean, {null: false, default: true})
   -> 0.0248s
== 20240124185400 AddAutoResolve: migrated (0.0252s) ==========================

== 20260601121000 AddOutageSecurityAdvisories: migrating ======================
-- create_table(:outage_security_advisories)
   -> 0.0103s
-- add_index(:outage_security_advisories, [:outage_id, :security_advisory_id], {unique: true, name: "index_osa_on_outage_advisory"})
   -> 0.0178s
-- add_index(:outage_security_advisories, :security_advisory_id)
   -> 0.0165s
== 20260601121000 AddOutageSecurityAdvisories: migrated (0.0456s) =============

== 20170121214350 Setup: migrating ============================================
-- create_table(:incoming_payments, {options: "ENGINE=InnoDB", id: :integer})
   -> 0.0173s
-- add_index(:incoming_payments, :transaction_id, {unique: true, name: "index_incoming_payments_on_transaction_id"})
   -> 0.0314s
-- add_index(:incoming_payments, :vs, {name: "index_incoming_payments_on_vs"})
   -> 0.0211s
-- add_index(:incoming_payments, :ks, {name: "index_incoming_payments_on_ks"})
   -> 0.0212s
-- add_index(:incoming_payments, :ss, {name: "index_incoming_payments_on_ss"})
   -> 0.0210s
-- create_table(:user_accounts, {options: "ENGINE=InnoDB", id: :integer})
   -> 0.0201s
-- add_index(:user_accounts, :user_id, {unique: true, name: "index_user_accounts_on_user_id"})
   -> 0.0308s
-- create_table(:user_payments, {options: "ENGINE=InnoDB", id: :integer})
   -> 0.0252s
-- add_index(:user_payments, :incoming_payment_id, {unique: true, name: "index_user_payments_on_incoming_payment_id"})
   -> 0.0166s
-- add_index(:user_payments, :user_id, {name: "index_user_payments_on_user_id"})
   -> 0.0192s
-- add_index(:user_payments, :accounted_by_id, {name: "index_user_payments_on_accounted_by_id"})
   -> 0.0269s
== 20170121214350 Setup: migrated (0.2566s) ===================================

== 20260706212000 LocalizePaymentInstructionsSysconfig: migrating =============
== 20260706212000 LocalizePaymentInstructionsSysconfig: migrated (0.0079s) ====

== 20260905180000 AddUserPaymentsCreatedAtIndex: migrating ====================
-- add_index(:user_payments, :created_at)
   -> 0.0182s
== 20260905180000 AddUserPaymentsCreatedAtIndex: migrated (0.0185s) ===========

== 20170122083340 Setup: migrating ============================================
-- create_table(:user_requests, {options: "ENGINE=InnoDB", id: :integer})
   -> 0.0212s
-- add_index(:user_requests, :user_id, {name: "index_user_requests_on_user_id"})
   -> 0.0174s
-- add_index(:user_requests, :type, {name: "index_user_requests_on_type"})
   -> 0.0208s
-- add_index(:user_requests, :state, {name: "index_user_requests_on_state"})
   -> 0.0204s
-- add_index(:user_requests, :admin_id, {name: "index_user_requests_on_admin_id"})
   -> 0.0308s
-- table_exists?(:members_changes)
   -> 0.0032s
== 20170122083340 Setup: migrated (0.1161s) ===================================

== 20170908165000 AddAccessToken: migrating ===================================
-- add_column(:user_requests, :access_token, :string, {null: true, limit: 40})
   -> 0.0182s
== 20170908165000 AddAccessToken: migrated (0.0185s) ==========================

== 20201126142500 AddIpMailChecks: migrating ==================================
-- add_column(:user_requests, :ip_checked, :boolean, {null: true})
   -> 0.0181s
-- add_column(:user_requests, :ip_request_id, :string, {limit: 50, null: true})
   -> 0.0156s
-- add_column(:user_requests, :ip_success, :boolean, {null: true})
   -> 0.0147s
-- add_column(:user_requests, :ip_message, :string, {limit: 255, null: true})
   -> 0.0152s
-- add_column(:user_requests, :ip_errors, :text, {null: true})
   -> 0.0153s
-- add_column(:user_requests, :ip_proxy, :boolean, {null: true})
   -> 0.0157s
-- add_column(:user_requests, :ip_crawler, :boolean, {null: true})
   -> 0.0232s
-- add_column(:user_requests, :ip_recent_abuse, :boolean, {null: true})
   -> 0.0237s
-- add_column(:user_requests, :ip_vpn, :boolean, {null: true})
   -> 0.0168s
-- add_column(:user_requests, :ip_tor, :boolean, {null: true})
   -> 0.0161s
-- add_column(:user_requests, :ip_fraud_score, :integer, {null: true})
   -> 0.0160s
-- add_column(:user_requests, :mail_checked, :boolean, {null: true})
   -> 0.0151s
-- add_column(:user_requests, :mail_request_id, :string, {limit: 50, null: true})
   -> 0.0158s
-- add_column(:user_requests, :mail_success, :boolean, {null: true})
   -> 0.0148s
-- add_column(:user_requests, :mail_message, :string, {limit: 255, null: true})
   -> 0.0161s
-- add_column(:user_requests, :mail_errors, :text, {null: true})
   -> 0.0143s
-- add_column(:user_requests, :mail_valid, :boolean, {null: true})
   -> 0.0179s
-- add_column(:user_requests, :mail_disposable, :boolean, {null: true})
   -> 0.0253s
-- add_column(:user_requests, :mail_timed_out, :boolean, {null: true})
   -> 0.0172s
-- add_column(:user_requests, :mail_deliverability, :string, {limit: 20, null: true})
   -> 0.0180s
-- add_column(:user_requests, :mail_catch_all, :boolean, {null: true})
   -> 0.0164s
-- add_column(:user_requests, :mail_leaked, :boolean, {null: true})
   -> 0.0156s
-- add_column(:user_requests, :mail_suspect, :boolean, {null: true})
   -> 0.0156s
-- add_column(:user_requests, :mail_smtp_score, :integer, {null: true})
   -> 0.0217s
-- add_column(:user_requests, :mail_overall_score, :integer, {null: true})
   -> 0.0246s
-- add_column(:user_requests, :mail_fraud_score, :integer, {null: true})
   -> 0.0153s
-- add_column(:user_requests, :mail_dns_valid, :boolean, {null: true})
   -> 0.0165s
-- add_column(:user_requests, :mail_honeypot, :boolean, {null: true})
   -> 0.0151s
-- add_column(:user_requests, :mail_spam_trap_score, :string, {limit: 20, null: true})
   -> 0.0155s
-- add_column(:user_requests, :mail_recent_abuse, :boolean, {null: true})
   -> 0.0153s
-- add_column(:user_requests, :mail_frequent_complainer, :boolean, {null: true})
   -> 0.0240s
== 20201126142500 AddIpMailChecks: migrated (0.5512s) =========================

== 20260606223100 AddUserRequestsTimeZone: migrating ==========================
-- add_column(:user_requests, :time_zone, :string, {null: true})
   -> 0.0165s
== 20260606223100 AddUserRequestsTimeZone: migrated (0.0168s) =================

== 20170408184500 Setup: migrating ============================================
-- create_table(:monitored_events, {options: "ENGINE=InnoDB", id: :integer})
   -> 0.0125s
-- add_index(:monitored_events, :monitor_name, {name: "index_monitored_events_on_monitor_name"})
   -> 0.0175s
-- add_index(:monitored_events, :class_name, {name: "index_monitored_events_on_class_name"})
   -> 0.0204s
-- add_index(:monitored_events, :row_id, {name: "index_monitored_events_on_row_id"})
   -> 0.0209s
-- add_index(:monitored_events, :state, {name: "index_monitored_events_on_state"})
   -> 0.0287s
-- add_index(:monitored_events, :user_id, {name: "index_monitored_events_on_user_id"})
   -> 0.0198s
-- create_table(:monitored_event_states, {options: "ENGINE=InnoDB", id: :integer})
   -> 0.0127s
-- add_index(:monitored_event_states, :monitored_event_id, {name: "index_monitored_event_states_on_monitored_event_id"})
   -> 0.0224s
-- create_table(:monitored_event_logs, {options: "ENGINE=InnoDB", id: :integer})
   -> 0.0129s
-- add_index(:monitored_event_logs, :monitored_event_id, {name: "index_monitored_event_logs_on_monitored_event_id"})
   -> 0.0300s
-- add_index(:monitored_event_logs, :passed, {name: "index_monitored_event_logs_on_passed"})
   -> 0.0274s
== 20170408184500 Setup: migrated (0.2294s) ===================================

== 20230123085900 AddMonitoredEventActionState: migrating =====================
-- add_column(:monitored_events, :action_state, :text, {null: true})
   -> 0.0162s
== 20230123085900 AddMonitoredEventActionState: migrated (0.0165s) ============

== 20231105124400 AddMonitoredEventAlertCount: migrating ======================
-- add_column(:monitored_events, :alert_count, :integer, {null: false, default: 0})
   -> 0.0150s
== 20231105124400 AddMonitoredEventAlertCount: migrated (0.0152s) =============

== 20170201082030 Setup: migrating ============================================
-- create_table(:news_logs, {options: "ENGINE=InnoDB", id: :integer})
   -> 0.0129s
== 20170201082030 Setup: migrated (0.0133s) ===================================

== 20260706210000 LocalizeNewsLogMessages: migrating ==========================
-- create_table(:news_log_translations)
   -> 0.0191s
-- add_index(:news_log_translations, :news_log_id)
   -> 0.0197s
-- add_index(:news_log_translations, :language_id)
   -> 0.0202s
-- add_index(:news_log_translations, [:news_log_id, :language_id], {unique: true, name: "news_log_translation_unique"})
   -> 0.0193s
== 20260706210000 LocalizeNewsLogMessages: migrated (0.0988s) =================

== 20170201093720 Setup: migrating ============================================
-- create_table(:help_boxes, {options: "ENGINE=InnoDB", id: :integer})
   -> 0.0114s
-- add_index(:help_boxes, :page, {name: "index_help_boxes_on_page"})
   -> 0.0226s
-- add_index(:help_boxes, :action, {name: "index_help_boxes_on_action"})
   -> 0.0173s
-- add_index(:help_boxes, [:page, :action], {name: "index_help_boxes_on_page_and_action"})
   -> 0.0196s
== 20170201093720 Setup: migrated (0.0725s) ===================================

== 20260607190000 AddWebuiUserSettings: migrating =============================
-- create_table(:webui_user_settings)
   -> 0.0109s
-- add_index(:webui_user_settings, [:user_id, :namespace, :key], {unique: true, name: "index_webui_user_settings_unique_key"})
   -> 0.0265s
-- add_index(:webui_user_settings, [:user_id, :namespace], {name: "index_webui_user_settings_on_user_namespace"})
   -> 0.0264s
== 20260607190000 AddWebuiUserSettings: migrated (0.0647s) ====================

== 20260706211000 LocalizeWebuiSysconfig: migrating ===========================
== 20260706211000 LocalizeWebuiSysconfig: migrated (0.0298s) ==================


VpsAdmin::API::Operations::Node::RecordKernelEvidence
  bounds a release deferred by transition from the stable event (FAILED - 1)
  records a boot and an observed same-boot livepatch application (FAILED - 2)
  records internal runtime evidence changes without replacing the current kernel event (FAILED - 3)
  records replacement by another stable patch as an observed application (FAILED - 4)
  treats the first complete livepatch state after an unreadable boot as boot state (FAILED - 5)
  shares one immutable evidence snapshot among changes from one report (FAILED - 6)
  does not record an eBPF change when only its verification time advances (FAILED - 7)
  keeps later verification metadata internal without changing application timing (FAILED - 8)
  keeps an unmatched reconstructed boot visible as a distinct reboot (FAILED - 9)
  deletes a matching reconstructed boot when exact identity first arrives (FAILED - 10)
  marks a boot time estimated from uptime as inferred (FAILED - 11)
  records a same-boot system activation as an internal deployment change (FAILED - 12)
  does not remove an effective patch hidden by an old reporter (FAILED - 13)
  groups simultaneous software changes and records the initial baseline (FAILED - 14)
  does not apply a patch until unreadable livepatch state becomes observable (FAILED - 15)
  does not treat a legacy activation marker as the application time (FAILED - 16)
  records added and removed sysctls without a separate policy identity (FAILED - 17)
  uses reported boot time for a later real reboot (FAILED - 18)
  deletes at most one reconstructed boot per reported event (FAILED - 19)
  records reporter evidence for a loaded module with unknown enrichment metadata (FAILED - 20)
  marks a reported boot without a timestamp as incomplete (FAILED - 21)
  does not invent an application event for a patch already stable at boot (FAILED - 22)
  does not remove a patch when livepatch sysfs enumeration is unreadable (FAILED - 23)
  keeps availability and transition changes internal until application completes (FAILED - 24)
  records removal only after a reverse transition completes (FAILED - 25)
  records per-name sysctl values before and after a change (FAILED - 26)
  stable confirmation timestamps
    still uses a complete preceding non-effective report for application completion (FAILED - 27)
    retains confirmation through multiple transitions and a release already changed in transition (FAILED - 28)
    does not confirm an unreadable bootstrap or infer its patch baseline later (FAILED - 29)
    does not move confirmations backward or use a previous observation from the future (FAILED - 30)
    preserves confirmation through unreadable and legacy inventories without confirming a hidden patch (FAILED - 31)
    keeps confirmation on its original boot (FAILED - 32)
    uses the latest confirmation after a long unchanged period for direct removal (FAILED - 33)
    bounds a release-only change before the first transitioning report with that release (FAILED - 34)
    compares runtime semantics while inventory, verification, and deployment change (FAILED - 35)
    retains an upgrade-time confirmation from the supplied previous report (FAILED - 36)

Failures:

  1) VpsAdmin::API::Operations::Node::RecordKernelEvidence bounds a release deferred by transition from the stable event
     Failure/Error:
       ::NodeKernelEvent.create!(
         node:,
         event_type:,
         livepatch_action:,
         source: :node_report,
         confidence:,
         boot_id: kernel.boot_id,
         booted_at: parse_time(kernel.booted_at),
         booted_release: kernel.booted_release,
         reported_release: kernel.reported_release,

     ActiveModel::UnknownAttributeError:
       unknown attribute 'last_confirmed_at' for NodeKernelEvent.
     # ./.gems/ruby/3.4.0/gems/activemodel-8.1.3.1/lib/active_model/attribute_assignment.rb:57:in 'ActiveModel::AttributeAssignment#attribute_writer_missing'
     # ./.gems/ruby/3.4.0/gems/activemodel-8.1.3.1/lib/active_model/attribute_assignment.rb:74:in 'ActiveModel::AttributeAssignment#_assign_attribute'
     # ./.gems/ruby/3.4.0/gems/activerecord-8.1.3.1/lib/active_record/attribute_assignment.rb:17:in 'block in ActiveRecord::AttributeAssignment#_assign_attributes'
     # ./.gems/ruby/3.4.0/gems/activerecord-8.1.3.1/lib/active_record/attribute_assignment.rb:9:in 'Hash#each'
     # ./.gems/ruby/3.4.0/gems/activerecord-8.1.3.1/lib/active_record/attribute_assignment.rb:9:in 'ActiveRecord::AttributeAssignment#_assign_attributes'
     # ./.gems/ruby/3.4.0/gems/activemodel-8.1.3.1/lib/active_model/attribute_assignment.rb:34:in 'ActiveModel::AttributeAssignment#assign_attributes'
     # ./.gems/ruby/3.4.0/gems/activemodel-8.1.3.1/lib/active_model/api.rb:81:in 'ActiveModel::API#initialize'
     # ./.gems/ruby/3.4.0/gems/activerecord-8.1.3.1/lib/active_record/core.rb:479:in 'ActiveRecord::Core#initialize'
     # ./.gems/ruby/3.4.0/gems/activerecord-8.1.3.1/lib/active_record/inheritance.rb:76:in 'Class#new'
     # ./.gems/ruby/3.4.0/gems/activerecord-8.1.3.1/lib/active_record/inheritance.rb:76:in 'ActiveRecord::Inheritance::ClassMethods#new'
     # ./.gems/ruby/3.4.0/gems/activerecord-8.1.3.1/lib/active_record/persistence.rb:54:in 'ActiveRecord::Persistence::ClassMethods#create!'
     # ./lib/vpsadmin/api/operations/node/record_kernel_evidence.rb:388:in 'VpsAdmin::API::Operations::Node::RecordKernelEvidence#create_event!'
     # ./lib/vpsadmin/api/operations/node/record_kernel_evidence.rb:24:in 'block in VpsAdmin::API::Operations::Node::RecordKernelEvidence#run'
     # ./.gems/ruby/3.4.0/gems/activerecord-8.1.3.1/lib/active_record/locking/pessimistic.rb:102:in 'block in ActiveRecord::Locking::Pessimistic#with_lock'
     # ./.gems/ruby/3.4.0/gems/activerecord-8.1.3.1/lib/active_record/connection_adapters/abstract/database_statements.rb:376:in 'ActiveRecord::ConnectionAdapters::DatabaseStatements#transaction'
     # ./.gems/ruby/3.4.0/gems/activerecord-8.1.3.1/lib/active_record/transactions.rb:234:in 'block (2 levels) in ActiveRecord::Transactions::ClassMethods#transaction'
     # ./.gems/ruby/3.4.0/gems/activerecord-8.1.3.1/lib/active_record/connection_adapters/abstract/connection_pool.rb:485:in 'ActiveRecord::ConnectionAdapters::ConnectionPool#with_pool_transaction_isolation_level'
     # ./.gems/ruby/3.4.0/gems/activerecord-8.1.3.1/lib/active_record/transactions.rb:233:in 'block in ActiveRecord::Transactions::ClassMethods#transaction'
     # ./.gems/ruby/3.4.0/gems/activerecord-8.1.3.1/lib/active_record/connection_adapters/abstract/connection_pool.rb:457:in 'ActiveRecord::ConnectionAdapters::ConnectionPool#with_connection'
     # ./.gems/ruby/3.4.0/gems/activerecord-8.1.3.1/lib/active_record/connection_handling.rb:313:in 'ActiveRecord::ConnectionHandling#with_connection'
     # ./.gems/ruby/3.4.0/gems/activerecord-8.1.3.1/lib/active_record/transactions.rb:232:in 'ActiveRecord::Transactions::ClassMethods#transaction'
     # ./.gems/ruby/3.4.0/gems/activerecord-8.1.3.1/lib/active_record/transactions.rb:373:in 'ActiveRecord::Transactions#transaction'
     # ./.gems/ruby/3.4.0/gems/activerecord-8.1.3.1/lib/active_record/locking/pessimistic.rb:100:in 'ActiveRecord::Locking::Pessimistic#with_lock'
     # ./lib/vpsadmin/api/operations/node/record_kernel_evidence.rb:21:in 'VpsAdmin::API::Operations::Node::RecordKernelEvidence#run'
     # ./lib/vpsadmin/api/operations/base.rb:5:in 'VpsAdmin::API::Operations::Base.run'
     # ./spec/models/operations/node/record_kernel_evidence_spec.rb:539:in 'block (2 levels) in <top (required)>'
     # ./spec/spec_helper.rb:25:in 'block (3 levels) in <top (required)>'
     # ./.gems/ruby/3.4.0/gems/activerecord-8.1.3.1/lib/active_record/connection_adapters/abstract/transaction.rb:648:in 'block in ActiveRecord::ConnectionAdapters::TransactionManager#within_new_transaction'
     # ./.gems/ruby/3.4.0/gems/activesupport-8.1.3.1/lib/active_support/concurrency/null_lock.rb:9:in 'ActiveSupport::Concurrency::NullLock#synchronize'
     # ./.gems/ruby/3.4.0/gems/activerecord-8.1.3.1/lib/active_record/connection_adapters/abstract/transaction.rb:645:in 'ActiveRecord::ConnectionAdapters::TransactionManager#within_new_transaction'
     # ./.gems/ruby/3.4.0/gems/activerecord-8.1.3.1/lib/active_record/connection_adapters/abstract/database_statements.rb:386:in 'ActiveRecord::ConnectionAdapters::DatabaseStatements#within_new_transaction'
     # ./.gems/ruby/3.4.0/gems/activerecord-8.1.3.1/lib/active_record/connection_adapters/abstract/database_statements.rb:378:in 'ActiveRecord::ConnectionAdapters::DatabaseStatements#transaction'
     # ./.gems/ruby/3.4.0/gems/activerecord-8.1.3.1/lib/active_record/transactions.rb:234:in 'block (2 levels) in ActiveRecord::Transactions::ClassMethods#transaction'
     # ./.gems/ruby/3.4.0/gems/activerecord-8.1.3.1/lib/active_record/connection_adapters/abstract/connection_pool.rb:485:in 'ActiveRecord::ConnectionAdapters::ConnectionPool#with_pool_transaction_isolation_level'
     # ./.gems/ruby/3.4.0/gems/activerecord-8.1.3.1/lib/active_record/transactions.rb:233:in 'block in ActiveRecord::Transactions::ClassMethods#transaction'
     # ./.gems/ruby/3.4.0/gems/activerecord-8.1.3.1/lib/active_record/connection_adapters/abstract/connection_pool.rb:457:in 'ActiveRecord::ConnectionAdapters::ConnectionPool#with_connection'
     # ./.gems/ruby/3.4.0/gems/activerecord-8.1.3.1/lib/active_record/connection_handling.rb:313:in 'ActiveRecord::ConnectionHandling#with_connection'
     # ./.gems/ruby/3.4.0/gems/activerecord-8.1.3.1/lib/active_record/transactions.rb:232:in 'ActiveRecord::Transactions::ClassMethods#transaction'
     # ./spec/spec_helper.rb:24:in 'block (2 levels) in <top (required)>'
     # ------------------
     # --- Caused by: ---
     # NoMethodError:
     #   undefined method 'last_confirmed_at=' for an instance of NodeKernelEvent
     #   ./.gems/ruby/3.4.0/gems/activemodel-8.1.3.1/lib/active_model/attribute_methods.rb:512:in 'ActiveModel::AttributeMethods#method_missing'

  2) VpsAdmin::API::Operations::Node::RecordKernelEvidence records a boot and an observed same-boot livepatch application
     Failure/Error:
       ::NodeKernelEvent.create!(
         node:,
         event_type:,
         livepatch_action:,
         source: :node_report,
         confidence:,
         boot_id: kernel.boot_id,
         booted_at: parse_time(kernel.booted_at),
         booted_release: kernel.booted_release,
         reported_release: kernel.reported_release,

     ActiveModel::UnknownAttributeError:
       unknown attribute 'last_confirmed_at' for NodeKernelEvent.
     # ./.gems/ruby/3.4.0/gems/activemodel-8.1.3.1/lib/active_model/attribute_assignment.rb:57:in 'ActiveModel::AttributeAssignment#attribute_writer_missing'
     # ./.gems/ruby/3.4.0/gems/activemodel-8.1.3.1/lib/active_model/attribute_assignment.rb:74:in 'ActiveModel::AttributeAssignment#_assign_attribute'
     # ./.gems/ruby/3.4.0/gems/activerecord-8.1.3.1/lib/active_record/attribute_assignment.rb:17:in 'block in ActiveRecord::AttributeAssignment#_assign_attributes'
     # ./.gems/ruby/3.4.0/gems/activerecord-8.1.3.1/lib/active_record/attribute_assignment.rb:9:in 'Hash#each'
     # ./.gems/ruby/3.4.0/gems/activerecord-8.1.3.1/lib/active_record/attribute_assignment.rb:9:in 'ActiveRecord::AttributeAssignment#_assign_attributes'
     # ./.gems/ruby/3.4.0/gems/activemodel-8.1.3.1/lib/active_model/attribute_assignment.rb:34:in 'ActiveModel::AttributeAssignment#assign_attributes'
     # ./.gems/ruby/3.4.0/gems/activemodel-8.1.3.1/lib/active_model/api.rb:81:in 'ActiveModel::API#initialize'
     # ./.gems/ruby/3.4.0/gems/activerecord-8.1.3.1/lib/active_record/core.rb:479:in 'ActiveRecord::Core#initialize'
     # ./.gems/ruby/3.4.0/gems/activerecord-8.1.3.1/lib/active_record/inheritance.rb:76:in 'Class#new'
     # ./.gems/ruby/3.4.0/gems/activerecord-8.1.3.1/lib/active_record/inheritance.rb:76:in 'ActiveRecord::Inheritance::ClassMethods#new'
     # ./.gems/ruby/3.4.0/gems/activerecord-8.1.3.1/lib/active_record/persistence.rb:54:in 'ActiveRecord::Persistence::ClassMethods#create!'
     # ./lib/vpsadmin/api/operations/node/record_kernel_evidence.rb:388:in 'VpsAdmin::API::Operations::Node::RecordKernelEvidence#create_event!'
     # ./lib/vpsadmin/api/operations/node/record_kernel_evidence.rb:24:in 'block in VpsAdmin::API::Operations::Node::RecordKernelEvidence#run'
     # ./.gems/ruby/3.4.0/gems/activerecord-8.1.3.1/lib/active_record/locking/pessimistic.rb:102:in 'block in ActiveRecord::Locking::Pessimistic#with_lock'
     # ./.gems/ruby/3.4.0/gems/activerecord-8.1.3.1/lib/active_record/connection_adapters/abstract/database_statements.rb:376:in 'ActiveRecord::ConnectionAdapters::DatabaseStatements#transaction'
     # ./.gems/ruby/3.4.0/gems/activerecord-8.1.3.1/lib/active_record/transactions.rb:234:in 'block (2 levels) in ActiveRecord::Transactions::ClassMethods#transaction'
     # ./.gems/ruby/3.4.0/gems/activerecord-8.1.3.1/lib/active_record/connection_adapters/abstract/connection_pool.rb:485:in 'ActiveRecord::ConnectionAdapters::ConnectionPool#with_pool_transaction_isolation_level'
     # ./.gems/ruby/3.4.0/gems/activerecord-8.1.3.1/lib/active_record/transactions.rb:233:in 'block in ActiveRecord::Transactions::ClassMethods#transaction'
     # ./.gems/ruby/3.4.0/gems/activerecord-8.1.3.1/lib/active_record/connection_adapters/abstract/connection_pool.rb:457:in 'ActiveRecord::ConnectionAdapters::ConnectionPool#with_connection'
     # ./.gems/ruby/3.4.0/gems/activerecord-8.1.3.1/lib/active_record/connection_handling.rb:313:in 'ActiveRecord::ConnectionHandling#with_connection'
     # ./.gems/ruby/3.4.0/gems/activerecord-8.1.3.1/lib/active_record/transactions.rb:232:in 'ActiveRecord::Transactions::ClassMethods#transaction'
     # ./.gems/ruby/3.4.0/gems/activerecord-8.1.3.1/lib/active_record/transactions.rb:373:in 'ActiveRecord::Transactions#transaction'
     # ./.gems/ruby/3.4.0/gems/activerecord-8.1.3.1/lib/active_record/locking/pessimistic.rb:100:in 'ActiveRecord::Locking::Pessimistic#with_lock'
     # ./lib/vpsadmin/api/operations/node/record_kernel_evidence.rb:21:in 'VpsAdmin::API::Operations::Node::RecordKernelEvidence#run'
     # ./lib/vpsadmin/api/operations/base.rb:5:in 'VpsAdmin::API::Operations::Base.run'
     # ./spec/models/operations/node/record_kernel_evidence_spec.rb:122:in 'block (2 levels) in <top (required)>'
     # ./spec/spec_helper.rb:25:in 'block (3 levels) in <top (required)>'
     # ./.gems/ruby/3.4.0/gems/activerecord-8.1.3.1/lib/active_record/connection_adapters/abstract/transaction.rb:648:in 'block in ActiveRecord::ConnectionAdapters::TransactionManager#within_new_transaction'
     # ./.gems/ruby/3.4.0/gems/activesupport-8.1.3.1/lib/active_support/concurrency/null_lock.rb:9:in 'ActiveSupport::Concurrency::NullLock#synchronize'
     # ./.gems/ruby/3.4.0/gems/activerecord-8.1.3.1/lib/active_record/connection_adapters/abstract/transaction.rb:645:in 'ActiveRecord::ConnectionAdapters::TransactionManager#within_new_transaction'
     # ./.gems/ruby/3.4.0/gems/activerecord-8.1.3.1/lib/active_record/connection_adapters/abstract/database_statements.rb:386:in 'ActiveRecord::ConnectionAdapters::DatabaseStatements#within_new_transaction'
     # ./.gems/ruby/3.4.0/gems/activerecord-8.1.3.1/lib/active_record/connection_adapters/abstract/database_statements.rb:378:in 'ActiveRecord::ConnectionAdapters::DatabaseStatements#transaction'
     # ./.gems/ruby/3.4.0/gems/activerecord-8.1.3.1/lib/active_record/transactions.rb:234:in 'block (2 levels) in ActiveRecord::Transactions::ClassMethods#transaction'
     # ./.gems/ruby/3.4.0/gems/activerecord-8.1.3.1/lib/active_record/connection_adapters/abstract/connection_pool.rb:485:in 'ActiveRecord::ConnectionAdapters::ConnectionPool#with_pool_transaction_isolation_level'
     # ./.gems/ruby/3.4.0/gems/activerecord-8.1.3.1/lib/active_record/transactions.rb:233:in 'block in ActiveRecord::Transactions::ClassMethods#transaction'
     # ./.gems/ruby/3.4.0/gems/activerecord-8.1.3.1/lib/active_record/connection_adapters/abstract/connection_pool.rb:457:in 'ActiveRecord::ConnectionAdapters::ConnectionPool#with_connection'
     # ./.gems/ruby/3.4.0/gems/activerecord-8.1.3.1/lib/active_record/connection_handling.rb:313:in 'ActiveRecord::ConnectionHandling#with_connection'
     # ./.gems/ruby/3.4.0/gems/activerecord-8.1.3.1/lib/active_record/transactions.rb:232:in 'ActiveRecord::Transactions::ClassMethods#transaction'
     # ./spec/spec_helper.rb:24:in 'block (2 levels) in <top (required)>'
     # ------------------
     # --- Caused by: ---
     # NoMethodError:
     #   undefined method 'last_confirmed_at=' for an instance of NodeKernelEvent
     #   ./.gems/ruby/3.4.0/gems/activemodel-8.1.3.1/lib/active_model/attribute_methods.rb:512:in 'ActiveModel::AttributeMethods#method_missing'

  3) VpsAdmin::API::Operations::Node::RecordKernelEvidence records internal runtime evidence changes without replacing the current kernel event
     Failure/Error:
       ::NodeKernelEvent.create!(
         node:,
         event_type:,
         livepatch_action:,
         source: :node_report,
         confidence:,
         boot_id: kernel.boot_id,
         booted_at: parse_time(kernel.booted_at),
         booted_release: kernel.booted_release,
         reported_release: kernel.reported_release,

     ActiveModel::UnknownAttributeError:
       unknown attribute 'last_confirmed_at' for NodeKernelEvent.
     # ./.gems/ruby/3.4.0/gems/activemodel-8.1.3.1/lib/active_model/attribute_assignment.rb:57:in 'ActiveModel::AttributeAssignment#attribute_writer_missing'
     # ./.gems/ruby/3.4.0/gems/activemodel-8.1.3.1/lib/active_model/attribute_assignment.rb:74:in 'ActiveModel::AttributeAssignment#_assign_attribute'
     # ./.gems/ruby/3.4.0/gems/activerecord-8.1.3.1/lib/active_record/attribute_assignment.rb:17:in 'block in ActiveRecord::AttributeAssignment#_assign_attributes'
     # ./.gems/ruby/3.4.0/gems/activerecord-8.1.3.1/lib/active_record/attribute_assignment.rb:9:in 'Hash#each'
     # ./.gems/ruby/3.4.0/gems/activerecord-8.1.3.1/lib/active_record/attribute_assignment.rb:9:in 'ActiveRecord::AttributeAssignment#_assign_attributes'
     # ./.gems/ruby/3.4.0/gems/activemodel-8.1.3.1/lib/active_model/attribute_assignment.rb:34:in 'ActiveModel::AttributeAssignment#assign_attributes'
     # ./.gems/ruby/3.4.0/gems/activemodel-8.1.3.1/lib/active_model/api.rb:81:in 'ActiveModel::API#initialize'
     # ./.gems/ruby/3.4.0/gems/activerecord-8.1.3.1/lib/active_record/core.rb:479:in 'ActiveRecord::Core#initialize'
     # ./.gems/ruby/3.4.0/gems/activerecord-8.1.3.1/lib/active_record/inheritance.rb:76:in 'Class#new'
     # ./.gems/ruby/3.4.0/gems/activerecord-8.1.3.1/lib/active_record/inheritance.rb:76:in 'ActiveRecord::Inheritance::ClassMethods#new'
     # ./.gems/ruby/3.4.0/gems/activerecord-8.1.3.1/lib/active_record/persistence.rb:54:in 'ActiveRecord::Persistence::ClassMethods#create!'
     # ./lib/vpsadmin/api/operations/node/record_kernel_evidence.rb:388:in 'VpsAdmin::API::Operations::Node::RecordKernelEvidence#create_event!'
     # ./lib/vpsadmin/api/operations/node/record_kernel_evidence.rb:24:in 'block in VpsAdmin::API::Operations::Node::RecordKernelEvidence#run'
     # ./.gems/ruby/3.4.0/gems/activerecord-8.1.3.1/lib/active_record/locking/pessimistic.rb:102:in 'block in ActiveRecord::Locking::Pessimistic#with_lock'
     # ./.gems/ruby/3.4.0/gems/activerecord-8.1.3.1/lib/active_record/connection_adapters/abstract/database_statements.rb:376:in 'ActiveRecord::ConnectionAdapters::DatabaseStatements#transaction'
     # ./.gems/ruby/3.4.0/gems/activerecord-8.1.3.1/lib/active_record/transactions.rb:234:in 'block (2 levels) in ActiveRecord::Transactions::ClassMethods#transaction'
     # ./.gems/ruby/3.4.0/gems/activerecord-8.1.3.1/lib/active_record/connection_adapters/abstract/connection_pool.rb:485:in 'ActiveRecord::ConnectionAdapters::ConnectionPool#with_pool_transaction_isolation_level'
     # ./.gems/ruby/3.4.0/gems/activerecord-8.1.3.1/lib/active_record/transactions.rb:233:in 'block in ActiveRecord::Transactions::ClassMethods#transaction'
     # ./.gems/ruby/3.4.0/gems/activerecord-8.1.3.1/lib/active_record/connection_adapters/abstract/connection_pool.rb:457:in 'ActiveRecord::ConnectionAdapters::ConnectionPool#with_connection'
     # ./.gems/ruby/3.4.0/gems/activerecord-8.1.3.1/lib/active_record/connection_handling.rb:313:in 'ActiveRecord::ConnectionHandling#with_connection'
     # ./.gems/ruby/3.4.0/gems/activerecord-8.1.3.1/lib/active_record/transactions.rb:232:in 'ActiveRecord::Transactions::ClassMethods#transaction'
     # ./.gems/ruby/3.4.0/gems/activerecord-8.1.3.1/lib/active_record/transactions.rb:373:in 'ActiveRecord::Transactions#transaction'
     # ./.gems/ruby/3.4.0/gems/activerecord-8.1.3.1/lib/active_record/locking/pessimistic.rb:100:in 'ActiveRecord::Locking::Pessimistic#with_lock'
     # ./lib/vpsadmin/api/operations/node/record_kernel_evidence.rb:21:in 'VpsAdmin::API::Operations::Node::RecordKernelEvidence#run'
     # ./lib/vpsadmin/api/operations/base.rb:5:in 'VpsAdmin::API::Operations::Base.run'
     # ./spec/models/operations/node/record_kernel_evidence_spec.rb:635:in 'block (2 levels) in <top (required)>'
     # ./spec/spec_helper.rb:25:in 'block (3 levels) in <top (required)>'
     # ./.gems/ruby/3.4.0/gems/activerecord-8.1.3.1/lib/active_record/connection_adapters/abstract/transaction.rb:648:in 'block in ActiveRecord::ConnectionAdapters::TransactionManager#within_new_transaction'
     # ./.gems/ruby/3.4.0/gems/activesupport-8.1.3.1/lib/active_support/concurrency/null_lock.rb:9:in 'ActiveSupport::Concurrency::NullLock#synchronize'
     # ./.gems/ruby/3.4.0/gems/activerecord-8.1.3.1/lib/active_record/connection_adapters/abstract/transaction.rb:645:in 'ActiveRecord::ConnectionAdapters::TransactionManager#within_new_transaction'
     # ./.gems/ruby/3.4.0/gems/activerecord-8.1.3.1/lib/active_record/connection_adapters/abstract/database_statements.rb:386:in 'ActiveRecord::ConnectionAdapters::DatabaseStatements#within_new_transaction'
     # ./.gems/ruby/3.4.0/gems/activerecord-8.1.3.1/lib/active_record/connection_adapters/abstract/database_statements.rb:378:in 'ActiveRecord::ConnectionAdapters::DatabaseStatements#transaction'
     # ./.gems/ruby/3.4.0/gems/activerecord-8.1.3.1/lib/active_record/transactions.rb:234:in 'block (2 levels) in ActiveRecord::Transactions::ClassMethods#transaction'
     # ./.gems/ruby/3.4.0/gems/activerecord-8.1.3.1/lib/active_record/connection_adapters/abstract/connection_pool.rb:485:in 'ActiveRecord::ConnectionAdapters::ConnectionPool#with_pool_transaction_isolation_level'
     # ./.gems/ruby/3.4.0/gems/activerecord-8.1.3.1/lib/active_record/transactions.rb:233:in 'block in ActiveRecord::Transactions::ClassMethods#transaction'
     # ./.gems/ruby/3.4.0/gems/activerecord-8.1.3.1/lib/active_record/connection_adapters/abstract/connection_pool.rb:457:in 'ActiveRecord::ConnectionAdapters::ConnectionPool#with_connection'
     # ./.gems/ruby/3.4.0/gems/activerecord-8.1.3.1/lib/active_record/connection_handling.rb:313:in 'ActiveRecord::ConnectionHandling#with_connection'
     # ./.gems/ruby/3.4.0/gems/activerecord-8.1.3.1/lib/active_record/transactions.rb:232:in 'ActiveRecord::Transactions::ClassMethods#transaction'
     # ./spec/spec_helper.rb:24:in 'block (2 levels) in <top (required)>'
     # ------------------
     # --- Caused by: ---
     # NoMethodError:
     #   undefined method 'last_confirmed_at=' for an instance of NodeKernelEvent
     #   ./.gems/ruby/3.4.0/gems/activemodel-8.1.3.1/lib/active_model/attribute_methods.rb:512:in 'ActiveModel::AttributeMethods#method_missing'

  4) VpsAdmin::API::Operations::Node::RecordKernelEvidence records replacement by another stable patch as an observed application
     Failure/Error:
       ::NodeKernelEvent.create!(
         node:,
         event_type:,
         livepatch_action:,
         source: :node_report,
         confidence:,
         boot_id: kernel.boot_id,
         booted_at: parse_time(kernel.booted_at),
         booted_release: kernel.booted_release,
         reported_release: kernel.reported_release,

     ActiveModel::UnknownAttributeError:
       unknown attribute 'last_confirmed_at' for NodeKernelEvent.
     # ./.gems/ruby/3.4.0/gems/activemodel-8.1.3.1/lib/active_model/attribute_assignment.rb:57:in 'ActiveModel::AttributeAssignment#attribute_writer_missing'
     # ./.gems/ruby/3.4.0/gems/activemodel-8.1.3.1/lib/active_model/attribute_assignment.rb:74:in 'ActiveModel::AttributeAssignment#_assign_attribute'
     # ./.gems/ruby/3.4.0/gems/activerecord-8.1.3.1/lib/active_record/attribute_assignment.rb:17:in 'block in ActiveRecord::AttributeAssignment#_assign_attributes'
     # ./.gems/ruby/3.4.0/gems/activerecord-8.1.3.1/lib/active_record/attribute_assignment.rb:9:in 'Hash#each'
     # ./.gems/ruby/3.4.0/gems/activerecord-8.1.3.1/lib/active_record/attribute_assignment.rb:9:in 'ActiveRecord::AttributeAssignment#_assign_attributes'
     # ./.gems/ruby/3.4.0/gems/activemodel-8.1.3.1/lib/active_model/attribute_assignment.rb:34:in 'ActiveModel::AttributeAssignment#assign_attributes'
     # ./.gems/ruby/3.4.0/gems/activemodel-8.1.3.1/lib/active_model/api.rb:81:in 'ActiveModel::API#initialize'
     # ./.gems/ruby/3.4.0/gems/activerecord-8.1.3.1/lib/active_record/core.rb:479:in 'ActiveRecord::Core#initialize'
     # ./.gems/ruby/3.4.0/gems/activerecord-8.1.3.1/lib/active_record/inheritance.rb:76:in 'Class#new'
     # ./.gems/ruby/3.4.0/gems/activerecord-8.1.3.1/lib/active_record/inheritance.rb:76:in 'ActiveRecord::Inheritance::ClassMethods#new'
     # ./.gems/ruby/3.4.0/gems/activerecord-8.1.3.1/lib/active_record/persistence.rb:54:in 'ActiveRecord::Persistence::ClassMethods#create!'
     # ./lib/vpsadmin/api/operations/node/record_kernel_evidence.rb:388:in 'VpsAdmin::API::Operations::Node::RecordKernelEvidence#create_event!'
     # ./lib/vpsadmin/api/operations/node/record_kernel_evidence.rb:24:in 'block in VpsAdmin::API::Operations::Node::RecordKernelEvidence#run'
     # ./.gems/ruby/3.4.0/gems/activerecord-8.1.3.1/lib/active_record/locking/pessimistic.rb:102:in 'block in ActiveRecord::Locking::Pessimistic#with_lock'
     # ./.gems/ruby/3.4.0/gems/activerecord-8.1.3.1/lib/active_record/connection_adapters/abstract/database_statements.rb:376:in 'ActiveRecord::ConnectionAdapters::DatabaseStatements#transaction'
     # ./.gems/ruby/3.4.0/gems/activerecord-8.1.3.1/lib/active_record/transactions.rb:234:in 'block (2 levels) in ActiveRecord::Transactions::ClassMethods#transaction'
     # ./.gems/ruby/3.4.0/gems/activerecord-8.1.3.1/lib/active_record/connection_adapters/abstract/connection_pool.rb:485:in 'ActiveRecord::ConnectionAdapters::ConnectionPool#with_pool_transaction_isolation_level'
     # ./.gems/ruby/3.4.0/gems/activerecord-8.1.3.1/lib/active_record/transactions.rb:233:in 'block in ActiveRecord::Transactions::ClassMethods#transaction'
     # ./.gems/ruby/3.4.0/gems/activerecord-8.1.3.1/lib/active_record/connection_adapters/abstract/connection_pool.rb:457:in 'ActiveRecord::ConnectionAdapters::ConnectionPool#with_connection'
     # ./.gems/ruby/3.4.0/gems/activerecord-8.1.3.1/lib/active_record/connection_handling.rb:313:in 'ActiveRecord::ConnectionHandling#with_connection'
     # ./.gems/ruby/3.4.0/gems/activerecord-8.1.3.1/lib/active_record/transactions.rb:232:in 'ActiveRecord::Transactions::ClassMethods#transaction'
     # ./.gems/ruby/3.4.0/gems/activerecord-8.1.3.1/lib/active_record/transactions.rb:373:in 'ActiveRecord::Transactions#transaction'
     # ./.gems/ruby/3.4.0/gems/activerecord-8.1.3.1/lib/active_record/locking/pessimistic.rb:100:in 'ActiveRecord::Locking::Pessimistic#with_lock'
     # ./lib/vpsadmin/api/operations/node/record_kernel_evidence.rb:21:in 'VpsAdmin::API::Operations::Node::RecordKernelEvidence#run'
     # ./lib/vpsadmin/api/operations/base.rb:5:in 'VpsAdmin::API::Operations::Base.run'
     # ./spec/models/operations/node/record_kernel_evidence_spec.rb:201:in 'block (2 levels) in <top (required)>'
     # ./spec/spec_helper.rb:25:in 'block (3 levels) in <top (required)>'
     # ./.gems/ruby/3.4.0/gems/activerecord-8.1.3.1/lib/active_record/connection_adapters/abstract/transaction.rb:648:in 'block in ActiveRecord::ConnectionAdapters::TransactionManager#within_new_transaction'
     # ./.gems/ruby/3.4.0/gems/activesupport-8.1.3.1/lib/active_support/concurrency/null_lock.rb:9:in 'ActiveSupport::Concurrency::NullLock#synchronize'
     # ./.gems/ruby/3.4.0/gems/activerecord-8.1.3.1/lib/active_record/connection_adapters/abstract/transaction.rb:645:in 'ActiveRecord::ConnectionAdapters::TransactionManager#within_new_transaction'
     # ./.gems/ruby/3.4.0/gems/activerecord-8.1.3.1/lib/active_record/connection_adapters/abstract/database_statements.rb:386:in 'ActiveRecord::ConnectionAdapters::DatabaseStatements#within_new_transaction'
     # ./.gems/ruby/3.4.0/gems/activerecord-8.1.3.1/lib/active_record/connection_adapters/abstract/database_statements.rb:378:in 'ActiveRecord::ConnectionAdapters::DatabaseStatements#transaction'
     # ./.gems/ruby/3.4.0/gems/activerecord-8.1.3.1/lib/active_record/transactions.rb:234:in 'block (2 levels) in ActiveRecord::Transactions::ClassMethods#transaction'
     # ./.gems/ruby/3.4.0/gems/activerecord-8.1.3.1/lib/active_record/connection_adapters/abstract/connection_pool.rb:485:in 'ActiveRecord::ConnectionAdapters::ConnectionPool#with_pool_transaction_isolation_level'
     # ./.gems/ruby/3.4.0/gems/activerecord-8.1.3.1/lib/active_record/transactions.rb:233:in 'block in ActiveRecord::Transactions::ClassMethods#transaction'
     # ./.gems/ruby/3.4.0/gems/activerecord-8.1.3.1/lib/active_record/connection_adapters/abstract/connection_pool.rb:457:in 'ActiveRecord::ConnectionAdapters::ConnectionPool#with_connection'
     # ./.gems/ruby/3.4.0/gems/activerecord-8.1.3.1/lib/active_record/connection_handling.rb:313:in 'ActiveRecord::ConnectionHandling#with_connection'
     # ./.gems/ruby/3.4.0/gems/activerecord-8.1.3.1/lib/active_record/transactions.rb:232:in 'ActiveRecord::Transactions::ClassMethods#transaction'
     # ./spec/spec_helper.rb:24:in 'block (2 levels) in <top (required)>'
     # ------------------
     # --- Caused by: ---
     # NoMethodError:
     #   undefined method 'last_confirmed_at=' for an instance of NodeKernelEvent
     #   ./.gems/ruby/3.4.0/gems/activemodel-8.1.3.1/lib/active_model/attribute_methods.rb:512:in 'ActiveModel::AttributeMethods#method_missing'

  5) VpsAdmin::API::Operations::Node::RecordKernelEvidence treats the first complete livepatch state after an unreadable boot as boot state
     Failure/Error:
       ::NodeKernelEvent.create!(
         node:,
         event_type:,
         livepatch_action:,
         source: :node_report,
         confidence:,
         boot_id: kernel.boot_id,
         booted_at: parse_time(kernel.booted_at),
         booted_release: kernel.booted_release,
         reported_release: kernel.reported_release,

     ActiveModel::UnknownAttributeError:
       unknown attribute 'last_confirmed_at' for NodeKernelEvent.
     # ./.gems/ruby/3.4.0/gems/activemodel-8.1.3.1/lib/active_model/attribute_assignment.rb:57:in 'ActiveModel::AttributeAssignment#attribute_writer_missing'
     # ./.gems/ruby/3.4.0/gems/activemodel-8.1.3.1/lib/active_model/attribute_assignment.rb:74:in 'ActiveModel::AttributeAssignment#_assign_attribute'
     # ./.gems/ruby/3.4.0/gems/activerecord-8.1.3.1/lib/active_record/attribute_assignment.rb:17:in 'block in ActiveRecord::AttributeAssignment#_assign_attributes'
     # ./.gems/ruby/3.4.0/gems/activerecord-8.1.3.1/lib/active_record/attribute_assignment.rb:9:in 'Hash#each'
     # ./.gems/ruby/3.4.0/gems/activerecord-8.1.3.1/lib/active_record/attribute_assignment.rb:9:in 'ActiveRecord::AttributeAssignment#_assign_attributes'
     # ./.gems/ruby/3.4.0/gems/activemodel-8.1.3.1/lib/active_model/attribute_assignment.rb:34:in 'ActiveModel::AttributeAssignment#assign_attributes'
     # ./.gems/ruby/3.4.0/gems/activemodel-8.1.3.1/lib/active_model/api.rb:81:in 'ActiveModel::API#initialize'
     # ./.gems/ruby/3.4.0/gems/activerecord-8.1.3.1/lib/active_record/core.rb:479:in 'ActiveRecord::Core#initialize'
     # ./.gems/ruby/3.4.0/gems/activerecord-8.1.3.1/lib/active_record/inheritance.rb:76:in 'Class#new'
     # ./.gems/ruby/3.4.0/gems/activerecord-8.1.3.1/lib/active_record/inheritance.rb:76:in 'ActiveRecord::Inheritance::ClassMethods#new'
     # ./.gems/ruby/3.4.0/gems/activerecord-8.1.3.1/lib/active_record/persistence.rb:54:in 'ActiveRecord::Persistence::ClassMethods#create!'
     # ./lib/vpsadmin/api/operations/node/record_kernel_evidence.rb:388:in 'VpsAdmin::API::Operations::Node::RecordKernelEvidence#create_event!'
     # ./lib/vpsadmin/api/operations/node/record_kernel_evidence.rb:24:in 'block in VpsAdmin::API::Operations::Node::RecordKernelEvidence#run'
     # ./.gems/ruby/3.4.0/gems/activerecord-8.1.3.1/lib/active_record/locking/pessimistic.rb:102:in 'block in ActiveRecord::Locking::Pessimistic#with_lock'
     # ./.gems/ruby/3.4.0/gems/activerecord-8.1.3.1/lib/active_record/connection_adapters/abstract/database_statements.rb:376:in 'ActiveRecord::ConnectionAdapters::DatabaseStatements#transaction'
     # ./.gems/ruby/3.4.0/gems/activerecord-8.1.3.1/lib/active_record/transactions.rb:234:in 'block (2 levels) in ActiveRecord::Transactions::ClassMethods#transaction'
     # ./.gems/ruby/3.4.0/gems/activerecord-8.1.3.1/lib/active_record/connection_adapters/abstract/connection_pool.rb:485:in 'ActiveRecord::ConnectionAdapters::ConnectionPool#with_pool_transaction_isolation_level'
     # ./.gems/ruby/3.4.0/gems/activerecord-8.1.3.1/lib/active_record/transactions.rb:233:in 'block in ActiveRecord::Transactions::ClassMethods#transaction'
     # ./.gems/ruby/3.4.0/gems/activerecord-8.1.3.1/lib/active_record/connection_adapters/abstract/connection_pool.rb:457:in 'ActiveRecord::ConnectionAdapters::ConnectionPool#with_connection'
     # ./.gems/ruby/3.4.0/gems/activerecord-8.1.3.1/lib/active_record/connection_handling.rb:313:in 'ActiveRecord::ConnectionHandling#with_connection'
     # ./.gems/ruby/3.4.0/gems/activerecord-8.1.3.1/lib/active_record/transactions.rb:232:in 'ActiveRecord::Transactions::ClassMethods#transaction'
     # ./.gems/ruby/3.4.0/gems/activerecord-8.1.3.1/lib/active_record/transactions.rb:373:in 'ActiveRecord::Transactions#transaction'
     # ./.gems/ruby/3.4.0/gems/activerecord-8.1.3.1/lib/active_record/locking/pessimistic.rb:100:in 'ActiveRecord::Locking::Pessimistic#with_lock'
     # ./lib/vpsadmin/api/operations/node/record_kernel_evidence.rb:21:in 'VpsAdmin::API::Operations::Node::RecordKernelEvidence#run'
     # ./lib/vpsadmin/api/operations/base.rb:5:in 'VpsAdmin::API::Operations::Base.run'
     # ./spec/models/operations/node/record_kernel_evidence_spec.rb:396:in 'block (2 levels) in <top (required)>'
     # ./spec/spec_helper.rb:25:in 'block (3 levels) in <top (required)>'
     # ./.gems/ruby/3.4.0/gems/activerecord-8.1.3.1/lib/active_record/connection_adapters/abstract/transaction.rb:648:in 'block in ActiveRecord::ConnectionAdapters::TransactionManager#within_new_transaction'
     # ./.gems/ruby/3.4.0/gems/activesupport-8.1.3.1/lib/active_support/concurrency/null_lock.rb:9:in 'ActiveSupport::Concurrency::NullLock#synchronize'
     # ./.gems/ruby/3.4.0/gems/activerecord-8.1.3.1/lib/active_record/connection_adapters/abstract/transaction.rb:645:in 'ActiveRecord::ConnectionAdapters::TransactionManager#within_new_transaction'
     # ./.gems/ruby/3.4.0/gems/activerecord-8.1.3.1/lib/active_record/connection_adapters/abstract/database_statements.rb:386:in 'ActiveRecord::ConnectionAdapters::DatabaseStatements#within_new_transaction'
     # ./.gems/ruby/3.4.0/gems/activerecord-8.1.3.1/lib/active_record/connection_adapters/abstract/database_statements.rb:378:in 'ActiveRecord::ConnectionAdapters::DatabaseStatements#transaction'
     # ./.gems/ruby/3.4.0/gems/activerecord-8.1.3.1/lib/active_record/transactions.rb:234:in 'block (2 levels) in ActiveRecord::Transactions::ClassMethods#transaction'
     # ./.gems/ruby/3.4.0/gems/activerecord-8.1.3.1/lib/active_record/connection_adapters/abstract/connection_pool.rb:485:in 'ActiveRecord::ConnectionAdapters::ConnectionPool#with_pool_transaction_isolation_level'
     # ./.gems/ruby/3.4.0/gems/activerecord-8.1.3.1/lib/active_record/transactions.rb:233:in 'block in ActiveRecord::Transactions::ClassMethods#transaction'
     # ./.gems/ruby/3.4.0/gems/activerecord-8.1.3.1/lib/active_record/connection_adapters/abstract/connection_pool.rb:457:in 'ActiveRecord::ConnectionAdapters::ConnectionPool#with_connection'
     # ./.gems/ruby/3.4.0/gems/activerecord-8.1.3.1/lib/active_record/connection_handling.rb:313:in 'ActiveRecord::ConnectionHandling#with_connection'
     # ./.gems/ruby/3.4.0/gems/activerecord-8.1.3.1/lib/active_record/transactions.rb:232:in 'ActiveRecord::Transactions::ClassMethods#transaction'
     # ./spec/spec_helper.rb:24:in 'block (2 levels) in <top (required)>'
     # ------------------
     # --- Caused by: ---
     # NoMethodError:
     #   undefined method 'last_confirmed_at=' for an instance of NodeKernelEvent
     #   ./.gems/ruby/3.4.0/gems/activemodel-8.1.3.1/lib/active_model/attribute_methods.rb:512:in 'ActiveModel::AttributeMethods#method_missing'

  6) VpsAdmin::API::Operations::Node::RecordKernelEvidence shares one immutable evidence snapshot among changes from one report
     Failure/Error:
       ::NodeKernelEvent.create!(
         node:,
         event_type:,
         livepatch_action:,
         source: :node_report,
         confidence:,
         boot_id: kernel.boot_id,
         booted_at: parse_time(kernel.booted_at),
         booted_release: kernel.booted_release,
         reported_release: kernel.reported_release,

     ActiveModel::UnknownAttributeError:
       unknown attribute 'last_confirmed_at' for NodeKernelEvent.
     # ./.gems/ruby/3.4.0/gems/activemodel-8.1.3.1/lib/active_model/attribute_assignment.rb:57:in 'ActiveModel::AttributeAssignment#attribute_writer_missing'
     # ./.gems/ruby/3.4.0/gems/activemodel-8.1.3.1/lib/active_model/attribute_assignment.rb:74:in 'ActiveModel::AttributeAssignment#_assign_attribute'
     # ./.gems/ruby/3.4.0/gems/activerecord-8.1.3.1/lib/active_record/attribute_assignment.rb:17:in 'block in ActiveRecord::AttributeAssignment#_assign_attributes'
     # ./.gems/ruby/3.4.0/gems/activerecord-8.1.3.1/lib/active_record/attribute_assignment.rb:9:in 'Hash#each'
     # ./.gems/ruby/3.4.0/gems/activerecord-8.1.3.1/lib/active_record/attribute_assignment.rb:9:in 'ActiveRecord::AttributeAssignment#_assign_attributes'
     # ./.gems/ruby/3.4.0/gems/activemodel-8.1.3.1/lib/active_model/attribute_assignment.rb:34:in 'ActiveModel::AttributeAssignment#assign_attributes'
     # ./.gems/ruby/3.4.0/gems/activemodel-8.1.3.1/lib/active_model/api.rb:81:in 'ActiveModel::API#initialize'
     # ./.gems/ruby/3.4.0/gems/activerecord-8.1.3.1/lib/active_record/core.rb:479:in 'ActiveRecord::Core#initialize'
     # ./.gems/ruby/3.4.0/gems/activerecord-8.1.3.1/lib/active_record/inheritance.rb:76:in 'Class#new'
     # ./.gems/ruby/3.4.0/gems/activerecord-8.1.3.1/lib/active_record/inheritance.rb:76:in 'ActiveRecord::Inheritance::ClassMethods#new'
     # ./.gems/ruby/3.4.0/gems/activerecord-8.1.3.1/lib/active_record/persistence.rb:54:in 'ActiveRecord::Persistence::ClassMethods#create!'
     # ./lib/vpsadmin/api/operations/node/record_kernel_evidence.rb:388:in 'VpsAdmin::API::Operations::Node::RecordKernelEvidence#create_event!'
     # ./lib/vpsadmin/api/operations/node/record_kernel_evidence.rb:24:in 'block in VpsAdmin::API::Operations::Node::RecordKernelEvidence#run'
     # ./.gems/ruby/3.4.0/gems/activerecord-8.1.3.1/lib/active_record/locking/pessimistic.rb:102:in 'block in ActiveRecord::Locking::Pessimistic#with_lock'
     # ./.gems/ruby/3.4.0/gems/activerecord-8.1.3.1/lib/active_record/connection_adapters/abstract/database_statements.rb:376:in 'ActiveRecord::ConnectionAdapters::DatabaseStatements#transaction'
     # ./.gems/ruby/3.4.0/gems/activerecord-8.1.3.1/lib/active_record/transactions.rb:234:in 'block (2 levels) in ActiveRecord::Transactions::ClassMethods#transaction'
     # ./.gems/ruby/3.4.0/gems/activerecord-8.1.3.1/lib/active_record/connection_adapters/abstract/connection_pool.rb:485:in 'ActiveRecord::ConnectionAdapters::ConnectionPool#with_pool_transaction_isolation_level'
     # ./.gems/ruby/3.4.0/gems/activerecord-8.1.3.1/lib/active_record/transactions.rb:233:in 'block in ActiveRecord::Transactions::ClassMethods#transaction'
     # ./.gems/ruby/3.4.0/gems/activerecord-8.1.3.1/lib/active_record/connection_adapters/abstract/connection_pool.rb:457:in 'ActiveRecord::ConnectionAdapters::ConnectionPool#with_connection'
     # ./.gems/ruby/3.4.0/gems/activerecord-8.1.3.1/lib/active_record/connection_handling.rb:313:in 'ActiveRecord::ConnectionHandling#with_connection'
     # ./.gems/ruby/3.4.0/gems/activerecord-8.1.3.1/lib/active_record/transactions.rb:232:in 'ActiveRecord::Transactions::ClassMethods#transaction'
     # ./.gems/ruby/3.4.0/gems/activerecord-8.1.3.1/lib/active_record/transactions.rb:373:in 'ActiveRecord::Transactions#transaction'
     # ./.gems/ruby/3.4.0/gems/activerecord-8.1.3.1/lib/active_record/locking/pessimistic.rb:100:in 'ActiveRecord::Locking::Pessimistic#with_lock'
     # ./lib/vpsadmin/api/operations/node/record_kernel_evidence.rb:21:in 'VpsAdmin::API::Operations::Node::RecordKernelEvidence#run'
     # ./lib/vpsadmin/api/operations/base.rb:5:in 'VpsAdmin::API::Operations::Base.run'
     # ./spec/models/operations/node/record_kernel_evidence_spec.rb:656:in 'block (2 levels) in <top (required)>'
     # ./spec/spec_helper.rb:25:in 'block (3 levels) in <top (required)>'
     # ./.gems/ruby/3.4.0/gems/activerecord-8.1.3.1/lib/active_record/connection_adapters/abstract/transaction.rb:648:in 'block in ActiveRecord::ConnectionAdapters::TransactionManager#within_new_transaction'
     # ./.gems/ruby/3.4.0/gems/activesupport-8.1.3.1/lib/active_support/concurrency/null_lock.rb:9:in 'ActiveSupport::Concurrency::NullLock#synchronize'
     # ./.gems/ruby/3.4.0/gems/activerecord-8.1.3.1/lib/active_record/connection_adapters/abstract/transaction.rb:645:in 'ActiveRecord::ConnectionAdapters::TransactionManager#within_new_transaction'
     # ./.gems/ruby/3.4.0/gems/activerecord-8.1.3.1/lib/active_record/connection_adapters/abstract/database_statements.rb:386:in 'ActiveRecord::ConnectionAdapters::DatabaseStatements#within_new_transaction'
     # ./.gems/ruby/3.4.0/gems/activerecord-8.1.3.1/lib/active_record/connection_adapters/abstract/database_statements.rb:378:in 'ActiveRecord::ConnectionAdapters::DatabaseStatements#transaction'
     # ./.gems/ruby/3.4.0/gems/activerecord-8.1.3.1/lib/active_record/transactions.rb:234:in 'block (2 levels) in ActiveRecord::Transactions::ClassMethods#transaction'
     # ./.gems/ruby/3.4.0/gems/activerecord-8.1.3.1/lib/active_record/connection_adapters/abstract/connection_pool.rb:485:in 'ActiveRecord::ConnectionAdapters::ConnectionPool#with_pool_transaction_isolation_level'
     # ./.gems/ruby/3.4.0/gems/activerecord-8.1.3.1/lib/active_record/transactions.rb:233:in 'block in ActiveRecord::Transactions::ClassMethods#transaction'
     # ./.gems/ruby/3.4.0/gems/activerecord-8.1.3.1/lib/active_record/connection_adapters/abstract/connection_pool.rb:457:in 'ActiveRecord::ConnectionAdapters::ConnectionPool#with_connection'
     # ./.gems/ruby/3.4.0/gems/activerecord-8.1.3.1/lib/active_record/connection_handling.rb:313:in 'ActiveRecord::ConnectionHandling#with_connection'
     # ./.gems/ruby/3.4.0/gems/activerecord-8.1.3.1/lib/active_record/transactions.rb:232:in 'ActiveRecord::Transactions::ClassMethods#transaction'
     # ./spec/spec_helper.rb:24:in 'block (2 levels) in <top (required)>'
     # ------------------
     # --- Caused by: ---
     # NoMethodError:
     #   undefined method 'last_confirmed_at=' for an instance of NodeKernelEvent
     #   ./.gems/ruby/3.4.0/gems/activemodel-8.1.3.1/lib/active_model/attribute_methods.rb:512:in 'ActiveModel::AttributeMethods#method_missing'

  7) VpsAdmin::API::Operations::Node::RecordKernelEvidence does not record an eBPF change when only its verification time advances
     Failure/Error:
       ::NodeKernelEvent.create!(
         node:,
         event_type:,
         livepatch_action:,
         source: :node_report,
         confidence:,
         boot_id: kernel.boot_id,
         booted_at: parse_time(kernel.booted_at),
         booted_release: kernel.booted_release,
         reported_release: kernel.reported_release,

     ActiveModel::UnknownAttributeError:
       unknown attribute 'last_confirmed_at' for NodeKernelEvent.
     # ./.gems/ruby/3.4.0/gems/activemodel-8.1.3.1/lib/active_model/attribute_assignment.rb:57:in 'ActiveModel::AttributeAssignment#attribute_writer_missing'
     # ./.gems/ruby/3.4.0/gems/activemodel-8.1.3.1/lib/active_model/attribute_assignment.rb:74:in 'ActiveModel::AttributeAssignment#_assign_attribute'
     # ./.gems/ruby/3.4.0/gems/activerecord-8.1.3.1/lib/active_record/attribute_assignment.rb:17:in 'block in ActiveRecord::AttributeAssignment#_assign_attributes'
     # ./.gems/ruby/3.4.0/gems/activerecord-8.1.3.1/lib/active_record/attribute_assignment.rb:9:in 'Hash#each'
     # ./.gems/ruby/3.4.0/gems/activerecord-8.1.3.1/lib/active_record/attribute_assignment.rb:9:in 'ActiveRecord::AttributeAssignment#_assign_attributes'
     # ./.gems/ruby/3.4.0/gems/activemodel-8.1.3.1/lib/active_model/attribute_assignment.rb:34:in 'ActiveModel::AttributeAssignment#assign_attributes'
     # ./.gems/ruby/3.4.0/gems/activemodel-8.1.3.1/lib/active_model/api.rb:81:in 'ActiveModel::API#initialize'
     # ./.gems/ruby/3.4.0/gems/activerecord-8.1.3.1/lib/active_record/core.rb:479:in 'ActiveRecord::Core#initialize'
     # ./.gems/ruby/3.4.0/gems/activerecord-8.1.3.1/lib/active_record/inheritance.rb:76:in 'Class#new'
     # ./.gems/ruby/3.4.0/gems/activerecord-8.1.3.1/lib/active_record/inheritance.rb:76:in 'ActiveRecord::Inheritance::ClassMethods#new'
     # ./.gems/ruby/3.4.0/gems/activerecord-8.1.3.1/lib/active_record/persistence.rb:54:in 'ActiveRecord::Persistence::ClassMethods#create!'
     # ./lib/vpsadmin/api/operations/node/record_kernel_evidence.rb:388:in 'VpsAdmin::API::Operations::Node::RecordKernelEvidence#create_event!'
     # ./lib/vpsadmin/api/operations/node/record_kernel_evidence.rb:24:in 'block in VpsAdmin::API::Operations::Node::RecordKernelEvidence#run'
     # ./.gems/ruby/3.4.0/gems/activerecord-8.1.3.1/lib/active_record/locking/pessimistic.rb:102:in 'block in ActiveRecord::Locking::Pessimistic#with_lock'
     # ./.gems/ruby/3.4.0/gems/activerecord-8.1.3.1/lib/active_record/connection_adapters/abstract/database_statements.rb:376:in 'ActiveRecord::ConnectionAdapters::DatabaseStatements#transaction'
     # ./.gems/ruby/3.4.0/gems/activerecord-8.1.3.1/lib/active_record/transactions.rb:234:in 'block (2 levels) in ActiveRecord::Transactions::ClassMethods#transaction'
     # ./.gems/ruby/3.4.0/gems/activerecord-8.1.3.1/lib/active_record/connection_adapters/abstract/connection_pool.rb:485:in 'ActiveRecord::ConnectionAdapters::ConnectionPool#with_pool_transaction_isolation_level'
     # ./.gems/ruby/3.4.0/gems/activerecord-8.1.3.1/lib/active_record/transactions.rb:233:in 'block in ActiveRecord::Transactions::ClassMethods#transaction'
     # ./.gems/ruby/3.4.0/gems/activerecord-8.1.3.1/lib/active_record/connection_adapters/abstract/connection_pool.rb:457:in 'ActiveRecord::ConnectionAdapters::ConnectionPool#with_connection'
     # ./.gems/ruby/3.4.0/gems/activerecord-8.1.3.1/lib/active_record/connection_handling.rb:313:in 'ActiveRecord::ConnectionHandling#with_connection'
     # ./.gems/ruby/3.4.0/gems/activerecord-8.1.3.1/lib/active_record/transactions.rb:232:in 'ActiveRecord::Transactions::ClassMethods#transaction'
     # ./.gems/ruby/3.4.0/gems/activerecord-8.1.3.1/lib/active_record/transactions.rb:373:in 'ActiveRecord::Transactions#transaction'
     # ./.gems/ruby/3.4.0/gems/activerecord-8.1.3.1/lib/active_record/locking/pessimistic.rb:100:in 'ActiveRecord::Locking::Pessimistic#with_lock'
     # ./lib/vpsadmin/api/operations/node/record_kernel_evidence.rb:21:in 'VpsAdmin::API::Operations::Node::RecordKernelEvidence#run'
     # ./lib/vpsadmin/api/operations/base.rb:5:in 'VpsAdmin::API::Operations::Base.run'
     # ./spec/models/operations/node/record_kernel_evidence_spec.rb:783:in 'block (2 levels) in <top (required)>'
     # ./spec/spec_helper.rb:25:in 'block (3 levels) in <top (required)>'
     # ./.gems/ruby/3.4.0/gems/activerecord-8.1.3.1/lib/active_record/connection_adapters/abstract/transaction.rb:648:in 'block in ActiveRecord::ConnectionAdapters::TransactionManager#within_new_transaction'
     # ./.gems/ruby/3.4.0/gems/activesupport-8.1.3.1/lib/active_support/concurrency/null_lock.rb:9:in 'ActiveSupport::Concurrency::NullLock#synchronize'
     # ./.gems/ruby/3.4.0/gems/activerecord-8.1.3.1/lib/active_record/connection_adapters/abstract/transaction.rb:645:in 'ActiveRecord::ConnectionAdapters::TransactionManager#within_new_transaction'
     # ./.gems/ruby/3.4.0/gems/activerecord-8.1.3.1/lib/active_record/connection_adapters/abstract/database_statements.rb:386:in 'ActiveRecord::ConnectionAdapters::DatabaseStatements#within_new_transaction'
     # ./.gems/ruby/3.4.0/gems/activerecord-8.1.3.1/lib/active_record/connection_adapters/abstract/database_statements.rb:378:in 'ActiveRecord::ConnectionAdapters::DatabaseStatements#transaction'
     # ./.gems/ruby/3.4.0/gems/activerecord-8.1.3.1/lib/active_record/transactions.rb:234:in 'block (2 levels) in ActiveRecord::Transactions::ClassMethods#transaction'
     # ./.gems/ruby/3.4.0/gems/activerecord-8.1.3.1/lib/active_record/connection_adapters/abstract/connection_pool.rb:485:in 'ActiveRecord::ConnectionAdapters::ConnectionPool#with_pool_transaction_isolation_level'
     # ./.gems/ruby/3.4.0/gems/activerecord-8.1.3.1/lib/active_record/transactions.rb:233:in 'block in ActiveRecord::Transactions::ClassMethods#transaction'
     # ./.gems/ruby/3.4.0/gems/activerecord-8.1.3.1/lib/active_record/connection_adapters/abstract/connection_pool.rb:457:in 'ActiveRecord::ConnectionAdapters::ConnectionPool#with_connection'
     # ./.gems/ruby/3.4.0/gems/activerecord-8.1.3.1/lib/active_record/connection_handling.rb:313:in 'ActiveRecord::ConnectionHandling#with_connection'
     # ./.gems/ruby/3.4.0/gems/activerecord-8.1.3.1/lib/active_record/transactions.rb:232:in 'ActiveRecord::Transactions::ClassMethods#transaction'
     # ./spec/spec_helper.rb:24:in 'block (2 levels) in <top (required)>'
     # ------------------
     # --- Caused by: ---
     # NoMethodError:
     #   undefined method 'last_confirmed_at=' for an instance of NodeKernelEvent
     #   ./.gems/ruby/3.4.0/gems/activemodel-8.1.3.1/lib/active_model/attribute_methods.rb:512:in 'ActiveModel::AttributeMethods#method_missing'

  8) VpsAdmin::API::Operations::Node::RecordKernelEvidence keeps later verification metadata internal without changing application timing
     Failure/Error:
       ::NodeKernelEvent.create!(
         node:,
         event_type:,
         livepatch_action:,
         source: :node_report,
         confidence:,
         boot_id: kernel.boot_id,
         booted_at: parse_time(kernel.booted_at),
         booted_release: kernel.booted_release,
         reported_release: kernel.reported_release,

     ActiveModel::UnknownAttributeError:
       unknown attribute 'last_confirmed_at' for NodeKernelEvent.
     # ./.gems/ruby/3.4.0/gems/activemodel-8.1.3.1/lib/active_model/attribute_assignment.rb:57:in 'ActiveModel::AttributeAssignment#attribute_writer_missing'
     # ./.gems/ruby/3.4.0/gems/activemodel-8.1.3.1/lib/active_model/attribute_assignment.rb:74:in 'ActiveModel::AttributeAssignment#_assign_attribute'
     # ./.gems/ruby/3.4.0/gems/activerecord-8.1.3.1/lib/active_record/attribute_assignment.rb:17:in 'block in ActiveRecord::AttributeAssignment#_assign_attributes'
     # ./.gems/ruby/3.4.0/gems/activerecord-8.1.3.1/lib/active_record/attribute_assignment.rb:9:in 'Hash#each'
     # ./.gems/ruby/3.4.0/gems/activerecord-8.1.3.1/lib/active_record/attribute_assignment.rb:9:in 'ActiveRecord::AttributeAssignment#_assign_attributes'
     # ./.gems/ruby/3.4.0/gems/activemodel-8.1.3.1/lib/active_model/attribute_assignment.rb:34:in 'ActiveModel::AttributeAssignment#assign_attributes'
     # ./.gems/ruby/3.4.0/gems/activemodel-8.1.3.1/lib/active_model/api.rb:81:in 'ActiveModel::API#initialize'
     # ./.gems/ruby/3.4.0/gems/activerecord-8.1.3.1/lib/active_record/core.rb:479:in 'ActiveRecord::Core#initialize'
     # ./.gems/ruby/3.4.0/gems/activerecord-8.1.3.1/lib/active_record/inheritance.rb:76:in 'Class#new'
     # ./.gems/ruby/3.4.0/gems/activerecord-8.1.3.1/lib/active_record/inheritance.rb:76:in 'ActiveRecord::Inheritance::ClassMethods#new'
     # ./.gems/ruby/3.4.0/gems/activerecord-8.1.3.1/lib/active_record/persistence.rb:54:in 'ActiveRecord::Persistence::ClassMethods#create!'
     # ./lib/vpsadmin/api/operations/node/record_kernel_evidence.rb:388:in 'VpsAdmin::API::Operations::Node::RecordKernelEvidence#create_event!'
     # ./lib/vpsadmin/api/operations/node/record_kernel_evidence.rb:24:in 'block in VpsAdmin::API::Operations::Node::RecordKernelEvidence#run'
     # ./.gems/ruby/3.4.0/gems/activerecord-8.1.3.1/lib/active_record/locking/pessimistic.rb:102:in 'block in ActiveRecord::Locking::Pessimistic#with_lock'
     # ./.gems/ruby/3.4.0/gems/activerecord-8.1.3.1/lib/active_record/connection_adapters/abstract/database_statements.rb:376:in 'ActiveRecord::ConnectionAdapters::DatabaseStatements#transaction'
     # ./.gems/ruby/3.4.0/gems/activerecord-8.1.3.1/lib/active_record/transactions.rb:234:in 'block (2 levels) in ActiveRecord::Transactions::ClassMethods#transaction'
     # ./.gems/ruby/3.4.0/gems/activerecord-8.1.3.1/lib/active_record/connection_adapters/abstract/connection_pool.rb:485:in 'ActiveRecord::ConnectionAdapters::ConnectionPool#with_pool_transaction_isolation_level'
     # ./.gems/ruby/3.4.0/gems/activerecord-8.1.3.1/lib/active_record/transactions.rb:233:in 'block in ActiveRecord::Transactions::ClassMethods#transaction'
     # ./.gems/ruby/3.4.0/gems/activerecord-8.1.3.1/lib/active_record/connection_adapters/abstract/connection_pool.rb:457:in 'ActiveRecord::ConnectionAdapters::ConnectionPool#with_connection'
     # ./.gems/ruby/3.4.0/gems/activerecord-8.1.3.1/lib/active_record/connection_handling.rb:313:in 'ActiveRecord::ConnectionHandling#with_connection'
     # ./.gems/ruby/3.4.0/gems/activerecord-8.1.3.1/lib/active_record/transactions.rb:232:in 'ActiveRecord::Transactions::ClassMethods#transaction'
     # ./.gems/ruby/3.4.0/gems/activerecord-8.1.3.1/lib/active_record/transactions.rb:373:in 'ActiveRecord::Transactions#transaction'
     # ./.gems/ruby/3.4.0/gems/activerecord-8.1.3.1/lib/active_record/locking/pessimistic.rb:100:in 'ActiveRecord::Locking::Pessimistic#with_lock'
     # ./lib/vpsadmin/api/operations/node/record_kernel_evidence.rb:21:in 'VpsAdmin::API::Operations::Node::RecordKernelEvidence#run'
     # ./lib/vpsadmin/api/operations/base.rb:5:in 'VpsAdmin::API::Operations::Base.run'
     # ./spec/models/operations/node/record_kernel_evidence_spec.rb:579:in 'block (2 levels) in <top (required)>'
     # ./spec/spec_helper.rb:25:in 'block (3 levels) in <top (required)>'
     # ./.gems/ruby/3.4.0/gems/activerecord-8.1.3.1/lib/active_record/connection_adapters/abstract/transaction.rb:648:in 'block in ActiveRecord::ConnectionAdapters::TransactionManager#within_new_transaction'
     # ./.gems/ruby/3.4.0/gems/activesupport-8.1.3.1/lib/active_support/concurrency/null_lock.rb:9:in 'ActiveSupport::Concurrency::NullLock#synchronize'
     # ./.gems/ruby/3.4.0/gems/activerecord-8.1.3.1/lib/active_record/connection_adapters/abstract/transaction.rb:645:in 'ActiveRecord::ConnectionAdapters::TransactionManager#within_new_transaction'
     # ./.gems/ruby/3.4.0/gems/activerecord-8.1.3.1/lib/active_record/connection_adapters/abstract/database_statements.rb:386:in 'ActiveRecord::ConnectionAdapters::DatabaseStatements#within_new_transaction'
     # ./.gems/ruby/3.4.0/gems/activerecord-8.1.3.1/lib/active_record/connection_adapters/abstract/database_statements.rb:378:in 'ActiveRecord::ConnectionAdapters::DatabaseStatements#transaction'
     # ./.gems/ruby/3.4.0/gems/activerecord-8.1.3.1/lib/active_record/transactions.rb:234:in 'block (2 levels) in ActiveRecord::Transactions::ClassMethods#transaction'
     # ./.gems/ruby/3.4.0/gems/activerecord-8.1.3.1/lib/active_record/connection_adapters/abstract/connection_pool.rb:485:in 'ActiveRecord::ConnectionAdapters::ConnectionPool#with_pool_transaction_isolation_level'
     # ./.gems/ruby/3.4.0/gems/activerecord-8.1.3.1/lib/active_record/transactions.rb:233:in 'block in ActiveRecord::Transactions::ClassMethods#transaction'
     # ./.gems/ruby/3.4.0/gems/activerecord-8.1.3.1/lib/active_record/connection_adapters/abstract/connection_pool.rb:457:in 'ActiveRecord::ConnectionAdapters::ConnectionPool#with_connection'
     # ./.gems/ruby/3.4.0/gems/activerecord-8.1.3.1/lib/active_record/connection_handling.rb:313:in 'ActiveRecord::ConnectionHandling#with_connection'
     # ./.gems/ruby/3.4.0/gems/activerecord-8.1.3.1/lib/active_record/transactions.rb:232:in 'ActiveRecord::Transactions::ClassMethods#transaction'
     # ./spec/spec_helper.rb:24:in 'block (2 levels) in <top (required)>'
     # ------------------
     # --- Caused by: ---
     # NoMethodError:
     #   undefined method 'last_confirmed_at=' for an instance of NodeKernelEvent
     #   ./.gems/ruby/3.4.0/gems/activemodel-8.1.3.1/lib/active_model/attribute_methods.rb:512:in 'ActiveModel::AttributeMethods#method_missing'

  9) VpsAdmin::API::Operations::Node::RecordKernelEvidence keeps an unmatched reconstructed boot visible as a distinct reboot
     Failure/Error:
       ::NodeKernelEvent.create!(
         node:,
         event_type:,
         livepatch_action:,
         source: :node_report,
         confidence:,
         boot_id: kernel.boot_id,
         booted_at: parse_time(kernel.booted_at),
         booted_release: kernel.booted_release,
         reported_release: kernel.reported_release,

     ActiveModel::UnknownAttributeError:
       unknown attribute 'last_confirmed_at' for NodeKernelEvent.
     # ./.gems/ruby/3.4.0/gems/activemodel-8.1.3.1/lib/active_model/attribute_assignment.rb:57:in 'ActiveModel::AttributeAssignment#attribute_writer_missing'
     # ./.gems/ruby/3.4.0/gems/activemodel-8.1.3.1/lib/active_model/attribute_assignment.rb:74:in 'ActiveModel::AttributeAssignment#_assign_attribute'
     # ./.gems/ruby/3.4.0/gems/activerecord-8.1.3.1/lib/active_record/attribute_assignment.rb:17:in 'block in ActiveRecord::AttributeAssignment#_assign_attributes'
     # ./.gems/ruby/3.4.0/gems/activerecord-8.1.3.1/lib/active_record/attribute_assignment.rb:9:in 'Hash#each'
     # ./.gems/ruby/3.4.0/gems/activerecord-8.1.3.1/lib/active_record/attribute_assignment.rb:9:in 'ActiveRecord::AttributeAssignment#_assign_attributes'
     # ./.gems/ruby/3.4.0/gems/activemodel-8.1.3.1/lib/active_model/attribute_assignment.rb:34:in 'ActiveModel::AttributeAssignment#assign_attributes'
     # ./.gems/ruby/3.4.0/gems/activemodel-8.1.3.1/lib/active_model/api.rb:81:in 'ActiveModel::API#initialize'
     # ./.gems/ruby/3.4.0/gems/activerecord-8.1.3.1/lib/active_record/core.rb:479:in 'ActiveRecord::Core#initialize'
     # ./.gems/ruby/3.4.0/gems/activerecord-8.1.3.1/lib/active_record/inheritance.rb:76:in 'Class#new'
     # ./.gems/ruby/3.4.0/gems/activerecord-8.1.3.1/lib/active_record/inheritance.rb:76:in 'ActiveRecord::Inheritance::ClassMethods#new'
     # ./.gems/ruby/3.4.0/gems/activerecord-8.1.3.1/lib/active_record/persistence.rb:54:in 'ActiveRecord::Persistence::ClassMethods#create!'
     # ./lib/vpsadmin/api/operations/node/record_kernel_evidence.rb:388:in 'VpsAdmin::API::Operations::Node::RecordKernelEvidence#create_event!'
     # ./lib/vpsadmin/api/operations/node/record_kernel_evidence.rb:24:in 'block in VpsAdmin::API::Operations::Node::RecordKernelEvidence#run'
     # ./.gems/ruby/3.4.0/gems/activerecord-8.1.3.1/lib/active_record/locking/pessimistic.rb:102:in 'block in ActiveRecord::Locking::Pessimistic#with_lock'
     # ./.gems/ruby/3.4.0/gems/activerecord-8.1.3.1/lib/active_record/connection_adapters/abstract/database_statements.rb:376:in 'ActiveRecord::ConnectionAdapters::DatabaseStatements#transaction'
     # ./.gems/ruby/3.4.0/gems/activerecord-8.1.3.1/lib/active_record/transactions.rb:234:in 'block (2 levels) in ActiveRecord::Transactions::ClassMethods#transaction'
     # ./.gems/ruby/3.4.0/gems/activerecord-8.1.3.1/lib/active_record/connection_adapters/abstract/connection_pool.rb:485:in 'ActiveRecord::ConnectionAdapters::ConnectionPool#with_pool_transaction_isolation_level'
     # ./.gems/ruby/3.4.0/gems/activerecord-8.1.3.1/lib/active_record/transactions.rb:233:in 'block in ActiveRecord::Transactions::ClassMethods#transaction'
     # ./.gems/ruby/3.4.0/gems/activerecord-8.1.3.1/lib/active_record/connection_adapters/abstract/connection_pool.rb:457:in 'ActiveRecord::ConnectionAdapters::ConnectionPool#with_connection'
     # ./.gems/ruby/3.4.0/gems/activerecord-8.1.3.1/lib/active_record/connection_handling.rb:313:in 'ActiveRecord::ConnectionHandling#with_connection'
     # ./.gems/ruby/3.4.0/gems/activerecord-8.1.3.1/lib/active_record/transactions.rb:232:in 'ActiveRecord::Transactions::ClassMethods#transaction'
     # ./.gems/ruby/3.4.0/gems/activerecord-8.1.3.1/lib/active_record/transactions.rb:373:in 'ActiveRecord::Transactions#transaction'
     # ./.gems/ruby/3.4.0/gems/activerecord-8.1.3.1/lib/active_record/locking/pessimistic.rb:100:in 'ActiveRecord::Locking::Pessimistic#with_lock'
     # ./lib/vpsadmin/api/operations/node/record_kernel_evidence.rb:21:in 'VpsAdmin::API::Operations::Node::RecordKernelEvidence#run'
     # ./lib/vpsadmin/api/operations/base.rb:5:in 'VpsAdmin::API::Operations::Base.run'
     # ./spec/models/operations/node/record_kernel_evidence_spec.rb:834:in 'block (2 levels) in <top (required)>'
     # ./spec/spec_helper.rb:25:in 'block (3 levels) in <top (required)>'
     # ./.gems/ruby/3.4.0/gems/activerecord-8.1.3.1/lib/active_record/connection_adapters/abstract/transaction.rb:648:in 'block in ActiveRecord::ConnectionAdapters::TransactionManager#within_new_transaction'
     # ./.gems/ruby/3.4.0/gems/activesupport-8.1.3.1/lib/active_support/concurrency/null_lock.rb:9:in 'ActiveSupport::Concurrency::NullLock#synchronize'
     # ./.gems/ruby/3.4.0/gems/activerecord-8.1.3.1/lib/active_record/connection_adapters/abstract/transaction.rb:645:in 'ActiveRecord::ConnectionAdapters::TransactionManager#within_new_transaction'
     # ./.gems/ruby/3.4.0/gems/activerecord-8.1.3.1/lib/active_record/connection_adapters/abstract/database_statements.rb:386:in 'ActiveRecord::ConnectionAdapters::DatabaseStatements#within_new_transaction'
     # ./.gems/ruby/3.4.0/gems/activerecord-8.1.3.1/lib/active_record/connection_adapters/abstract/database_statements.rb:378:in 'ActiveRecord::ConnectionAdapters::DatabaseStatements#transaction'
     # ./.gems/ruby/3.4.0/gems/activerecord-8.1.3.1/lib/active_record/transactions.rb:234:in 'block (2 levels) in ActiveRecord::Transactions::ClassMethods#transaction'
     # ./.gems/ruby/3.4.0/gems/activerecord-8.1.3.1/lib/active_record/connection_adapters/abstract/connection_pool.rb:485:in 'ActiveRecord::ConnectionAdapters::ConnectionPool#with_pool_transaction_isolation_level'
     # ./.gems/ruby/3.4.0/gems/activerecord-8.1.3.1/lib/active_record/transactions.rb:233:in 'block in ActiveRecord::Transactions::ClassMethods#transaction'
     # ./.gems/ruby/3.4.0/gems/activerecord-8.1.3.1/lib/active_record/connection_adapters/abstract/connection_pool.rb:457:in 'ActiveRecord::ConnectionAdapters::ConnectionPool#with_connection'
     # ./.gems/ruby/3.4.0/gems/activerecord-8.1.3.1/lib/active_record/connection_handling.rb:313:in 'ActiveRecord::ConnectionHandling#with_connection'
     # ./.gems/ruby/3.4.0/gems/activerecord-8.1.3.1/lib/active_record/transactions.rb:232:in 'ActiveRecord::Transactions::ClassMethods#transaction'
     # ./spec/spec_helper.rb:24:in 'block (2 levels) in <top (required)>'
     # ------------------
     # --- Caused by: ---
     # NoMethodError:
     #   undefined method 'last_confirmed_at=' for an instance of NodeKernelEvent
     #   ./.gems/ruby/3.4.0/gems/activemodel-8.1.3.1/lib/active_model/attribute_methods.rb:512:in 'ActiveModel::AttributeMethods#method_missing'

  10) VpsAdmin::API::Operations::Node::RecordKernelEvidence deletes a matching reconstructed boot when exact identity first arrives
      Failure/Error:
        ::NodeKernelEvent.create!(
          node:,
          event_type:,
          livepatch_action:,
          source: :node_report,
          confidence:,
          boot_id: kernel.boot_id,
          booted_at: parse_time(kernel.booted_at),
          booted_release: kernel.booted_release,
          reported_release: kernel.reported_release,

      ActiveModel::UnknownAttributeError:
        unknown attribute 'last_confirmed_at' for NodeKernelEvent.
      # ./.gems/ruby/3.4.0/gems/activemodel-8.1.3.1/lib/active_model/attribute_assignment.rb:57:in 'ActiveModel::AttributeAssignment#attribute_writer_missing'
      # ./.gems/ruby/3.4.0/gems/activemodel-8.1.3.1/lib/active_model/attribute_assignment.rb:74:in 'ActiveModel::AttributeAssignment#_assign_attribute'
      # ./.gems/ruby/3.4.0/gems/activerecord-8.1.3.1/lib/active_record/attribute_assignment.rb:17:in 'block in ActiveRecord::AttributeAssignment#_assign_attributes'
      # ./.gems/ruby/3.4.0/gems/activerecord-8.1.3.1/lib/active_record/attribute_assignment.rb:9:in 'Hash#each'
      # ./.gems/ruby/3.4.0/gems/activerecord-8.1.3.1/lib/active_record/attribute_assignment.rb:9:in 'ActiveRecord::AttributeAssignment#_assign_attributes'
      # ./.gems/ruby/3.4.0/gems/activemodel-8.1.3.1/lib/active_model/attribute_assignment.rb:34:in 'ActiveModel::AttributeAssignment#assign_attributes'
      # ./.gems/ruby/3.4.0/gems/activemodel-8.1.3.1/lib/active_model/api.rb:81:in 'ActiveModel::API#initialize'
      # ./.gems/ruby/3.4.0/gems/activerecord-8.1.3.1/lib/active_record/core.rb:479:in 'ActiveRecord::Core#initialize'
      # ./.gems/ruby/3.4.0/gems/activerecord-8.1.3.1/lib/active_record/inheritance.rb:76:in 'Class#new'
      # ./.gems/ruby/3.4.0/gems/activerecord-8.1.3.1/lib/active_record/inheritance.rb:76:in 'ActiveRecord::Inheritance::ClassMethods#new'
      # ./.gems/ruby/3.4.0/gems/activerecord-8.1.3.1/lib/active_record/persistence.rb:54:in 'ActiveRecord::Persistence::ClassMethods#create!'
      # ./lib/vpsadmin/api/operations/node/record_kernel_evidence.rb:388:in 'VpsAdmin::API::Operations::Node::RecordKernelEvidence#create_event!'
      # ./lib/vpsadmin/api/operations/node/record_kernel_evidence.rb:24:in 'block in VpsAdmin::API::Operations::Node::RecordKernelEvidence#run'
      # ./.gems/ruby/3.4.0/gems/activerecord-8.1.3.1/lib/active_record/locking/pessimistic.rb:102:in 'block in ActiveRecord::Locking::Pessimistic#with_lock'
      # ./.gems/ruby/3.4.0/gems/activerecord-8.1.3.1/lib/active_record/connection_adapters/abstract/database_statements.rb:376:in 'ActiveRecord::ConnectionAdapters::DatabaseStatements#transaction'
      # ./.gems/ruby/3.4.0/gems/activerecord-8.1.3.1/lib/active_record/transactions.rb:234:in 'block (2 levels) in ActiveRecord::Transactions::ClassMethods#transaction'
      # ./.gems/ruby/3.4.0/gems/activerecord-8.1.3.1/lib/active_record/connection_adapters/abstract/connection_pool.rb:485:in 'ActiveRecord::ConnectionAdapters::ConnectionPool#with_pool_transaction_isolation_level'
      # ./.gems/ruby/3.4.0/gems/activerecord-8.1.3.1/lib/active_record/transactions.rb:233:in 'block in ActiveRecord::Transactions::ClassMethods#transaction'
      # ./.gems/ruby/3.4.0/gems/activerecord-8.1.3.1/lib/active_record/connection_adapters/abstract/connection_pool.rb:457:in 'ActiveRecord::ConnectionAdapters::ConnectionPool#with_connection'
      # ./.gems/ruby/3.4.0/gems/activerecord-8.1.3.1/lib/active_record/connection_handling.rb:313:in 'ActiveRecord::ConnectionHandling#with_connection'
      # ./.gems/ruby/3.4.0/gems/activerecord-8.1.3.1/lib/active_record/transactions.rb:232:in 'ActiveRecord::Transactions::ClassMethods#transaction'
      # ./.gems/ruby/3.4.0/gems/activerecord-8.1.3.1/lib/active_record/transactions.rb:373:in 'ActiveRecord::Transactions#transaction'
      # ./.gems/ruby/3.4.0/gems/activerecord-8.1.3.1/lib/active_record/locking/pessimistic.rb:100:in 'ActiveRecord::Locking::Pessimistic#with_lock'
      # ./lib/vpsadmin/api/operations/node/record_kernel_evidence.rb:21:in 'VpsAdmin::API::Operations::Node::RecordKernelEvidence#run'
      # ./lib/vpsadmin/api/operations/base.rb:5:in 'VpsAdmin::API::Operations::Base.run'
      # ./spec/models/operations/node/record_kernel_evidence_spec.rb:809:in 'block (2 levels) in <top (required)>'
      # ./spec/spec_helper.rb:25:in 'block (3 levels) in <top (required)>'
      # ./.gems/ruby/3.4.0/gems/activerecord-8.1.3.1/lib/active_record/connection_adapters/abstract/transaction.rb:648:in 'block in ActiveRecord::ConnectionAdapters::TransactionManager#within_new_transaction'
      # ./.gems/ruby/3.4.0/gems/activesupport-8.1.3.1/lib/active_support/concurrency/null_lock.rb:9:in 'ActiveSupport::Concurrency::NullLock#synchronize'
      # ./.gems/ruby/3.4.0/gems/activerecord-8.1.3.1/lib/active_record/connection_adapters/abstract/transaction.rb:645:in 'ActiveRecord::ConnectionAdapters::TransactionManager#within_new_transaction'
      # ./.gems/ruby/3.4.0/gems/activerecord-8.1.3.1/lib/active_record/connection_adapters/abstract/database_statements.rb:386:in 'ActiveRecord::ConnectionAdapters::DatabaseStatements#within_new_transaction'
      # ./.gems/ruby/3.4.0/gems/activerecord-8.1.3.1/lib/active_record/connection_adapters/abstract/database_statements.rb:378:in 'ActiveRecord::ConnectionAdapters::DatabaseStatements#transaction'
      # ./.gems/ruby/3.4.0/gems/activerecord-8.1.3.1/lib/active_record/transactions.rb:234:in 'block (2 levels) in ActiveRecord::Transactions::ClassMethods#transaction'
      # ./.gems/ruby/3.4.0/gems/activerecord-8.1.3.1/lib/active_record/connection_adapters/abstract/connection_pool.rb:485:in 'ActiveRecord::ConnectionAdapters::ConnectionPool#with_pool_transaction_isolation_level'
      # ./.gems/ruby/3.4.0/gems/activerecord-8.1.3.1/lib/active_record/transactions.rb:233:in 'block in ActiveRecord::Transactions::ClassMethods#transaction'
      # ./.gems/ruby/3.4.0/gems/activerecord-8.1.3.1/lib/active_record/connection_adapters/abstract/connection_pool.rb:457:in 'ActiveRecord::ConnectionAdapters::ConnectionPool#with_connection'
      # ./.gems/ruby/3.4.0/gems/activerecord-8.1.3.1/lib/active_record/connection_handling.rb:313:in 'ActiveRecord::ConnectionHandling#with_connection'
      # ./.gems/ruby/3.4.0/gems/activerecord-8.1.3.1/lib/active_record/transactions.rb:232:in 'ActiveRecord::Transactions::ClassMethods#transaction'
      # ./spec/spec_helper.rb:24:in 'block (2 levels) in <top (required)>'
      # ------------------
      # --- Caused by: ---
      # NoMethodError:
      #   undefined method 'last_confirmed_at=' for an instance of NodeKernelEvent
      #   ./.gems/ruby/3.4.0/gems/activemodel-8.1.3.1/lib/active_model/attribute_methods.rb:512:in 'ActiveModel::AttributeMethods#method_missing'

  11) VpsAdmin::API::Operations::Node::RecordKernelEvidence marks a boot time estimated from uptime as inferred
      Failure/Error:
        ::NodeKernelEvent.create!(
          node:,
          event_type:,
          livepatch_action:,
          source: :node_report,
          confidence:,
          boot_id: kernel.boot_id,
          booted_at: parse_time(kernel.booted_at),
          booted_release: kernel.booted_release,
          reported_release: kernel.reported_release,

      ActiveModel::UnknownAttributeError:
        unknown attribute 'last_confirmed_at' for NodeKernelEvent.
      # ./.gems/ruby/3.4.0/gems/activemodel-8.1.3.1/lib/active_model/attribute_assignment.rb:57:in 'ActiveModel::AttributeAssignment#attribute_writer_missing'
      # ./.gems/ruby/3.4.0/gems/activemodel-8.1.3.1/lib/active_model/attribute_assignment.rb:74:in 'ActiveModel::AttributeAssignment#_assign_attribute'
      # ./.gems/ruby/3.4.0/gems/activerecord-8.1.3.1/lib/active_record/attribute_assignment.rb:17:in 'block in ActiveRecord::AttributeAssignment#_assign_attributes'
      # ./.gems/ruby/3.4.0/gems/activerecord-8.1.3.1/lib/active_record/attribute_assignment.rb:9:in 'Hash#each'
      # ./.gems/ruby/3.4.0/gems/activerecord-8.1.3.1/lib/active_record/attribute_assignment.rb:9:in 'ActiveRecord::AttributeAssignment#_assign_attributes'
      # ./.gems/ruby/3.4.0/gems/activemodel-8.1.3.1/lib/active_model/attribute_assignment.rb:34:in 'ActiveModel::AttributeAssignment#assign_attributes'
      # ./.gems/ruby/3.4.0/gems/activemodel-8.1.3.1/lib/active_model/api.rb:81:in 'ActiveModel::API#initialize'
      # ./.gems/ruby/3.4.0/gems/activerecord-8.1.3.1/lib/active_record/core.rb:479:in 'ActiveRecord::Core#initialize'
      # ./.gems/ruby/3.4.0/gems/activerecord-8.1.3.1/lib/active_record/inheritance.rb:76:in 'Class#new'
      # ./.gems/ruby/3.4.0/gems/activerecord-8.1.3.1/lib/active_record/inheritance.rb:76:in 'ActiveRecord::Inheritance::ClassMethods#new'
      # ./.gems/ruby/3.4.0/gems/activerecord-8.1.3.1/lib/active_record/persistence.rb:54:in 'ActiveRecord::Persistence::ClassMethods#create!'
      # ./lib/vpsadmin/api/operations/node/record_kernel_evidence.rb:388:in 'VpsAdmin::API::Operations::Node::RecordKernelEvidence#create_event!'
      # ./lib/vpsadmin/api/operations/node/record_kernel_evidence.rb:24:in 'block in VpsAdmin::API::Operations::Node::RecordKernelEvidence#run'
      # ./.gems/ruby/3.4.0/gems/activerecord-8.1.3.1/lib/active_record/locking/pessimistic.rb:102:in 'block in ActiveRecord::Locking::Pessimistic#with_lock'
      # ./.gems/ruby/3.4.0/gems/activerecord-8.1.3.1/lib/active_record/connection_adapters/abstract/database_statements.rb:376:in 'ActiveRecord::ConnectionAdapters::DatabaseStatements#transaction'
      # ./.gems/ruby/3.4.0/gems/activerecord-8.1.3.1/lib/active_record/transactions.rb:234:in 'block (2 levels) in ActiveRecord::Transactions::ClassMethods#transaction'
      # ./.gems/ruby/3.4.0/gems/activerecord-8.1.3.1/lib/active_record/connection_adapters/abstract/connection_pool.rb:485:in 'ActiveRecord::ConnectionAdapters::ConnectionPool#with_pool_transaction_isolation_level'
      # ./.gems/ruby/3.4.0/gems/activerecord-8.1.3.1/lib/active_record/transactions.rb:233:in 'block in ActiveRecord::Transactions::ClassMethods#transaction'
      # ./.gems/ruby/3.4.0/gems/activerecord-8.1.3.1/lib/active_record/connection_adapters/abstract/connection_pool.rb:457:in 'ActiveRecord::ConnectionAdapters::ConnectionPool#with_connection'
      # ./.gems/ruby/3.4.0/gems/activerecord-8.1.3.1/lib/active_record/connection_handling.rb:313:in 'ActiveRecord::ConnectionHandling#with_connection'
      # ./.gems/ruby/3.4.0/gems/activerecord-8.1.3.1/lib/active_record/transactions.rb:232:in 'ActiveRecord::Transactions::ClassMethods#transaction'
      # ./.gems/ruby/3.4.0/gems/activerecord-8.1.3.1/lib/active_record/transactions.rb:373:in 'ActiveRecord::Transactions#transaction'
      # ./.gems/ruby/3.4.0/gems/activerecord-8.1.3.1/lib/active_record/locking/pessimistic.rb:100:in 'ActiveRecord::Locking::Pessimistic#with_lock'
      # ./lib/vpsadmin/api/operations/node/record_kernel_evidence.rb:21:in 'VpsAdmin::API::Operations::Node::RecordKernelEvidence#run'
      # ./lib/vpsadmin/api/operations/base.rb:5:in 'VpsAdmin::API::Operations::Base.run'
      # ./spec/models/operations/node/record_kernel_evidence_spec.rb:611:in 'block (2 levels) in <top (required)>'
      # ./spec/spec_helper.rb:25:in 'block (3 levels) in <top (required)>'
      # ./.gems/ruby/3.4.0/gems/activerecord-8.1.3.1/lib/active_record/connection_adapters/abstract/transaction.rb:648:in 'block in ActiveRecord::ConnectionAdapters::TransactionManager#within_new_transaction'
      # ./.gems/ruby/3.4.0/gems/activesupport-8.1.3.1/lib/active_support/concurrency/null_lock.rb:9:in 'ActiveSupport::Concurrency::NullLock#synchronize'
      # ./.gems/ruby/3.4.0/gems/activerecord-8.1.3.1/lib/active_record/connection_adapters/abstract/transaction.rb:645:in 'ActiveRecord::ConnectionAdapters::TransactionManager#within_new_transaction'
      # ./.gems/ruby/3.4.0/gems/activerecord-8.1.3.1/lib/active_record/connection_adapters/abstract/database_statements.rb:386:in 'ActiveRecord::ConnectionAdapters::DatabaseStatements#within_new_transaction'
      # ./.gems/ruby/3.4.0/gems/activerecord-8.1.3.1/lib/active_record/connection_adapters/abstract/database_statements.rb:378:in 'ActiveRecord::ConnectionAdapters::DatabaseStatements#transaction'
      # ./.gems/ruby/3.4.0/gems/activerecord-8.1.3.1/lib/active_record/transactions.rb:234:in 'block (2 levels) in ActiveRecord::Transactions::ClassMethods#transaction'
      # ./.gems/ruby/3.4.0/gems/activerecord-8.1.3.1/lib/active_record/connection_adapters/abstract/connection_pool.rb:485:in 'ActiveRecord::ConnectionAdapters::ConnectionPool#with_pool_transaction_isolation_level'
      # ./.gems/ruby/3.4.0/gems/activerecord-8.1.3.1/lib/active_record/transactions.rb:233:in 'block in ActiveRecord::Transactions::ClassMethods#transaction'
      # ./.gems/ruby/3.4.0/gems/activerecord-8.1.3.1/lib/active_record/connection_adapters/abstract/connection_pool.rb:457:in 'ActiveRecord::ConnectionAdapters::ConnectionPool#with_connection'
      # ./.gems/ruby/3.4.0/gems/activerecord-8.1.3.1/lib/active_record/connection_handling.rb:313:in 'ActiveRecord::ConnectionHandling#with_connection'
      # ./.gems/ruby/3.4.0/gems/activerecord-8.1.3.1/lib/active_record/transactions.rb:232:in 'ActiveRecord::Transactions::ClassMethods#transaction'
      # ./spec/spec_helper.rb:24:in 'block (2 levels) in <top (required)>'
      # ------------------
      # --- Caused by: ---
      # NoMethodError:
      #   undefined method 'last_confirmed_at=' for an instance of NodeKernelEvent
      #   ./.gems/ruby/3.4.0/gems/activemodel-8.1.3.1/lib/active_model/attribute_methods.rb:512:in 'ActiveModel::AttributeMethods#method_missing'

  12) VpsAdmin::API::Operations::Node::RecordKernelEvidence records a same-boot system activation as an internal deployment change
      Failure/Error:
        ::NodeKernelEvent.create!(
          node:,
          event_type:,
          livepatch_action:,
          source: :node_report,
          confidence:,
          boot_id: kernel.boot_id,
          booted_at: parse_time(kernel.booted_at),
          booted_release: kernel.booted_release,
          reported_release: kernel.reported_release,

      ActiveModel::UnknownAttributeError:
        unknown attribute 'last_confirmed_at' for NodeKernelEvent.
      # ./.gems/ruby/3.4.0/gems/activemodel-8.1.3.1/lib/active_model/attribute_assignment.rb:57:in 'ActiveModel::AttributeAssignment#attribute_writer_missing'
      # ./.gems/ruby/3.4.0/gems/activemodel-8.1.3.1/lib/active_model/attribute_assignment.rb:74:in 'ActiveModel::AttributeAssignment#_assign_attribute'
      # ./.gems/ruby/3.4.0/gems/activerecord-8.1.3.1/lib/active_record/attribute_assignment.rb:17:in 'block in ActiveRecord::AttributeAssignment#_assign_attributes'
      # ./.gems/ruby/3.4.0/gems/activerecord-8.1.3.1/lib/active_record/attribute_assignment.rb:9:in 'Hash#each'
      # ./.gems/ruby/3.4.0/gems/activerecord-8.1.3.1/lib/active_record/attribute_assignment.rb:9:in 'ActiveRecord::AttributeAssignment#_assign_attributes'
      # ./.gems/ruby/3.4.0/gems/activemodel-8.1.3.1/lib/active_model/attribute_assignment.rb:34:in 'ActiveModel::AttributeAssignment#assign_attributes'
      # ./.gems/ruby/3.4.0/gems/activemodel-8.1.3.1/lib/active_model/api.rb:81:in 'ActiveModel::API#initialize'
      # ./.gems/ruby/3.4.0/gems/activerecord-8.1.3.1/lib/active_record/core.rb:479:in 'ActiveRecord::Core#initialize'
      # ./.gems/ruby/3.4.0/gems/activerecord-8.1.3.1/lib/active_record/inheritance.rb:76:in 'Class#new'
      # ./.gems/ruby/3.4.0/gems/activerecord-8.1.3.1/lib/active_record/inheritance.rb:76:in 'ActiveRecord::Inheritance::ClassMethods#new'
      # ./.gems/ruby/3.4.0/gems/activerecord-8.1.3.1/lib/active_record/persistence.rb:54:in 'ActiveRecord::Persistence::ClassMethods#create!'
      # ./lib/vpsadmin/api/operations/node/record_kernel_evidence.rb:388:in 'VpsAdmin::API::Operations::Node::RecordKernelEvidence#create_event!'
      # ./lib/vpsadmin/api/operations/node/record_kernel_evidence.rb:24:in 'block in VpsAdmin::API::Operations::Node::RecordKernelEvidence#run'
      # ./.gems/ruby/3.4.0/gems/activerecord-8.1.3.1/lib/active_record/locking/pessimistic.rb:102:in 'block in ActiveRecord::Locking::Pessimistic#with_lock'
      # ./.gems/ruby/3.4.0/gems/activerecord-8.1.3.1/lib/active_record/connection_adapters/abstract/database_statements.rb:376:in 'ActiveRecord::ConnectionAdapters::DatabaseStatements#transaction'
      # ./.gems/ruby/3.4.0/gems/activerecord-8.1.3.1/lib/active_record/transactions.rb:234:in 'block (2 levels) in ActiveRecord::Transactions::ClassMethods#transaction'
      # ./.gems/ruby/3.4.0/gems/activerecord-8.1.3.1/lib/active_record/connection_adapters/abstract/connection_pool.rb:485:in 'ActiveRecord::ConnectionAdapters::ConnectionPool#with_pool_transaction_isolation_level'
      # ./.gems/ruby/3.4.0/gems/activerecord-8.1.3.1/lib/active_record/transactions.rb:233:in 'block in ActiveRecord::Transactions::ClassMethods#transaction'
      # ./.gems/ruby/3.4.0/gems/activerecord-8.1.3.1/lib/active_record/connection_adapters/abstract/connection_pool.rb:457:in 'ActiveRecord::ConnectionAdapters::ConnectionPool#with_connection'
      # ./.gems/ruby/3.4.0/gems/activerecord-8.1.3.1/lib/active_record/connection_handling.rb:313:in 'ActiveRecord::ConnectionHandling#with_connection'
      # ./.gems/ruby/3.4.0/gems/activerecord-8.1.3.1/lib/active_record/transactions.rb:232:in 'ActiveRecord::Transactions::ClassMethods#transaction'
      # ./.gems/ruby/3.4.0/gems/activerecord-8.1.3.1/lib/active_record/transactions.rb:373:in 'ActiveRecord::Transactions#transaction'
      # ./.gems/ruby/3.4.0/gems/activerecord-8.1.3.1/lib/active_record/locking/pessimistic.rb:100:in 'ActiveRecord::Locking::Pessimistic#with_lock'
      # ./lib/vpsadmin/api/operations/node/record_kernel_evidence.rb:21:in 'VpsAdmin::API::Operations::Node::RecordKernelEvidence#run'
      # ./lib/vpsadmin/api/operations/base.rb:5:in 'VpsAdmin::API::Operations::Base.run'
      # ./spec/models/operations/node/record_kernel_evidence_spec.rb:677:in 'block (2 levels) in <top (required)>'
      # ./spec/spec_helper.rb:25:in 'block (3 levels) in <top (required)>'
      # ./.gems/ruby/3.4.0/gems/activerecord-8.1.3.1/lib/active_record/connection_adapters/abstract/transaction.rb:648:in 'block in ActiveRecord::ConnectionAdapters::TransactionManager#within_new_transaction'
      # ./.gems/ruby/3.4.0/gems/activesupport-8.1.3.1/lib/active_support/concurrency/null_lock.rb:9:in 'ActiveSupport::Concurrency::NullLock#synchronize'
      # ./.gems/ruby/3.4.0/gems/activerecord-8.1.3.1/lib/active_record/connection_adapters/abstract/transaction.rb:645:in 'ActiveRecord::ConnectionAdapters::TransactionManager#within_new_transaction'
      # ./.gems/ruby/3.4.0/gems/activerecord-8.1.3.1/lib/active_record/connection_adapters/abstract/database_statements.rb:386:in 'ActiveRecord::ConnectionAdapters::DatabaseStatements#within_new_transaction'
      # ./.gems/ruby/3.4.0/gems/activerecord-8.1.3.1/lib/active_record/connection_adapters/abstract/database_statements.rb:378:in 'ActiveRecord::ConnectionAdapters::DatabaseStatements#transaction'
      # ./.gems/ruby/3.4.0/gems/activerecord-8.1.3.1/lib/active_record/transactions.rb:234:in 'block (2 levels) in ActiveRecord::Transactions::ClassMethods#transaction'
      # ./.gems/ruby/3.4.0/gems/activerecord-8.1.3.1/lib/active_record/connection_adapters/abstract/connection_pool.rb:485:in 'ActiveRecord::ConnectionAdapters::ConnectionPool#with_pool_transaction_isolation_level'
      # ./.gems/ruby/3.4.0/gems/activerecord-8.1.3.1/lib/active_record/transactions.rb:233:in 'block in ActiveRecord::Transactions::ClassMethods#transaction'
      # ./.gems/ruby/3.4.0/gems/activerecord-8.1.3.1/lib/active_record/connection_adapters/abstract/connection_pool.rb:457:in 'ActiveRecord::ConnectionAdapters::ConnectionPool#with_connection'
      # ./.gems/ruby/3.4.0/gems/activerecord-8.1.3.1/lib/active_record/connection_handling.rb:313:in 'ActiveRecord::ConnectionHandling#with_connection'
      # ./.gems/ruby/3.4.0/gems/activerecord-8.1.3.1/lib/active_record/transactions.rb:232:in 'ActiveRecord::Transactions::ClassMethods#transaction'
      # ./spec/spec_helper.rb:24:in 'block (2 levels) in <top (required)>'
      # ------------------
      # --- Caused by: ---
      # NoMethodError:
      #   undefined method 'last_confirmed_at=' for an instance of NodeKernelEvent
      #   ./.gems/ruby/3.4.0/gems/activemodel-8.1.3.1/lib/active_model/attribute_methods.rb:512:in 'ActiveModel::AttributeMethods#method_missing'

  13) VpsAdmin::API::Operations::Node::RecordKernelEvidence does not remove an effective patch hidden by an old reporter
      Failure/Error:
        ::NodeKernelEvent.create!(
          node:,
          event_type:,
          livepatch_action:,
          source: :node_report,
          confidence:,
          boot_id: kernel.boot_id,
          booted_at: parse_time(kernel.booted_at),
          booted_release: kernel.booted_release,
          reported_release: kernel.reported_release,

      ActiveModel::UnknownAttributeError:
        unknown attribute 'last_confirmed_at' for NodeKernelEvent.
      # ./.gems/ruby/3.4.0/gems/activemodel-8.1.3.1/lib/active_model/attribute_assignment.rb:57:in 'ActiveModel::AttributeAssignment#attribute_writer_missing'
      # ./.gems/ruby/3.4.0/gems/activemodel-8.1.3.1/lib/active_model/attribute_assignment.rb:74:in 'ActiveModel::AttributeAssignment#_assign_attribute'
      # ./.gems/ruby/3.4.0/gems/activerecord-8.1.3.1/lib/active_record/attribute_assignment.rb:17:in 'block in ActiveRecord::AttributeAssignment#_assign_attributes'
      # ./.gems/ruby/3.4.0/gems/activerecord-8.1.3.1/lib/active_record/attribute_assignment.rb:9:in 'Hash#each'
      # ./.gems/ruby/3.4.0/gems/activerecord-8.1.3.1/lib/active_record/attribute_assignment.rb:9:in 'ActiveRecord::AttributeAssignment#_assign_attributes'
      # ./.gems/ruby/3.4.0/gems/activemodel-8.1.3.1/lib/active_model/attribute_assignment.rb:34:in 'ActiveModel::AttributeAssignment#assign_attributes'
      # ./.gems/ruby/3.4.0/gems/activemodel-8.1.3.1/lib/active_model/api.rb:81:in 'ActiveModel::API#initialize'
      # ./.gems/ruby/3.4.0/gems/activerecord-8.1.3.1/lib/active_record/core.rb:479:in 'ActiveRecord::Core#initialize'
      # ./.gems/ruby/3.4.0/gems/activerecord-8.1.3.1/lib/active_record/inheritance.rb:76:in 'Class#new'
      # ./.gems/ruby/3.4.0/gems/activerecord-8.1.3.1/lib/active_record/inheritance.rb:76:in 'ActiveRecord::Inheritance::ClassMethods#new'
      # ./.gems/ruby/3.4.0/gems/activerecord-8.1.3.1/lib/active_record/persistence.rb:54:in 'ActiveRecord::Persistence::ClassMethods#create!'
      # ./lib/vpsadmin/api/operations/node/record_kernel_evidence.rb:388:in 'VpsAdmin::API::Operations::Node::RecordKernelEvidence#create_event!'
      # ./lib/vpsadmin/api/operations/node/record_kernel_evidence.rb:24:in 'block in VpsAdmin::API::Operations::Node::RecordKernelEvidence#run'
      # ./.gems/ruby/3.4.0/gems/activerecord-8.1.3.1/lib/active_record/locking/pessimistic.rb:102:in 'block in ActiveRecord::Locking::Pessimistic#with_lock'
      # ./.gems/ruby/3.4.0/gems/activerecord-8.1.3.1/lib/active_record/connection_adapters/abstract/database_statements.rb:376:in 'ActiveRecord::ConnectionAdapters::DatabaseStatements#transaction'
      # ./.gems/ruby/3.4.0/gems/activerecord-8.1.3.1/lib/active_record/transactions.rb:234:in 'block (2 levels) in ActiveRecord::Transactions::ClassMethods#transaction'
      # ./.gems/ruby/3.4.0/gems/activerecord-8.1.3.1/lib/active_record/connection_adapters/abstract/connection_pool.rb:485:in 'ActiveRecord::ConnectionAdapters::ConnectionPool#with_pool_transaction_isolation_level'
      # ./.gems/ruby/3.4.0/gems/activerecord-8.1.3.1/lib/active_record/transactions.rb:233:in 'block in ActiveRecord::Transactions::ClassMethods#transaction'
      # ./.gems/ruby/3.4.0/gems/activerecord-8.1.3.1/lib/active_record/connection_adapters/abstract/connection_pool.rb:457:in 'ActiveRecord::ConnectionAdapters::ConnectionPool#with_connection'
      # ./.gems/ruby/3.4.0/gems/activerecord-8.1.3.1/lib/active_record/connection_handling.rb:313:in 'ActiveRecord::ConnectionHandling#with_connection'
      # ./.gems/ruby/3.4.0/gems/activerecord-8.1.3.1/lib/active_record/transactions.rb:232:in 'ActiveRecord::Transactions::ClassMethods#transaction'
      # ./.gems/ruby/3.4.0/gems/activerecord-8.1.3.1/lib/active_record/transactions.rb:373:in 'ActiveRecord::Transactions#transaction'
      # ./.gems/ruby/3.4.0/gems/activerecord-8.1.3.1/lib/active_record/locking/pessimistic.rb:100:in 'ActiveRecord::Locking::Pessimistic#with_lock'
      # ./lib/vpsadmin/api/operations/node/record_kernel_evidence.rb:21:in 'VpsAdmin::API::Operations::Node::RecordKernelEvidence#run'
      # ./lib/vpsadmin/api/operations/base.rb:5:in 'VpsAdmin::API::Operations::Base.run'
      # ./spec/models/operations/node/record_kernel_evidence_spec.rb:247:in 'block (2 levels) in <top (required)>'
      # ./spec/spec_helper.rb:25:in 'block (3 levels) in <top (required)>'
      # ./.gems/ruby/3.4.0/gems/activerecord-8.1.3.1/lib/active_record/connection_adapters/abstract/transaction.rb:648:in 'block in ActiveRecord::ConnectionAdapters::TransactionManager#within_new_transaction'
      # ./.gems/ruby/3.4.0/gems/activesupport-8.1.3.1/lib/active_support/concurrency/null_lock.rb:9:in 'ActiveSupport::Concurrency::NullLock#synchronize'
      # ./.gems/ruby/3.4.0/gems/activerecord-8.1.3.1/lib/active_record/connection_adapters/abstract/transaction.rb:645:in 'ActiveRecord::ConnectionAdapters::TransactionManager#within_new_transaction'
      # ./.gems/ruby/3.4.0/gems/activerecord-8.1.3.1/lib/active_record/connection_adapters/abstract/database_statements.rb:386:in 'ActiveRecord::ConnectionAdapters::DatabaseStatements#within_new_transaction'
      # ./.gems/ruby/3.4.0/gems/activerecord-8.1.3.1/lib/active_record/connection_adapters/abstract/database_statements.rb:378:in 'ActiveRecord::ConnectionAdapters::DatabaseStatements#transaction'
      # ./.gems/ruby/3.4.0/gems/activerecord-8.1.3.1/lib/active_record/transactions.rb:234:in 'block (2 levels) in ActiveRecord::Transactions::ClassMethods#transaction'
      # ./.gems/ruby/3.4.0/gems/activerecord-8.1.3.1/lib/active_record/connection_adapters/abstract/connection_pool.rb:485:in 'ActiveRecord::ConnectionAdapters::ConnectionPool#with_pool_transaction_isolation_level'
      # ./.gems/ruby/3.4.0/gems/activerecord-8.1.3.1/lib/active_record/transactions.rb:233:in 'block in ActiveRecord::Transactions::ClassMethods#transaction'
      # ./.gems/ruby/3.4.0/gems/activerecord-8.1.3.1/lib/active_record/connection_adapters/abstract/connection_pool.rb:457:in 'ActiveRecord::ConnectionAdapters::ConnectionPool#with_connection'
      # ./.gems/ruby/3.4.0/gems/activerecord-8.1.3.1/lib/active_record/connection_handling.rb:313:in 'ActiveRecord::ConnectionHandling#with_connection'
      # ./.gems/ruby/3.4.0/gems/activerecord-8.1.3.1/lib/active_record/transactions.rb:232:in 'ActiveRecord::Transactions::ClassMethods#transaction'
      # ./spec/spec_helper.rb:24:in 'block (2 levels) in <top (required)>'
      # ------------------
      # --- Caused by: ---
      # NoMethodError:
      #   undefined method 'last_confirmed_at=' for an instance of NodeKernelEvent
      #   ./.gems/ruby/3.4.0/gems/activemodel-8.1.3.1/lib/active_model/attribute_methods.rb:512:in 'ActiveModel::AttributeMethods#method_missing'

  14) VpsAdmin::API::Operations::Node::RecordKernelEvidence groups simultaneous software changes and records the initial baseline
      Failure/Error:
        ::NodeKernelEvent.create!(
          node:,
          event_type:,
          livepatch_action:,
          source: :node_report,
          confidence:,
          boot_id: kernel.boot_id,
          booted_at: parse_time(kernel.booted_at),
          booted_release: kernel.booted_release,
          reported_release: kernel.reported_release,

      ActiveModel::UnknownAttributeError:
        unknown attribute 'last_confirmed_at' for NodeKernelEvent.
      # ./.gems/ruby/3.4.0/gems/activemodel-8.1.3.1/lib/active_model/attribute_assignment.rb:57:in 'ActiveModel::AttributeAssignment#attribute_writer_missing'
      # ./.gems/ruby/3.4.0/gems/activemodel-8.1.3.1/lib/active_model/attribute_assignment.rb:74:in 'ActiveModel::AttributeAssignment#_assign_attribute'
      # ./.gems/ruby/3.4.0/gems/activerecord-8.1.3.1/lib/active_record/attribute_assignment.rb:17:in 'block in ActiveRecord::AttributeAssignment#_assign_attributes'
      # ./.gems/ruby/3.4.0/gems/activerecord-8.1.3.1/lib/active_record/attribute_assignment.rb:9:in 'Hash#each'
      # ./.gems/ruby/3.4.0/gems/activerecord-8.1.3.1/lib/active_record/attribute_assignment.rb:9:in 'ActiveRecord::AttributeAssignment#_assign_attributes'
      # ./.gems/ruby/3.4.0/gems/activemodel-8.1.3.1/lib/active_model/attribute_assignment.rb:34:in 'ActiveModel::AttributeAssignment#assign_attributes'
      # ./.gems/ruby/3.4.0/gems/activemodel-8.1.3.1/lib/active_model/api.rb:81:in 'ActiveModel::API#initialize'
      # ./.gems/ruby/3.4.0/gems/activerecord-8.1.3.1/lib/active_record/core.rb:479:in 'ActiveRecord::Core#initialize'
      # ./.gems/ruby/3.4.0/gems/activerecord-8.1.3.1/lib/active_record/inheritance.rb:76:in 'Class#new'
      # ./.gems/ruby/3.4.0/gems/activerecord-8.1.3.1/lib/active_record/inheritance.rb:76:in 'ActiveRecord::Inheritance::ClassMethods#new'
      # ./.gems/ruby/3.4.0/gems/activerecord-8.1.3.1/lib/active_record/persistence.rb:54:in 'ActiveRecord::Persistence::ClassMethods#create!'
      # ./lib/vpsadmin/api/operations/node/record_kernel_evidence.rb:388:in 'VpsAdmin::API::Operations::Node::RecordKernelEvidence#create_event!'
      # ./lib/vpsadmin/api/operations/node/record_kernel_evidence.rb:24:in 'block in VpsAdmin::API::Operations::Node::RecordKernelEvidence#run'
      # ./.gems/ruby/3.4.0/gems/activerecord-8.1.3.1/lib/active_record/locking/pessimistic.rb:102:in 'block in ActiveRecord::Locking::Pessimistic#with_lock'
      # ./.gems/ruby/3.4.0/gems/activerecord-8.1.3.1/lib/active_record/connection_adapters/abstract/database_statements.rb:376:in 'ActiveRecord::ConnectionAdapters::DatabaseStatements#transaction'
      # ./.gems/ruby/3.4.0/gems/activerecord-8.1.3.1/lib/active_record/transactions.rb:234:in 'block (2 levels) in ActiveRecord::Transactions::ClassMethods#transaction'
      # ./.gems/ruby/3.4.0/gems/activerecord-8.1.3.1/lib/active_record/connection_adapters/abstract/connection_pool.rb:485:in 'ActiveRecord::ConnectionAdapters::ConnectionPool#with_pool_transaction_isolation_level'
      # ./.gems/ruby/3.4.0/gems/activerecord-8.1.3.1/lib/active_record/transactions.rb:233:in 'block in ActiveRecord::Transactions::ClassMethods#transaction'
      # ./.gems/ruby/3.4.0/gems/activerecord-8.1.3.1/lib/active_record/connection_adapters/abstract/connection_pool.rb:457:in 'ActiveRecord::ConnectionAdapters::ConnectionPool#with_connection'
      # ./.gems/ruby/3.4.0/gems/activerecord-8.1.3.1/lib/active_record/connection_handling.rb:313:in 'ActiveRecord::ConnectionHandling#with_connection'
      # ./.gems/ruby/3.4.0/gems/activerecord-8.1.3.1/lib/active_record/transactions.rb:232:in 'ActiveRecord::Transactions::ClassMethods#transaction'
      # ./.gems/ruby/3.4.0/gems/activerecord-8.1.3.1/lib/active_record/transactions.rb:373:in 'ActiveRecord::Transactions#transaction'
      # ./.gems/ruby/3.4.0/gems/activerecord-8.1.3.1/lib/active_record/locking/pessimistic.rb:100:in 'ActiveRecord::Locking::Pessimistic#with_lock'
      # ./lib/vpsadmin/api/operations/node/record_kernel_evidence.rb:21:in 'VpsAdmin::API::Operations::Node::RecordKernelEvidence#run'
      # ./lib/vpsadmin/api/operations/base.rb:5:in 'VpsAdmin::API::Operations::Base.run'
      # ./spec/models/operations/node/record_kernel_evidence_spec.rb:704:in 'block (2 levels) in <top (required)>'
      # ./spec/spec_helper.rb:25:in 'block (3 levels) in <top (required)>'
      # ./.gems/ruby/3.4.0/gems/activerecord-8.1.3.1/lib/active_record/connection_adapters/abstract/transaction.rb:648:in 'block in ActiveRecord::ConnectionAdapters::TransactionManager#within_new_transaction'
      # ./.gems/ruby/3.4.0/gems/activesupport-8.1.3.1/lib/active_support/concurrency/null_lock.rb:9:in 'ActiveSupport::Concurrency::NullLock#synchronize'
      # ./.gems/ruby/3.4.0/gems/activerecord-8.1.3.1/lib/active_record/connection_adapters/abstract/transaction.rb:645:in 'ActiveRecord::ConnectionAdapters::TransactionManager#within_new_transaction'
      # ./.gems/ruby/3.4.0/gems/activerecord-8.1.3.1/lib/active_record/connection_adapters/abstract/database_statements.rb:386:in 'ActiveRecord::ConnectionAdapters::DatabaseStatements#within_new_transaction'
      # ./.gems/ruby/3.4.0/gems/activerecord-8.1.3.1/lib/active_record/connection_adapters/abstract/database_statements.rb:378:in 'ActiveRecord::ConnectionAdapters::DatabaseStatements#transaction'
      # ./.gems/ruby/3.4.0/gems/activerecord-8.1.3.1/lib/active_record/transactions.rb:234:in 'block (2 levels) in ActiveRecord::Transactions::ClassMethods#transaction'
      # ./.gems/ruby/3.4.0/gems/activerecord-8.1.3.1/lib/active_record/connection_adapters/abstract/connection_pool.rb:485:in 'ActiveRecord::ConnectionAdapters::ConnectionPool#with_pool_transaction_isolation_level'
      # ./.gems/ruby/3.4.0/gems/activerecord-8.1.3.1/lib/active_record/transactions.rb:233:in 'block in ActiveRecord::Transactions::ClassMethods#transaction'
      # ./.gems/ruby/3.4.0/gems/activerecord-8.1.3.1/lib/active_record/connection_adapters/abstract/connection_pool.rb:457:in 'ActiveRecord::ConnectionAdapters::ConnectionPool#with_connection'
      # ./.gems/ruby/3.4.0/gems/activerecord-8.1.3.1/lib/active_record/connection_handling.rb:313:in 'ActiveRecord::ConnectionHandling#with_connection'
      # ./.gems/ruby/3.4.0/gems/activerecord-8.1.3.1/lib/active_record/transactions.rb:232:in 'ActiveRecord::Transactions::ClassMethods#transaction'
      # ./spec/spec_helper.rb:24:in 'block (2 levels) in <top (required)>'
      # ------------------
      # --- Caused by: ---
      # NoMethodError:
      #   undefined method 'last_confirmed_at=' for an instance of NodeKernelEvent
      #   ./.gems/ruby/3.4.0/gems/activemodel-8.1.3.1/lib/active_model/attribute_methods.rb:512:in 'ActiveModel::AttributeMethods#method_missing'

  15) VpsAdmin::API::Operations::Node::RecordKernelEvidence does not apply a patch until unreadable livepatch state becomes observable
      Failure/Error:
        ::NodeKernelEvent.create!(
          node:,
          event_type:,
          livepatch_action:,
          source: :node_report,
          confidence:,
          boot_id: kernel.boot_id,
          booted_at: parse_time(kernel.booted_at),
          booted_release: kernel.booted_release,
          reported_release: kernel.reported_release,

      ActiveModel::UnknownAttributeError:
        unknown attribute 'last_confirmed_at' for NodeKernelEvent.
      # ./.gems/ruby/3.4.0/gems/activemodel-8.1.3.1/lib/active_model/attribute_assignment.rb:57:in 'ActiveModel::AttributeAssignment#attribute_writer_missing'
      # ./.gems/ruby/3.4.0/gems/activemodel-8.1.3.1/lib/active_model/attribute_assignment.rb:74:in 'ActiveModel::AttributeAssignment#_assign_attribute'
      # ./.gems/ruby/3.4.0/gems/activerecord-8.1.3.1/lib/active_record/attribute_assignment.rb:17:in 'block in ActiveRecord::AttributeAssignment#_assign_attributes'
      # ./.gems/ruby/3.4.0/gems/activerecord-8.1.3.1/lib/active_record/attribute_assignment.rb:9:in 'Hash#each'
      # ./.gems/ruby/3.4.0/gems/activerecord-8.1.3.1/lib/active_record/attribute_assignment.rb:9:in 'ActiveRecord::AttributeAssignment#_assign_attributes'
      # ./.gems/ruby/3.4.0/gems/activemodel-8.1.3.1/lib/active_model/attribute_assignment.rb:34:in 'ActiveModel::AttributeAssignment#assign_attributes'
      # ./.gems/ruby/3.4.0/gems/activemodel-8.1.3.1/lib/active_model/api.rb:81:in 'ActiveModel::API#initialize'
      # ./.gems/ruby/3.4.0/gems/activerecord-8.1.3.1/lib/active_record/core.rb:479:in 'ActiveRecord::Core#initialize'
      # ./.gems/ruby/3.4.0/gems/activerecord-8.1.3.1/lib/active_record/inheritance.rb:76:in 'Class#new'
      # ./.gems/ruby/3.4.0/gems/activerecord-8.1.3.1/lib/active_record/inheritance.rb:76:in 'ActiveRecord::Inheritance::ClassMethods#new'
      # ./.gems/ruby/3.4.0/gems/activerecord-8.1.3.1/lib/active_record/persistence.rb:54:in 'ActiveRecord::Persistence::ClassMethods#create!'
      # ./lib/vpsadmin/api/operations/node/record_kernel_evidence.rb:388:in 'VpsAdmin::API::Operations::Node::RecordKernelEvidence#create_event!'
      # ./lib/vpsadmin/api/operations/node/record_kernel_evidence.rb:24:in 'block in VpsAdmin::API::Operations::Node::RecordKernelEvidence#run'
      # ./.gems/ruby/3.4.0/gems/activerecord-8.1.3.1/lib/active_record/locking/pessimistic.rb:102:in 'block in ActiveRecord::Locking::Pessimistic#with_lock'
      # ./.gems/ruby/3.4.0/gems/activerecord-8.1.3.1/lib/active_record/connection_adapters/abstract/database_statements.rb:376:in 'ActiveRecord::ConnectionAdapters::DatabaseStatements#transaction'
      # ./.gems/ruby/3.4.0/gems/activerecord-8.1.3.1/lib/active_record/transactions.rb:234:in 'block (2 levels) in ActiveRecord::Transactions::ClassMethods#transaction'
      # ./.gems/ruby/3.4.0/gems/activerecord-8.1.3.1/lib/active_record/connection_adapters/abstract/connection_pool.rb:485:in 'ActiveRecord::ConnectionAdapters::ConnectionPool#with_pool_transaction_isolation_level'
      # ./.gems/ruby/3.4.0/gems/activerecord-8.1.3.1/lib/active_record/transactions.rb:233:in 'block in ActiveRecord::Transactions::ClassMethods#transaction'
      # ./.gems/ruby/3.4.0/gems/activerecord-8.1.3.1/lib/active_record/connection_adapters/abstract/connection_pool.rb:457:in 'ActiveRecord::ConnectionAdapters::ConnectionPool#with_connection'
      # ./.gems/ruby/3.4.0/gems/activerecord-8.1.3.1/lib/active_record/connection_handling.rb:313:in 'ActiveRecord::ConnectionHandling#with_connection'
      # ./.gems/ruby/3.4.0/gems/activerecord-8.1.3.1/lib/active_record/transactions.rb:232:in 'ActiveRecord::Transactions::ClassMethods#transaction'
      # ./.gems/ruby/3.4.0/gems/activerecord-8.1.3.1/lib/active_record/transactions.rb:373:in 'ActiveRecord::Transactions#transaction'
      # ./.gems/ruby/3.4.0/gems/activerecord-8.1.3.1/lib/active_record/locking/pessimistic.rb:100:in 'ActiveRecord::Locking::Pessimistic#with_lock'
      # ./lib/vpsadmin/api/operations/node/record_kernel_evidence.rb:21:in 'VpsAdmin::API::Operations::Node::RecordKernelEvidence#run'
      # ./lib/vpsadmin/api/operations/base.rb:5:in 'VpsAdmin::API::Operations::Base.run'
      # ./spec/models/operations/node/record_kernel_evidence_spec.rb:359:in 'block (2 levels) in <top (required)>'
      # ./spec/spec_helper.rb:25:in 'block (3 levels) in <top (required)>'
      # ./.gems/ruby/3.4.0/gems/activerecord-8.1.3.1/lib/active_record/connection_adapters/abstract/transaction.rb:648:in 'block in ActiveRecord::ConnectionAdapters::TransactionManager#within_new_transaction'
      # ./.gems/ruby/3.4.0/gems/activesupport-8.1.3.1/lib/active_support/concurrency/null_lock.rb:9:in 'ActiveSupport::Concurrency::NullLock#synchronize'
      # ./.gems/ruby/3.4.0/gems/activerecord-8.1.3.1/lib/active_record/connection_adapters/abstract/transaction.rb:645:in 'ActiveRecord::ConnectionAdapters::TransactionManager#within_new_transaction'
      # ./.gems/ruby/3.4.0/gems/activerecord-8.1.3.1/lib/active_record/connection_adapters/abstract/database_statements.rb:386:in 'ActiveRecord::ConnectionAdapters::DatabaseStatements#within_new_transaction'
      # ./.gems/ruby/3.4.0/gems/activerecord-8.1.3.1/lib/active_record/connection_adapters/abstract/database_statements.rb:378:in 'ActiveRecord::ConnectionAdapters::DatabaseStatements#transaction'
      # ./.gems/ruby/3.4.0/gems/activerecord-8.1.3.1/lib/active_record/transactions.rb:234:in 'block (2 levels) in ActiveRecord::Transactions::ClassMethods#transaction'
      # ./.gems/ruby/3.4.0/gems/activerecord-8.1.3.1/lib/active_record/connection_adapters/abstract/connection_pool.rb:485:in 'ActiveRecord::ConnectionAdapters::ConnectionPool#with_pool_transaction_isolation_level'
      # ./.gems/ruby/3.4.0/gems/activerecord-8.1.3.1/lib/active_record/transactions.rb:233:in 'block in ActiveRecord::Transactions::ClassMethods#transaction'
      # ./.gems/ruby/3.4.0/gems/activerecord-8.1.3.1/lib/active_record/connection_adapters/abstract/connection_pool.rb:457:in 'ActiveRecord::ConnectionAdapters::ConnectionPool#with_connection'
      # ./.gems/ruby/3.4.0/gems/activerecord-8.1.3.1/lib/active_record/connection_handling.rb:313:in 'ActiveRecord::ConnectionHandling#with_connection'
      # ./.gems/ruby/3.4.0/gems/activerecord-8.1.3.1/lib/active_record/transactions.rb:232:in 'ActiveRecord::Transactions::ClassMethods#transaction'
      # ./spec/spec_helper.rb:24:in 'block (2 levels) in <top (required)>'
      # ------------------
      # --- Caused by: ---
      # NoMethodError:
      #   undefined method 'last_confirmed_at=' for an instance of NodeKernelEvent
      #   ./.gems/ruby/3.4.0/gems/activemodel-8.1.3.1/lib/active_model/attribute_methods.rb:512:in 'ActiveModel::AttributeMethods#method_missing'

  16) VpsAdmin::API::Operations::Node::RecordKernelEvidence does not treat a legacy activation marker as the application time
      Failure/Error:
        ::NodeKernelEvent.create!(
          node:,
          event_type:,
          livepatch_action:,
          source: :node_report,
          confidence:,
          boot_id: kernel.boot_id,
          booted_at: parse_time(kernel.booted_at),
          booted_release: kernel.booted_release,
          reported_release: kernel.reported_release,

      ActiveModel::UnknownAttributeError:
        unknown attribute 'last_confirmed_at' for NodeKernelEvent.
      # ./.gems/ruby/3.4.0/gems/activemodel-8.1.3.1/lib/active_model/attribute_assignment.rb:57:in 'ActiveModel::AttributeAssignment#attribute_writer_missing'
      # ./.gems/ruby/3.4.0/gems/activemodel-8.1.3.1/lib/active_model/attribute_assignment.rb:74:in 'ActiveModel::AttributeAssignment#_assign_attribute'
      # ./.gems/ruby/3.4.0/gems/activerecord-8.1.3.1/lib/active_record/attribute_assignment.rb:17:in 'block in ActiveRecord::AttributeAssignment#_assign_attributes'
      # ./.gems/ruby/3.4.0/gems/activerecord-8.1.3.1/lib/active_record/attribute_assignment.rb:9:in 'Hash#each'
      # ./.gems/ruby/3.4.0/gems/activerecord-8.1.3.1/lib/active_record/attribute_assignment.rb:9:in 'ActiveRecord::AttributeAssignment#_assign_attributes'
      # ./.gems/ruby/3.4.0/gems/activemodel-8.1.3.1/lib/active_model/attribute_assignment.rb:34:in 'ActiveModel::AttributeAssignment#assign_attributes'
      # ./.gems/ruby/3.4.0/gems/activemodel-8.1.3.1/lib/active_model/api.rb:81:in 'ActiveModel::API#initialize'
      # ./.gems/ruby/3.4.0/gems/activerecord-8.1.3.1/lib/active_record/core.rb:479:in 'ActiveRecord::Core#initialize'
      # ./.gems/ruby/3.4.0/gems/activerecord-8.1.3.1/lib/active_record/inheritance.rb:76:in 'Class#new'
      # ./.gems/ruby/3.4.0/gems/activerecord-8.1.3.1/lib/active_record/inheritance.rb:76:in 'ActiveRecord::Inheritance::ClassMethods#new'
      # ./.gems/ruby/3.4.0/gems/activerecord-8.1.3.1/lib/active_record/persistence.rb:54:in 'ActiveRecord::Persistence::ClassMethods#create!'
      # ./lib/vpsadmin/api/operations/node/record_kernel_evidence.rb:388:in 'VpsAdmin::API::Operations::Node::RecordKernelEvidence#create_event!'
      # ./lib/vpsadmin/api/operations/node/record_kernel_evidence.rb:24:in 'block in VpsAdmin::API::Operations::Node::RecordKernelEvidence#run'
      # ./.gems/ruby/3.4.0/gems/activerecord-8.1.3.1/lib/active_record/locking/pessimistic.rb:102:in 'block in ActiveRecord::Locking::Pessimistic#with_lock'
      # ./.gems/ruby/3.4.0/gems/activerecord-8.1.3.1/lib/active_record/connection_adapters/abstract/database_statements.rb:376:in 'ActiveRecord::ConnectionAdapters::DatabaseStatements#transaction'
      # ./.gems/ruby/3.4.0/gems/activerecord-8.1.3.1/lib/active_record/transactions.rb:234:in 'block (2 levels) in ActiveRecord::Transactions::ClassMethods#transaction'
      # ./.gems/ruby/3.4.0/gems/activerecord-8.1.3.1/lib/active_record/connection_adapters/abstract/connection_pool.rb:485:in 'ActiveRecord::ConnectionAdapters::ConnectionPool#with_pool_transaction_isolation_level'
      # ./.gems/ruby/3.4.0/gems/activerecord-8.1.3.1/lib/active_record/transactions.rb:233:in 'block in ActiveRecord::Transactions::ClassMethods#transaction'
      # ./.gems/ruby/3.4.0/gems/activerecord-8.1.3.1/lib/active_record/connection_adapters/abstract/connection_pool.rb:457:in 'ActiveRecord::ConnectionAdapters::ConnectionPool#with_connection'
      # ./.gems/ruby/3.4.0/gems/activerecord-8.1.3.1/lib/active_record/connection_handling.rb:313:in 'ActiveRecord::ConnectionHandling#with_connection'
      # ./.gems/ruby/3.4.0/gems/activerecord-8.1.3.1/lib/active_record/transactions.rb:232:in 'ActiveRecord::Transactions::ClassMethods#transaction'
      # ./.gems/ruby/3.4.0/gems/activerecord-8.1.3.1/lib/active_record/transactions.rb:373:in 'ActiveRecord::Transactions#transaction'
      # ./.gems/ruby/3.4.0/gems/activerecord-8.1.3.1/lib/active_record/locking/pessimistic.rb:100:in 'ActiveRecord::Locking::Pessimistic#with_lock'
      # ./lib/vpsadmin/api/operations/node/record_kernel_evidence.rb:21:in 'VpsAdmin::API::Operations::Node::RecordKernelEvidence#run'
      # ./lib/vpsadmin/api/operations/base.rb:5:in 'VpsAdmin::API::Operations::Base.run'
      # ./spec/models/operations/node/record_kernel_evidence_spec.rb:152:in 'block (2 levels) in <top (required)>'
      # ./spec/spec_helper.rb:25:in 'block (3 levels) in <top (required)>'
      # ./.gems/ruby/3.4.0/gems/activerecord-8.1.3.1/lib/active_record/connection_adapters/abstract/transaction.rb:648:in 'block in ActiveRecord::ConnectionAdapters::TransactionManager#within_new_transaction'
      # ./.gems/ruby/3.4.0/gems/activesupport-8.1.3.1/lib/active_support/concurrency/null_lock.rb:9:in 'ActiveSupport::Concurrency::NullLock#synchronize'
      # ./.gems/ruby/3.4.0/gems/activerecord-8.1.3.1/lib/active_record/connection_adapters/abstract/transaction.rb:645:in 'ActiveRecord::ConnectionAdapters::TransactionManager#within_new_transaction'
      # ./.gems/ruby/3.4.0/gems/activerecord-8.1.3.1/lib/active_record/connection_adapters/abstract/database_statements.rb:386:in 'ActiveRecord::ConnectionAdapters::DatabaseStatements#within_new_transaction'
      # ./.gems/ruby/3.4.0/gems/activerecord-8.1.3.1/lib/active_record/connection_adapters/abstract/database_statements.rb:378:in 'ActiveRecord::ConnectionAdapters::DatabaseStatements#transaction'
      # ./.gems/ruby/3.4.0/gems/activerecord-8.1.3.1/lib/active_record/transactions.rb:234:in 'block (2 levels) in ActiveRecord::Transactions::ClassMethods#transaction'
      # ./.gems/ruby/3.4.0/gems/activerecord-8.1.3.1/lib/active_record/connection_adapters/abstract/connection_pool.rb:485:in 'ActiveRecord::ConnectionAdapters::ConnectionPool#with_pool_transaction_isolation_level'
      # ./.gems/ruby/3.4.0/gems/activerecord-8.1.3.1/lib/active_record/transactions.rb:233:in 'block in ActiveRecord::Transactions::ClassMethods#transaction'
      # ./.gems/ruby/3.4.0/gems/activerecord-8.1.3.1/lib/active_record/connection_adapters/abstract/connection_pool.rb:457:in 'ActiveRecord::ConnectionAdapters::ConnectionPool#with_connection'
      # ./.gems/ruby/3.4.0/gems/activerecord-8.1.3.1/lib/active_record/connection_handling.rb:313:in 'ActiveRecord::ConnectionHandling#with_connection'
      # ./.gems/ruby/3.4.0/gems/activerecord-8.1.3.1/lib/active_record/transactions.rb:232:in 'ActiveRecord::Transactions::ClassMethods#transaction'
      # ./spec/spec_helper.rb:24:in 'block (2 levels) in <top (required)>'
      # ------------------
      # --- Caused by: ---
      # NoMethodError:
      #   undefined method 'last_confirmed_at=' for an instance of NodeKernelEvent
      #   ./.gems/ruby/3.4.0/gems/activemodel-8.1.3.1/lib/active_model/attribute_methods.rb:512:in 'ActiveModel::AttributeMethods#method_missing'

  17) VpsAdmin::API::Operations::Node::RecordKernelEvidence records added and removed sysctls without a separate policy identity
      Failure/Error:
        ::NodeKernelEvent.create!(
          node:,
          event_type:,
          livepatch_action:,
          source: :node_report,
          confidence:,
          boot_id: kernel.boot_id,
          booted_at: parse_time(kernel.booted_at),
          booted_release: kernel.booted_release,
          reported_release: kernel.reported_release,

      ActiveModel::UnknownAttributeError:
        unknown attribute 'last_confirmed_at' for NodeKernelEvent.
      # ./.gems/ruby/3.4.0/gems/activemodel-8.1.3.1/lib/active_model/attribute_assignment.rb:57:in 'ActiveModel::AttributeAssignment#attribute_writer_missing'
      # ./.gems/ruby/3.4.0/gems/activemodel-8.1.3.1/lib/active_model/attribute_assignment.rb:74:in 'ActiveModel::AttributeAssignment#_assign_attribute'
      # ./.gems/ruby/3.4.0/gems/activerecord-8.1.3.1/lib/active_record/attribute_assignment.rb:17:in 'block in ActiveRecord::AttributeAssignment#_assign_attributes'
      # ./.gems/ruby/3.4.0/gems/activerecord-8.1.3.1/lib/active_record/attribute_assignment.rb:9:in 'Hash#each'
      # ./.gems/ruby/3.4.0/gems/activerecord-8.1.3.1/lib/active_record/attribute_assignment.rb:9:in 'ActiveRecord::AttributeAssignment#_assign_attributes'
      # ./.gems/ruby/3.4.0/gems/activemodel-8.1.3.1/lib/active_model/attribute_assignment.rb:34:in 'ActiveModel::AttributeAssignment#assign_attributes'
      # ./.gems/ruby/3.4.0/gems/activemodel-8.1.3.1/lib/active_model/api.rb:81:in 'ActiveModel::API#initialize'
      # ./.gems/ruby/3.4.0/gems/activerecord-8.1.3.1/lib/active_record/core.rb:479:in 'ActiveRecord::Core#initialize'
      # ./.gems/ruby/3.4.0/gems/activerecord-8.1.3.1/lib/active_record/inheritance.rb:76:in 'Class#new'
      # ./.gems/ruby/3.4.0/gems/activerecord-8.1.3.1/lib/active_record/inheritance.rb:76:in 'ActiveRecord::Inheritance::ClassMethods#new'
      # ./.gems/ruby/3.4.0/gems/activerecord-8.1.3.1/lib/active_record/persistence.rb:54:in 'ActiveRecord::Persistence::ClassMethods#create!'
      # ./lib/vpsadmin/api/operations/node/record_kernel_evidence.rb:388:in 'VpsAdmin::API::Operations::Node::RecordKernelEvidence#create_event!'
      # ./lib/vpsadmin/api/operations/node/record_kernel_evidence.rb:24:in 'block in VpsAdmin::API::Operations::Node::RecordKernelEvidence#run'
      # ./.gems/ruby/3.4.0/gems/activerecord-8.1.3.1/lib/active_record/locking/pessimistic.rb:102:in 'block in ActiveRecord::Locking::Pessimistic#with_lock'
      # ./.gems/ruby/3.4.0/gems/activerecord-8.1.3.1/lib/active_record/connection_adapters/abstract/database_statements.rb:376:in 'ActiveRecord::ConnectionAdapters::DatabaseStatements#transaction'
      # ./.gems/ruby/3.4.0/gems/activerecord-8.1.3.1/lib/active_record/transactions.rb:234:in 'block (2 levels) in ActiveRecord::Transactions::ClassMethods#transaction'
      # ./.gems/ruby/3.4.0/gems/activerecord-8.1.3.1/lib/active_record/connection_adapters/abstract/connection_pool.rb:485:in 'ActiveRecord::ConnectionAdapters::ConnectionPool#with_pool_transaction_isolation_level'
      # ./.gems/ruby/3.4.0/gems/activerecord-8.1.3.1/lib/active_record/transactions.rb:233:in 'block in ActiveRecord::Transactions::ClassMethods#transaction'
      # ./.gems/ruby/3.4.0/gems/activerecord-8.1.3.1/lib/active_record/connection_adapters/abstract/connection_pool.rb:457:in 'ActiveRecord::ConnectionAdapters::ConnectionPool#with_connection'
      # ./.gems/ruby/3.4.0/gems/activerecord-8.1.3.1/lib/active_record/connection_handling.rb:313:in 'ActiveRecord::ConnectionHandling#with_connection'
      # ./.gems/ruby/3.4.0/gems/activerecord-8.1.3.1/lib/active_record/transactions.rb:232:in 'ActiveRecord::Transactions::ClassMethods#transaction'
      # ./.gems/ruby/3.4.0/gems/activerecord-8.1.3.1/lib/active_record/transactions.rb:373:in 'ActiveRecord::Transactions#transaction'
      # ./.gems/ruby/3.4.0/gems/activerecord-8.1.3.1/lib/active_record/locking/pessimistic.rb:100:in 'ActiveRecord::Locking::Pessimistic#with_lock'
      # ./lib/vpsadmin/api/operations/node/record_kernel_evidence.rb:21:in 'VpsAdmin::API::Operations::Node::RecordKernelEvidence#run'
      # ./lib/vpsadmin/api/operations/base.rb:5:in 'VpsAdmin::API::Operations::Base.run'
      # ./spec/models/operations/node/record_kernel_evidence_spec.rb:756:in 'block (2 levels) in <top (required)>'
      # ./spec/spec_helper.rb:25:in 'block (3 levels) in <top (required)>'
      # ./.gems/ruby/3.4.0/gems/activerecord-8.1.3.1/lib/active_record/connection_adapters/abstract/transaction.rb:648:in 'block in ActiveRecord::ConnectionAdapters::TransactionManager#within_new_transaction'
      # ./.gems/ruby/3.4.0/gems/activesupport-8.1.3.1/lib/active_support/concurrency/null_lock.rb:9:in 'ActiveSupport::Concurrency::NullLock#synchronize'
      # ./.gems/ruby/3.4.0/gems/activerecord-8.1.3.1/lib/active_record/connection_adapters/abstract/transaction.rb:645:in 'ActiveRecord::ConnectionAdapters::TransactionManager#within_new_transaction'
      # ./.gems/ruby/3.4.0/gems/activerecord-8.1.3.1/lib/active_record/connection_adapters/abstract/database_statements.rb:386:in 'ActiveRecord::ConnectionAdapters::DatabaseStatements#within_new_transaction'
      # ./.gems/ruby/3.4.0/gems/activerecord-8.1.3.1/lib/active_record/connection_adapters/abstract/database_statements.rb:378:in 'ActiveRecord::ConnectionAdapters::DatabaseStatements#transaction'
      # ./.gems/ruby/3.4.0/gems/activerecord-8.1.3.1/lib/active_record/transactions.rb:234:in 'block (2 levels) in ActiveRecord::Transactions::ClassMethods#transaction'
      # ./.gems/ruby/3.4.0/gems/activerecord-8.1.3.1/lib/active_record/connection_adapters/abstract/connection_pool.rb:485:in 'ActiveRecord::ConnectionAdapters::ConnectionPool#with_pool_transaction_isolation_level'
      # ./.gems/ruby/3.4.0/gems/activerecord-8.1.3.1/lib/active_record/transactions.rb:233:in 'block in ActiveRecord::Transactions::ClassMethods#transaction'
      # ./.gems/ruby/3.4.0/gems/activerecord-8.1.3.1/lib/active_record/connection_adapters/abstract/connection_pool.rb:457:in 'ActiveRecord::ConnectionAdapters::ConnectionPool#with_connection'
      # ./.gems/ruby/3.4.0/gems/activerecord-8.1.3.1/lib/active_record/connection_handling.rb:313:in 'ActiveRecord::ConnectionHandling#with_connection'
      # ./.gems/ruby/3.4.0/gems/activerecord-8.1.3.1/lib/active_record/transactions.rb:232:in 'ActiveRecord::Transactions::ClassMethods#transaction'
      # ./spec/spec_helper.rb:24:in 'block (2 levels) in <top (required)>'
      # ------------------
      # --- Caused by: ---
      # NoMethodError:
      #   undefined method 'last_confirmed_at=' for an instance of NodeKernelEvent
      #   ./.gems/ruby/3.4.0/gems/activemodel-8.1.3.1/lib/active_model/attribute_methods.rb:512:in 'ActiveModel::AttributeMethods#method_missing'

  18) VpsAdmin::API::Operations::Node::RecordKernelEvidence uses reported boot time for a later real reboot
      Failure/Error:
        ::NodeKernelEvent.create!(
          node:,
          event_type:,
          livepatch_action:,
          source: :node_report,
          confidence:,
          boot_id: kernel.boot_id,
          booted_at: parse_time(kernel.booted_at),
          booted_release: kernel.booted_release,
          reported_release: kernel.reported_release,

      ActiveModel::UnknownAttributeError:
        unknown attribute 'last_confirmed_at' for NodeKernelEvent.
      # ./.gems/ruby/3.4.0/gems/activemodel-8.1.3.1/lib/active_model/attribute_assignment.rb:57:in 'ActiveModel::AttributeAssignment#attribute_writer_missing'
      # ./.gems/ruby/3.4.0/gems/activemodel-8.1.3.1/lib/active_model/attribute_assignment.rb:74:in 'ActiveModel::AttributeAssignment#_assign_attribute'
      # ./.gems/ruby/3.4.0/gems/activerecord-8.1.3.1/lib/active_record/attribute_assignment.rb:17:in 'block in ActiveRecord::AttributeAssignment#_assign_attributes'
      # ./.gems/ruby/3.4.0/gems/activerecord-8.1.3.1/lib/active_record/attribute_assignment.rb:9:in 'Hash#each'
      # ./.gems/ruby/3.4.0/gems/activerecord-8.1.3.1/lib/active_record/attribute_assignment.rb:9:in 'ActiveRecord::AttributeAssignment#_assign_attributes'
      # ./.gems/ruby/3.4.0/gems/activemodel-8.1.3.1/lib/active_model/attribute_assignment.rb:34:in 'ActiveModel::AttributeAssignment#assign_attributes'
      # ./.gems/ruby/3.4.0/gems/activemodel-8.1.3.1/lib/active_model/api.rb:81:in 'ActiveModel::API#initialize'
      # ./.gems/ruby/3.4.0/gems/activerecord-8.1.3.1/lib/active_record/core.rb:479:in 'ActiveRecord::Core#initialize'
      # ./.gems/ruby/3.4.0/gems/activerecord-8.1.3.1/lib/active_record/inheritance.rb:76:in 'Class#new'
      # ./.gems/ruby/3.4.0/gems/activerecord-8.1.3.1/lib/active_record/inheritance.rb:76:in 'ActiveRecord::Inheritance::ClassMethods#new'
      # ./.gems/ruby/3.4.0/gems/activerecord-8.1.3.1/lib/active_record/persistence.rb:54:in 'ActiveRecord::Persistence::ClassMethods#create!'
      # ./lib/vpsadmin/api/operations/node/record_kernel_evidence.rb:388:in 'VpsAdmin::API::Operations::Node::RecordKernelEvidence#create_event!'
      # ./lib/vpsadmin/api/operations/node/record_kernel_evidence.rb:24:in 'block in VpsAdmin::API::Operations::Node::RecordKernelEvidence#run'
      # ./.gems/ruby/3.4.0/gems/activerecord-8.1.3.1/lib/active_record/locking/pessimistic.rb:102:in 'block in ActiveRecord::Locking::Pessimistic#with_lock'
      # ./.gems/ruby/3.4.0/gems/activerecord-8.1.3.1/lib/active_record/connection_adapters/abstract/database_statements.rb:376:in 'ActiveRecord::ConnectionAdapters::DatabaseStatements#transaction'
      # ./.gems/ruby/3.4.0/gems/activerecord-8.1.3.1/lib/active_record/transactions.rb:234:in 'block (2 levels) in ActiveRecord::Transactions::ClassMethods#transaction'
      # ./.gems/ruby/3.4.0/gems/activerecord-8.1.3.1/lib/active_record/connection_adapters/abstract/connection_pool.rb:485:in 'ActiveRecord::ConnectionAdapters::ConnectionPool#with_pool_transaction_isolation_level'
      # ./.gems/ruby/3.4.0/gems/activerecord-8.1.3.1/lib/active_record/transactions.rb:233:in 'block in ActiveRecord::Transactions::ClassMethods#transaction'
      # ./.gems/ruby/3.4.0/gems/activerecord-8.1.3.1/lib/active_record/connection_adapters/abstract/connection_pool.rb:457:in 'ActiveRecord::ConnectionAdapters::ConnectionPool#with_connection'
      # ./.gems/ruby/3.4.0/gems/activerecord-8.1.3.1/lib/active_record/connection_handling.rb:313:in 'ActiveRecord::ConnectionHandling#with_connection'
      # ./.gems/ruby/3.4.0/gems/activerecord-8.1.3.1/lib/active_record/transactions.rb:232:in 'ActiveRecord::Transactions::ClassMethods#transaction'
      # ./.gems/ruby/3.4.0/gems/activerecord-8.1.3.1/lib/active_record/transactions.rb:373:in 'ActiveRecord::Transactions#transaction'
      # ./.gems/ruby/3.4.0/gems/activerecord-8.1.3.1/lib/active_record/locking/pessimistic.rb:100:in 'ActiveRecord::Locking::Pessimistic#with_lock'
      # ./lib/vpsadmin/api/operations/node/record_kernel_evidence.rb:21:in 'VpsAdmin::API::Operations::Node::RecordKernelEvidence#run'
      # ./lib/vpsadmin/api/operations/base.rb:5:in 'VpsAdmin::API::Operations::Base.run'
      # ./spec/models/operations/node/record_kernel_evidence_spec.rb:848:in 'block (2 levels) in <top (required)>'
      # ./spec/spec_helper.rb:25:in 'block (3 levels) in <top (required)>'
      # ./.gems/ruby/3.4.0/gems/activerecord-8.1.3.1/lib/active_record/connection_adapters/abstract/transaction.rb:648:in 'block in ActiveRecord::ConnectionAdapters::TransactionManager#within_new_transaction'
      # ./.gems/ruby/3.4.0/gems/activesupport-8.1.3.1/lib/active_support/concurrency/null_lock.rb:9:in 'ActiveSupport::Concurrency::NullLock#synchronize'
      # ./.gems/ruby/3.4.0/gems/activerecord-8.1.3.1/lib/active_record/connection_adapters/abstract/transaction.rb:645:in 'ActiveRecord::ConnectionAdapters::TransactionManager#within_new_transaction'
      # ./.gems/ruby/3.4.0/gems/activerecord-8.1.3.1/lib/active_record/connection_adapters/abstract/database_statements.rb:386:in 'ActiveRecord::ConnectionAdapters::DatabaseStatements#within_new_transaction'
      # ./.gems/ruby/3.4.0/gems/activerecord-8.1.3.1/lib/active_record/connection_adapters/abstract/database_statements.rb:378:in 'ActiveRecord::ConnectionAdapters::DatabaseStatements#transaction'
      # ./.gems/ruby/3.4.0/gems/activerecord-8.1.3.1/lib/active_record/transactions.rb:234:in 'block (2 levels) in ActiveRecord::Transactions::ClassMethods#transaction'
      # ./.gems/ruby/3.4.0/gems/activerecord-8.1.3.1/lib/active_record/connection_adapters/abstract/connection_pool.rb:485:in 'ActiveRecord::ConnectionAdapters::ConnectionPool#with_pool_transaction_isolation_level'
      # ./.gems/ruby/3.4.0/gems/activerecord-8.1.3.1/lib/active_record/transactions.rb:233:in 'block in ActiveRecord::Transactions::ClassMethods#transaction'
      # ./.gems/ruby/3.4.0/gems/activerecord-8.1.3.1/lib/active_record/connection_adapters/abstract/connection_pool.rb:457:in 'ActiveRecord::ConnectionAdapters::ConnectionPool#with_connection'
      # ./.gems/ruby/3.4.0/gems/activerecord-8.1.3.1/lib/active_record/connection_handling.rb:313:in 'ActiveRecord::ConnectionHandling#with_connection'
      # ./.gems/ruby/3.4.0/gems/activerecord-8.1.3.1/lib/active_record/transactions.rb:232:in 'ActiveRecord::Transactions::ClassMethods#transaction'
      # ./spec/spec_helper.rb:24:in 'block (2 levels) in <top (required)>'
      # ------------------
      # --- Caused by: ---
      # NoMethodError:
      #   undefined method 'last_confirmed_at=' for an instance of NodeKernelEvent
      #   ./.gems/ruby/3.4.0/gems/activemodel-8.1.3.1/lib/active_model/attribute_methods.rb:512:in 'ActiveModel::AttributeMethods#method_missing'

  19) VpsAdmin::API::Operations::Node::RecordKernelEvidence deletes at most one reconstructed boot per reported event
      Failure/Error:
        ::NodeKernelEvent.create!(
          node:,
          event_type:,
          livepatch_action:,
          source: :node_report,
          confidence:,
          boot_id: kernel.boot_id,
          booted_at: parse_time(kernel.booted_at),
          booted_release: kernel.booted_release,
          reported_release: kernel.reported_release,

      ActiveModel::UnknownAttributeError:
        unknown attribute 'last_confirmed_at' for NodeKernelEvent.
      # ./.gems/ruby/3.4.0/gems/activemodel-8.1.3.1/lib/active_model/attribute_assignment.rb:57:in 'ActiveModel::AttributeAssignment#attribute_writer_missing'
      # ./.gems/ruby/3.4.0/gems/activemodel-8.1.3.1/lib/active_model/attribute_assignment.rb:74:in 'ActiveModel::AttributeAssignment#_assign_attribute'
      # ./.gems/ruby/3.4.0/gems/activerecord-8.1.3.1/lib/active_record/attribute_assignment.rb:17:in 'block in ActiveRecord::AttributeAssignment#_assign_attributes'
      # ./.gems/ruby/3.4.0/gems/activerecord-8.1.3.1/lib/active_record/attribute_assignment.rb:9:in 'Hash#each'
      # ./.gems/ruby/3.4.0/gems/activerecord-8.1.3.1/lib/active_record/attribute_assignment.rb:9:in 'ActiveRecord::AttributeAssignment#_assign_attributes'
      # ./.gems/ruby/3.4.0/gems/activemodel-8.1.3.1/lib/active_model/attribute_assignment.rb:34:in 'ActiveModel::AttributeAssignment#assign_attributes'
      # ./.gems/ruby/3.4.0/gems/activemodel-8.1.3.1/lib/active_model/api.rb:81:in 'ActiveModel::API#initialize'
      # ./.gems/ruby/3.4.0/gems/activerecord-8.1.3.1/lib/active_record/core.rb:479:in 'ActiveRecord::Core#initialize'
      # ./.gems/ruby/3.4.0/gems/activerecord-8.1.3.1/lib/active_record/inheritance.rb:76:in 'Class#new'
      # ./.gems/ruby/3.4.0/gems/activerecord-8.1.3.1/lib/active_record/inheritance.rb:76:in 'ActiveRecord::Inheritance::ClassMethods#new'
      # ./.gems/ruby/3.4.0/gems/activerecord-8.1.3.1/lib/active_record/persistence.rb:54:in 'ActiveRecord::Persistence::ClassMethods#create!'
      # ./lib/vpsadmin/api/operations/node/record_kernel_evidence.rb:388:in 'VpsAdmin::API::Operations::Node::RecordKernelEvidence#create_event!'
      # ./lib/vpsadmin/api/operations/node/record_kernel_evidence.rb:24:in 'block in VpsAdmin::API::Operations::Node::RecordKernelEvidence#run'
      # ./.gems/ruby/3.4.0/gems/activerecord-8.1.3.1/lib/active_record/locking/pessimistic.rb:102:in 'block in ActiveRecord::Locking::Pessimistic#with_lock'
      # ./.gems/ruby/3.4.0/gems/activerecord-8.1.3.1/lib/active_record/connection_adapters/abstract/database_statements.rb:376:in 'ActiveRecord::ConnectionAdapters::DatabaseStatements#transaction'
      # ./.gems/ruby/3.4.0/gems/activerecord-8.1.3.1/lib/active_record/transactions.rb:234:in 'block (2 levels) in ActiveRecord::Transactions::ClassMethods#transaction'
      # ./.gems/ruby/3.4.0/gems/activerecord-8.1.3.1/lib/active_record/connection_adapters/abstract/connection_pool.rb:485:in 'ActiveRecord::ConnectionAdapters::ConnectionPool#with_pool_transaction_isolation_level'
      # ./.gems/ruby/3.4.0/gems/activerecord-8.1.3.1/lib/active_record/transactions.rb:233:in 'block in ActiveRecord::Transactions::ClassMethods#transaction'
      # ./.gems/ruby/3.4.0/gems/activerecord-8.1.3.1/lib/active_record/connection_adapters/abstract/connection_pool.rb:457:in 'ActiveRecord::ConnectionAdapters::ConnectionPool#with_connection'
      # ./.gems/ruby/3.4.0/gems/activerecord-8.1.3.1/lib/active_record/connection_handling.rb:313:in 'ActiveRecord::ConnectionHandling#with_connection'
      # ./.gems/ruby/3.4.0/gems/activerecord-8.1.3.1/lib/active_record/transactions.rb:232:in 'ActiveRecord::Transactions::ClassMethods#transaction'
      # ./.gems/ruby/3.4.0/gems/activerecord-8.1.3.1/lib/active_record/transactions.rb:373:in 'ActiveRecord::Transactions#transaction'
      # ./.gems/ruby/3.4.0/gems/activerecord-8.1.3.1/lib/active_record/locking/pessimistic.rb:100:in 'ActiveRecord::Locking::Pessimistic#with_lock'
      # ./lib/vpsadmin/api/operations/node/record_kernel_evidence.rb:21:in 'VpsAdmin::API::Operations::Node::RecordKernelEvidence#run'
      # ./lib/vpsadmin/api/operations/base.rb:5:in 'VpsAdmin::API::Operations::Base.run'
      # ./spec/models/operations/node/record_kernel_evidence_spec.rb:877:in 'block (2 levels) in <top (required)>'
      # ./spec/spec_helper.rb:25:in 'block (3 levels) in <top (required)>'
      # ./.gems/ruby/3.4.0/gems/activerecord-8.1.3.1/lib/active_record/connection_adapters/abstract/transaction.rb:648:in 'block in ActiveRecord::ConnectionAdapters::TransactionManager#within_new_transaction'
      # ./.gems/ruby/3.4.0/gems/activesupport-8.1.3.1/lib/active_support/concurrency/null_lock.rb:9:in 'ActiveSupport::Concurrency::NullLock#synchronize'
      # ./.gems/ruby/3.4.0/gems/activerecord-8.1.3.1/lib/active_record/connection_adapters/abstract/transaction.rb:645:in 'ActiveRecord::ConnectionAdapters::TransactionManager#within_new_transaction'
      # ./.gems/ruby/3.4.0/gems/activerecord-8.1.3.1/lib/active_record/connection_adapters/abstract/database_statements.rb:386:in 'ActiveRecord::ConnectionAdapters::DatabaseStatements#within_new_transaction'
      # ./.gems/ruby/3.4.0/gems/activerecord-8.1.3.1/lib/active_record/connection_adapters/abstract/database_statements.rb:378:in 'ActiveRecord::ConnectionAdapters::DatabaseStatements#transaction'
      # ./.gems/ruby/3.4.0/gems/activerecord-8.1.3.1/lib/active_record/transactions.rb:234:in 'block (2 levels) in ActiveRecord::Transactions::ClassMethods#transaction'
      # ./.gems/ruby/3.4.0/gems/activerecord-8.1.3.1/lib/active_record/connection_adapters/abstract/connection_pool.rb:485:in 'ActiveRecord::ConnectionAdapters::ConnectionPool#with_pool_transaction_isolation_level'
      # ./.gems/ruby/3.4.0/gems/activerecord-8.1.3.1/lib/active_record/transactions.rb:233:in 'block in ActiveRecord::Transactions::ClassMethods#transaction'
      # ./.gems/ruby/3.4.0/gems/activerecord-8.1.3.1/lib/active_record/connection_adapters/abstract/connection_pool.rb:457:in 'ActiveRecord::ConnectionAdapters::ConnectionPool#with_connection'
      # ./.gems/ruby/3.4.0/gems/activerecord-8.1.3.1/lib/active_record/connection_handling.rb:313:in 'ActiveRecord::ConnectionHandling#with_connection'
      # ./.gems/ruby/3.4.0/gems/activerecord-8.1.3.1/lib/active_record/transactions.rb:232:in 'ActiveRecord::Transactions::ClassMethods#transaction'
      # ./spec/spec_helper.rb:24:in 'block (2 levels) in <top (required)>'
      # ------------------
      # --- Caused by: ---
      # NoMethodError:
      #   undefined method 'last_confirmed_at=' for an instance of NodeKernelEvent
      #   ./.gems/ruby/3.4.0/gems/activemodel-8.1.3.1/lib/active_model/attribute_methods.rb:512:in 'ActiveModel::AttributeMethods#method_missing'

  20) VpsAdmin::API::Operations::Node::RecordKernelEvidence records reporter evidence for a loaded module with unknown enrichment metadata
      Failure/Error:
        ::NodeKernelEvent.create!(
          node:,
          event_type:,
          livepatch_action:,
          source: :node_report,
          confidence:,
          boot_id: kernel.boot_id,
          booted_at: parse_time(kernel.booted_at),
          booted_release: kernel.booted_release,
          reported_release: kernel.reported_release,

      ActiveModel::UnknownAttributeError:
        unknown attribute 'last_confirmed_at' for NodeKernelEvent.
      # ./.gems/ruby/3.4.0/gems/activemodel-8.1.3.1/lib/active_model/attribute_assignment.rb:57:in 'ActiveModel::AttributeAssignment#attribute_writer_missing'
      # ./.gems/ruby/3.4.0/gems/activemodel-8.1.3.1/lib/active_model/attribute_assignment.rb:74:in 'ActiveModel::AttributeAssignment#_assign_attribute'
      # ./.gems/ruby/3.4.0/gems/activerecord-8.1.3.1/lib/active_record/attribute_assignment.rb:17:in 'block in ActiveRecord::AttributeAssignment#_assign_attributes'
      # ./.gems/ruby/3.4.0/gems/activerecord-8.1.3.1/lib/active_record/attribute_assignment.rb:9:in 'Hash#each'
      # ./.gems/ruby/3.4.0/gems/activerecord-8.1.3.1/lib/active_record/attribute_assignment.rb:9:in 'ActiveRecord::AttributeAssignment#_assign_attributes'
      # ./.gems/ruby/3.4.0/gems/activemodel-8.1.3.1/lib/active_model/attribute_assignment.rb:34:in 'ActiveModel::AttributeAssignment#assign_attributes'
      # ./.gems/ruby/3.4.0/gems/activemodel-8.1.3.1/lib/active_model/api.rb:81:in 'ActiveModel::API#initialize'
      # ./.gems/ruby/3.4.0/gems/activerecord-8.1.3.1/lib/active_record/core.rb:479:in 'ActiveRecord::Core#initialize'
      # ./.gems/ruby/3.4.0/gems/activerecord-8.1.3.1/lib/active_record/inheritance.rb:76:in 'Class#new'
      # ./.gems/ruby/3.4.0/gems/activerecord-8.1.3.1/lib/active_record/inheritance.rb:76:in 'ActiveRecord::Inheritance::ClassMethods#new'
      # ./.gems/ruby/3.4.0/gems/activerecord-8.1.3.1/lib/active_record/persistence.rb:54:in 'ActiveRecord::Persistence::ClassMethods#create!'
      # ./lib/vpsadmin/api/operations/node/record_kernel_evidence.rb:388:in 'VpsAdmin::API::Operations::Node::RecordKernelEvidence#create_event!'
      # ./lib/vpsadmin/api/operations/node/record_kernel_evidence.rb:24:in 'block in VpsAdmin::API::Operations::Node::RecordKernelEvidence#run'
      # ./.gems/ruby/3.4.0/gems/activerecord-8.1.3.1/lib/active_record/locking/pessimistic.rb:102:in 'block in ActiveRecord::Locking::Pessimistic#with_lock'
      # ./.gems/ruby/3.4.0/gems/activerecord-8.1.3.1/lib/active_record/connection_adapters/abstract/database_statements.rb:376:in 'ActiveRecord::ConnectionAdapters::DatabaseStatements#transaction'
      # ./.gems/ruby/3.4.0/gems/activerecord-8.1.3.1/lib/active_record/transactions.rb:234:in 'block (2 levels) in ActiveRecord::Transactions::ClassMethods#transaction'
      # ./.gems/ruby/3.4.0/gems/activerecord-8.1.3.1/lib/active_record/connection_adapters/abstract/connection_pool.rb:485:in 'ActiveRecord::ConnectionAdapters::ConnectionPool#with_pool_transaction_isolation_level'
      # ./.gems/ruby/3.4.0/gems/activerecord-8.1.3.1/lib/active_record/transactions.rb:233:in 'block in ActiveRecord::Transactions::ClassMethods#transaction'
      # ./.gems/ruby/3.4.0/gems/activerecord-8.1.3.1/lib/active_record/connection_adapters/abstract/connection_pool.rb:457:in 'ActiveRecord::ConnectionAdapters::ConnectionPool#with_connection'
      # ./.gems/ruby/3.4.0/gems/activerecord-8.1.3.1/lib/active_record/connection_handling.rb:313:in 'ActiveRecord::ConnectionHandling#with_connection'
      # ./.gems/ruby/3.4.0/gems/activerecord-8.1.3.1/lib/active_record/transactions.rb:232:in 'ActiveRecord::Transactions::ClassMethods#transaction'
      # ./.gems/ruby/3.4.0/gems/activerecord-8.1.3.1/lib/active_record/transactions.rb:373:in 'ActiveRecord::Transactions#transaction'
      # ./.gems/ruby/3.4.0/gems/activerecord-8.1.3.1/lib/active_record/locking/pessimistic.rb:100:in 'ActiveRecord::Locking::Pessimistic#with_lock'
      # ./lib/vpsadmin/api/operations/node/record_kernel_evidence.rb:21:in 'VpsAdmin::API::Operations::Node::RecordKernelEvidence#run'
      # ./lib/vpsadmin/api/operations/base.rb:5:in 'VpsAdmin::API::Operations::Base.run'
      # ./spec/models/operations/node/record_kernel_evidence_spec.rb:285:in 'block (2 levels) in <top (required)>'
      # ./spec/spec_helper.rb:25:in 'block (3 levels) in <top (required)>'
      # ./.gems/ruby/3.4.0/gems/activerecord-8.1.3.1/lib/active_record/connection_adapters/abstract/transaction.rb:648:in 'block in ActiveRecord::ConnectionAdapters::TransactionManager#within_new_transaction'
      # ./.gems/ruby/3.4.0/gems/activesupport-8.1.3.1/lib/active_support/concurrency/null_lock.rb:9:in 'ActiveSupport::Concurrency::NullLock#synchronize'
      # ./.gems/ruby/3.4.0/gems/activerecord-8.1.3.1/lib/active_record/connection_adapters/abstract/transaction.rb:645:in 'ActiveRecord::ConnectionAdapters::TransactionManager#within_new_transaction'
      # ./.gems/ruby/3.4.0/gems/activerecord-8.1.3.1/lib/active_record/connection_adapters/abstract/database_statements.rb:386:in 'ActiveRecord::ConnectionAdapters::DatabaseStatements#within_new_transaction'
      # ./.gems/ruby/3.4.0/gems/activerecord-8.1.3.1/lib/active_record/connection_adapters/abstract/database_statements.rb:378:in 'ActiveRecord::ConnectionAdapters::DatabaseStatements#transaction'
      # ./.gems/ruby/3.4.0/gems/activerecord-8.1.3.1/lib/active_record/transactions.rb:234:in 'block (2 levels) in ActiveRecord::Transactions::ClassMethods#transaction'
      # ./.gems/ruby/3.4.0/gems/activerecord-8.1.3.1/lib/active_record/connection_adapters/abstract/connection_pool.rb:485:in 'ActiveRecord::ConnectionAdapters::ConnectionPool#with_pool_transaction_isolation_level'
      # ./.gems/ruby/3.4.0/gems/activerecord-8.1.3.1/lib/active_record/transactions.rb:233:in 'block in ActiveRecord::Transactions::ClassMethods#transaction'
      # ./.gems/ruby/3.4.0/gems/activerecord-8.1.3.1/lib/active_record/connection_adapters/abstract/connection_pool.rb:457:in 'ActiveRecord::ConnectionAdapters::ConnectionPool#with_connection'
      # ./.gems/ruby/3.4.0/gems/activerecord-8.1.3.1/lib/active_record/connection_handling.rb:313:in 'ActiveRecord::ConnectionHandling#with_connection'
      # ./.gems/ruby/3.4.0/gems/activerecord-8.1.3.1/lib/active_record/transactions.rb:232:in 'ActiveRecord::Transactions::ClassMethods#transaction'
      # ./spec/spec_helper.rb:24:in 'block (2 levels) in <top (required)>'
      # ------------------
      # --- Caused by: ---
      # NoMethodError:
      #   undefined method 'last_confirmed_at=' for an instance of NodeKernelEvent
      #   ./.gems/ruby/3.4.0/gems/activemodel-8.1.3.1/lib/active_model/attribute_methods.rb:512:in 'ActiveModel::AttributeMethods#method_missing'

  21) VpsAdmin::API::Operations::Node::RecordKernelEvidence marks a reported boot without a timestamp as incomplete
      Failure/Error:
        ::NodeKernelEvent.create!(
          node:,
          event_type:,
          livepatch_action:,
          source: :node_report,
          confidence:,
          boot_id: kernel.boot_id,
          booted_at: parse_time(kernel.booted_at),
          booted_release: kernel.booted_release,
          reported_release: kernel.reported_release,

      ActiveModel::UnknownAttributeError:
        unknown attribute 'last_confirmed_at' for NodeKernelEvent.
      # ./.gems/ruby/3.4.0/gems/activemodel-8.1.3.1/lib/active_model/attribute_assignment.rb:57:in 'ActiveModel::AttributeAssignment#attribute_writer_missing'
      # ./.gems/ruby/3.4.0/gems/activemodel-8.1.3.1/lib/active_model/attribute_assignment.rb:74:in 'ActiveModel::AttributeAssignment#_assign_attribute'
      # ./.gems/ruby/3.4.0/gems/activerecord-8.1.3.1/lib/active_record/attribute_assignment.rb:17:in 'block in ActiveRecord::AttributeAssignment#_assign_attributes'
      # ./.gems/ruby/3.4.0/gems/activerecord-8.1.3.1/lib/active_record/attribute_assignment.rb:9:in 'Hash#each'
      # ./.gems/ruby/3.4.0/gems/activerecord-8.1.3.1/lib/active_record/attribute_assignment.rb:9:in 'ActiveRecord::AttributeAssignment#_assign_attributes'
      # ./.gems/ruby/3.4.0/gems/activemodel-8.1.3.1/lib/active_model/attribute_assignment.rb:34:in 'ActiveModel::AttributeAssignment#assign_attributes'
      # ./.gems/ruby/3.4.0/gems/activemodel-8.1.3.1/lib/active_model/api.rb:81:in 'ActiveModel::API#initialize'
      # ./.gems/ruby/3.4.0/gems/activerecord-8.1.3.1/lib/active_record/core.rb:479:in 'ActiveRecord::Core#initialize'
      # ./.gems/ruby/3.4.0/gems/activerecord-8.1.3.1/lib/active_record/inheritance.rb:76:in 'Class#new'
      # ./.gems/ruby/3.4.0/gems/activerecord-8.1.3.1/lib/active_record/inheritance.rb:76:in 'ActiveRecord::Inheritance::ClassMethods#new'
      # ./.gems/ruby/3.4.0/gems/activerecord-8.1.3.1/lib/active_record/persistence.rb:54:in 'ActiveRecord::Persistence::ClassMethods#create!'
      # ./lib/vpsadmin/api/operations/node/record_kernel_evidence.rb:388:in 'VpsAdmin::API::Operations::Node::RecordKernelEvidence#create_event!'
      # ./lib/vpsadmin/api/operations/node/record_kernel_evidence.rb:24:in 'block in VpsAdmin::API::Operations::Node::RecordKernelEvidence#run'
      # ./.gems/ruby/3.4.0/gems/activerecord-8.1.3.1/lib/active_record/locking/pessimistic.rb:102:in 'block in ActiveRecord::Locking::Pessimistic#with_lock'
      # ./.gems/ruby/3.4.0/gems/activerecord-8.1.3.1/lib/active_record/connection_adapters/abstract/database_statements.rb:376:in 'ActiveRecord::ConnectionAdapters::DatabaseStatements#transaction'
      # ./.gems/ruby/3.4.0/gems/activerecord-8.1.3.1/lib/active_record/transactions.rb:234:in 'block (2 levels) in ActiveRecord::Transactions::ClassMethods#transaction'
      # ./.gems/ruby/3.4.0/gems/activerecord-8.1.3.1/lib/active_record/connection_adapters/abstract/connection_pool.rb:485:in 'ActiveRecord::ConnectionAdapters::ConnectionPool#with_pool_transaction_isolation_level'
      # ./.gems/ruby/3.4.0/gems/activerecord-8.1.3.1/lib/active_record/transactions.rb:233:in 'block in ActiveRecord::Transactions::ClassMethods#transaction'
      # ./.gems/ruby/3.4.0/gems/activerecord-8.1.3.1/lib/active_record/connection_adapters/abstract/connection_pool.rb:457:in 'ActiveRecord::ConnectionAdapters::ConnectionPool#with_connection'
      # ./.gems/ruby/3.4.0/gems/activerecord-8.1.3.1/lib/active_record/connection_handling.rb:313:in 'ActiveRecord::ConnectionHandling#with_connection'
      # ./.gems/ruby/3.4.0/gems/activerecord-8.1.3.1/lib/active_record/transactions.rb:232:in 'ActiveRecord::Transactions::ClassMethods#transaction'
      # ./.gems/ruby/3.4.0/gems/activerecord-8.1.3.1/lib/active_record/transactions.rb:373:in 'ActiveRecord::Transactions#transaction'
      # ./.gems/ruby/3.4.0/gems/activerecord-8.1.3.1/lib/active_record/locking/pessimistic.rb:100:in 'ActiveRecord::Locking::Pessimistic#with_lock'
      # ./lib/vpsadmin/api/operations/node/record_kernel_evidence.rb:21:in 'VpsAdmin::API::Operations::Node::RecordKernelEvidence#run'
      # ./lib/vpsadmin/api/operations/base.rb:5:in 'VpsAdmin::API::Operations::Base.run'
      # ./spec/models/operations/node/record_kernel_evidence_spec.rb:622:in 'block (2 levels) in <top (required)>'
      # ./spec/spec_helper.rb:25:in 'block (3 levels) in <top (required)>'
      # ./.gems/ruby/3.4.0/gems/activerecord-8.1.3.1/lib/active_record/connection_adapters/abstract/transaction.rb:648:in 'block in ActiveRecord::ConnectionAdapters::TransactionManager#within_new_transaction'
      # ./.gems/ruby/3.4.0/gems/activesupport-8.1.3.1/lib/active_support/concurrency/null_lock.rb:9:in 'ActiveSupport::Concurrency::NullLock#synchronize'
      # ./.gems/ruby/3.4.0/gems/activerecord-8.1.3.1/lib/active_record/connection_adapters/abstract/transaction.rb:645:in 'ActiveRecord::ConnectionAdapters::TransactionManager#within_new_transaction'
      # ./.gems/ruby/3.4.0/gems/activerecord-8.1.3.1/lib/active_record/connection_adapters/abstract/database_statements.rb:386:in 'ActiveRecord::ConnectionAdapters::DatabaseStatements#within_new_transaction'
      # ./.gems/ruby/3.4.0/gems/activerecord-8.1.3.1/lib/active_record/connection_adapters/abstract/database_statements.rb:378:in 'ActiveRecord::ConnectionAdapters::DatabaseStatements#transaction'
      # ./.gems/ruby/3.4.0/gems/activerecord-8.1.3.1/lib/active_record/transactions.rb:234:in 'block (2 levels) in ActiveRecord::Transactions::ClassMethods#transaction'
      # ./.gems/ruby/3.4.0/gems/activerecord-8.1.3.1/lib/active_record/connection_adapters/abstract/connection_pool.rb:485:in 'ActiveRecord::ConnectionAdapters::ConnectionPool#with_pool_transaction_isolation_level'
      # ./.gems/ruby/3.4.0/gems/activerecord-8.1.3.1/lib/active_record/transactions.rb:233:in 'block in ActiveRecord::Transactions::ClassMethods#transaction'
      # ./.gems/ruby/3.4.0/gems/activerecord-8.1.3.1/lib/active_record/connection_adapters/abstract/connection_pool.rb:457:in 'ActiveRecord::ConnectionAdapters::ConnectionPool#with_connection'
      # ./.gems/ruby/3.4.0/gems/activerecord-8.1.3.1/lib/active_record/connection_handling.rb:313:in 'ActiveRecord::ConnectionHandling#with_connection'
      # ./.gems/ruby/3.4.0/gems/activerecord-8.1.3.1/lib/active_record/transactions.rb:232:in 'ActiveRecord::Transactions::ClassMethods#transaction'
      # ./spec/spec_helper.rb:24:in 'block (2 levels) in <top (required)>'
      # ------------------
      # --- Caused by: ---
      # NoMethodError:
      #   undefined method 'last_confirmed_at=' for an instance of NodeKernelEvent
      #   ./.gems/ruby/3.4.0/gems/activemodel-8.1.3.1/lib/active_model/attribute_methods.rb:512:in 'ActiveModel::AttributeMethods#method_missing'

  22) VpsAdmin::API::Operations::Node::RecordKernelEvidence does not invent an application event for a patch already stable at boot
      Failure/Error:
        ::NodeKernelEvent.create!(
          node:,
          event_type:,
          livepatch_action:,
          source: :node_report,
          confidence:,
          boot_id: kernel.boot_id,
          booted_at: parse_time(kernel.booted_at),
          booted_release: kernel.booted_release,
          reported_release: kernel.reported_release,

      ActiveModel::UnknownAttributeError:
        unknown attribute 'last_confirmed_at' for NodeKernelEvent.
      # ./.gems/ruby/3.4.0/gems/activemodel-8.1.3.1/lib/active_model/attribute_assignment.rb:57:in 'ActiveModel::AttributeAssignment#attribute_writer_missing'
      # ./.gems/ruby/3.4.0/gems/activemodel-8.1.3.1/lib/active_model/attribute_assignment.rb:74:in 'ActiveModel::AttributeAssignment#_assign_attribute'
      # ./.gems/ruby/3.4.0/gems/activerecord-8.1.3.1/lib/active_record/attribute_assignment.rb:17:in 'block in ActiveRecord::AttributeAssignment#_assign_attributes'
      # ./.gems/ruby/3.4.0/gems/activerecord-8.1.3.1/lib/active_record/attribute_assignment.rb:9:in 'Hash#each'
      # ./.gems/ruby/3.4.0/gems/activerecord-8.1.3.1/lib/active_record/attribute_assignment.rb:9:in 'ActiveRecord::AttributeAssignment#_assign_attributes'
      # ./.gems/ruby/3.4.0/gems/activemodel-8.1.3.1/lib/active_model/attribute_assignment.rb:34:in 'ActiveModel::AttributeAssignment#assign_attributes'
      # ./.gems/ruby/3.4.0/gems/activemodel-8.1.3.1/lib/active_model/api.rb:81:in 'ActiveModel::API#initialize'
      # ./.gems/ruby/3.4.0/gems/activerecord-8.1.3.1/lib/active_record/core.rb:479:in 'ActiveRecord::Core#initialize'
      # ./.gems/ruby/3.4.0/gems/activerecord-8.1.3.1/lib/active_record/inheritance.rb:76:in 'Class#new'
      # ./.gems/ruby/3.4.0/gems/activerecord-8.1.3.1/lib/active_record/inheritance.rb:76:in 'ActiveRecord::Inheritance::ClassMethods#new'
      # ./.gems/ruby/3.4.0/gems/activerecord-8.1.3.1/lib/active_record/persistence.rb:54:in 'ActiveRecord::Persistence::ClassMethods#create!'
      # ./lib/vpsadmin/api/operations/node/record_kernel_evidence.rb:388:in 'VpsAdmin::API::Operations::Node::RecordKernelEvidence#create_event!'
      # ./lib/vpsadmin/api/operations/node/record_kernel_evidence.rb:24:in 'block in VpsAdmin::API::Operations::Node::RecordKernelEvidence#run'
      # ./.gems/ruby/3.4.0/gems/activerecord-8.1.3.1/lib/active_record/locking/pessimistic.rb:102:in 'block in ActiveRecord::Locking::Pessimistic#with_lock'
      # ./.gems/ruby/3.4.0/gems/activerecord-8.1.3.1/lib/active_record/connection_adapters/abstract/database_statements.rb:376:in 'ActiveRecord::ConnectionAdapters::DatabaseStatements#transaction'
      # ./.gems/ruby/3.4.0/gems/activerecord-8.1.3.1/lib/active_record/transactions.rb:234:in 'block (2 levels) in ActiveRecord::Transactions::ClassMethods#transaction'
      # ./.gems/ruby/3.4.0/gems/activerecord-8.1.3.1/lib/active_record/connection_adapters/abstract/connection_pool.rb:485:in 'ActiveRecord::ConnectionAdapters::ConnectionPool#with_pool_transaction_isolation_level'
      # ./.gems/ruby/3.4.0/gems/activerecord-8.1.3.1/lib/active_record/transactions.rb:233:in 'block in ActiveRecord::Transactions::ClassMethods#transaction'
      # ./.gems/ruby/3.4.0/gems/activerecord-8.1.3.1/lib/active_record/connection_adapters/abstract/connection_pool.rb:457:in 'ActiveRecord::ConnectionAdapters::ConnectionPool#with_connection'
      # ./.gems/ruby/3.4.0/gems/activerecord-8.1.3.1/lib/active_record/connection_handling.rb:313:in 'ActiveRecord::ConnectionHandling#with_connection'
      # ./.gems/ruby/3.4.0/gems/activerecord-8.1.3.1/lib/active_record/transactions.rb:232:in 'ActiveRecord::Transactions::ClassMethods#transaction'
      # ./.gems/ruby/3.4.0/gems/activerecord-8.1.3.1/lib/active_record/transactions.rb:373:in 'ActiveRecord::Transactions#transaction'
      # ./.gems/ruby/3.4.0/gems/activerecord-8.1.3.1/lib/active_record/locking/pessimistic.rb:100:in 'ActiveRecord::Locking::Pessimistic#with_lock'
      # ./lib/vpsadmin/api/operations/node/record_kernel_evidence.rb:21:in 'VpsAdmin::API::Operations::Node::RecordKernelEvidence#run'
      # ./lib/vpsadmin/api/operations/base.rb:5:in 'VpsAdmin::API::Operations::Base.run'
      # ./spec/models/operations/node/record_kernel_evidence_spec.rb:180:in 'block (2 levels) in <top (required)>'
      # ./spec/spec_helper.rb:25:in 'block (3 levels) in <top (required)>'
      # ./.gems/ruby/3.4.0/gems/activerecord-8.1.3.1/lib/active_record/connection_adapters/abstract/transaction.rb:648:in 'block in ActiveRecord::ConnectionAdapters::TransactionManager#within_new_transaction'
      # ./.gems/ruby/3.4.0/gems/activesupport-8.1.3.1/lib/active_support/concurrency/null_lock.rb:9:in 'ActiveSupport::Concurrency::NullLock#synchronize'
      # ./.gems/ruby/3.4.0/gems/activerecord-8.1.3.1/lib/active_record/connection_adapters/abstract/transaction.rb:645:in 'ActiveRecord::ConnectionAdapters::TransactionManager#within_new_transaction'
      # ./.gems/ruby/3.4.0/gems/activerecord-8.1.3.1/lib/active_record/connection_adapters/abstract/database_statements.rb:386:in 'ActiveRecord::ConnectionAdapters::DatabaseStatements#within_new_transaction'
      # ./.gems/ruby/3.4.0/gems/activerecord-8.1.3.1/lib/active_record/connection_adapters/abstract/database_statements.rb:378:in 'ActiveRecord::ConnectionAdapters::DatabaseStatements#transaction'
      # ./.gems/ruby/3.4.0/gems/activerecord-8.1.3.1/lib/active_record/transactions.rb:234:in 'block (2 levels) in ActiveRecord::Transactions::ClassMethods#transaction'
      # ./.gems/ruby/3.4.0/gems/activerecord-8.1.3.1/lib/active_record/connection_adapters/abstract/connection_pool.rb:485:in 'ActiveRecord::ConnectionAdapters::ConnectionPool#with_pool_transaction_isolation_level'
      # ./.gems/ruby/3.4.0/gems/activerecord-8.1.3.1/lib/active_record/transactions.rb:233:in 'block in ActiveRecord::Transactions::ClassMethods#transaction'
      # ./.gems/ruby/3.4.0/gems/activerecord-8.1.3.1/lib/active_record/connection_adapters/abstract/connection_pool.rb:457:in 'ActiveRecord::ConnectionAdapters::ConnectionPool#with_connection'
      # ./.gems/ruby/3.4.0/gems/activerecord-8.1.3.1/lib/active_record/connection_handling.rb:313:in 'ActiveRecord::ConnectionHandling#with_connection'
      # ./.gems/ruby/3.4.0/gems/activerecord-8.1.3.1/lib/active_record/transactions.rb:232:in 'ActiveRecord::Transactions::ClassMethods#transaction'
      # ./spec/spec_helper.rb:24:in 'block (2 levels) in <top (required)>'
      # ------------------
      # --- Caused by: ---
      # NoMethodError:
      #   undefined method 'last_confirmed_at=' for an instance of NodeKernelEvent
      #   ./.gems/ruby/3.4.0/gems/activemodel-8.1.3.1/lib/active_model/attribute_methods.rb:512:in 'ActiveModel::AttributeMethods#method_missing'

  23) VpsAdmin::API::Operations::Node::RecordKernelEvidence does not remove a patch when livepatch sysfs enumeration is unreadable
      Failure/Error:
        ::NodeKernelEvent.create!(
          node:,
          event_type:,
          livepatch_action:,
          source: :node_report,
          confidence:,
          boot_id: kernel.boot_id,
          booted_at: parse_time(kernel.booted_at),
          booted_release: kernel.booted_release,
          reported_release: kernel.reported_release,

      ActiveModel::UnknownAttributeError:
        unknown attribute 'last_confirmed_at' for NodeKernelEvent.
      # ./.gems/ruby/3.4.0/gems/activemodel-8.1.3.1/lib/active_model/attribute_assignment.rb:57:in 'ActiveModel::AttributeAssignment#attribute_writer_missing'
      # ./.gems/ruby/3.4.0/gems/activemodel-8.1.3.1/lib/active_model/attribute_assignment.rb:74:in 'ActiveModel::AttributeAssignment#_assign_attribute'
      # ./.gems/ruby/3.4.0/gems/activerecord-8.1.3.1/lib/active_record/attribute_assignment.rb:17:in 'block in ActiveRecord::AttributeAssignment#_assign_attributes'
      # ./.gems/ruby/3.4.0/gems/activerecord-8.1.3.1/lib/active_record/attribute_assignment.rb:9:in 'Hash#each'
      # ./.gems/ruby/3.4.0/gems/activerecord-8.1.3.1/lib/active_record/attribute_assignment.rb:9:in 'ActiveRecord::AttributeAssignment#_assign_attributes'
      # ./.gems/ruby/3.4.0/gems/activemodel-8.1.3.1/lib/active_model/attribute_assignment.rb:34:in 'ActiveModel::AttributeAssignment#assign_attributes'
      # ./.gems/ruby/3.4.0/gems/activemodel-8.1.3.1/lib/active_model/api.rb:81:in 'ActiveModel::API#initialize'
      # ./.gems/ruby/3.4.0/gems/activerecord-8.1.3.1/lib/active_record/core.rb:479:in 'ActiveRecord::Core#initialize'
      # ./.gems/ruby/3.4.0/gems/activerecord-8.1.3.1/lib/active_record/inheritance.rb:76:in 'Class#new'
      # ./.gems/ruby/3.4.0/gems/activerecord-8.1.3.1/lib/active_record/inheritance.rb:76:in 'ActiveRecord::Inheritance::ClassMethods#new'
      # ./.gems/ruby/3.4.0/gems/activerecord-8.1.3.1/lib/active_record/persistence.rb:54:in 'ActiveRecord::Persistence::ClassMethods#create!'
      # ./lib/vpsadmin/api/operations/node/record_kernel_evidence.rb:388:in 'VpsAdmin::API::Operations::Node::RecordKernelEvidence#create_event!'
      # ./lib/vpsadmin/api/operations/node/record_kernel_evidence.rb:24:in 'block in VpsAdmin::API::Operations::Node::RecordKernelEvidence#run'
      # ./.gems/ruby/3.4.0/gems/activerecord-8.1.3.1/lib/active_record/locking/pessimistic.rb:102:in 'block in ActiveRecord::Locking::Pessimistic#with_lock'
      # ./.gems/ruby/3.4.0/gems/activerecord-8.1.3.1/lib/active_record/connection_adapters/abstract/database_statements.rb:376:in 'ActiveRecord::ConnectionAdapters::DatabaseStatements#transaction'
      # ./.gems/ruby/3.4.0/gems/activerecord-8.1.3.1/lib/active_record/transactions.rb:234:in 'block (2 levels) in ActiveRecord::Transactions::ClassMethods#transaction'
      # ./.gems/ruby/3.4.0/gems/activerecord-8.1.3.1/lib/active_record/connection_adapters/abstract/connection_pool.rb:485:in 'ActiveRecord::ConnectionAdapters::ConnectionPool#with_pool_transaction_isolation_level'
      # ./.gems/ruby/3.4.0/gems/activerecord-8.1.3.1/lib/active_record/transactions.rb:233:in 'block in ActiveRecord::Transactions::ClassMethods#transaction'
      # ./.gems/ruby/3.4.0/gems/activerecord-8.1.3.1/lib/active_record/connection_adapters/abstract/connection_pool.rb:457:in 'ActiveRecord::ConnectionAdapters::ConnectionPool#with_connection'
      # ./.gems/ruby/3.4.0/gems/activerecord-8.1.3.1/lib/active_record/connection_handling.rb:313:in 'ActiveRecord::ConnectionHandling#with_connection'
      # ./.gems/ruby/3.4.0/gems/activerecord-8.1.3.1/lib/active_record/transactions.rb:232:in 'ActiveRecord::Transactions::ClassMethods#transaction'
      # ./.gems/ruby/3.4.0/gems/activerecord-8.1.3.1/lib/active_record/transactions.rb:373:in 'ActiveRecord::Transactions#transaction'
      # ./.gems/ruby/3.4.0/gems/activerecord-8.1.3.1/lib/active_record/locking/pessimistic.rb:100:in 'ActiveRecord::Locking::Pessimistic#with_lock'
      # ./lib/vpsadmin/api/operations/node/record_kernel_evidence.rb:21:in 'VpsAdmin::API::Operations::Node::RecordKernelEvidence#run'
      # ./lib/vpsadmin/api/operations/base.rb:5:in 'VpsAdmin::API::Operations::Base.run'
      # ./spec/models/operations/node/record_kernel_evidence_spec.rb:324:in 'block (2 levels) in <top (required)>'
      # ./spec/spec_helper.rb:25:in 'block (3 levels) in <top (required)>'
      # ./.gems/ruby/3.4.0/gems/activerecord-8.1.3.1/lib/active_record/connection_adapters/abstract/transaction.rb:648:in 'block in ActiveRecord::ConnectionAdapters::TransactionManager#within_new_transaction'
      # ./.gems/ruby/3.4.0/gems/activesupport-8.1.3.1/lib/active_support/concurrency/null_lock.rb:9:in 'ActiveSupport::Concurrency::NullLock#synchronize'
      # ./.gems/ruby/3.4.0/gems/activerecord-8.1.3.1/lib/active_record/connection_adapters/abstract/transaction.rb:645:in 'ActiveRecord::ConnectionAdapters::TransactionManager#within_new_transaction'
      # ./.gems/ruby/3.4.0/gems/activerecord-8.1.3.1/lib/active_record/connection_adapters/abstract/database_statements.rb:386:in 'ActiveRecord::ConnectionAdapters::DatabaseStatements#within_new_transaction'
      # ./.gems/ruby/3.4.0/gems/activerecord-8.1.3.1/lib/active_record/connection_adapters/abstract/database_statements.rb:378:in 'ActiveRecord::ConnectionAdapters::DatabaseStatements#transaction'
      # ./.gems/ruby/3.4.0/gems/activerecord-8.1.3.1/lib/active_record/transactions.rb:234:in 'block (2 levels) in ActiveRecord::Transactions::ClassMethods#transaction'
      # ./.gems/ruby/3.4.0/gems/activerecord-8.1.3.1/lib/active_record/connection_adapters/abstract/connection_pool.rb:485:in 'ActiveRecord::ConnectionAdapters::ConnectionPool#with_pool_transaction_isolation_level'
      # ./.gems/ruby/3.4.0/gems/activerecord-8.1.3.1/lib/active_record/transactions.rb:233:in 'block in ActiveRecord::Transactions::ClassMethods#transaction'
      # ./.gems/ruby/3.4.0/gems/activerecord-8.1.3.1/lib/active_record/connection_adapters/abstract/connection_pool.rb:457:in 'ActiveRecord::ConnectionAdapters::ConnectionPool#with_connection'
      # ./.gems/ruby/3.4.0/gems/activerecord-8.1.3.1/lib/active_record/connection_handling.rb:313:in 'ActiveRecord::ConnectionHandling#with_connection'
      # ./.gems/ruby/3.4.0/gems/activerecord-8.1.3.1/lib/active_record/transactions.rb:232:in 'ActiveRecord::Transactions::ClassMethods#transaction'
      # ./spec/spec_helper.rb:24:in 'block (2 levels) in <top (required)>'
      # ------------------
      # --- Caused by: ---
      # NoMethodError:
      #   undefined method 'last_confirmed_at=' for an instance of NodeKernelEvent
      #   ./.gems/ruby/3.4.0/gems/activemodel-8.1.3.1/lib/active_model/attribute_methods.rb:512:in 'ActiveModel::AttributeMethods#method_missing'

  24) VpsAdmin::API::Operations::Node::RecordKernelEvidence keeps availability and transition changes internal until application completes
      Failure/Error:
        ::NodeKernelEvent.create!(
          node:,
          event_type:,
          livepatch_action:,
          source: :node_report,
          confidence:,
          boot_id: kernel.boot_id,
          booted_at: parse_time(kernel.booted_at),
          booted_release: kernel.booted_release,
          reported_release: kernel.reported_release,

      ActiveModel::UnknownAttributeError:
        unknown attribute 'last_confirmed_at' for NodeKernelEvent.
      # ./.gems/ruby/3.4.0/gems/activemodel-8.1.3.1/lib/active_model/attribute_assignment.rb:57:in 'ActiveModel::AttributeAssignment#attribute_writer_missing'
      # ./.gems/ruby/3.4.0/gems/activemodel-8.1.3.1/lib/active_model/attribute_assignment.rb:74:in 'ActiveModel::AttributeAssignment#_assign_attribute'
      # ./.gems/ruby/3.4.0/gems/activerecord-8.1.3.1/lib/active_record/attribute_assignment.rb:17:in 'block in ActiveRecord::AttributeAssignment#_assign_attributes'
      # ./.gems/ruby/3.4.0/gems/activerecord-8.1.3.1/lib/active_record/attribute_assignment.rb:9:in 'Hash#each'
      # ./.gems/ruby/3.4.0/gems/activerecord-8.1.3.1/lib/active_record/attribute_assignment.rb:9:in 'ActiveRecord::AttributeAssignment#_assign_attributes'
      # ./.gems/ruby/3.4.0/gems/activemodel-8.1.3.1/lib/active_model/attribute_assignment.rb:34:in 'ActiveModel::AttributeAssignment#assign_attributes'
      # ./.gems/ruby/3.4.0/gems/activemodel-8.1.3.1/lib/active_model/api.rb:81:in 'ActiveModel::API#initialize'
      # ./.gems/ruby/3.4.0/gems/activerecord-8.1.3.1/lib/active_record/core.rb:479:in 'ActiveRecord::Core#initialize'
      # ./.gems/ruby/3.4.0/gems/activerecord-8.1.3.1/lib/active_record/inheritance.rb:76:in 'Class#new'
      # ./.gems/ruby/3.4.0/gems/activerecord-8.1.3.1/lib/active_record/inheritance.rb:76:in 'ActiveRecord::Inheritance::ClassMethods#new'
      # ./.gems/ruby/3.4.0/gems/activerecord-8.1.3.1/lib/active_record/persistence.rb:54:in 'ActiveRecord::Persistence::ClassMethods#create!'
      # ./lib/vpsadmin/api/operations/node/record_kernel_evidence.rb:388:in 'VpsAdmin::API::Operations::Node::RecordKernelEvidence#create_event!'
      # ./lib/vpsadmin/api/operations/node/record_kernel_evidence.rb:24:in 'block in VpsAdmin::API::Operations::Node::RecordKernelEvidence#run'
      # ./.gems/ruby/3.4.0/gems/activerecord-8.1.3.1/lib/active_record/locking/pessimistic.rb:102:in 'block in ActiveRecord::Locking::Pessimistic#with_lock'
      # ./.gems/ruby/3.4.0/gems/activerecord-8.1.3.1/lib/active_record/connection_adapters/abstract/database_statements.rb:376:in 'ActiveRecord::ConnectionAdapters::DatabaseStatements#transaction'
      # ./.gems/ruby/3.4.0/gems/activerecord-8.1.3.1/lib/active_record/transactions.rb:234:in 'block (2 levels) in ActiveRecord::Transactions::ClassMethods#transaction'
      # ./.gems/ruby/3.4.0/gems/activerecord-8.1.3.1/lib/active_record/connection_adapters/abstract/connection_pool.rb:485:in 'ActiveRecord::ConnectionAdapters::ConnectionPool#with_pool_transaction_isolation_level'
      # ./.gems/ruby/3.4.0/gems/activerecord-8.1.3.1/lib/active_record/transactions.rb:233:in 'block in ActiveRecord::Transactions::ClassMethods#transaction'
      # ./.gems/ruby/3.4.0/gems/activerecord-8.1.3.1/lib/active_record/connection_adapters/abstract/connection_pool.rb:457:in 'ActiveRecord::ConnectionAdapters::ConnectionPool#with_connection'
      # ./.gems/ruby/3.4.0/gems/activerecord-8.1.3.1/lib/active_record/connection_handling.rb:313:in 'ActiveRecord::ConnectionHandling#with_connection'
      # ./.gems/ruby/3.4.0/gems/activerecord-8.1.3.1/lib/active_record/transactions.rb:232:in 'ActiveRecord::Transactions::ClassMethods#transaction'
      # ./.gems/ruby/3.4.0/gems/activerecord-8.1.3.1/lib/active_record/transactions.rb:373:in 'ActiveRecord::Transactions#transaction'
      # ./.gems/ruby/3.4.0/gems/activerecord-8.1.3.1/lib/active_record/locking/pessimistic.rb:100:in 'ActiveRecord::Locking::Pessimistic#with_lock'
      # ./lib/vpsadmin/api/operations/node/record_kernel_evidence.rb:21:in 'VpsAdmin::API::Operations::Node::RecordKernelEvidence#run'
      # ./lib/vpsadmin/api/operations/base.rb:5:in 'VpsAdmin::API::Operations::Base.run'
      # ./spec/models/operations/node/record_kernel_evidence_spec.rb:437:in 'block (2 levels) in <top (required)>'
      # ./spec/spec_helper.rb:25:in 'block (3 levels) in <top (required)>'
      # ./.gems/ruby/3.4.0/gems/activerecord-8.1.3.1/lib/active_record/connection_adapters/abstract/transaction.rb:648:in 'block in ActiveRecord::ConnectionAdapters::TransactionManager#within_new_transaction'
      # ./.gems/ruby/3.4.0/gems/activesupport-8.1.3.1/lib/active_support/concurrency/null_lock.rb:9:in 'ActiveSupport::Concurrency::NullLock#synchronize'
      # ./.gems/ruby/3.4.0/gems/activerecord-8.1.3.1/lib/active_record/connection_adapters/abstract/transaction.rb:645:in 'ActiveRecord::ConnectionAdapters::TransactionManager#within_new_transaction'
      # ./.gems/ruby/3.4.0/gems/activerecord-8.1.3.1/lib/active_record/connection_adapters/abstract/database_statements.rb:386:in 'ActiveRecord::ConnectionAdapters::DatabaseStatements#within_new_transaction'
      # ./.gems/ruby/3.4.0/gems/activerecord-8.1.3.1/lib/active_record/connection_adapters/abstract/database_statements.rb:378:in 'ActiveRecord::ConnectionAdapters::DatabaseStatements#transaction'
      # ./.gems/ruby/3.4.0/gems/activerecord-8.1.3.1/lib/active_record/transactions.rb:234:in 'block (2 levels) in ActiveRecord::Transactions::ClassMethods#transaction'
      # ./.gems/ruby/3.4.0/gems/activerecord-8.1.3.1/lib/active_record/connection_adapters/abstract/connection_pool.rb:485:in 'ActiveRecord::ConnectionAdapters::ConnectionPool#with_pool_transaction_isolation_level'
      # ./.gems/ruby/3.4.0/gems/activerecord-8.1.3.1/lib/active_record/transactions.rb:233:in 'block in ActiveRecord::Transactions::ClassMethods#transaction'
      # ./.gems/ruby/3.4.0/gems/activerecord-8.1.3.1/lib/active_record/connection_adapters/abstract/connection_pool.rb:457:in 'ActiveRecord::ConnectionAdapters::ConnectionPool#with_connection'
      # ./.gems/ruby/3.4.0/gems/activerecord-8.1.3.1/lib/active_record/connection_handling.rb:313:in 'ActiveRecord::ConnectionHandling#with_connection'
      # ./.gems/ruby/3.4.0/gems/activerecord-8.1.3.1/lib/active_record/transactions.rb:232:in 'ActiveRecord::Transactions::ClassMethods#transaction'
      # ./spec/spec_helper.rb:24:in 'block (2 levels) in <top (required)>'
      # ------------------
      # --- Caused by: ---
      # NoMethodError:
      #   undefined method 'last_confirmed_at=' for an instance of NodeKernelEvent
      #   ./.gems/ruby/3.4.0/gems/activemodel-8.1.3.1/lib/active_model/attribute_methods.rb:512:in 'ActiveModel::AttributeMethods#method_missing'

  25) VpsAdmin::API::Operations::Node::RecordKernelEvidence records removal only after a reverse transition completes
      Failure/Error:
        ::NodeKernelEvent.create!(
          node:,
          event_type:,
          livepatch_action:,
          source: :node_report,
          confidence:,
          boot_id: kernel.boot_id,
          booted_at: parse_time(kernel.booted_at),
          booted_release: kernel.booted_release,
          reported_release: kernel.reported_release,

      ActiveModel::UnknownAttributeError:
        unknown attribute 'last_confirmed_at' for NodeKernelEvent.
      # ./.gems/ruby/3.4.0/gems/activemodel-8.1.3.1/lib/active_model/attribute_assignment.rb:57:in 'ActiveModel::AttributeAssignment#attribute_writer_missing'
      # ./.gems/ruby/3.4.0/gems/activemodel-8.1.3.1/lib/active_model/attribute_assignment.rb:74:in 'ActiveModel::AttributeAssignment#_assign_attribute'
      # ./.gems/ruby/3.4.0/gems/activerecord-8.1.3.1/lib/active_record/attribute_assignment.rb:17:in 'block in ActiveRecord::AttributeAssignment#_assign_attributes'
      # ./.gems/ruby/3.4.0/gems/activerecord-8.1.3.1/lib/active_record/attribute_assignment.rb:9:in 'Hash#each'
      # ./.gems/ruby/3.4.0/gems/activerecord-8.1.3.1/lib/active_record/attribute_assignment.rb:9:in 'ActiveRecord::AttributeAssignment#_assign_attributes'
      # ./.gems/ruby/3.4.0/gems/activemodel-8.1.3.1/lib/active_model/attribute_assignment.rb:34:in 'ActiveModel::AttributeAssignment#assign_attributes'
      # ./.gems/ruby/3.4.0/gems/activemodel-8.1.3.1/lib/active_model/api.rb:81:in 'ActiveModel::API#initialize'
      # ./.gems/ruby/3.4.0/gems/activerecord-8.1.3.1/lib/active_record/core.rb:479:in 'ActiveRecord::Core#initialize'
      # ./.gems/ruby/3.4.0/gems/activerecord-8.1.3.1/lib/active_record/inheritance.rb:76:in 'Class#new'
      # ./.gems/ruby/3.4.0/gems/activerecord-8.1.3.1/lib/active_record/inheritance.rb:76:in 'ActiveRecord::Inheritance::ClassMethods#new'
      # ./.gems/ruby/3.4.0/gems/activerecord-8.1.3.1/lib/active_record/persistence.rb:54:in 'ActiveRecord::Persistence::ClassMethods#create!'
      # ./lib/vpsadmin/api/operations/node/record_kernel_evidence.rb:388:in 'VpsAdmin::API::Operations::Node::RecordKernelEvidence#create_event!'
      # ./lib/vpsadmin/api/operations/node/record_kernel_evidence.rb:24:in 'block in VpsAdmin::API::Operations::Node::RecordKernelEvidence#run'
      # ./.gems/ruby/3.4.0/gems/activerecord-8.1.3.1/lib/active_record/locking/pessimistic.rb:102:in 'block in ActiveRecord::Locking::Pessimistic#with_lock'
      # ./.gems/ruby/3.4.0/gems/activerecord-8.1.3.1/lib/active_record/connection_adapters/abstract/database_statements.rb:376:in 'ActiveRecord::ConnectionAdapters::DatabaseStatements#transaction'
      # ./.gems/ruby/3.4.0/gems/activerecord-8.1.3.1/lib/active_record/transactions.rb:234:in 'block (2 levels) in ActiveRecord::Transactions::ClassMethods#transaction'
      # ./.gems/ruby/3.4.0/gems/activerecord-8.1.3.1/lib/active_record/connection_adapters/abstract/connection_pool.rb:485:in 'ActiveRecord::ConnectionAdapters::ConnectionPool#with_pool_transaction_isolation_level'
      # ./.gems/ruby/3.4.0/gems/activerecord-8.1.3.1/lib/active_record/transactions.rb:233:in 'block in ActiveRecord::Transactions::ClassMethods#transaction'
      # ./.gems/ruby/3.4.0/gems/activerecord-8.1.3.1/lib/active_record/connection_adapters/abstract/connection_pool.rb:457:in 'ActiveRecord::ConnectionAdapters::ConnectionPool#with_connection'
      # ./.gems/ruby/3.4.0/gems/activerecord-8.1.3.1/lib/active_record/connection_handling.rb:313:in 'ActiveRecord::ConnectionHandling#with_connection'
      # ./.gems/ruby/3.4.0/gems/activerecord-8.1.3.1/lib/active_record/transactions.rb:232:in 'ActiveRecord::Transactions::ClassMethods#transaction'
      # ./.gems/ruby/3.4.0/gems/activerecord-8.1.3.1/lib/active_record/transactions.rb:373:in 'ActiveRecord::Transactions#transaction'
      # ./.gems/ruby/3.4.0/gems/activerecord-8.1.3.1/lib/active_record/locking/pessimistic.rb:100:in 'ActiveRecord::Locking::Pessimistic#with_lock'
      # ./lib/vpsadmin/api/operations/node/record_kernel_evidence.rb:21:in 'VpsAdmin::API::Operations::Node::RecordKernelEvidence#run'
      # ./lib/vpsadmin/api/operations/base.rb:5:in 'VpsAdmin::API::Operations::Base.run'
      # ./spec/models/operations/node/record_kernel_evidence_spec.rb:498:in 'block (2 levels) in <top (required)>'
      # ./spec/spec_helper.rb:25:in 'block (3 levels) in <top (required)>'
      # ./.gems/ruby/3.4.0/gems/activerecord-8.1.3.1/lib/active_record/connection_adapters/abstract/transaction.rb:648:in 'block in ActiveRecord::ConnectionAdapters::TransactionManager#within_new_transaction'
      # ./.gems/ruby/3.4.0/gems/activesupport-8.1.3.1/lib/active_support/concurrency/null_lock.rb:9:in 'ActiveSupport::Concurrency::NullLock#synchronize'
      # ./.gems/ruby/3.4.0/gems/activerecord-8.1.3.1/lib/active_record/connection_adapters/abstract/transaction.rb:645:in 'ActiveRecord::ConnectionAdapters::TransactionManager#within_new_transaction'
      # ./.gems/ruby/3.4.0/gems/activerecord-8.1.3.1/lib/active_record/connection_adapters/abstract/database_statements.rb:386:in 'ActiveRecord::ConnectionAdapters::DatabaseStatements#within_new_transaction'
      # ./.gems/ruby/3.4.0/gems/activerecord-8.1.3.1/lib/active_record/connection_adapters/abstract/database_statements.rb:378:in 'ActiveRecord::ConnectionAdapters::DatabaseStatements#transaction'
      # ./.gems/ruby/3.4.0/gems/activerecord-8.1.3.1/lib/active_record/transactions.rb:234:in 'block (2 levels) in ActiveRecord::Transactions::ClassMethods#transaction'
      # ./.gems/ruby/3.4.0/gems/activerecord-8.1.3.1/lib/active_record/connection_adapters/abstract/connection_pool.rb:485:in 'ActiveRecord::ConnectionAdapters::ConnectionPool#with_pool_transaction_isolation_level'
      # ./.gems/ruby/3.4.0/gems/activerecord-8.1.3.1/lib/active_record/transactions.rb:233:in 'block in ActiveRecord::Transactions::ClassMethods#transaction'
      # ./.gems/ruby/3.4.0/gems/activerecord-8.1.3.1/lib/active_record/connection_adapters/abstract/connection_pool.rb:457:in 'ActiveRecord::ConnectionAdapters::ConnectionPool#with_connection'
      # ./.gems/ruby/3.4.0/gems/activerecord-8.1.3.1/lib/active_record/connection_handling.rb:313:in 'ActiveRecord::ConnectionHandling#with_connection'
      # ./.gems/ruby/3.4.0/gems/activerecord-8.1.3.1/lib/active_record/transactions.rb:232:in 'ActiveRecord::Transactions::ClassMethods#transaction'
      # ./spec/spec_helper.rb:24:in 'block (2 levels) in <top (required)>'
      # ------------------
      # --- Caused by: ---
      # NoMethodError:
      #   undefined method 'last_confirmed_at=' for an instance of NodeKernelEvent
      #   ./.gems/ruby/3.4.0/gems/activemodel-8.1.3.1/lib/active_model/attribute_methods.rb:512:in 'ActiveModel::AttributeMethods#method_missing'

  26) VpsAdmin::API::Operations::Node::RecordKernelEvidence records per-name sysctl values before and after a change
      Failure/Error:
        ::NodeKernelEvent.create!(
          node:,
          event_type:,
          livepatch_action:,
          source: :node_report,
          confidence:,
          boot_id: kernel.boot_id,
          booted_at: parse_time(kernel.booted_at),
          booted_release: kernel.booted_release,
          reported_release: kernel.reported_release,

      ActiveModel::UnknownAttributeError:
        unknown attribute 'last_confirmed_at' for NodeKernelEvent.
      # ./.gems/ruby/3.4.0/gems/activemodel-8.1.3.1/lib/active_model/attribute_assignment.rb:57:in 'ActiveModel::AttributeAssignment#attribute_writer_missing'
      # ./.gems/ruby/3.4.0/gems/activemodel-8.1.3.1/lib/active_model/attribute_assignment.rb:74:in 'ActiveModel::AttributeAssignment#_assign_attribute'
      # ./.gems/ruby/3.4.0/gems/activerecord-8.1.3.1/lib/active_record/attribute_assignment.rb:17:in 'block in ActiveRecord::AttributeAssignment#_assign_attributes'
      # ./.gems/ruby/3.4.0/gems/activerecord-8.1.3.1/lib/active_record/attribute_assignment.rb:9:in 'Hash#each'
      # ./.gems/ruby/3.4.0/gems/activerecord-8.1.3.1/lib/active_record/attribute_assignment.rb:9:in 'ActiveRecord::AttributeAssignment#_assign_attributes'
      # ./.gems/ruby/3.4.0/gems/activemodel-8.1.3.1/lib/active_model/attribute_assignment.rb:34:in 'ActiveModel::AttributeAssignment#assign_attributes'
      # ./.gems/ruby/3.4.0/gems/activemodel-8.1.3.1/lib/active_model/api.rb:81:in 'ActiveModel::API#initialize'
      # ./.gems/ruby/3.4.0/gems/activerecord-8.1.3.1/lib/active_record/core.rb:479:in 'ActiveRecord::Core#initialize'
      # ./.gems/ruby/3.4.0/gems/activerecord-8.1.3.1/lib/active_record/inheritance.rb:76:in 'Class#new'
      # ./.gems/ruby/3.4.0/gems/activerecord-8.1.3.1/lib/active_record/inheritance.rb:76:in 'ActiveRecord::Inheritance::ClassMethods#new'
      # ./.gems/ruby/3.4.0/gems/activerecord-8.1.3.1/lib/active_record/persistence.rb:54:in 'ActiveRecord::Persistence::ClassMethods#create!'
      # ./lib/vpsadmin/api/operations/node/record_kernel_evidence.rb:388:in 'VpsAdmin::API::Operations::Node::RecordKernelEvidence#create_event!'
      # ./lib/vpsadmin/api/operations/node/record_kernel_evidence.rb:24:in 'block in VpsAdmin::API::Operations::Node::RecordKernelEvidence#run'
      # ./.gems/ruby/3.4.0/gems/activerecord-8.1.3.1/lib/active_record/locking/pessimistic.rb:102:in 'block in ActiveRecord::Locking::Pessimistic#with_lock'
      # ./.gems/ruby/3.4.0/gems/activerecord-8.1.3.1/lib/active_record/connection_adapters/abstract/database_statements.rb:376:in 'ActiveRecord::ConnectionAdapters::DatabaseStatements#transaction'
      # ./.gems/ruby/3.4.0/gems/activerecord-8.1.3.1/lib/active_record/transactions.rb:234:in 'block (2 levels) in ActiveRecord::Transactions::ClassMethods#transaction'
      # ./.gems/ruby/3.4.0/gems/activerecord-8.1.3.1/lib/active_record/connection_adapters/abstract/connection_pool.rb:485:in 'ActiveRecord::ConnectionAdapters::ConnectionPool#with_pool_transaction_isolation_level'
      # ./.gems/ruby/3.4.0/gems/activerecord-8.1.3.1/lib/active_record/transactions.rb:233:in 'block in ActiveRecord::Transactions::ClassMethods#transaction'
      # ./.gems/ruby/3.4.0/gems/activerecord-8.1.3.1/lib/active_record/connection_adapters/abstract/connection_pool.rb:457:in 'ActiveRecord::ConnectionAdapters::ConnectionPool#with_connection'
      # ./.gems/ruby/3.4.0/gems/activerecord-8.1.3.1/lib/active_record/connection_handling.rb:313:in 'ActiveRecord::ConnectionHandling#with_connection'
      # ./.gems/ruby/3.4.0/gems/activerecord-8.1.3.1/lib/active_record/transactions.rb:232:in 'ActiveRecord::Transactions::ClassMethods#transaction'
      # ./.gems/ruby/3.4.0/gems/activerecord-8.1.3.1/lib/active_record/transactions.rb:373:in 'ActiveRecord::Transactions#transaction'
      # ./.gems/ruby/3.4.0/gems/activerecord-8.1.3.1/lib/active_record/locking/pessimistic.rb:100:in 'ActiveRecord::Locking::Pessimistic#with_lock'
      # ./lib/vpsadmin/api/operations/node/record_kernel_evidence.rb:21:in 'VpsAdmin::API::Operations::Node::RecordKernelEvidence#run'
      # ./lib/vpsadmin/api/operations/base.rb:5:in 'VpsAdmin::API::Operations::Base.run'
      # ./spec/models/operations/node/record_kernel_evidence_spec.rb:731:in 'block (2 levels) in <top (required)>'
      # ./spec/spec_helper.rb:25:in 'block (3 levels) in <top (required)>'
      # ./.gems/ruby/3.4.0/gems/activerecord-8.1.3.1/lib/active_record/connection_adapters/abstract/transaction.rb:648:in 'block in ActiveRecord::ConnectionAdapters::TransactionManager#within_new_transaction'
      # ./.gems/ruby/3.4.0/gems/activesupport-8.1.3.1/lib/active_support/concurrency/null_lock.rb:9:in 'ActiveSupport::Concurrency::NullLock#synchronize'
      # ./.gems/ruby/3.4.0/gems/activerecord-8.1.3.1/lib/active_record/connection_adapters/abstract/transaction.rb:645:in 'ActiveRecord::ConnectionAdapters::TransactionManager#within_new_transaction'
      # ./.gems/ruby/3.4.0/gems/activerecord-8.1.3.1/lib/active_record/connection_adapters/abstract/database_statements.rb:386:in 'ActiveRecord::ConnectionAdapters::DatabaseStatements#within_new_transaction'
      # ./.gems/ruby/3.4.0/gems/activerecord-8.1.3.1/lib/active_record/connection_adapters/abstract/database_statements.rb:378:in 'ActiveRecord::ConnectionAdapters::DatabaseStatements#transaction'
      # ./.gems/ruby/3.4.0/gems/activerecord-8.1.3.1/lib/active_record/transactions.rb:234:in 'block (2 levels) in ActiveRecord::Transactions::ClassMethods#transaction'
      # ./.gems/ruby/3.4.0/gems/activerecord-8.1.3.1/lib/active_record/connection_adapters/abstract/connection_pool.rb:485:in 'ActiveRecord::ConnectionAdapters::ConnectionPool#with_pool_transaction_isolation_level'
      # ./.gems/ruby/3.4.0/gems/activerecord-8.1.3.1/lib/active_record/transactions.rb:233:in 'block in ActiveRecord::Transactions::ClassMethods#transaction'
      # ./.gems/ruby/3.4.0/gems/activerecord-8.1.3.1/lib/active_record/connection_adapters/abstract/connection_pool.rb:457:in 'ActiveRecord::ConnectionAdapters::ConnectionPool#with_connection'
      # ./.gems/ruby/3.4.0/gems/activerecord-8.1.3.1/lib/active_record/connection_handling.rb:313:in 'ActiveRecord::ConnectionHandling#with_connection'
      # ./.gems/ruby/3.4.0/gems/activerecord-8.1.3.1/lib/active_record/transactions.rb:232:in 'ActiveRecord::Transactions::ClassMethods#transaction'
      # ./spec/spec_helper.rb:24:in 'block (2 levels) in <top (required)>'
      # ------------------
      # --- Caused by: ---
      # NoMethodError:
      #   undefined method 'last_confirmed_at=' for an instance of NodeKernelEvent
      #   ./.gems/ruby/3.4.0/gems/activemodel-8.1.3.1/lib/active_model/attribute_methods.rb:512:in 'ActiveModel::AttributeMethods#method_missing'

  27) VpsAdmin::API::Operations::Node::RecordKernelEvidence stable confirmation timestamps still uses a complete preceding non-effective report for application completion
      Failure/Error:
        ::NodeKernelEvent.create!(
          node:,
          event_type:,
          livepatch_action:,
          source: :node_report,
          confidence:,
          boot_id: kernel.boot_id,
          booted_at: parse_time(kernel.booted_at),
          booted_release: kernel.booted_release,
          reported_release: kernel.reported_release,

      ActiveModel::UnknownAttributeError:
        unknown attribute 'last_confirmed_at' for NodeKernelEvent.
      # ./.gems/ruby/3.4.0/gems/activemodel-8.1.3.1/lib/active_model/attribute_assignment.rb:57:in 'ActiveModel::AttributeAssignment#attribute_writer_missing'
      # ./.gems/ruby/3.4.0/gems/activemodel-8.1.3.1/lib/active_model/attribute_assignment.rb:74:in 'ActiveModel::AttributeAssignment#_assign_attribute'
      # ./.gems/ruby/3.4.0/gems/activerecord-8.1.3.1/lib/active_record/attribute_assignment.rb:17:in 'block in ActiveRecord::AttributeAssignment#_assign_attributes'
      # ./.gems/ruby/3.4.0/gems/activerecord-8.1.3.1/lib/active_record/attribute_assignment.rb:9:in 'Hash#each'
      # ./.gems/ruby/3.4.0/gems/activerecord-8.1.3.1/lib/active_record/attribute_assignment.rb:9:in 'ActiveRecord::AttributeAssignment#_assign_attributes'
      # ./.gems/ruby/3.4.0/gems/activemodel-8.1.3.1/lib/active_model/attribute_assignment.rb:34:in 'ActiveModel::AttributeAssignment#assign_attributes'
      # ./.gems/ruby/3.4.0/gems/activemodel-8.1.3.1/lib/active_model/api.rb:81:in 'ActiveModel::API#initialize'
      # ./.gems/ruby/3.4.0/gems/activerecord-8.1.3.1/lib/active_record/core.rb:479:in 'ActiveRecord::Core#initialize'
      # ./.gems/ruby/3.4.0/gems/activerecord-8.1.3.1/lib/active_record/inheritance.rb:76:in 'Class#new'
      # ./.gems/ruby/3.4.0/gems/activerecord-8.1.3.1/lib/active_record/inheritance.rb:76:in 'ActiveRecord::Inheritance::ClassMethods#new'
      # ./.gems/ruby/3.4.0/gems/activerecord-8.1.3.1/lib/active_record/persistence.rb:54:in 'ActiveRecord::Persistence::ClassMethods#create!'
      # ./lib/vpsadmin/api/operations/node/record_kernel_evidence.rb:388:in 'VpsAdmin::API::Operations::Node::RecordKernelEvidence#create_event!'
      # ./lib/vpsadmin/api/operations/node/record_kernel_evidence.rb:24:in 'block in VpsAdmin::API::Operations::Node::RecordKernelEvidence#run'
      # ./.gems/ruby/3.4.0/gems/activerecord-8.1.3.1/lib/active_record/locking/pessimistic.rb:102:in 'block in ActiveRecord::Locking::Pessimistic#with_lock'
      # ./.gems/ruby/3.4.0/gems/activerecord-8.1.3.1/lib/active_record/connection_adapters/abstract/database_statements.rb:376:in 'ActiveRecord::ConnectionAdapters::DatabaseStatements#transaction'
      # ./.gems/ruby/3.4.0/gems/activerecord-8.1.3.1/lib/active_record/transactions.rb:234:in 'block (2 levels) in ActiveRecord::Transactions::ClassMethods#transaction'
      # ./.gems/ruby/3.4.0/gems/activerecord-8.1.3.1/lib/active_record/connection_adapters/abstract/connection_pool.rb:485:in 'ActiveRecord::ConnectionAdapters::ConnectionPool#with_pool_transaction_isolation_level'
      # ./.gems/ruby/3.4.0/gems/activerecord-8.1.3.1/lib/active_record/transactions.rb:233:in 'block in ActiveRecord::Transactions::ClassMethods#transaction'
      # ./.gems/ruby/3.4.0/gems/activerecord-8.1.3.1/lib/active_record/connection_adapters/abstract/connection_pool.rb:457:in 'ActiveRecord::ConnectionAdapters::ConnectionPool#with_connection'
      # ./.gems/ruby/3.4.0/gems/activerecord-8.1.3.1/lib/active_record/connection_handling.rb:313:in 'ActiveRecord::ConnectionHandling#with_connection'
      # ./.gems/ruby/3.4.0/gems/activerecord-8.1.3.1/lib/active_record/transactions.rb:232:in 'ActiveRecord::Transactions::ClassMethods#transaction'
      # ./.gems/ruby/3.4.0/gems/activerecord-8.1.3.1/lib/active_record/transactions.rb:373:in 'ActiveRecord::Transactions#transaction'
      # ./.gems/ruby/3.4.0/gems/activerecord-8.1.3.1/lib/active_record/locking/pessimistic.rb:100:in 'ActiveRecord::Locking::Pessimistic#with_lock'
      # ./lib/vpsadmin/api/operations/node/record_kernel_evidence.rb:21:in 'VpsAdmin::API::Operations::Node::RecordKernelEvidence#run'
      # ./lib/vpsadmin/api/operations/base.rb:5:in 'VpsAdmin::API::Operations::Base.run'
      # ./spec/models/operations/node/record_kernel_evidence_spec.rb:890:in 'RSpec::ExampleGroups::VpsAdminAPIOperationsNodeRecordKernelEvidence::StableConfirmationTimestamps#observe'
      # ./spec/models/operations/node/record_kernel_evidence_spec.rb:1000:in 'block (3 levels) in <top (required)>'
      # ./spec/spec_helper.rb:25:in 'block (3 levels) in <top (required)>'
      # ./.gems/ruby/3.4.0/gems/activerecord-8.1.3.1/lib/active_record/connection_adapters/abstract/transaction.rb:648:in 'block in ActiveRecord::ConnectionAdapters::TransactionManager#within_new_transaction'
      # ./.gems/ruby/3.4.0/gems/activesupport-8.1.3.1/lib/active_support/concurrency/null_lock.rb:9:in 'ActiveSupport::Concurrency::NullLock#synchronize'
      # ./.gems/ruby/3.4.0/gems/activerecord-8.1.3.1/lib/active_record/connection_adapters/abstract/transaction.rb:645:in 'ActiveRecord::ConnectionAdapters::TransactionManager#within_new_transaction'
      # ./.gems/ruby/3.4.0/gems/activerecord-8.1.3.1/lib/active_record/connection_adapters/abstract/database_statements.rb:386:in 'ActiveRecord::ConnectionAdapters::DatabaseStatements#within_new_transaction'
      # ./.gems/ruby/3.4.0/gems/activerecord-8.1.3.1/lib/active_record/connection_adapters/abstract/database_statements.rb:378:in 'ActiveRecord::ConnectionAdapters::DatabaseStatements#transaction'
      # ./.gems/ruby/3.4.0/gems/activerecord-8.1.3.1/lib/active_record/transactions.rb:234:in 'block (2 levels) in ActiveRecord::Transactions::ClassMethods#transaction'
      # ./.gems/ruby/3.4.0/gems/activerecord-8.1.3.1/lib/active_record/connection_adapters/abstract/connection_pool.rb:485:in 'ActiveRecord::ConnectionAdapters::ConnectionPool#with_pool_transaction_isolation_level'
      # ./.gems/ruby/3.4.0/gems/activerecord-8.1.3.1/lib/active_record/transactions.rb:233:in 'block in ActiveRecord::Transactions::ClassMethods#transaction'
      # ./.gems/ruby/3.4.0/gems/activerecord-8.1.3.1/lib/active_record/connection_adapters/abstract/connection_pool.rb:457:in 'ActiveRecord::ConnectionAdapters::ConnectionPool#with_connection'
      # ./.gems/ruby/3.4.0/gems/activerecord-8.1.3.1/lib/active_record/connection_handling.rb:313:in 'ActiveRecord::ConnectionHandling#with_connection'
      # ./.gems/ruby/3.4.0/gems/activerecord-8.1.3.1/lib/active_record/transactions.rb:232:in 'ActiveRecord::Transactions::ClassMethods#transaction'
      # ./spec/spec_helper.rb:24:in 'block (2 levels) in <top (required)>'
      # ------------------
      # --- Caused by: ---
      # NoMethodError:
      #   undefined method 'last_confirmed_at=' for an instance of NodeKernelEvent
      #   ./.gems/ruby/3.4.0/gems/activemodel-8.1.3.1/lib/active_model/attribute_methods.rb:512:in 'ActiveModel::AttributeMethods#method_missing'

  28) VpsAdmin::API::Operations::Node::RecordKernelEvidence stable confirmation timestamps retains confirmation through multiple transitions and a release already changed in transition
      Failure/Error:
        ::NodeKernelEvent.create!(
          node:,
          event_type:,
          livepatch_action:,
          source: :node_report,
          confidence:,
          boot_id: kernel.boot_id,
          booted_at: parse_time(kernel.booted_at),
          booted_release: kernel.booted_release,
          reported_release: kernel.reported_release,

      ActiveModel::UnknownAttributeError:
        unknown attribute 'last_confirmed_at' for NodeKernelEvent.
      # ./.gems/ruby/3.4.0/gems/activemodel-8.1.3.1/lib/active_model/attribute_assignment.rb:57:in 'ActiveModel::AttributeAssignment#attribute_writer_missing'
      # ./.gems/ruby/3.4.0/gems/activemodel-8.1.3.1/lib/active_model/attribute_assignment.rb:74:in 'ActiveModel::AttributeAssignment#_assign_attribute'
      # ./.gems/ruby/3.4.0/gems/activerecord-8.1.3.1/lib/active_record/attribute_assignment.rb:17:in 'block in ActiveRecord::AttributeAssignment#_assign_attributes'
      # ./.gems/ruby/3.4.0/gems/activerecord-8.1.3.1/lib/active_record/attribute_assignment.rb:9:in 'Hash#each'
      # ./.gems/ruby/3.4.0/gems/activerecord-8.1.3.1/lib/active_record/attribute_assignment.rb:9:in 'ActiveRecord::AttributeAssignment#_assign_attributes'
      # ./.gems/ruby/3.4.0/gems/activemodel-8.1.3.1/lib/active_model/attribute_assignment.rb:34:in 'ActiveModel::AttributeAssignment#assign_attributes'
      # ./.gems/ruby/3.4.0/gems/activemodel-8.1.3.1/lib/active_model/api.rb:81:in 'ActiveModel::API#initialize'
      # ./.gems/ruby/3.4.0/gems/activerecord-8.1.3.1/lib/active_record/core.rb:479:in 'ActiveRecord::Core#initialize'
      # ./.gems/ruby/3.4.0/gems/activerecord-8.1.3.1/lib/active_record/inheritance.rb:76:in 'Class#new'
      # ./.gems/ruby/3.4.0/gems/activerecord-8.1.3.1/lib/active_record/inheritance.rb:76:in 'ActiveRecord::Inheritance::ClassMethods#new'
      # ./.gems/ruby/3.4.0/gems/activerecord-8.1.3.1/lib/active_record/persistence.rb:54:in 'ActiveRecord::Persistence::ClassMethods#create!'
      # ./lib/vpsadmin/api/operations/node/record_kernel_evidence.rb:388:in 'VpsAdmin::API::Operations::Node::RecordKernelEvidence#create_event!'
      # ./lib/vpsadmin/api/operations/node/record_kernel_evidence.rb:24:in 'block in VpsAdmin::API::Operations::Node::RecordKernelEvidence#run'
      # ./.gems/ruby/3.4.0/gems/activerecord-8.1.3.1/lib/active_record/locking/pessimistic.rb:102:in 'block in ActiveRecord::Locking::Pessimistic#with_lock'
      # ./.gems/ruby/3.4.0/gems/activerecord-8.1.3.1/lib/active_record/connection_adapters/abstract/database_statements.rb:376:in 'ActiveRecord::ConnectionAdapters::DatabaseStatements#transaction'
      # ./.gems/ruby/3.4.0/gems/activerecord-8.1.3.1/lib/active_record/transactions.rb:234:in 'block (2 levels) in ActiveRecord::Transactions::ClassMethods#transaction'
      # ./.gems/ruby/3.4.0/gems/activerecord-8.1.3.1/lib/active_record/connection_adapters/abstract/connection_pool.rb:485:in 'ActiveRecord::ConnectionAdapters::ConnectionPool#with_pool_transaction_isolation_level'
      # ./.gems/ruby/3.4.0/gems/activerecord-8.1.3.1/lib/active_record/transactions.rb:233:in 'block in ActiveRecord::Transactions::ClassMethods#transaction'
      # ./.gems/ruby/3.4.0/gems/activerecord-8.1.3.1/lib/active_record/connection_adapters/abstract/connection_pool.rb:457:in 'ActiveRecord::ConnectionAdapters::ConnectionPool#with_connection'
      # ./.gems/ruby/3.4.0/gems/activerecord-8.1.3.1/lib/active_record/connection_handling.rb:313:in 'ActiveRecord::ConnectionHandling#with_connection'
      # ./.gems/ruby/3.4.0/gems/activerecord-8.1.3.1/lib/active_record/transactions.rb:232:in 'ActiveRecord::Transactions::ClassMethods#transaction'
      # ./.gems/ruby/3.4.0/gems/activerecord-8.1.3.1/lib/active_record/transactions.rb:373:in 'ActiveRecord::Transactions#transaction'
      # ./.gems/ruby/3.4.0/gems/activerecord-8.1.3.1/lib/active_record/locking/pessimistic.rb:100:in 'ActiveRecord::Locking::Pessimistic#with_lock'
      # ./lib/vpsadmin/api/operations/node/record_kernel_evidence.rb:21:in 'VpsAdmin::API::Operations::Node::RecordKernelEvidence#run'
      # ./lib/vpsadmin/api/operations/base.rb:5:in 'VpsAdmin::API::Operations::Base.run'
      # ./spec/models/operations/node/record_kernel_evidence_spec.rb:890:in 'RSpec::ExampleGroups::VpsAdminAPIOperationsNodeRecordKernelEvidence::StableConfirmationTimestamps#observe'
      # ./spec/models/operations/node/record_kernel_evidence_spec.rb:924:in 'block (3 levels) in <top (required)>'
      # ./spec/spec_helper.rb:25:in 'block (3 levels) in <top (required)>'
      # ./.gems/ruby/3.4.0/gems/activerecord-8.1.3.1/lib/active_record/connection_adapters/abstract/transaction.rb:648:in 'block in ActiveRecord::ConnectionAdapters::TransactionManager#within_new_transaction'
      # ./.gems/ruby/3.4.0/gems/activesupport-8.1.3.1/lib/active_support/concurrency/null_lock.rb:9:in 'ActiveSupport::Concurrency::NullLock#synchronize'
      # ./.gems/ruby/3.4.0/gems/activerecord-8.1.3.1/lib/active_record/connection_adapters/abstract/transaction.rb:645:in 'ActiveRecord::ConnectionAdapters::TransactionManager#within_new_transaction'
      # ./.gems/ruby/3.4.0/gems/activerecord-8.1.3.1/lib/active_record/connection_adapters/abstract/database_statements.rb:386:in 'ActiveRecord::ConnectionAdapters::DatabaseStatements#within_new_transaction'
      # ./.gems/ruby/3.4.0/gems/activerecord-8.1.3.1/lib/active_record/connection_adapters/abstract/database_statements.rb:378:in 'ActiveRecord::ConnectionAdapters::DatabaseStatements#transaction'
      # ./.gems/ruby/3.4.0/gems/activerecord-8.1.3.1/lib/active_record/transactions.rb:234:in 'block (2 levels) in ActiveRecord::Transactions::ClassMethods#transaction'
      # ./.gems/ruby/3.4.0/gems/activerecord-8.1.3.1/lib/active_record/connection_adapters/abstract/connection_pool.rb:485:in 'ActiveRecord::ConnectionAdapters::ConnectionPool#with_pool_transaction_isolation_level'
      # ./.gems/ruby/3.4.0/gems/activerecord-8.1.3.1/lib/active_record/transactions.rb:233:in 'block in ActiveRecord::Transactions::ClassMethods#transaction'
      # ./.gems/ruby/3.4.0/gems/activerecord-8.1.3.1/lib/active_record/connection_adapters/abstract/connection_pool.rb:457:in 'ActiveRecord::ConnectionAdapters::ConnectionPool#with_connection'
      # ./.gems/ruby/3.4.0/gems/activerecord-8.1.3.1/lib/active_record/connection_handling.rb:313:in 'ActiveRecord::ConnectionHandling#with_connection'
      # ./.gems/ruby/3.4.0/gems/activerecord-8.1.3.1/lib/active_record/transactions.rb:232:in 'ActiveRecord::Transactions::ClassMethods#transaction'
      # ./spec/spec_helper.rb:24:in 'block (2 levels) in <top (required)>'
      # ------------------
      # --- Caused by: ---
      # NoMethodError:
      #   undefined method 'last_confirmed_at=' for an instance of NodeKernelEvent
      #   ./.gems/ruby/3.4.0/gems/activemodel-8.1.3.1/lib/active_model/attribute_methods.rb:512:in 'ActiveModel::AttributeMethods#method_missing'

  29) VpsAdmin::API::Operations::Node::RecordKernelEvidence stable confirmation timestamps does not confirm an unreadable bootstrap or infer its patch baseline later
      Failure/Error:
        ::NodeKernelEvent.create!(
          node:,
          event_type:,
          livepatch_action:,
          source: :node_report,
          confidence:,
          boot_id: kernel.boot_id,
          booted_at: parse_time(kernel.booted_at),
          booted_release: kernel.booted_release,
          reported_release: kernel.reported_release,

      ActiveModel::UnknownAttributeError:
        unknown attribute 'last_confirmed_at' for NodeKernelEvent.
      # ./.gems/ruby/3.4.0/gems/activemodel-8.1.3.1/lib/active_model/attribute_assignment.rb:57:in 'ActiveModel::AttributeAssignment#attribute_writer_missing'
      # ./.gems/ruby/3.4.0/gems/activemodel-8.1.3.1/lib/active_model/attribute_assignment.rb:74:in 'ActiveModel::AttributeAssignment#_assign_attribute'
      # ./.gems/ruby/3.4.0/gems/activerecord-8.1.3.1/lib/active_record/attribute_assignment.rb:17:in 'block in ActiveRecord::AttributeAssignment#_assign_attributes'
      # ./.gems/ruby/3.4.0/gems/activerecord-8.1.3.1/lib/active_record/attribute_assignment.rb:9:in 'Hash#each'
      # ./.gems/ruby/3.4.0/gems/activerecord-8.1.3.1/lib/active_record/attribute_assignment.rb:9:in 'ActiveRecord::AttributeAssignment#_assign_attributes'
      # ./.gems/ruby/3.4.0/gems/activemodel-8.1.3.1/lib/active_model/attribute_assignment.rb:34:in 'ActiveModel::AttributeAssignment#assign_attributes'
      # ./.gems/ruby/3.4.0/gems/activemodel-8.1.3.1/lib/active_model/api.rb:81:in 'ActiveModel::API#initialize'
      # ./.gems/ruby/3.4.0/gems/activerecord-8.1.3.1/lib/active_record/core.rb:479:in 'ActiveRecord::Core#initialize'
      # ./.gems/ruby/3.4.0/gems/activerecord-8.1.3.1/lib/active_record/inheritance.rb:76:in 'Class#new'
      # ./.gems/ruby/3.4.0/gems/activerecord-8.1.3.1/lib/active_record/inheritance.rb:76:in 'ActiveRecord::Inheritance::ClassMethods#new'
      # ./.gems/ruby/3.4.0/gems/activerecord-8.1.3.1/lib/active_record/persistence.rb:54:in 'ActiveRecord::Persistence::ClassMethods#create!'
      # ./lib/vpsadmin/api/operations/node/record_kernel_evidence.rb:388:in 'VpsAdmin::API::Operations::Node::RecordKernelEvidence#create_event!'
      # ./lib/vpsadmin/api/operations/node/record_kernel_evidence.rb:24:in 'block in VpsAdmin::API::Operations::Node::RecordKernelEvidence#run'
      # ./.gems/ruby/3.4.0/gems/activerecord-8.1.3.1/lib/active_record/locking/pessimistic.rb:102:in 'block in ActiveRecord::Locking::Pessimistic#with_lock'
      # ./.gems/ruby/3.4.0/gems/activerecord-8.1.3.1/lib/active_record/connection_adapters/abstract/database_statements.rb:376:in 'ActiveRecord::ConnectionAdapters::DatabaseStatements#transaction'
      # ./.gems/ruby/3.4.0/gems/activerecord-8.1.3.1/lib/active_record/transactions.rb:234:in 'block (2 levels) in ActiveRecord::Transactions::ClassMethods#transaction'
      # ./.gems/ruby/3.4.0/gems/activerecord-8.1.3.1/lib/active_record/connection_adapters/abstract/connection_pool.rb:485:in 'ActiveRecord::ConnectionAdapters::ConnectionPool#with_pool_transaction_isolation_level'
      # ./.gems/ruby/3.4.0/gems/activerecord-8.1.3.1/lib/active_record/transactions.rb:233:in 'block in ActiveRecord::Transactions::ClassMethods#transaction'
      # ./.gems/ruby/3.4.0/gems/activerecord-8.1.3.1/lib/active_record/connection_adapters/abstract/connection_pool.rb:457:in 'ActiveRecord::ConnectionAdapters::ConnectionPool#with_connection'
      # ./.gems/ruby/3.4.0/gems/activerecord-8.1.3.1/lib/active_record/connection_handling.rb:313:in 'ActiveRecord::ConnectionHandling#with_connection'
      # ./.gems/ruby/3.4.0/gems/activerecord-8.1.3.1/lib/active_record/transactions.rb:232:in 'ActiveRecord::Transactions::ClassMethods#transaction'
      # ./.gems/ruby/3.4.0/gems/activerecord-8.1.3.1/lib/active_record/transactions.rb:373:in 'ActiveRecord::Transactions#transaction'
      # ./.gems/ruby/3.4.0/gems/activerecord-8.1.3.1/lib/active_record/locking/pessimistic.rb:100:in 'ActiveRecord::Locking::Pessimistic#with_lock'
      # ./lib/vpsadmin/api/operations/node/record_kernel_evidence.rb:21:in 'VpsAdmin::API::Operations::Node::RecordKernelEvidence#run'
      # ./lib/vpsadmin/api/operations/base.rb:5:in 'VpsAdmin::API::Operations::Base.run'
      # ./spec/models/operations/node/record_kernel_evidence_spec.rb:890:in 'RSpec::ExampleGroups::VpsAdminAPIOperationsNodeRecordKernelEvidence::StableConfirmationTimestamps#observe'
      # ./spec/models/operations/node/record_kernel_evidence_spec.rb:976:in 'block (3 levels) in <top (required)>'
      # ./spec/spec_helper.rb:25:in 'block (3 levels) in <top (required)>'
      # ./.gems/ruby/3.4.0/gems/activerecord-8.1.3.1/lib/active_record/connection_adapters/abstract/transaction.rb:648:in 'block in ActiveRecord::ConnectionAdapters::TransactionManager#within_new_transaction'
      # ./.gems/ruby/3.4.0/gems/activesupport-8.1.3.1/lib/active_support/concurrency/null_lock.rb:9:in 'ActiveSupport::Concurrency::NullLock#synchronize'
      # ./.gems/ruby/3.4.0/gems/activerecord-8.1.3.1/lib/active_record/connection_adapters/abstract/transaction.rb:645:in 'ActiveRecord::ConnectionAdapters::TransactionManager#within_new_transaction'
      # ./.gems/ruby/3.4.0/gems/activerecord-8.1.3.1/lib/active_record/connection_adapters/abstract/database_statements.rb:386:in 'ActiveRecord::ConnectionAdapters::DatabaseStatements#within_new_transaction'
      # ./.gems/ruby/3.4.0/gems/activerecord-8.1.3.1/lib/active_record/connection_adapters/abstract/database_statements.rb:378:in 'ActiveRecord::ConnectionAdapters::DatabaseStatements#transaction'
      # ./.gems/ruby/3.4.0/gems/activerecord-8.1.3.1/lib/active_record/transactions.rb:234:in 'block (2 levels) in ActiveRecord::Transactions::ClassMethods#transaction'
      # ./.gems/ruby/3.4.0/gems/activerecord-8.1.3.1/lib/active_record/connection_adapters/abstract/connection_pool.rb:485:in 'ActiveRecord::ConnectionAdapters::ConnectionPool#with_pool_transaction_isolation_level'
      # ./.gems/ruby/3.4.0/gems/activerecord-8.1.3.1/lib/active_record/transactions.rb:233:in 'block in ActiveRecord::Transactions::ClassMethods#transaction'
      # ./.gems/ruby/3.4.0/gems/activerecord-8.1.3.1/lib/active_record/connection_adapters/abstract/connection_pool.rb:457:in 'ActiveRecord::ConnectionAdapters::ConnectionPool#with_connection'
      # ./.gems/ruby/3.4.0/gems/activerecord-8.1.3.1/lib/active_record/connection_handling.rb:313:in 'ActiveRecord::ConnectionHandling#with_connection'
      # ./.gems/ruby/3.4.0/gems/activerecord-8.1.3.1/lib/active_record/transactions.rb:232:in 'ActiveRecord::Transactions::ClassMethods#transaction'
      # ./spec/spec_helper.rb:24:in 'block (2 levels) in <top (required)>'
      # ------------------
      # --- Caused by: ---
      # NoMethodError:
      #   undefined method 'last_confirmed_at=' for an instance of NodeKernelEvent
      #   ./.gems/ruby/3.4.0/gems/activemodel-8.1.3.1/lib/active_model/attribute_methods.rb:512:in 'ActiveModel::AttributeMethods#method_missing'

  30) VpsAdmin::API::Operations::Node::RecordKernelEvidence stable confirmation timestamps does not move confirmations backward or use a previous observation from the future
      Failure/Error:
        ::NodeKernelEvent.create!(
          node:,
          event_type:,
          livepatch_action:,
          source: :node_report,
          confidence:,
          boot_id: kernel.boot_id,
          booted_at: parse_time(kernel.booted_at),
          booted_release: kernel.booted_release,
          reported_release: kernel.reported_release,

      ActiveModel::UnknownAttributeError:
        unknown attribute 'last_confirmed_at' for NodeKernelEvent.
      # ./.gems/ruby/3.4.0/gems/activemodel-8.1.3.1/lib/active_model/attribute_assignment.rb:57:in 'ActiveModel::AttributeAssignment#attribute_writer_missing'
      # ./.gems/ruby/3.4.0/gems/activemodel-8.1.3.1/lib/active_model/attribute_assignment.rb:74:in 'ActiveModel::AttributeAssignment#_assign_attribute'
      # ./.gems/ruby/3.4.0/gems/activerecord-8.1.3.1/lib/active_record/attribute_assignment.rb:17:in 'block in ActiveRecord::AttributeAssignment#_assign_attributes'
      # ./.gems/ruby/3.4.0/gems/activerecord-8.1.3.1/lib/active_record/attribute_assignment.rb:9:in 'Hash#each'
      # ./.gems/ruby/3.4.0/gems/activerecord-8.1.3.1/lib/active_record/attribute_assignment.rb:9:in 'ActiveRecord::AttributeAssignment#_assign_attributes'
      # ./.gems/ruby/3.4.0/gems/activemodel-8.1.3.1/lib/active_model/attribute_assignment.rb:34:in 'ActiveModel::AttributeAssignment#assign_attributes'
      # ./.gems/ruby/3.4.0/gems/activemodel-8.1.3.1/lib/active_model/api.rb:81:in 'ActiveModel::API#initialize'
      # ./.gems/ruby/3.4.0/gems/activerecord-8.1.3.1/lib/active_record/core.rb:479:in 'ActiveRecord::Core#initialize'
      # ./.gems/ruby/3.4.0/gems/activerecord-8.1.3.1/lib/active_record/inheritance.rb:76:in 'Class#new'
      # ./.gems/ruby/3.4.0/gems/activerecord-8.1.3.1/lib/active_record/inheritance.rb:76:in 'ActiveRecord::Inheritance::ClassMethods#new'
      # ./.gems/ruby/3.4.0/gems/activerecord-8.1.3.1/lib/active_record/persistence.rb:54:in 'ActiveRecord::Persistence::ClassMethods#create!'
      # ./lib/vpsadmin/api/operations/node/record_kernel_evidence.rb:388:in 'VpsAdmin::API::Operations::Node::RecordKernelEvidence#create_event!'
      # ./lib/vpsadmin/api/operations/node/record_kernel_evidence.rb:24:in 'block in VpsAdmin::API::Operations::Node::RecordKernelEvidence#run'
      # ./.gems/ruby/3.4.0/gems/activerecord-8.1.3.1/lib/active_record/locking/pessimistic.rb:102:in 'block in ActiveRecord::Locking::Pessimistic#with_lock'
      # ./.gems/ruby/3.4.0/gems/activerecord-8.1.3.1/lib/active_record/connection_adapters/abstract/database_statements.rb:376:in 'ActiveRecord::ConnectionAdapters::DatabaseStatements#transaction'
      # ./.gems/ruby/3.4.0/gems/activerecord-8.1.3.1/lib/active_record/transactions.rb:234:in 'block (2 levels) in ActiveRecord::Transactions::ClassMethods#transaction'
      # ./.gems/ruby/3.4.0/gems/activerecord-8.1.3.1/lib/active_record/connection_adapters/abstract/connection_pool.rb:485:in 'ActiveRecord::ConnectionAdapters::ConnectionPool#with_pool_transaction_isolation_level'
      # ./.gems/ruby/3.4.0/gems/activerecord-8.1.3.1/lib/active_record/transactions.rb:233:in 'block in ActiveRecord::Transactions::ClassMethods#transaction'
      # ./.gems/ruby/3.4.0/gems/activerecord-8.1.3.1/lib/active_record/connection_adapters/abstract/connection_pool.rb:457:in 'ActiveRecord::ConnectionAdapters::ConnectionPool#with_connection'
      # ./.gems/ruby/3.4.0/gems/activerecord-8.1.3.1/lib/active_record/connection_handling.rb:313:in 'ActiveRecord::ConnectionHandling#with_connection'
      # ./.gems/ruby/3.4.0/gems/activerecord-8.1.3.1/lib/active_record/transactions.rb:232:in 'ActiveRecord::Transactions::ClassMethods#transaction'
      # ./.gems/ruby/3.4.0/gems/activerecord-8.1.3.1/lib/active_record/transactions.rb:373:in 'ActiveRecord::Transactions#transaction'
      # ./.gems/ruby/3.4.0/gems/activerecord-8.1.3.1/lib/active_record/locking/pessimistic.rb:100:in 'ActiveRecord::Locking::Pessimistic#with_lock'
      # ./lib/vpsadmin/api/operations/node/record_kernel_evidence.rb:21:in 'VpsAdmin::API::Operations::Node::RecordKernelEvidence#run'
      # ./lib/vpsadmin/api/operations/base.rb:5:in 'VpsAdmin::API::Operations::Base.run'
      # ./spec/models/operations/node/record_kernel_evidence_spec.rb:890:in 'RSpec::ExampleGroups::VpsAdminAPIOperationsNodeRecordKernelEvidence::StableConfirmationTimestamps#observe'
      # ./spec/models/operations/node/record_kernel_evidence_spec.rb:984:in 'block (3 levels) in <top (required)>'
      # ./spec/spec_helper.rb:25:in 'block (3 levels) in <top (required)>'
      # ./.gems/ruby/3.4.0/gems/activerecord-8.1.3.1/lib/active_record/connection_adapters/abstract/transaction.rb:648:in 'block in ActiveRecord::ConnectionAdapters::TransactionManager#within_new_transaction'
      # ./.gems/ruby/3.4.0/gems/activesupport-8.1.3.1/lib/active_support/concurrency/null_lock.rb:9:in 'ActiveSupport::Concurrency::NullLock#synchronize'
      # ./.gems/ruby/3.4.0/gems/activerecord-8.1.3.1/lib/active_record/connection_adapters/abstract/transaction.rb:645:in 'ActiveRecord::ConnectionAdapters::TransactionManager#within_new_transaction'
      # ./.gems/ruby/3.4.0/gems/activerecord-8.1.3.1/lib/active_record/connection_adapters/abstract/database_statements.rb:386:in 'ActiveRecord::ConnectionAdapters::DatabaseStatements#within_new_transaction'
      # ./.gems/ruby/3.4.0/gems/activerecord-8.1.3.1/lib/active_record/connection_adapters/abstract/database_statements.rb:378:in 'ActiveRecord::ConnectionAdapters::DatabaseStatements#transaction'
      # ./.gems/ruby/3.4.0/gems/activerecord-8.1.3.1/lib/active_record/transactions.rb:234:in 'block (2 levels) in ActiveRecord::Transactions::ClassMethods#transaction'
      # ./.gems/ruby/3.4.0/gems/activerecord-8.1.3.1/lib/active_record/connection_adapters/abstract/connection_pool.rb:485:in 'ActiveRecord::ConnectionAdapters::ConnectionPool#with_pool_transaction_isolation_level'
      # ./.gems/ruby/3.4.0/gems/activerecord-8.1.3.1/lib/active_record/transactions.rb:233:in 'block in ActiveRecord::Transactions::ClassMethods#transaction'
      # ./.gems/ruby/3.4.0/gems/activerecord-8.1.3.1/lib/active_record/connection_adapters/abstract/connection_pool.rb:457:in 'ActiveRecord::ConnectionAdapters::ConnectionPool#with_connection'
      # ./.gems/ruby/3.4.0/gems/activerecord-8.1.3.1/lib/active_record/connection_handling.rb:313:in 'ActiveRecord::ConnectionHandling#with_connection'
      # ./.gems/ruby/3.4.0/gems/activerecord-8.1.3.1/lib/active_record/transactions.rb:232:in 'ActiveRecord::Transactions::ClassMethods#transaction'
      # ./spec/spec_helper.rb:24:in 'block (2 levels) in <top (required)>'
      # ------------------
      # --- Caused by: ---
      # NoMethodError:
      #   undefined method 'last_confirmed_at=' for an instance of NodeKernelEvent
      #   ./.gems/ruby/3.4.0/gems/activemodel-8.1.3.1/lib/active_model/attribute_methods.rb:512:in 'ActiveModel::AttributeMethods#method_missing'

  31) VpsAdmin::API::Operations::Node::RecordKernelEvidence stable confirmation timestamps preserves confirmation through unreadable and legacy inventories without confirming a hidden patch
      Failure/Error:
        ::NodeKernelEvent.create!(
          node:,
          event_type:,
          livepatch_action:,
          source: :node_report,
          confidence:,
          boot_id: kernel.boot_id,
          booted_at: parse_time(kernel.booted_at),
          booted_release: kernel.booted_release,
          reported_release: kernel.reported_release,

      ActiveModel::UnknownAttributeError:
        unknown attribute 'last_confirmed_at' for NodeKernelEvent.
      # ./.gems/ruby/3.4.0/gems/activemodel-8.1.3.1/lib/active_model/attribute_assignment.rb:57:in 'ActiveModel::AttributeAssignment#attribute_writer_missing'
      # ./.gems/ruby/3.4.0/gems/activemodel-8.1.3.1/lib/active_model/attribute_assignment.rb:74:in 'ActiveModel::AttributeAssignment#_assign_attribute'
      # ./.gems/ruby/3.4.0/gems/activerecord-8.1.3.1/lib/active_record/attribute_assignment.rb:17:in 'block in ActiveRecord::AttributeAssignment#_assign_attributes'
      # ./.gems/ruby/3.4.0/gems/activerecord-8.1.3.1/lib/active_record/attribute_assignment.rb:9:in 'Hash#each'
      # ./.gems/ruby/3.4.0/gems/activerecord-8.1.3.1/lib/active_record/attribute_assignment.rb:9:in 'ActiveRecord::AttributeAssignment#_assign_attributes'
      # ./.gems/ruby/3.4.0/gems/activemodel-8.1.3.1/lib/active_model/attribute_assignment.rb:34:in 'ActiveModel::AttributeAssignment#assign_attributes'
      # ./.gems/ruby/3.4.0/gems/activemodel-8.1.3.1/lib/active_model/api.rb:81:in 'ActiveModel::API#initialize'
      # ./.gems/ruby/3.4.0/gems/activerecord-8.1.3.1/lib/active_record/core.rb:479:in 'ActiveRecord::Core#initialize'
      # ./.gems/ruby/3.4.0/gems/activerecord-8.1.3.1/lib/active_record/inheritance.rb:76:in 'Class#new'
      # ./.gems/ruby/3.4.0/gems/activerecord-8.1.3.1/lib/active_record/inheritance.rb:76:in 'ActiveRecord::Inheritance::ClassMethods#new'
      # ./.gems/ruby/3.4.0/gems/activerecord-8.1.3.1/lib/active_record/persistence.rb:54:in 'ActiveRecord::Persistence::ClassMethods#create!'
      # ./lib/vpsadmin/api/operations/node/record_kernel_evidence.rb:388:in 'VpsAdmin::API::Operations::Node::RecordKernelEvidence#create_event!'
      # ./lib/vpsadmin/api/operations/node/record_kernel_evidence.rb:24:in 'block in VpsAdmin::API::Operations::Node::RecordKernelEvidence#run'
      # ./.gems/ruby/3.4.0/gems/activerecord-8.1.3.1/lib/active_record/locking/pessimistic.rb:102:in 'block in ActiveRecord::Locking::Pessimistic#with_lock'
      # ./.gems/ruby/3.4.0/gems/activerecord-8.1.3.1/lib/active_record/connection_adapters/abstract/database_statements.rb:376:in 'ActiveRecord::ConnectionAdapters::DatabaseStatements#transaction'
      # ./.gems/ruby/3.4.0/gems/activerecord-8.1.3.1/lib/active_record/transactions.rb:234:in 'block (2 levels) in ActiveRecord::Transactions::ClassMethods#transaction'
      # ./.gems/ruby/3.4.0/gems/activerecord-8.1.3.1/lib/active_record/connection_adapters/abstract/connection_pool.rb:485:in 'ActiveRecord::ConnectionAdapters::ConnectionPool#with_pool_transaction_isolation_level'
      # ./.gems/ruby/3.4.0/gems/activerecord-8.1.3.1/lib/active_record/transactions.rb:233:in 'block in ActiveRecord::Transactions::ClassMethods#transaction'
      # ./.gems/ruby/3.4.0/gems/activerecord-8.1.3.1/lib/active_record/connection_adapters/abstract/connection_pool.rb:457:in 'ActiveRecord::ConnectionAdapters::ConnectionPool#with_connection'
      # ./.gems/ruby/3.4.0/gems/activerecord-8.1.3.1/lib/active_record/connection_handling.rb:313:in 'ActiveRecord::ConnectionHandling#with_connection'
      # ./.gems/ruby/3.4.0/gems/activerecord-8.1.3.1/lib/active_record/transactions.rb:232:in 'ActiveRecord::Transactions::ClassMethods#transaction'
      # ./.gems/ruby/3.4.0/gems/activerecord-8.1.3.1/lib/active_record/transactions.rb:373:in 'ActiveRecord::Transactions#transaction'
      # ./.gems/ruby/3.4.0/gems/activerecord-8.1.3.1/lib/active_record/locking/pessimistic.rb:100:in 'ActiveRecord::Locking::Pessimistic#with_lock'
      # ./lib/vpsadmin/api/operations/node/record_kernel_evidence.rb:21:in 'VpsAdmin::API::Operations::Node::RecordKernelEvidence#run'
      # ./lib/vpsadmin/api/operations/base.rb:5:in 'VpsAdmin::API::Operations::Base.run'
      # ./spec/models/operations/node/record_kernel_evidence_spec.rb:890:in 'RSpec::ExampleGroups::VpsAdminAPIOperationsNodeRecordKernelEvidence::StableConfirmationTimestamps#observe'
      # ./spec/models/operations/node/record_kernel_evidence_spec.rb:952:in 'block (3 levels) in <top (required)>'
      # ./spec/spec_helper.rb:25:in 'block (3 levels) in <top (required)>'
      # ./.gems/ruby/3.4.0/gems/activerecord-8.1.3.1/lib/active_record/connection_adapters/abstract/transaction.rb:648:in 'block in ActiveRecord::ConnectionAdapters::TransactionManager#within_new_transaction'
      # ./.gems/ruby/3.4.0/gems/activesupport-8.1.3.1/lib/active_support/concurrency/null_lock.rb:9:in 'ActiveSupport::Concurrency::NullLock#synchronize'
      # ./.gems/ruby/3.4.0/gems/activerecord-8.1.3.1/lib/active_record/connection_adapters/abstract/transaction.rb:645:in 'ActiveRecord::ConnectionAdapters::TransactionManager#within_new_transaction'
      # ./.gems/ruby/3.4.0/gems/activerecord-8.1.3.1/lib/active_record/connection_adapters/abstract/database_statements.rb:386:in 'ActiveRecord::ConnectionAdapters::DatabaseStatements#within_new_transaction'
      # ./.gems/ruby/3.4.0/gems/activerecord-8.1.3.1/lib/active_record/connection_adapters/abstract/database_statements.rb:378:in 'ActiveRecord::ConnectionAdapters::DatabaseStatements#transaction'
      # ./.gems/ruby/3.4.0/gems/activerecord-8.1.3.1/lib/active_record/transactions.rb:234:in 'block (2 levels) in ActiveRecord::Transactions::ClassMethods#transaction'
      # ./.gems/ruby/3.4.0/gems/activerecord-8.1.3.1/lib/active_record/connection_adapters/abstract/connection_pool.rb:485:in 'ActiveRecord::ConnectionAdapters::ConnectionPool#with_pool_transaction_isolation_level'
      # ./.gems/ruby/3.4.0/gems/activerecord-8.1.3.1/lib/active_record/transactions.rb:233:in 'block in ActiveRecord::Transactions::ClassMethods#transaction'
      # ./.gems/ruby/3.4.0/gems/activerecord-8.1.3.1/lib/active_record/connection_adapters/abstract/connection_pool.rb:457:in 'ActiveRecord::ConnectionAdapters::ConnectionPool#with_connection'
      # ./.gems/ruby/3.4.0/gems/activerecord-8.1.3.1/lib/active_record/connection_handling.rb:313:in 'ActiveRecord::ConnectionHandling#with_connection'
      # ./.gems/ruby/3.4.0/gems/activerecord-8.1.3.1/lib/active_record/transactions.rb:232:in 'ActiveRecord::Transactions::ClassMethods#transaction'
      # ./spec/spec_helper.rb:24:in 'block (2 levels) in <top (required)>'
      # ------------------
      # --- Caused by: ---
      # NoMethodError:
      #   undefined method 'last_confirmed_at=' for an instance of NodeKernelEvent
      #   ./.gems/ruby/3.4.0/gems/activemodel-8.1.3.1/lib/active_model/attribute_methods.rb:512:in 'ActiveModel::AttributeMethods#method_missing'

  32) VpsAdmin::API::Operations::Node::RecordKernelEvidence stable confirmation timestamps keeps confirmation on its original boot
      Failure/Error:
        ::NodeKernelEvent.create!(
          node:,
          event_type:,
          livepatch_action:,
          source: :node_report,
          confidence:,
          boot_id: kernel.boot_id,
          booted_at: parse_time(kernel.booted_at),
          booted_release: kernel.booted_release,
          reported_release: kernel.reported_release,

      ActiveModel::UnknownAttributeError:
        unknown attribute 'last_confirmed_at' for NodeKernelEvent.
      # ./.gems/ruby/3.4.0/gems/activemodel-8.1.3.1/lib/active_model/attribute_assignment.rb:57:in 'ActiveModel::AttributeAssignment#attribute_writer_missing'
      # ./.gems/ruby/3.4.0/gems/activemodel-8.1.3.1/lib/active_model/attribute_assignment.rb:74:in 'ActiveModel::AttributeAssignment#_assign_attribute'
      # ./.gems/ruby/3.4.0/gems/activerecord-8.1.3.1/lib/active_record/attribute_assignment.rb:17:in 'block in ActiveRecord::AttributeAssignment#_assign_attributes'
      # ./.gems/ruby/3.4.0/gems/activerecord-8.1.3.1/lib/active_record/attribute_assignment.rb:9:in 'Hash#each'
      # ./.gems/ruby/3.4.0/gems/activerecord-8.1.3.1/lib/active_record/attribute_assignment.rb:9:in 'ActiveRecord::AttributeAssignment#_assign_attributes'
      # ./.gems/ruby/3.4.0/gems/activemodel-8.1.3.1/lib/active_model/attribute_assignment.rb:34:in 'ActiveModel::AttributeAssignment#assign_attributes'
      # ./.gems/ruby/3.4.0/gems/activemodel-8.1.3.1/lib/active_model/api.rb:81:in 'ActiveModel::API#initialize'
      # ./.gems/ruby/3.4.0/gems/activerecord-8.1.3.1/lib/active_record/core.rb:479:in 'ActiveRecord::Core#initialize'
      # ./.gems/ruby/3.4.0/gems/activerecord-8.1.3.1/lib/active_record/inheritance.rb:76:in 'Class#new'
      # ./.gems/ruby/3.4.0/gems/activerecord-8.1.3.1/lib/active_record/inheritance.rb:76:in 'ActiveRecord::Inheritance::ClassMethods#new'
      # ./.gems/ruby/3.4.0/gems/activerecord-8.1.3.1/lib/active_record/persistence.rb:54:in 'ActiveRecord::Persistence::ClassMethods#create!'
      # ./lib/vpsadmin/api/operations/node/record_kernel_evidence.rb:388:in 'VpsAdmin::API::Operations::Node::RecordKernelEvidence#create_event!'
      # ./lib/vpsadmin/api/operations/node/record_kernel_evidence.rb:24:in 'block in VpsAdmin::API::Operations::Node::RecordKernelEvidence#run'
      # ./.gems/ruby/3.4.0/gems/activerecord-8.1.3.1/lib/active_record/locking/pessimistic.rb:102:in 'block in ActiveRecord::Locking::Pessimistic#with_lock'
      # ./.gems/ruby/3.4.0/gems/activerecord-8.1.3.1/lib/active_record/connection_adapters/abstract/database_statements.rb:376:in 'ActiveRecord::ConnectionAdapters::DatabaseStatements#transaction'
      # ./.gems/ruby/3.4.0/gems/activerecord-8.1.3.1/lib/active_record/transactions.rb:234:in 'block (2 levels) in ActiveRecord::Transactions::ClassMethods#transaction'
      # ./.gems/ruby/3.4.0/gems/activerecord-8.1.3.1/lib/active_record/connection_adapters/abstract/connection_pool.rb:485:in 'ActiveRecord::ConnectionAdapters::ConnectionPool#with_pool_transaction_isolation_level'
      # ./.gems/ruby/3.4.0/gems/activerecord-8.1.3.1/lib/active_record/transactions.rb:233:in 'block in ActiveRecord::Transactions::ClassMethods#transaction'
      # ./.gems/ruby/3.4.0/gems/activerecord-8.1.3.1/lib/active_record/connection_adapters/abstract/connection_pool.rb:457:in 'ActiveRecord::ConnectionAdapters::ConnectionPool#with_connection'
      # ./.gems/ruby/3.4.0/gems/activerecord-8.1.3.1/lib/active_record/connection_handling.rb:313:in 'ActiveRecord::ConnectionHandling#with_connection'
      # ./.gems/ruby/3.4.0/gems/activerecord-8.1.3.1/lib/active_record/transactions.rb:232:in 'ActiveRecord::Transactions::ClassMethods#transaction'
      # ./.gems/ruby/3.4.0/gems/activerecord-8.1.3.1/lib/active_record/transactions.rb:373:in 'ActiveRecord::Transactions#transaction'
      # ./.gems/ruby/3.4.0/gems/activerecord-8.1.3.1/lib/active_record/locking/pessimistic.rb:100:in 'ActiveRecord::Locking::Pessimistic#with_lock'
      # ./lib/vpsadmin/api/operations/node/record_kernel_evidence.rb:21:in 'VpsAdmin::API::Operations::Node::RecordKernelEvidence#run'
      # ./lib/vpsadmin/api/operations/base.rb:5:in 'VpsAdmin::API::Operations::Base.run'
      # ./spec/models/operations/node/record_kernel_evidence_spec.rb:890:in 'RSpec::ExampleGroups::VpsAdminAPIOperationsNodeRecordKernelEvidence::StableConfirmationTimestamps#observe'
      # ./spec/models/operations/node/record_kernel_evidence_spec.rb:991:in 'block (3 levels) in <top (required)>'
      # ./spec/spec_helper.rb:25:in 'block (3 levels) in <top (required)>'
      # ./.gems/ruby/3.4.0/gems/activerecord-8.1.3.1/lib/active_record/connection_adapters/abstract/transaction.rb:648:in 'block in ActiveRecord::ConnectionAdapters::TransactionManager#within_new_transaction'
      # ./.gems/ruby/3.4.0/gems/activesupport-8.1.3.1/lib/active_support/concurrency/null_lock.rb:9:in 'ActiveSupport::Concurrency::NullLock#synchronize'
      # ./.gems/ruby/3.4.0/gems/activerecord-8.1.3.1/lib/active_record/connection_adapters/abstract/transaction.rb:645:in 'ActiveRecord::ConnectionAdapters::TransactionManager#within_new_transaction'
      # ./.gems/ruby/3.4.0/gems/activerecord-8.1.3.1/lib/active_record/connection_adapters/abstract/database_statements.rb:386:in 'ActiveRecord::ConnectionAdapters::DatabaseStatements#within_new_transaction'
      # ./.gems/ruby/3.4.0/gems/activerecord-8.1.3.1/lib/active_record/connection_adapters/abstract/database_statements.rb:378:in 'ActiveRecord::ConnectionAdapters::DatabaseStatements#transaction'
      # ./.gems/ruby/3.4.0/gems/activerecord-8.1.3.1/lib/active_record/transactions.rb:234:in 'block (2 levels) in ActiveRecord::Transactions::ClassMethods#transaction'
      # ./.gems/ruby/3.4.0/gems/activerecord-8.1.3.1/lib/active_record/connection_adapters/abstract/connection_pool.rb:485:in 'ActiveRecord::ConnectionAdapters::ConnectionPool#with_pool_transaction_isolation_level'
      # ./.gems/ruby/3.4.0/gems/activerecord-8.1.3.1/lib/active_record/transactions.rb:233:in 'block in ActiveRecord::Transactions::ClassMethods#transaction'
      # ./.gems/ruby/3.4.0/gems/activerecord-8.1.3.1/lib/active_record/connection_adapters/abstract/connection_pool.rb:457:in 'ActiveRecord::ConnectionAdapters::ConnectionPool#with_connection'
      # ./.gems/ruby/3.4.0/gems/activerecord-8.1.3.1/lib/active_record/connection_handling.rb:313:in 'ActiveRecord::ConnectionHandling#with_connection'
      # ./.gems/ruby/3.4.0/gems/activerecord-8.1.3.1/lib/active_record/transactions.rb:232:in 'ActiveRecord::Transactions::ClassMethods#transaction'
      # ./spec/spec_helper.rb:24:in 'block (2 levels) in <top (required)>'
      # ------------------
      # --- Caused by: ---
      # NoMethodError:
      #   undefined method 'last_confirmed_at=' for an instance of NodeKernelEvent
      #   ./.gems/ruby/3.4.0/gems/activemodel-8.1.3.1/lib/active_model/attribute_methods.rb:512:in 'ActiveModel::AttributeMethods#method_missing'

  33) VpsAdmin::API::Operations::Node::RecordKernelEvidence stable confirmation timestamps uses the latest confirmation after a long unchanged period for direct removal
      Failure/Error:
        ::NodeKernelEvent.create!(
          node:,
          event_type:,
          livepatch_action:,
          source: :node_report,
          confidence:,
          boot_id: kernel.boot_id,
          booted_at: parse_time(kernel.booted_at),
          booted_release: kernel.booted_release,
          reported_release: kernel.reported_release,

      ActiveModel::UnknownAttributeError:
        unknown attribute 'last_confirmed_at' for NodeKernelEvent.
      # ./.gems/ruby/3.4.0/gems/activemodel-8.1.3.1/lib/active_model/attribute_assignment.rb:57:in 'ActiveModel::AttributeAssignment#attribute_writer_missing'
      # ./.gems/ruby/3.4.0/gems/activemodel-8.1.3.1/lib/active_model/attribute_assignment.rb:74:in 'ActiveModel::AttributeAssignment#_assign_attribute'
      # ./.gems/ruby/3.4.0/gems/activerecord-8.1.3.1/lib/active_record/attribute_assignment.rb:17:in 'block in ActiveRecord::AttributeAssignment#_assign_attributes'
      # ./.gems/ruby/3.4.0/gems/activerecord-8.1.3.1/lib/active_record/attribute_assignment.rb:9:in 'Hash#each'
      # ./.gems/ruby/3.4.0/gems/activerecord-8.1.3.1/lib/active_record/attribute_assignment.rb:9:in 'ActiveRecord::AttributeAssignment#_assign_attributes'
      # ./.gems/ruby/3.4.0/gems/activemodel-8.1.3.1/lib/active_model/attribute_assignment.rb:34:in 'ActiveModel::AttributeAssignment#assign_attributes'
      # ./.gems/ruby/3.4.0/gems/activemodel-8.1.3.1/lib/active_model/api.rb:81:in 'ActiveModel::API#initialize'
      # ./.gems/ruby/3.4.0/gems/activerecord-8.1.3.1/lib/active_record/core.rb:479:in 'ActiveRecord::Core#initialize'
      # ./.gems/ruby/3.4.0/gems/activerecord-8.1.3.1/lib/active_record/inheritance.rb:76:in 'Class#new'
      # ./.gems/ruby/3.4.0/gems/activerecord-8.1.3.1/lib/active_record/inheritance.rb:76:in 'ActiveRecord::Inheritance::ClassMethods#new'
      # ./.gems/ruby/3.4.0/gems/activerecord-8.1.3.1/lib/active_record/persistence.rb:54:in 'ActiveRecord::Persistence::ClassMethods#create!'
      # ./lib/vpsadmin/api/operations/node/record_kernel_evidence.rb:388:in 'VpsAdmin::API::Operations::Node::RecordKernelEvidence#create_event!'
      # ./lib/vpsadmin/api/operations/node/record_kernel_evidence.rb:24:in 'block in VpsAdmin::API::Operations::Node::RecordKernelEvidence#run'
      # ./.gems/ruby/3.4.0/gems/activerecord-8.1.3.1/lib/active_record/locking/pessimistic.rb:102:in 'block in ActiveRecord::Locking::Pessimistic#with_lock'
      # ./.gems/ruby/3.4.0/gems/activerecord-8.1.3.1/lib/active_record/connection_adapters/abstract/database_statements.rb:376:in 'ActiveRecord::ConnectionAdapters::DatabaseStatements#transaction'
      # ./.gems/ruby/3.4.0/gems/activerecord-8.1.3.1/lib/active_record/transactions.rb:234:in 'block (2 levels) in ActiveRecord::Transactions::ClassMethods#transaction'
      # ./.gems/ruby/3.4.0/gems/activerecord-8.1.3.1/lib/active_record/connection_adapters/abstract/connection_pool.rb:485:in 'ActiveRecord::ConnectionAdapters::ConnectionPool#with_pool_transaction_isolation_level'
      # ./.gems/ruby/3.4.0/gems/activerecord-8.1.3.1/lib/active_record/transactions.rb:233:in 'block in ActiveRecord::Transactions::ClassMethods#transaction'
      # ./.gems/ruby/3.4.0/gems/activerecord-8.1.3.1/lib/active_record/connection_adapters/abstract/connection_pool.rb:457:in 'ActiveRecord::ConnectionAdapters::ConnectionPool#with_connection'
      # ./.gems/ruby/3.4.0/gems/activerecord-8.1.3.1/lib/active_record/connection_handling.rb:313:in 'ActiveRecord::ConnectionHandling#with_connection'
      # ./.gems/ruby/3.4.0/gems/activerecord-8.1.3.1/lib/active_record/transactions.rb:232:in 'ActiveRecord::Transactions::ClassMethods#transaction'
      # ./.gems/ruby/3.4.0/gems/activerecord-8.1.3.1/lib/active_record/transactions.rb:373:in 'ActiveRecord::Transactions#transaction'
      # ./.gems/ruby/3.4.0/gems/activerecord-8.1.3.1/lib/active_record/locking/pessimistic.rb:100:in 'ActiveRecord::Locking::Pessimistic#with_lock'
      # ./lib/vpsadmin/api/operations/node/record_kernel_evidence.rb:21:in 'VpsAdmin::API::Operations::Node::RecordKernelEvidence#run'
      # ./lib/vpsadmin/api/operations/base.rb:5:in 'VpsAdmin::API::Operations::Base.run'
      # ./spec/models/operations/node/record_kernel_evidence_spec.rb:890:in 'RSpec::ExampleGroups::VpsAdminAPIOperationsNodeRecordKernelEvidence::StableConfirmationTimestamps#observe'
      # ./spec/models/operations/node/record_kernel_evidence_spec.rb:898:in 'block (3 levels) in <top (required)>'
      # ./spec/spec_helper.rb:25:in 'block (3 levels) in <top (required)>'
      # ./.gems/ruby/3.4.0/gems/activerecord-8.1.3.1/lib/active_record/connection_adapters/abstract/transaction.rb:648:in 'block in ActiveRecord::ConnectionAdapters::TransactionManager#within_new_transaction'
      # ./.gems/ruby/3.4.0/gems/activesupport-8.1.3.1/lib/active_support/concurrency/null_lock.rb:9:in 'ActiveSupport::Concurrency::NullLock#synchronize'
      # ./.gems/ruby/3.4.0/gems/activerecord-8.1.3.1/lib/active_record/connection_adapters/abstract/transaction.rb:645:in 'ActiveRecord::ConnectionAdapters::TransactionManager#within_new_transaction'
      # ./.gems/ruby/3.4.0/gems/activerecord-8.1.3.1/lib/active_record/connection_adapters/abstract/database_statements.rb:386:in 'ActiveRecord::ConnectionAdapters::DatabaseStatements#within_new_transaction'
      # ./.gems/ruby/3.4.0/gems/activerecord-8.1.3.1/lib/active_record/connection_adapters/abstract/database_statements.rb:378:in 'ActiveRecord::ConnectionAdapters::DatabaseStatements#transaction'
      # ./.gems/ruby/3.4.0/gems/activerecord-8.1.3.1/lib/active_record/transactions.rb:234:in 'block (2 levels) in ActiveRecord::Transactions::ClassMethods#transaction'
      # ./.gems/ruby/3.4.0/gems/activerecord-8.1.3.1/lib/active_record/connection_adapters/abstract/connection_pool.rb:485:in 'ActiveRecord::ConnectionAdapters::ConnectionPool#with_pool_transaction_isolation_level'
      # ./.gems/ruby/3.4.0/gems/activerecord-8.1.3.1/lib/active_record/transactions.rb:233:in 'block in ActiveRecord::Transactions::ClassMethods#transaction'
      # ./.gems/ruby/3.4.0/gems/activerecord-8.1.3.1/lib/active_record/connection_adapters/abstract/connection_pool.rb:457:in 'ActiveRecord::ConnectionAdapters::ConnectionPool#with_connection'
      # ./.gems/ruby/3.4.0/gems/activerecord-8.1.3.1/lib/active_record/connection_handling.rb:313:in 'ActiveRecord::ConnectionHandling#with_connection'
      # ./.gems/ruby/3.4.0/gems/activerecord-8.1.3.1/lib/active_record/transactions.rb:232:in 'ActiveRecord::Transactions::ClassMethods#transaction'
      # ./spec/spec_helper.rb:24:in 'block (2 levels) in <top (required)>'
      # ------------------
      # --- Caused by: ---
      # NoMethodError:
      #   undefined method 'last_confirmed_at=' for an instance of NodeKernelEvent
      #   ./.gems/ruby/3.4.0/gems/activemodel-8.1.3.1/lib/active_model/attribute_methods.rb:512:in 'ActiveModel::AttributeMethods#method_missing'

  34) VpsAdmin::API::Operations::Node::RecordKernelEvidence stable confirmation timestamps bounds a release-only change before the first transitioning report with that release
      Failure/Error:
        ::NodeKernelEvent.create!(
          node:,
          event_type:,
          livepatch_action:,
          source: :node_report,
          confidence:,
          boot_id: kernel.boot_id,
          booted_at: parse_time(kernel.booted_at),
          booted_release: kernel.booted_release,
          reported_release: kernel.reported_release,

      ActiveModel::UnknownAttributeError:
        unknown attribute 'last_confirmed_at' for NodeKernelEvent.
      # ./.gems/ruby/3.4.0/gems/activemodel-8.1.3.1/lib/active_model/attribute_assignment.rb:57:in 'ActiveModel::AttributeAssignment#attribute_writer_missing'
      # ./.gems/ruby/3.4.0/gems/activemodel-8.1.3.1/lib/active_model/attribute_assignment.rb:74:in 'ActiveModel::AttributeAssignment#_assign_attribute'
      # ./.gems/ruby/3.4.0/gems/activerecord-8.1.3.1/lib/active_record/attribute_assignment.rb:17:in 'block in ActiveRecord::AttributeAssignment#_assign_attributes'
      # ./.gems/ruby/3.4.0/gems/activerecord-8.1.3.1/lib/active_record/attribute_assignment.rb:9:in 'Hash#each'
      # ./.gems/ruby/3.4.0/gems/activerecord-8.1.3.1/lib/active_record/attribute_assignment.rb:9:in 'ActiveRecord::AttributeAssignment#_assign_attributes'
      # ./.gems/ruby/3.4.0/gems/activemodel-8.1.3.1/lib/active_model/attribute_assignment.rb:34:in 'ActiveModel::AttributeAssignment#assign_attributes'
      # ./.gems/ruby/3.4.0/gems/activemodel-8.1.3.1/lib/active_model/api.rb:81:in 'ActiveModel::API#initialize'
      # ./.gems/ruby/3.4.0/gems/activerecord-8.1.3.1/lib/active_record/core.rb:479:in 'ActiveRecord::Core#initialize'
      # ./.gems/ruby/3.4.0/gems/activerecord-8.1.3.1/lib/active_record/inheritance.rb:76:in 'Class#new'
      # ./.gems/ruby/3.4.0/gems/activerecord-8.1.3.1/lib/active_record/inheritance.rb:76:in 'ActiveRecord::Inheritance::ClassMethods#new'
      # ./.gems/ruby/3.4.0/gems/activerecord-8.1.3.1/lib/active_record/persistence.rb:54:in 'ActiveRecord::Persistence::ClassMethods#create!'
      # ./lib/vpsadmin/api/operations/node/record_kernel_evidence.rb:388:in 'VpsAdmin::API::Operations::Node::RecordKernelEvidence#create_event!'
      # ./lib/vpsadmin/api/operations/node/record_kernel_evidence.rb:24:in 'block in VpsAdmin::API::Operations::Node::RecordKernelEvidence#run'
      # ./.gems/ruby/3.4.0/gems/activerecord-8.1.3.1/lib/active_record/locking/pessimistic.rb:102:in 'block in ActiveRecord::Locking::Pessimistic#with_lock'
      # ./.gems/ruby/3.4.0/gems/activerecord-8.1.3.1/lib/active_record/connection_adapters/abstract/database_statements.rb:376:in 'ActiveRecord::ConnectionAdapters::DatabaseStatements#transaction'
      # ./.gems/ruby/3.4.0/gems/activerecord-8.1.3.1/lib/active_record/transactions.rb:234:in 'block (2 levels) in ActiveRecord::Transactions::ClassMethods#transaction'
      # ./.gems/ruby/3.4.0/gems/activerecord-8.1.3.1/lib/active_record/connection_adapters/abstract/connection_pool.rb:485:in 'ActiveRecord::ConnectionAdapters::ConnectionPool#with_pool_transaction_isolation_level'
      # ./.gems/ruby/3.4.0/gems/activerecord-8.1.3.1/lib/active_record/transactions.rb:233:in 'block in ActiveRecord::Transactions::ClassMethods#transaction'
      # ./.gems/ruby/3.4.0/gems/activerecord-8.1.3.1/lib/active_record/connection_adapters/abstract/connection_pool.rb:457:in 'ActiveRecord::ConnectionAdapters::ConnectionPool#with_connection'
      # ./.gems/ruby/3.4.0/gems/activerecord-8.1.3.1/lib/active_record/connection_handling.rb:313:in 'ActiveRecord::ConnectionHandling#with_connection'
      # ./.gems/ruby/3.4.0/gems/activerecord-8.1.3.1/lib/active_record/transactions.rb:232:in 'ActiveRecord::Transactions::ClassMethods#transaction'
      # ./.gems/ruby/3.4.0/gems/activerecord-8.1.3.1/lib/active_record/transactions.rb:373:in 'ActiveRecord::Transactions#transaction'
      # ./.gems/ruby/3.4.0/gems/activerecord-8.1.3.1/lib/active_record/locking/pessimistic.rb:100:in 'ActiveRecord::Locking::Pessimistic#with_lock'
      # ./lib/vpsadmin/api/operations/node/record_kernel_evidence.rb:21:in 'VpsAdmin::API::Operations::Node::RecordKernelEvidence#run'
      # ./lib/vpsadmin/api/operations/base.rb:5:in 'VpsAdmin::API::Operations::Base.run'
      # ./spec/models/operations/node/record_kernel_evidence_spec.rb:890:in 'RSpec::ExampleGroups::VpsAdminAPIOperationsNodeRecordKernelEvidence::StableConfirmationTimestamps#observe'
      # ./spec/models/operations/node/record_kernel_evidence_spec.rb:939:in 'block (3 levels) in <top (required)>'
      # ./spec/spec_helper.rb:25:in 'block (3 levels) in <top (required)>'
      # ./.gems/ruby/3.4.0/gems/activerecord-8.1.3.1/lib/active_record/connection_adapters/abstract/transaction.rb:648:in 'block in ActiveRecord::ConnectionAdapters::TransactionManager#within_new_transaction'
      # ./.gems/ruby/3.4.0/gems/activesupport-8.1.3.1/lib/active_support/concurrency/null_lock.rb:9:in 'ActiveSupport::Concurrency::NullLock#synchronize'
      # ./.gems/ruby/3.4.0/gems/activerecord-8.1.3.1/lib/active_record/connection_adapters/abstract/transaction.rb:645:in 'ActiveRecord::ConnectionAdapters::TransactionManager#within_new_transaction'
      # ./.gems/ruby/3.4.0/gems/activerecord-8.1.3.1/lib/active_record/connection_adapters/abstract/database_statements.rb:386:in 'ActiveRecord::ConnectionAdapters::DatabaseStatements#within_new_transaction'
      # ./.gems/ruby/3.4.0/gems/activerecord-8.1.3.1/lib/active_record/connection_adapters/abstract/database_statements.rb:378:in 'ActiveRecord::ConnectionAdapters::DatabaseStatements#transaction'
      # ./.gems/ruby/3.4.0/gems/activerecord-8.1.3.1/lib/active_record/transactions.rb:234:in 'block (2 levels) in ActiveRecord::Transactions::ClassMethods#transaction'
      # ./.gems/ruby/3.4.0/gems/activerecord-8.1.3.1/lib/active_record/connection_adapters/abstract/connection_pool.rb:485:in 'ActiveRecord::ConnectionAdapters::ConnectionPool#with_pool_transaction_isolation_level'
      # ./.gems/ruby/3.4.0/gems/activerecord-8.1.3.1/lib/active_record/transactions.rb:233:in 'block in ActiveRecord::Transactions::ClassMethods#transaction'
      # ./.gems/ruby/3.4.0/gems/activerecord-8.1.3.1/lib/active_record/connection_adapters/abstract/connection_pool.rb:457:in 'ActiveRecord::ConnectionAdapters::ConnectionPool#with_connection'
      # ./.gems/ruby/3.4.0/gems/activerecord-8.1.3.1/lib/active_record/connection_handling.rb:313:in 'ActiveRecord::ConnectionHandling#with_connection'
      # ./.gems/ruby/3.4.0/gems/activerecord-8.1.3.1/lib/active_record/transactions.rb:232:in 'ActiveRecord::Transactions::ClassMethods#transaction'
      # ./spec/spec_helper.rb:24:in 'block (2 levels) in <top (required)>'
      # ------------------
      # --- Caused by: ---
      # NoMethodError:
      #   undefined method 'last_confirmed_at=' for an instance of NodeKernelEvent
      #   ./.gems/ruby/3.4.0/gems/activemodel-8.1.3.1/lib/active_model/attribute_methods.rb:512:in 'ActiveModel::AttributeMethods#method_missing'

  35) VpsAdmin::API::Operations::Node::RecordKernelEvidence stable confirmation timestamps compares runtime semantics while inventory, verification, and deployment change
      Failure/Error:
        ::NodeKernelEvent.create!(
          node:,
          event_type:,
          livepatch_action:,
          source: :node_report,
          confidence:,
          boot_id: kernel.boot_id,
          booted_at: parse_time(kernel.booted_at),
          booted_release: kernel.booted_release,
          reported_release: kernel.reported_release,

      ActiveModel::UnknownAttributeError:
        unknown attribute 'last_confirmed_at' for NodeKernelEvent.
      # ./.gems/ruby/3.4.0/gems/activemodel-8.1.3.1/lib/active_model/attribute_assignment.rb:57:in 'ActiveModel::AttributeAssignment#attribute_writer_missing'
      # ./.gems/ruby/3.4.0/gems/activemodel-8.1.3.1/lib/active_model/attribute_assignment.rb:74:in 'ActiveModel::AttributeAssignment#_assign_attribute'
      # ./.gems/ruby/3.4.0/gems/activerecord-8.1.3.1/lib/active_record/attribute_assignment.rb:17:in 'block in ActiveRecord::AttributeAssignment#_assign_attributes'
      # ./.gems/ruby/3.4.0/gems/activerecord-8.1.3.1/lib/active_record/attribute_assignment.rb:9:in 'Hash#each'
      # ./.gems/ruby/3.4.0/gems/activerecord-8.1.3.1/lib/active_record/attribute_assignment.rb:9:in 'ActiveRecord::AttributeAssignment#_assign_attributes'
      # ./.gems/ruby/3.4.0/gems/activemodel-8.1.3.1/lib/active_model/attribute_assignment.rb:34:in 'ActiveModel::AttributeAssignment#assign_attributes'
      # ./.gems/ruby/3.4.0/gems/activemodel-8.1.3.1/lib/active_model/api.rb:81:in 'ActiveModel::API#initialize'
      # ./.gems/ruby/3.4.0/gems/activerecord-8.1.3.1/lib/active_record/core.rb:479:in 'ActiveRecord::Core#initialize'
      # ./.gems/ruby/3.4.0/gems/activerecord-8.1.3.1/lib/active_record/inheritance.rb:76:in 'Class#new'
      # ./.gems/ruby/3.4.0/gems/activerecord-8.1.3.1/lib/active_record/inheritance.rb:76:in 'ActiveRecord::Inheritance::ClassMethods#new'
      # ./.gems/ruby/3.4.0/gems/activerecord-8.1.3.1/lib/active_record/persistence.rb:54:in 'ActiveRecord::Persistence::ClassMethods#create!'
      # ./lib/vpsadmin/api/operations/node/record_kernel_evidence.rb:388:in 'VpsAdmin::API::Operations::Node::RecordKernelEvidence#create_event!'
      # ./lib/vpsadmin/api/operations/node/record_kernel_evidence.rb:24:in 'block in VpsAdmin::API::Operations::Node::RecordKernelEvidence#run'
      # ./.gems/ruby/3.4.0/gems/activerecord-8.1.3.1/lib/active_record/locking/pessimistic.rb:102:in 'block in ActiveRecord::Locking::Pessimistic#with_lock'
      # ./.gems/ruby/3.4.0/gems/activerecord-8.1.3.1/lib/active_record/connection_adapters/abstract/database_statements.rb:376:in 'ActiveRecord::ConnectionAdapters::DatabaseStatements#transaction'
      # ./.gems/ruby/3.4.0/gems/activerecord-8.1.3.1/lib/active_record/transactions.rb:234:in 'block (2 levels) in ActiveRecord::Transactions::ClassMethods#transaction'
      # ./.gems/ruby/3.4.0/gems/activerecord-8.1.3.1/lib/active_record/connection_adapters/abstract/connection_pool.rb:485:in 'ActiveRecord::ConnectionAdapters::ConnectionPool#with_pool_transaction_isolation_level'
      # ./.gems/ruby/3.4.0/gems/activerecord-8.1.3.1/lib/active_record/transactions.rb:233:in 'block in ActiveRecord::Transactions::ClassMethods#transaction'
      # ./.gems/ruby/3.4.0/gems/activerecord-8.1.3.1/lib/active_record/connection_adapters/abstract/connection_pool.rb:457:in 'ActiveRecord::ConnectionAdapters::ConnectionPool#with_connection'
      # ./.gems/ruby/3.4.0/gems/activerecord-8.1.3.1/lib/active_record/connection_handling.rb:313:in 'ActiveRecord::ConnectionHandling#with_connection'
      # ./.gems/ruby/3.4.0/gems/activerecord-8.1.3.1/lib/active_record/transactions.rb:232:in 'ActiveRecord::Transactions::ClassMethods#transaction'
      # ./.gems/ruby/3.4.0/gems/activerecord-8.1.3.1/lib/active_record/transactions.rb:373:in 'ActiveRecord::Transactions#transaction'
      # ./.gems/ruby/3.4.0/gems/activerecord-8.1.3.1/lib/active_record/locking/pessimistic.rb:100:in 'ActiveRecord::Locking::Pessimistic#with_lock'
      # ./lib/vpsadmin/api/operations/node/record_kernel_evidence.rb:21:in 'VpsAdmin::API::Operations::Node::RecordKernelEvidence#run'
      # ./lib/vpsadmin/api/operations/base.rb:5:in 'VpsAdmin::API::Operations::Base.run'
      # ./spec/models/operations/node/record_kernel_evidence_spec.rb:890:in 'RSpec::ExampleGroups::VpsAdminAPIOperationsNodeRecordKernelEvidence::StableConfirmationTimestamps#observe'
      # ./spec/models/operations/node/record_kernel_evidence_spec.rb:964:in 'block (3 levels) in <top (required)>'
      # ./spec/spec_helper.rb:25:in 'block (3 levels) in <top (required)>'
      # ./.gems/ruby/3.4.0/gems/activerecord-8.1.3.1/lib/active_record/connection_adapters/abstract/transaction.rb:648:in 'block in ActiveRecord::ConnectionAdapters::TransactionManager#within_new_transaction'
      # ./.gems/ruby/3.4.0/gems/activesupport-8.1.3.1/lib/active_support/concurrency/null_lock.rb:9:in 'ActiveSupport::Concurrency::NullLock#synchronize'
      # ./.gems/ruby/3.4.0/gems/activerecord-8.1.3.1/lib/active_record/connection_adapters/abstract/transaction.rb:645:in 'ActiveRecord::ConnectionAdapters::TransactionManager#within_new_transaction'
      # ./.gems/ruby/3.4.0/gems/activerecord-8.1.3.1/lib/active_record/connection_adapters/abstract/database_statements.rb:386:in 'ActiveRecord::ConnectionAdapters::DatabaseStatements#within_new_transaction'
      # ./.gems/ruby/3.4.0/gems/activerecord-8.1.3.1/lib/active_record/connection_adapters/abstract/database_statements.rb:378:in 'ActiveRecord::ConnectionAdapters::DatabaseStatements#transaction'
      # ./.gems/ruby/3.4.0/gems/activerecord-8.1.3.1/lib/active_record/transactions.rb:234:in 'block (2 levels) in ActiveRecord::Transactions::ClassMethods#transaction'
      # ./.gems/ruby/3.4.0/gems/activerecord-8.1.3.1/lib/active_record/connection_adapters/abstract/connection_pool.rb:485:in 'ActiveRecord::ConnectionAdapters::ConnectionPool#with_pool_transaction_isolation_level'
      # ./.gems/ruby/3.4.0/gems/activerecord-8.1.3.1/lib/active_record/transactions.rb:233:in 'block in ActiveRecord::Transactions::ClassMethods#transaction'
      # ./.gems/ruby/3.4.0/gems/activerecord-8.1.3.1/lib/active_record/connection_adapters/abstract/connection_pool.rb:457:in 'ActiveRecord::ConnectionAdapters::ConnectionPool#with_connection'
      # ./.gems/ruby/3.4.0/gems/activerecord-8.1.3.1/lib/active_record/connection_handling.rb:313:in 'ActiveRecord::ConnectionHandling#with_connection'
      # ./.gems/ruby/3.4.0/gems/activerecord-8.1.3.1/lib/active_record/transactions.rb:232:in 'ActiveRecord::Transactions::ClassMethods#transaction'
      # ./spec/spec_helper.rb:24:in 'block (2 levels) in <top (required)>'
      # ------------------
      # --- Caused by: ---
      # NoMethodError:
      #   undefined method 'last_confirmed_at=' for an instance of NodeKernelEvent
      #   ./.gems/ruby/3.4.0/gems/activemodel-8.1.3.1/lib/active_model/attribute_methods.rb:512:in 'ActiveModel::AttributeMethods#method_missing'

  36) VpsAdmin::API::Operations::Node::RecordKernelEvidence stable confirmation timestamps retains an upgrade-time confirmation from the supplied previous report
      Failure/Error:
        ::NodeKernelEvent.create!(
          node:,
          event_type:,
          livepatch_action:,
          source: :node_report,
          confidence:,
          boot_id: kernel.boot_id,
          booted_at: parse_time(kernel.booted_at),
          booted_release: kernel.booted_release,
          reported_release: kernel.reported_release,

      ActiveModel::UnknownAttributeError:
        unknown attribute 'last_confirmed_at' for NodeKernelEvent.
      # ./.gems/ruby/3.4.0/gems/activemodel-8.1.3.1/lib/active_model/attribute_assignment.rb:57:in 'ActiveModel::AttributeAssignment#attribute_writer_missing'
      # ./.gems/ruby/3.4.0/gems/activemodel-8.1.3.1/lib/active_model/attribute_assignment.rb:74:in 'ActiveModel::AttributeAssignment#_assign_attribute'
      # ./.gems/ruby/3.4.0/gems/activerecord-8.1.3.1/lib/active_record/attribute_assignment.rb:17:in 'block in ActiveRecord::AttributeAssignment#_assign_attributes'
      # ./.gems/ruby/3.4.0/gems/activerecord-8.1.3.1/lib/active_record/attribute_assignment.rb:9:in 'Hash#each'
      # ./.gems/ruby/3.4.0/gems/activerecord-8.1.3.1/lib/active_record/attribute_assignment.rb:9:in 'ActiveRecord::AttributeAssignment#_assign_attributes'
      # ./.gems/ruby/3.4.0/gems/activemodel-8.1.3.1/lib/active_model/attribute_assignment.rb:34:in 'ActiveModel::AttributeAssignment#assign_attributes'
      # ./.gems/ruby/3.4.0/gems/activemodel-8.1.3.1/lib/active_model/api.rb:81:in 'ActiveModel::API#initialize'
      # ./.gems/ruby/3.4.0/gems/activerecord-8.1.3.1/lib/active_record/core.rb:479:in 'ActiveRecord::Core#initialize'
      # ./.gems/ruby/3.4.0/gems/activerecord-8.1.3.1/lib/active_record/inheritance.rb:76:in 'Class#new'
      # ./.gems/ruby/3.4.0/gems/activerecord-8.1.3.1/lib/active_record/inheritance.rb:76:in 'ActiveRecord::Inheritance::ClassMethods#new'
      # ./.gems/ruby/3.4.0/gems/activerecord-8.1.3.1/lib/active_record/persistence.rb:54:in 'ActiveRecord::Persistence::ClassMethods#create!'
      # ./lib/vpsadmin/api/operations/node/record_kernel_evidence.rb:388:in 'VpsAdmin::API::Operations::Node::RecordKernelEvidence#create_event!'
      # ./lib/vpsadmin/api/operations/node/record_kernel_evidence.rb:24:in 'block in VpsAdmin::API::Operations::Node::RecordKernelEvidence#run'
      # ./.gems/ruby/3.4.0/gems/activerecord-8.1.3.1/lib/active_record/locking/pessimistic.rb:102:in 'block in ActiveRecord::Locking::Pessimistic#with_lock'
      # ./.gems/ruby/3.4.0/gems/activerecord-8.1.3.1/lib/active_record/connection_adapters/abstract/database_statements.rb:376:in 'ActiveRecord::ConnectionAdapters::DatabaseStatements#transaction'
      # ./.gems/ruby/3.4.0/gems/activerecord-8.1.3.1/lib/active_record/transactions.rb:234:in 'block (2 levels) in ActiveRecord::Transactions::ClassMethods#transaction'
      # ./.gems/ruby/3.4.0/gems/activerecord-8.1.3.1/lib/active_record/connection_adapters/abstract/connection_pool.rb:485:in 'ActiveRecord::ConnectionAdapters::ConnectionPool#with_pool_transaction_isolation_level'
      # ./.gems/ruby/3.4.0/gems/activerecord-8.1.3.1/lib/active_record/transactions.rb:233:in 'block in ActiveRecord::Transactions::ClassMethods#transaction'
      # ./.gems/ruby/3.4.0/gems/activerecord-8.1.3.1/lib/active_record/connection_adapters/abstract/connection_pool.rb:457:in 'ActiveRecord::ConnectionAdapters::ConnectionPool#with_connection'
      # ./.gems/ruby/3.4.0/gems/activerecord-8.1.3.1/lib/active_record/connection_handling.rb:313:in 'ActiveRecord::ConnectionHandling#with_connection'
      # ./.gems/ruby/3.4.0/gems/activerecord-8.1.3.1/lib/active_record/transactions.rb:232:in 'ActiveRecord::Transactions::ClassMethods#transaction'
      # ./.gems/ruby/3.4.0/gems/activerecord-8.1.3.1/lib/active_record/transactions.rb:373:in 'ActiveRecord::Transactions#transaction'
      # ./.gems/ruby/3.4.0/gems/activerecord-8.1.3.1/lib/active_record/locking/pessimistic.rb:100:in 'ActiveRecord::Locking::Pessimistic#with_lock'
      # ./lib/vpsadmin/api/operations/node/record_kernel_evidence.rb:21:in 'VpsAdmin::API::Operations::Node::RecordKernelEvidence#run'
      # ./lib/vpsadmin/api/operations/base.rb:5:in 'VpsAdmin::API::Operations::Base.run'
      # ./spec/models/operations/node/record_kernel_evidence_spec.rb:890:in 'RSpec::ExampleGroups::VpsAdminAPIOperationsNodeRecordKernelEvidence::StableConfirmationTimestamps#observe'
      # ./spec/models/operations/node/record_kernel_evidence_spec.rb:914:in 'block (3 levels) in <top (required)>'
      # ./spec/spec_helper.rb:25:in 'block (3 levels) in <top (required)>'
      # ./.gems/ruby/3.4.0/gems/activerecord-8.1.3.1/lib/active_record/connection_adapters/abstract/transaction.rb:648:in 'block in ActiveRecord::ConnectionAdapters::TransactionManager#within_new_transaction'
      # ./.gems/ruby/3.4.0/gems/activesupport-8.1.3.1/lib/active_support/concurrency/null_lock.rb:9:in 'ActiveSupport::Concurrency::NullLock#synchronize'
      # ./.gems/ruby/3.4.0/gems/activerecord-8.1.3.1/lib/active_record/connection_adapters/abstract/transaction.rb:645:in 'ActiveRecord::ConnectionAdapters::TransactionManager#within_new_transaction'
      # ./.gems/ruby/3.4.0/gems/activerecord-8.1.3.1/lib/active_record/connection_adapters/abstract/database_statements.rb:386:in 'ActiveRecord::ConnectionAdapters::DatabaseStatements#within_new_transaction'
      # ./.gems/ruby/3.4.0/gems/activerecord-8.1.3.1/lib/active_record/connection_adapters/abstract/database_statements.rb:378:in 'ActiveRecord::ConnectionAdapters::DatabaseStatements#transaction'
      # ./.gems/ruby/3.4.0/gems/activerecord-8.1.3.1/lib/active_record/transactions.rb:234:in 'block (2 levels) in ActiveRecord::Transactions::ClassMethods#transaction'
      # ./.gems/ruby/3.4.0/gems/activerecord-8.1.3.1/lib/active_record/connection_adapters/abstract/connection_pool.rb:485:in 'ActiveRecord::ConnectionAdapters::ConnectionPool#with_pool_transaction_isolation_level'
      # ./.gems/ruby/3.4.0/gems/activerecord-8.1.3.1/lib/active_record/transactions.rb:233:in 'block in ActiveRecord::Transactions::ClassMethods#transaction'
      # ./.gems/ruby/3.4.0/gems/activerecord-8.1.3.1/lib/active_record/connection_adapters/abstract/connection_pool.rb:457:in 'ActiveRecord::ConnectionAdapters::ConnectionPool#with_connection'
      # ./.gems/ruby/3.4.0/gems/activerecord-8.1.3.1/lib/active_record/connection_handling.rb:313:in 'ActiveRecord::ConnectionHandling#with_connection'
      # ./.gems/ruby/3.4.0/gems/activerecord-8.1.3.1/lib/active_record/transactions.rb:232:in 'ActiveRecord::Transactions::ClassMethods#transaction'
      # ./spec/spec_helper.rb:24:in 'block (2 levels) in <top (required)>'
      # ------------------
      # --- Caused by: ---
      # NoMethodError:
      #   undefined method 'last_confirmed_at=' for an instance of NodeKernelEvent
      #   ./.gems/ruby/3.4.0/gems/activemodel-8.1.3.1/lib/active_model/attribute_methods.rb:512:in 'ActiveModel::AttributeMethods#method_missing'

Finished in 11.27 seconds (files took 13.68 seconds to load)
36 examples, 36 failures

Failed examples:

rspec ./spec/models/operations/node/record_kernel_evidence_spec.rb:527 # VpsAdmin::API::Operations::Node::RecordKernelEvidence bounds a release deferred by transition from the stable event
rspec ./spec/models/operations/node/record_kernel_evidence_spec.rb:110 # VpsAdmin::API::Operations::Node::RecordKernelEvidence records a boot and an observed same-boot livepatch application
rspec ./spec/models/operations/node/record_kernel_evidence_spec.rb:631 # VpsAdmin::API::Operations::Node::RecordKernelEvidence records internal runtime evidence changes without replacing the current kernel event
rspec ./spec/models/operations/node/record_kernel_evidence_spec.rb:189 # VpsAdmin::API::Operations::Node::RecordKernelEvidence records replacement by another stable patch as an observed application
rspec ./spec/models/operations/node/record_kernel_evidence_spec.rb:385 # VpsAdmin::API::Operations::Node::RecordKernelEvidence treats the first complete livepatch state after an unreadable boot as boot state
rspec ./spec/models/operations/node/record_kernel_evidence_spec.rb:648 # VpsAdmin::API::Operations::Node::RecordKernelEvidence shares one immutable evidence snapshot among changes from one report
rspec ./spec/models/operations/node/record_kernel_evidence_spec.rb:773 # VpsAdmin::API::Operations::Node::RecordKernelEvidence does not record an eBPF change when only its verification time advances
rspec ./spec/models/operations/node/record_kernel_evidence_spec.rb:565 # VpsAdmin::API::Operations::Node::RecordKernelEvidence keeps later verification metadata internal without changing application timing
rspec ./spec/models/operations/node/record_kernel_evidence_spec.rb:820 # VpsAdmin::API::Operations::Node::RecordKernelEvidence keeps an unmatched reconstructed boot visible as a distinct reboot
rspec ./spec/models/operations/node/record_kernel_evidence_spec.rb:795 # VpsAdmin::API::Operations::Node::RecordKernelEvidence deletes a matching reconstructed boot when exact identity first arrives
rspec ./spec/models/operations/node/record_kernel_evidence_spec.rb:605 # VpsAdmin::API::Operations::Node::RecordKernelEvidence marks a boot time estimated from uptime as inferred
rspec ./spec/models/operations/node/record_kernel_evidence_spec.rb:673 # VpsAdmin::API::Operations::Node::RecordKernelEvidence records a same-boot system activation as an internal deployment change
rspec ./spec/models/operations/node/record_kernel_evidence_spec.rb:219 # VpsAdmin::API::Operations::Node::RecordKernelEvidence does not remove an effective patch hidden by an old reporter
rspec ./spec/models/operations/node/record_kernel_evidence_spec.rb:694 # VpsAdmin::API::Operations::Node::RecordKernelEvidence groups simultaneous software changes and records the initial baseline
rspec ./spec/models/operations/node/record_kernel_evidence_spec.rb:340 # VpsAdmin::API::Operations::Node::RecordKernelEvidence does not apply a patch until unreadable livepatch state becomes observable
rspec ./spec/models/operations/node/record_kernel_evidence_spec.rb:144 # VpsAdmin::API::Operations::Node::RecordKernelEvidence does not treat a legacy activation marker as the application time
rspec ./spec/models/operations/node/record_kernel_evidence_spec.rb:746 # VpsAdmin::API::Operations::Node::RecordKernelEvidence records added and removed sysctls without a separate policy identity
rspec ./spec/models/operations/node/record_kernel_evidence_spec.rb:841 # VpsAdmin::API::Operations::Node::RecordKernelEvidence uses reported boot time for a later real reboot
rspec ./spec/models/operations/node/record_kernel_evidence_spec.rb:862 # VpsAdmin::API::Operations::Node::RecordKernelEvidence deletes at most one reconstructed boot per reported event
rspec ./spec/models/operations/node/record_kernel_evidence_spec.rb:270 # VpsAdmin::API::Operations::Node::RecordKernelEvidence records reporter evidence for a loaded module with unknown enrichment metadata
rspec ./spec/models/operations/node/record_kernel_evidence_spec.rb:621 # VpsAdmin::API::Operations::Node::RecordKernelEvidence marks a reported boot without a timestamp as incomplete
rspec ./spec/models/operations/node/record_kernel_evidence_spec.rb:170 # VpsAdmin::API::Operations::Node::RecordKernelEvidence does not invent an application event for a patch already stable at boot
rspec ./spec/models/operations/node/record_kernel_evidence_spec.rb:313 # VpsAdmin::API::Operations::Node::RecordKernelEvidence does not remove a patch when livepatch sysfs enumeration is unreadable
rspec ./spec/models/operations/node/record_kernel_evidence_spec.rb:412 # VpsAdmin::API::Operations::Node::RecordKernelEvidence keeps availability and transition changes internal until application completes
rspec ./spec/models/operations/node/record_kernel_evidence_spec.rb:482 # VpsAdmin::API::Operations::Node::RecordKernelEvidence records removal only after a reverse transition completes
rspec ./spec/models/operations/node/record_kernel_evidence_spec.rb:722 # VpsAdmin::API::Operations::Node::RecordKernelEvidence records per-name sysctl values before and after a change
rspec ./spec/models/operations/node/record_kernel_evidence_spec.rb:998 # VpsAdmin::API::Operations::Node::RecordKernelEvidence stable confirmation timestamps still uses a complete preceding non-effective report for application completion
rspec ./spec/models/operations/node/record_kernel_evidence_spec.rb:923 # VpsAdmin::API::Operations::Node::RecordKernelEvidence stable confirmation timestamps retains confirmation through multiple transitions and a release already changed in transition
rspec ./spec/models/operations/node/record_kernel_evidence_spec.rb:974 # VpsAdmin::API::Operations::Node::RecordKernelEvidence stable confirmation timestamps does not confirm an unreadable bootstrap or infer its patch baseline later
rspec ./spec/models/operations/node/record_kernel_evidence_spec.rb:983 # VpsAdmin::API::Operations::Node::RecordKernelEvidence stable confirmation timestamps does not move confirmations backward or use a previous observation from the future
rspec ./spec/models/operations/node/record_kernel_evidence_spec.rb:951 # VpsAdmin::API::Operations::Node::RecordKernelEvidence stable confirmation timestamps preserves confirmation through unreadable and legacy inventories without confirming a hidden patch
rspec ./spec/models/operations/node/record_kernel_evidence_spec.rb:990 # VpsAdmin::API::Operations::Node::RecordKernelEvidence stable confirmation timestamps keeps confirmation on its original boot
rspec ./spec/models/operations/node/record_kernel_evidence_spec.rb:897 # VpsAdmin::API::Operations::Node::RecordKernelEvidence stable confirmation timestamps uses the latest confirmation after a long unchanged period for direct removal
rspec ./spec/models/operations/node/record_kernel_evidence_spec.rb:937 # VpsAdmin::API::Operations::Node::RecordKernelEvidence stable confirmation timestamps bounds a release-only change before the first transitioning report with that release
rspec ./spec/models/operations/node/record_kernel_evidence_spec.rb:963 # VpsAdmin::API::Operations::Node::RecordKernelEvidence stable confirmation timestamps compares runtime semantics while inventory, verification, and deployment change
rspec ./spec/models/operations/node/record_kernel_evidence_spec.rb:913 # VpsAdmin::API::Operations::Node::RecordKernelEvidence stable confirmation timestamps retains an upgrade-time confirmation from the supplied previous report

Randomized with seed 10888

