fast	Build package and focused checks	﻿2026-10-07T06:51:12.6659406Z ##[group]Run check_names=$(nix eval --json .#checks.x86_64-linux --apply builtins.attrNames)
fast	Build package and focused checks	2026-10-07T06:51:12.6659854Z ^[[36;1mcheck_names=$(nix eval --json .#checks.x86_64-linux --apply builtins.attrNames)^[[0m
fast	Build package and focused checks	2026-10-07T06:51:12.6660098Z ^[[36;1mmapfile -t checks < <(^[[0m
fast	Build package and focused checks	2026-10-07T06:51:12.6660378Z ^[[36;1m  jq -r '.[] | select(. != "host-module-idempotency") | ".#checks.x86_64-linux." + .' <<< "$check_names"^[[0m
fast	Build package and focused checks	2026-10-07T06:51:12.6660650Z ^[[36;1m)^[[0m
fast	Build package and focused checks	2026-10-07T06:51:12.6660805Z ^[[36;1mnix build --no-link --print-build-logs "${checks[@]}"^[[0m
fast	Build package and focused checks	2026-10-07T06:51:12.6718402Z shell: /usr/bin/bash -e {0}
fast	Build package and focused checks	2026-10-07T06:51:12.6718587Z env:
fast	Build package and focused checks	2026-10-07T06:51:12.6718719Z   TMPDIR: /home/runner/work/_temp
fast	Build package and focused checks	2026-10-07T06:51:12.6719195Z   NIX_PROFILES: /nix/var/nix/profiles/default /home/runner/.nix-profile
fast	Build package and focused checks	2026-10-07T06:51:12.6719423Z   NIX_SSL_CERT_FILE: /etc/ssl/certs/ca-certificates.crt
fast	Build package and focused checks	2026-10-07T06:51:12.6719601Z ##[endgroup]
fast	Build package and focused checks	2026-10-07T06:51:14.5691109Z evaluation warning: 'system' has been renamed to/replaced by 'stdenv.hostPlatform.system'
fast	Build package and focused checks	2026-10-07T06:51:24.0108479Z these 59 derivations will be built:
fast	Build package and focused checks	2026-10-07T06:51:24.0150395Z   /nix/store/09byyvq5w8jb25c82sqlr8wz4b50gy7s-dw_cdc49e3b17e2cf01c025370a8b9d8961548560da8ea8dddf.toml.drv
fast	Build package and focused checks	2026-10-07T06:51:24.0151156Z   /nix/store/0l37wi64lxvfaj6gd08asmnikpb7zvw3-dw_d27b67628a89dd54273ea01291ebf272fd9cbe2185a61a5b.toml.drv
fast	Build package and focused checks	2026-10-07T06:51:24.0151690Z   /nix/store/0vji7392xcma6hh0ir0rr2pp8fm43cnh-dev-workspace-generic-source.drv
fast	Build package and focused checks	2026-10-07T06:51:24.0152285Z   /nix/store/13q1i950rh98b1xwkw0nk7a434nmp1zn-dw_ad850fc5e9d8f23e3d37061d73eb4e829cff749e2f26416e.toml.drv
fast	Build package and focused checks	2026-10-07T06:51:24.0153040Z   /nix/store/xi1ig0gi01c6ddl4xx8kja9z4rwnc99n-workspace-repository-review-assets-1.0.0-npm-deps.drv
fast	Build package and focused checks	2026-10-07T06:51:24.0153746Z   /nix/store/8q2z94mf32mv0j8wxlsshm805xlfysi9-workspace-repository-review-assets-1.0.0.drv
fast	Build package and focused checks	2026-10-07T06:51:24.0154345Z   /nix/store/2aypb5cyinmpa92aw21gw6wwa789hypg-dev-workspace-0.2.0-go-modules.drv
fast	Build package and focused checks	2026-10-07T06:51:24.0154891Z   /nix/store/cm7ai7bvbhhc3dcmhw4jjzcpkk4slcvb-dev-workspace-package.json.drv
fast	Build package and focused checks	2026-10-07T06:51:24.0155439Z   /nix/store/lkww8xz5mx4cg8c83vslhds17kb6ffiv-dev-workspace-extensions.json.drv
fast	Build package and focused checks	2026-10-07T06:51:24.0155944Z   /nix/store/qcw57yzrpg02w6rzifnp9zzdplvc1nps-codex-package.json.drv
fast	Build package and focused checks	2026-10-07T06:51:24.0156425Z   /nix/store/q65hzvnckl1gb2442vh69mra8x75ib4p-assemble-codex-package.drv
fast	Build package and focused checks	2026-10-07T06:51:24.0156910Z   /nix/store/xnl1yi6y3812l5rd7di9k4k8isap85gh-codex-package-0.160.0.drv
fast	Build package and focused checks	2026-10-07T06:51:24.0157382Z   /nix/store/dnaz9vajgwwai341nmsl9spv3yc81qks-dev-workspace-0.2.0.drv
fast	Build package and focused checks	2026-10-07T06:51:24.0157894Z   /nix/store/15bwkvdfrv41d1ffqb9pxv4lps26qcvy-dev-workspace-user-namespace.drv
fast	Build package and focused checks	2026-10-07T06:51:24.0158502Z   /nix/store/1q9c1ym32ls1s3yc761gvsihx6ads19w-dw_2890a0253ab7187d2711790ae88bf587088403a6f6def2b7.toml.drv
fast	Build package and focused checks	2026-10-07T06:51:24.0159304Z   /nix/store/22r5a54jaj269g78hkz0vqa0hkvwj3fn-dw_83858f6b8a0c01e44be672c82538def281d15d32145eac69.toml.drv
fast	Build package and focused checks	2026-10-07T06:51:24.0159888Z   /nix/store/4dcag1a1j9x17148cwvfqcq3rknc5580-dev-workspace-agent-teams.json.drv
fast	Build package and focused checks	2026-10-07T06:51:24.0160320Z   /nix/store/4vfj1xm1j3v90h4ynd4frhj5hr63i11h-dw_ad93ec914fb4a73ba65c9d14f0e6d04e5ebfe24fdd286032.toml.drv
fast	Build package and focused checks	2026-10-07T06:51:24.0160699Z   /nix/store/6mq587lfbcvx2vvj2zhm2m7r9cbdpccs-workspace-portal-substrate-reconcile.drv
fast	Build package and focused checks	2026-10-07T06:51:24.0161055Z   /nix/store/vban5anyngi14xyicnhlfyscickk5k8r-workspace-portal-substrate-reconcile.drv
fast	Build package and focused checks	2026-10-07T06:51:24.0161413Z   /nix/store/ycswnhrrch9ha3lxpqgy7p7wmga3di0b-workspace-portal-substrate-reconcile.drv
fast	Build package and focused checks	2026-10-07T06:51:24.0161764Z   /nix/store/zrriv2gs5v8ylnpsjfwf420iwhydhjmz-workspace-portal-substrate-reconcile.drv
fast	Build package and focused checks	2026-10-07T06:51:24.0162116Z   /nix/store/5mqg18lbkzhkivw7a8p2zzplx4q9gpxd-dev-workspace-host-module-check.drv
fast	Build package and focused checks	2026-10-07T06:51:24.0162488Z   /nix/store/85b6s8aizhl3qz92lik4iz5maf5wmg1c-dw_30a3ad781c763efd3d4dd15f660aca5c1c3863d64d55ff6f.toml.drv
fast	Build package and focused checks	2026-10-07T06:51:24.0162883Z   /nix/store/8ax2rfypcz251a9l5hxn1iijfy55jaic-dw_c0e6e7674316094f1d98580ac7f3164a20dd5939ef30c921.toml.drv
fast	Build package and focused checks	2026-10-07T06:51:24.0163745Z   /nix/store/abk2hdpm5kd72h82v9nry28pznvi6xcm-dw_671e2795f389d0487030b1d632068480725ca288fa05e133.toml.drv
fast	Build package and focused checks	2026-10-07T06:51:24.0164135Z   /nix/store/cvdzg8wrb3jcc5qidx5zvipk2jzasqnb-dw_7f14c4157211b0efc20292b9e62bcdfc62d11f1d9e9f40cb.toml.drv
fast	Build package and focused checks	2026-10-07T06:51:24.0164526Z   /nix/store/g777ikr6ld2yrh3df8pwgxyml3jzbfd7-dw_8d70abef4d2a26a984afcea8a6bde74d17d8d35f681a5700.toml.drv
fast	Build package and focused checks	2026-10-07T06:51:24.0164915Z   /nix/store/lfisc9ip4m9c21p0kb0qp1ammmv4qm67-dw_b6f7fd5b6afb8423213e95e15936ac1336045e841d7f93de.toml.drv
fast	Build package and focused checks	2026-10-07T06:51:24.0165303Z   /nix/store/vdxm2dfhqnhyzg6jc911jhwdlb8115c1-dw_2cf8d2f304d5681abea63bfb4bf86767f87922cef8c8c68d.toml.drv
fast	Build package and focused checks	2026-10-07T06:51:24.0165644Z   /nix/store/wksd8hx31min8gx748axfr1gfvbngdmd-dev-workspace-package.json.drv
fast	Build package and focused checks	2026-10-07T06:51:24.0166134Z   /nix/store/zmp0jlrha2hb2qmq5xb6l56axgzhwbq6-dw_468d166058ada7dbcf56b2423b1d4e897d20fb0de76d7f63.toml.drv
fast	Build package and focused checks	2026-10-07T06:51:24.0166462Z   /nix/store/6disalxp8w2y4rc9870n14d72glf394a-dev-workspace-0.2.0.drv
fast	Build package and focused checks	2026-10-07T06:51:24.0166724Z   /nix/store/6pn84ab6847fv5y8mcva19sjbaq96d9l-codex-linked-input.drv
fast	Build package and focused checks	2026-10-07T06:51:24.0167018Z   /nix/store/6s4q7pprwd9ijj0c4jqlmwza3hflasqa-dev-workspace-host-auth-benchmark.drv
fast	Build package and focused checks	2026-10-07T06:51:24.0167391Z   /nix/store/7kqwhhwjlc3jfp8whynjhpbir4pdq2w1-dw_fd810ecbcf0ed36eb131bc889b2f095235b7aca82abeea3f.toml.drv
fast	Build package and focused checks	2026-10-07T06:51:24.0167743Z   /nix/store/7xhbz96rc3wdwgxy2jzgb07shy35vfsm-dev-workspace-package.json.drv
fast	Build package and focused checks	2026-10-07T06:51:24.0168025Z   /nix/store/bhviqw20s6il4v8lxpq2pgv1p6197l9p-codex-package.json.drv
fast	Build package and focused checks	2026-10-07T06:51:24.0168287Z   /nix/store/jmybxbw5q003m06f47rd2m1n8cajpf2w-codex-missing-input.drv
fast	Build package and focused checks	2026-10-07T06:51:24.0168557Z   /nix/store/nzrcph3l8hv78vav3841y9vdp2bn006r-assemble-codex-package.drv
fast	Build package and focused checks	2026-10-07T06:51:24.0169165Z   /nix/store/sm4r8ha8ky13n0c8apijrz0i982b1zz7-codex-package.json.drv
fast	Build package and focused checks	2026-10-07T06:51:24.0169568Z   /nix/store/x66ya22dcn0nc27c1diansi37lw5ydn6-assemble-codex-package.drv
fast	Build package and focused checks	2026-10-07T06:51:24.0170022Z   /nix/store/xw9js29dbkgh25qjz404dpb4aabx97xz-codex-package-link-fixture.drv
fast	Build package and focused checks	2026-10-07T06:51:24.0190026Z   /nix/store/b8a8b3q75naixliyffpkyb5j0w61sgrp-dev-workspace-codex-package.drv
fast	Build package and focused checks	2026-10-07T06:51:24.0190642Z   /nix/store/cj0vp2zlv36jvvrvqrkcksi7w4pcsznn-dw_0b0e48dd07644577df323079a855db305fc4af141b38ca58.toml.drv
fast	Build package and focused checks	2026-10-07T06:51:24.0191211Z   /nix/store/fy8v9xb7vfjhgybmala7vrh6bx9yfp43-dev-workspace-package.json.drv
fast	Build package and focused checks	2026-10-07T06:51:24.0191697Z   /nix/store/csa9q880rnfbhc8zgmc1yn9dmqfppdsj-dev-workspace-0.2.0.drv
fast	Build package and focused checks	2026-10-07T06:51:24.0192252Z   /nix/store/csrwx8vf0ygcg31ydixl36j49bffpkma-dw_c90b7bb525bbf61c965f29c1410ee9ed161fc60940be5765.toml.drv
fast	Build package and focused checks	2026-10-07T06:51:24.0192914Z   /nix/store/gyfc9rd84q77s4vpbcg2lv327i62abi3-dw_84b722de9406b46866dd4135c9b075644fbe87d202bfe243.toml.drv
fast	Build package and focused checks	2026-10-07T06:51:24.0193485Z   /nix/store/mhhwwi1jzfy9ib16p88910xd7hvqysyr-example-workspace-skill.drv
fast	Build package and focused checks	2026-10-07T06:51:24.0194004Z   /nix/store/vkrmw8ypzmilrgmghc46rglv6yypkscz-dev-workspace-extensions.json.drv
fast	Build package and focused checks	2026-10-07T06:51:24.0194489Z   /nix/store/jmn24vnvvf5i3yxnm5q9nzdfiynbns05-dev-workspace-0.2.0.drv
fast	Build package and focused checks	2026-10-07T06:51:24.0195047Z   /nix/store/k1i6y1z37jdv1fz7z4mp57y87yha69nz-dw_6a9debec60901726c78d13a70b4fe6ad2f264203db9fa7ef.toml.drv
fast	Build package and focused checks	2026-10-07T06:51:24.0195694Z   /nix/store/pzi1q4wbf105hkm481xhad1fzlvi4mm6-dw_96361b7e264d823bb26d6ff78194b428c418a8e2004ba775.toml.drv
fast	Build package and focused checks	2026-10-07T06:51:24.0196284Z   /nix/store/y8v7kkg86sk1b9x13xi4f3h6a88f2akw-dev-workspace-agent-teams.json.drv
fast	Build package and focused checks	2026-10-07T06:51:24.0196751Z   /nix/store/yxrz6kqyllzn63v5yx4d3sr5g1fk17hr-dev-workspace-0.2.0.drv
fast	Build package and focused checks	2026-10-07T06:51:24.0197223Z   /nix/store/n239mmw1j5hqsqr7v37b310kkhb5psl4-dev-workspace-agent-team-catalog.drv
fast	Build package and focused checks	2026-10-07T06:51:24.0197806Z   /nix/store/nxka0vcp19yssv9v96d5cyx5kpxa8kbj-dev-workspace-extension-catalog-validation.drv
fast	Build package and focused checks	2026-10-07T06:51:24.0198420Z   /nix/store/yg2zhfc3xw0gdmdns3alwm2hq99h3akx-dev-workspace-host-package-contract.drv
fast	Build package and focused checks	2026-10-07T06:51:24.0199044Z these 298 paths will be fetched (295.7 MiB download, 2.1 GiB unpacked):
fast	Build package and focused checks	2026-10-07T06:51:24.0199461Z   /nix/store/0x4xf8ad5hzvnd4ya37y6r7xq9p0jn0y-ShellCheck-0.11.0
fast	Build package and focused checks	2026-10-07T06:51:24.0200022Z   /nix/store/spyq8j3kdj6dlbhv5nbnr7a15nficin9-acl-2.4.0
fast	Build package and focused checks	2026-10-07T06:51:24.0200365Z   /nix/store/6fw0jqyxd1hcs1h7jgpw5jbmr01rzhsn-ada-3.4.4
fast	Build package and focused checks	2026-10-07T06:51:24.0200743Z   /nix/store/ymqvnsic2l656bg3d5msk39pjk47s6aw-apache-httpd-2.4.68
fast	Build package and focused checks	2026-10-07T06:51:24.0201111Z   /nix/store/klcp2hn2isdxvjwkq10cxkvv5fn8ng7w-apr-1.7.6
fast	Build package and focused checks	2026-10-07T06:51:24.0201457Z   /nix/store/nsz1338l3faaw43f68w97d10spjllv6n-apr-util-1.6.5
fast	Build package and focused checks	2026-10-07T06:51:24.0201805Z   /nix/store/5055c2cpww9vrjz27yvhssagf1hd5ah6-attr-2.6.0
fast	Build package and focused checks	2026-10-07T06:51:24.0202171Z   /nix/store/4qhmizki1n0i0rp64203wnqff73anv8l-audit-4.2.1-lib
fast	Build package and focused checks	2026-10-07T06:51:24.0202542Z   /nix/store/6b4bajw7kj3pyb9amay795qiicn1gzwp-aws-c-auth-0.9.1
fast	Build package and focused checks	2026-10-07T06:51:24.0203094Z   /nix/store/67d7rs9hz38azp6w3hjx6zd7zlxih25h-aws-c-cal-0.9.2
fast	Build package and focused checks	2026-10-07T06:51:24.0203475Z   /nix/store/cjp9j188a8p8lw8a8dcqmvlr2478wmfs-aws-c-common-0.12.4
fast	Build package and focused checks	2026-10-07T06:51:24.0203886Z   /nix/store/ga9zfcn9i5p3qnsnjyilglhz49c6brmc-aws-c-compression-0.3.1
fast	Build package and focused checks	2026-10-07T06:51:24.0204350Z   /nix/store/fsxbih8cqjkb1f9nv3fsc07a18kyisiz-aws-c-event-stream-0.7.0
fast	Build package and focused checks	2026-10-07T06:51:24.0204774Z   /nix/store/2p1njlxaznf22syr8l5x53ymlhj8lbc1-aws-c-http-0.11.0
fast	Build package and focused checks	2026-10-07T06:51:24.0205163Z   /nix/store/fn422cz3hayvd8sz2iwhykf4f48cj5bn-aws-c-io-0.27.2
fast	Build package and focused checks	2026-10-07T06:51:24.0205542Z   /nix/store/f0k1kpgd7aikykdw7fzw1qplz7qswp10-aws-c-mqtt-0.13.3
fast	Build package and focused checks	2026-10-07T06:51:24.0205934Z   /nix/store/sb2apk3hs8g9ljq80srvhb35ddzbqrcx-aws-c-s3-0.8.7
fast	Build package and focused checks	2026-10-07T06:51:24.0206361Z   /nix/store/99jnamfydw5iwmmnh3w9jn8ksypal4si-aws-c-sdkutils-0.2.4
fast	Build package and focused checks	2026-10-07T06:51:24.0206776Z   /nix/store/gcgbbl2lp2kbhakn56043638lk9dbf88-aws-checksums-0.2.7
fast	Build package and focused checks	2026-10-07T06:51:24.0207189Z   /nix/store/yw45wg7dwysi8cmcbkcdfav09qrqmjj9-aws-crt-cpp-0.34.3
fast	Build package and focused checks	2026-10-07T06:51:24.0207561Z   /nix/store/svx59425zxp552p2b8gm11qj5r09b56i-bash-5.3p15
fast	Build package and focused checks	2026-10-07T06:51:24.0207899Z   /nix/store/rzl7zd3zx56vl7m55x1l49sr4xx2bb7y-bash-5.3p9
fast	Build package and focused checks	2026-10-07T06:51:24.0208287Z   /nix/store/pkf547jp8a92k4wmxikkyby58w10pysr-bash-interactive-5.3p9
fast	Build package and focused checks	2026-10-07T06:51:24.0208739Z   /nix/store/x31m4jm0nncql206nb82y4vr7i5qhwn1-bash-interactive-5.3p9-dev
fast	Build package and focused checks	2026-10-07T06:51:24.0209270Z   /nix/store/7fpa17hpgqqs084lk08j0mwmc5xpbyf4-binutils-2.46
fast	Build package and focused checks	2026-10-07T06:51:24.0209659Z   /nix/store/94ma2ss6ng49ngh9kxjqprikbdw0aapk-binutils-2.46-lib
fast	Build package and focused checks	2026-10-07T06:51:24.0210090Z   /nix/store/25771zf6h2dryp8d3i65gyg17mmphy9v-binutils-wrapper-2.46
fast	Build package and focused checks	2026-10-07T06:51:24.0210495Z   /nix/store/xa2vziacbhijgphb7w8a1dlfqyx32ccc-boehm-gc-8.2.12
fast	Build package and focused checks	2026-10-07T06:51:24.0210865Z   /nix/store/6i41qlsh8gf7vwqp81hhcp19xpzvi5xa-boost-1.89.0
fast	Build package and focused checks	2026-10-07T06:51:24.0211286Z   /nix/store/cmydf95y006dfn7nbckiv7b514j5l78w-brotli-1.2.0
fast	Build package and focused checks	2026-10-07T06:51:24.0211649Z   /nix/store/fks4cgmhydqxs4vqdmqdms775qw9h6m3-brotli-1.2.0-dev
fast	Build package and focused checks	2026-10-07T06:51:24.0212030Z   /nix/store/alffmd3v47nm00x625pwa5viq4z8kbx6-brotli-1.2.0-lib
fast	Build package and focused checks	2026-10-07T06:51:24.0212418Z   /nix/store/kxcgm56aqlvgffr88i2d76zhiklxj3r7-bubblewrap-0.11.2
fast	Build package and focused checks	2026-10-07T06:51:24.0212809Z   /nix/store/y0ra9qr3rz81d9wl7dfrldv3j25dc98q-bubblewrap-0.12.0
fast	Build package and focused checks	2026-10-07T06:51:24.0213203Z   /nix/store/csshf3ycx2wsxjaqrva1vr8rwgp382jw-busybox-1.37.0
fast	Build package and focused checks	2026-10-07T06:51:24.0213575Z   /nix/store/lczq4f5z4yf2h8v0i2w4jcy4bi43qfbs-bzip2-1.0.8
fast	Build package and focused checks	2026-10-07T06:51:24.0213938Z   /nix/store/7mx2y4jcvcninami5vic5hz703ylrhnp-bzip2-1.0.8-bin
fast	Build package and focused checks	2026-10-07T06:51:24.0214317Z   /nix/store/578jnpr5da1i6p1jakpind82n7f5jrnj-c-ares-1.34.8
fast	Build package and focused checks	2026-10-07T06:51:24.0214683Z   /nix/store/adlayqrnssimai4ih5qq5ij6a442yg81-c-ares-1.34.8
fast	Build package and focused checks	2026-10-07T06:51:24.0215081Z   /nix/store/xndxc5hizqpdl8gzkidvzc4yh0jgndi0-c-ares-1.34.8-dev
fast	Build package and focused checks	2026-10-07T06:51:24.0215460Z   /nix/store/a3gjgsziqlvgz5lq20vwkcnmg914qdcl-codex-0.160.0
fast	Build package and focused checks	2026-10-07T06:51:24.0215832Z   /nix/store/gph17gb73p6qbrqqjnypfjj5npf0ldyx-coreutils-9.11
fast	Build package and focused checks	2026-10-07T06:51:24.0216201Z   /nix/store/yh0kaqv6a2z8ck3i55syqmwvzq4b74h7-cracklib-2.10.3
fast	Build package and focused checks	2026-10-07T06:51:24.0216583Z   /nix/store/clr3gc8bxn467jqa9073rl9c4vg7pfyq-cryptsetup-2.8.6
fast	Build package and focused checks	2026-10-07T06:51:24.0216947Z   /nix/store/brrzhh73q6h5c17gi3004svz8659aj52-curl-8.21.0
fast	Build package and focused checks	2026-10-07T06:51:24.0217299Z   /nix/store/74i0gidj7yvd04xnkf6g1ng0hnnv7459-cyrus-sasl-2.1.28
fast	Build package and focused checks	2026-10-07T06:51:24.0217837Z   /nix/store/mgzzwkjcrbvqbi9w7mi4abal8fsh8b1c-db-4.8.30
fast	Build package and focused checks	2026-10-07T06:51:24.0218178Z   /nix/store/3315ljnwvy37hn64b3ixs9w699fpnvx1-db-5.3.28
fast	Build package and focused checks	2026-10-07T06:51:24.0218502Z   /nix/store/sil9g4ywskv2xf8kjz0i8ibqbc3vfq82-die-hook
fast	Build package and focused checks	2026-10-07T06:51:24.0218984Z   /nix/store/9gjcj4ndp2akrqx108qwb56jzc7y7zrk-diffutils-3.12
fast	Build package and focused checks	2026-10-07T06:51:24.0219394Z   /nix/store/g5vv20l7ydhw8kaqfzbnbr2qdbmfilpp-dns-root-data-2025-04-14
fast	Build package and focused checks	2026-10-07T06:51:24.0219798Z   /nix/store/dr39hxzm5k6xcsdg3i9c4mwpw6an4izk-ed-1.22.5
fast	Build package and focused checks	2026-10-07T06:51:24.0220228Z   /nix/store/q3qzi4hjp44k5ikk9i4nc7ib2y2z6q50-editline-1.17.1-unstable-2025-05-24
fast	Build package and focused checks	2026-10-07T06:51:24.0220682Z   /nix/store/cvv2iqql2vijlyxvfrijhzq7bvzvbwdl-elfutils-0.194
fast	Build package and focused checks	2026-10-07T06:51:24.0221221Z   /nix/store/v9292g3rbx7r43sxm6hfzqspl05xngr9-expand-response-params
fast	Build package and focused checks	2026-10-07T06:51:24.0221624Z   /nix/store/x06hz419w6lkhh8qxaa353zw1h47snfx-expat-2.8.3
fast	Build package and focused checks	2026-10-07T06:51:24.0221953Z   /nix/store/qicb9wk67c30wwplxlpx3a2f44bzrmmm-file-5.47
fast	Build package and focused checks	2026-10-07T06:51:24.0222303Z   /nix/store/jwq26byp7q4mxqg3yqqq4vgsabs7yknm-findutils-4.10.0
fast	Build package and focused checks	2026-10-07T06:51:24.0222666Z   /nix/store/m7wg7cj2vw3n6a0pcl3fzbqfm0qsawmd-gawk-5.4.1
fast	Build package and focused checks	2026-10-07T06:51:24.0222999Z   /nix/store/2limljgc50jy76vg388ldgggcjhhkhav-gcc-15.2.0
fast	Build package and focused checks	2026-10-07T06:51:24.0223343Z   /nix/store/z0n70pxyzi87why1bcq81zgd7b924nfj-gcc-15.2.0-lib
fast	Build package and focused checks	2026-10-07T06:51:24.0223710Z   /nix/store/k8rbpjlq071djhghgnxm2kcng6h2b035-gcc-15.2.0-libgcc
fast	Build package and focused checks	2026-10-07T06:51:24.0224084Z   /nix/store/604gsr59rj7dzd0nrhp143rpvf7gyiaz-gcc-15.3.0-lib
fast	Build package and focused checks	2026-10-07T06:51:24.0224452Z   /nix/store/wkiqjb44n5k0fwhmc523dvflspd47q3b-gcc-15.3.0-libgcc
fast	Build package and focused checks	2026-10-07T06:51:24.0224852Z   /nix/store/c7c0yarb87cv4jxlyr02dxryrlmyi232-gcc-wrapper-15.2.0
fast	Build package and focused checks	2026-10-07T06:51:24.0225245Z   /nix/store/7jdvx1gj6a7sy34iz68jblp6is6h980b-gdbm-1.26-lib
fast	Build package and focused checks	2026-10-07T06:51:24.0225591Z   /nix/store/db8cwzsgxv3lijvf18kqvjjbylm5hrpi-gettext-1.0
fast	Build package and focused checks	2026-10-07T06:51:24.0225932Z   /nix/store/3s30bx260fwz83bappii7nzx6dywlvjm-gh-2.99.0
fast	Build package and focused checks	2026-10-07T06:51:24.0226298Z   /nix/store/nly4cml071i82515r89rpdw38z55wjqd-git-2.54.0
fast	Build package and focused checks	2026-10-07T06:51:24.0226815Z   /nix/store/j6db4k0sk3yylzsb4ab1qqry4dqhn4yj-git-2.54.0-doc
fast	Build package and focused checks	2026-10-07T06:51:24.0227207Z   /nix/store/g14fri80i39za36cqhi5pxrprnwp0kaj-git-minimal-2.54.0
fast	Build package and focused checks	2026-10-07T06:51:24.0227582Z   /nix/store/m07h00fl6538s4gavrp66a20ka4hg7fy-glibc-2.42-67
fast	Build package and focused checks	2026-10-07T06:51:24.0227965Z   /nix/store/lzi4zg1ngjwqfjs0wyjf6bwrcl814mxb-glibc-2.42-67-bin
fast	Build package and focused checks	2026-10-07T06:51:24.0228353Z   /nix/store/2rgc5gn3a2qids4bhjaq2g1l1r2i1637-glibc-2.42-67-dev
fast	Build package and focused checks	2026-10-07T06:51:24.0228735Z   /nix/store/lm3pknxi0ipypy3lxh1wmm8wvvavdwrn-glibc-2.42-84
fast	Build package and focused checks	2026-10-07T06:51:24.0229207Z   /nix/store/5vn2y0vssyv4bw9ax2fb6k3mchqpiszy-gmp-6.3.0
fast	Build package and focused checks	2026-10-07T06:51:24.0229573Z   /nix/store/00xp873b65inf04i1v9b46zkdqwszlp4-gmp-with-cxx-6.3.0
fast	Build package and focused checks	2026-10-07T06:51:24.0229977Z   /nix/store/pp5x67y8iy6wj09xndk4grjgjdizbw24-gmp-with-cxx-6.3.0
fast	Build package and focused checks	2026-10-07T06:51:24.0230389Z   /nix/store/zdw32wbs1kgbwy9xiy6vss0748snc6rq-gnu-config-2024-01-01
fast	Build package and focused checks	2026-10-07T06:51:24.0230784Z   /nix/store/sacz532zgiacvg7mva9v6gbfmyw427i3-gnugrep-3.12
fast	Build package and focused checks	2026-10-07T06:51:24.0231154Z   /nix/store/9wyldz5qids294k9h5qcg1f72i52jidi-gnumake-4.4.1
fast	Build package and focused checks	2026-10-07T06:51:24.0231498Z   /nix/store/svl89366pvzz5s3myh1fjniz9l0x17fh-gnused-4.10
fast	Build package and focused checks	2026-10-07T06:51:24.0231828Z   /nix/store/c7g9dm6l2s33v60k8r6y7p1bc0vxd2ww-gnutar-1.35
fast	Build package and focused checks	2026-10-07T06:51:24.0234065Z   /nix/store/l4qnlbca31jvyh0sdg5qqbqkh48z1q19-gnutar-1.35
fast	Build package and focused checks	2026-10-07T06:51:24.0234415Z   /nix/store/3lzmjbp0wxj4bjmaj286n2dyfkd49wr3-gnutls-3.8.13
fast	Build package and focused checks	2026-10-07T06:51:24.0234752Z   /nix/store/3yh8g6m3balbhzxsx77jlyyx443bxqii-go-1.26.6
fast	Build package and focused checks	2026-10-07T06:51:24.0235092Z   /nix/store/2722ncq58c1amdv6g6nv5d1wvab30p0r-gzip-1.14
fast	Build package and focused checks	2026-10-07T06:51:24.0235434Z   /nix/store/07691h50630my15fdg1syr9f2ip7y0ca-hwloc-2.13.0-lib
fast	Build package and focused checks	2026-10-07T06:51:24.0235806Z   /nix/store/d5jj34synqyn1bc5n362pric9a695a0h-iana-etc-20251215
fast	Build package and focused checks	2026-10-07T06:51:24.0236165Z   /nix/store/qnphs4p3xbzfkyk441wprkxj1qaq72h1-icu4c-76.1
fast	Build package and focused checks	2026-10-07T06:51:24.0236496Z   /nix/store/cz475scig3p2izkifj87ddhyahid0kzz-icu4c-78.3
fast	Build package and focused checks	2026-10-07T06:51:24.0236980Z   /nix/store/r5rzl636h2nycrk4bd97mi9k3dr3xpky-icu4c-78.3-dev
fast	Build package and focused checks	2026-10-07T06:51:24.0237362Z   /nix/store/v2i3m4k78qypvizq4igm1izik677c47p-install-shell-files
fast	Build package and focused checks	2026-10-07T06:51:24.0237731Z   /nix/store/a3kf83l5r79a5q17wwp4czb68vn21gz9-isl-0.20
fast	Build package and focused checks	2026-10-07T06:51:24.0238066Z   /nix/store/fcdnw6i2vcl50r3iphnd6kqnsa1vkakh-jq-1.8.2
fast	Build package and focused checks	2026-10-07T06:51:24.0238423Z   /nix/store/vkjzswzi7r1ayxa0xr920bjrzmi04x7v-jq-1.8.2-bin
fast	Build package and focused checks	2026-10-07T06:51:24.0238950Z   /nix/store/k0fp99fy7jax071p17hmwbbi60b8h3gf-jq-1.8.2-dev
fast	Build package and focused checks	2026-10-07T06:51:24.0239316Z   /nix/store/6rmlfwsnc8320am0wndc12rhqqm3llzr-json-c-0.18
fast	Build package and focused checks	2026-10-07T06:51:24.0239660Z   /nix/store/9s979hn0m0bn4r03xggga0pcd4diny7b-kbd-2.9.0
fast	Build package and focused checks	2026-10-07T06:51:24.0240035Z   /nix/store/6cyzyibzva7cnys2adj9z8lbqd3xz034-kexec-tools-2.0.32
fast	Build package and focused checks	2026-10-07T06:51:24.0240570Z   /nix/store/hlki0nb8yfbvb67bam4sqns33h0mw02y-keyutils-1.6.3-lib
fast	Build package and focused checks	2026-10-07T06:51:24.0240942Z   /nix/store/ahni4ky7vcyga5rkfk6yil6g0293qyvk-kmod-31
fast	Build package and focused checks	2026-10-07T06:51:24.0241289Z   /nix/store/91k9r1ksqdan1dnc8kmkdv29cwbr2b6h-kmod-31-lib
fast	Build package and focused checks	2026-10-07T06:51:24.0241655Z   /nix/store/v6ibq54l47kz8m62gm5p4dqr8sjgy4c9-krb5-1.22.2-lib
fast	Build package and focused checks	2026-10-07T06:51:24.0242052Z   /nix/store/3syvw6qrdv5bpnqkjirvjp1idnfb8b7r-libapparmor-4.1.7
fast	Build package and focused checks	2026-10-07T06:51:24.0242491Z   /nix/store/p0znk6v2nv5vwq7kjqylnhv7zskzdhxf-libarchive-3.8.8-lib
fast	Build package and focused checks	2026-10-07T06:51:24.0242914Z   /nix/store/6dfcwgp47y4syzqgzhc01vgjv0wl24pa-libblake3-1.8.5
fast	Build package and focused checks	2026-10-07T06:51:24.0243300Z   /nix/store/bddz6wynx2d6cs66d9b32qsw26s6wavw-libbpf-1.7.0
fast	Build package and focused checks	2026-10-07T06:51:24.0243668Z   /nix/store/r74c1k3sqjjw1g8qg0p2rcjai8xdyqjh-libbsd-0.12.2
fast	Build package and focused checks	2026-10-07T06:51:24.0244048Z   /nix/store/kfp7inqfq9s0q012j35vagqvqpmgxs5z-libcap-2.77-lib
fast	Build package and focused checks	2026-10-07T06:51:24.0244435Z   /nix/store/14d3d88vjg0wamvlwcknw6jkypgv7vv2-libcap-2.78-lib
fast	Build package and focused checks	2026-10-07T06:51:24.0244827Z   /nix/store/0q9vgj48awrcm6l14fccdbjjqsbmh921-libcap-ng-0.9.3
fast	Build package and focused checks	2026-10-07T06:51:24.0245217Z   /nix/store/4xyis60wzqx4ib55rwh9x3997p2s8ngx-libcbor-0.13.0
fast	Build package and focused checks	2026-10-07T06:51:24.0245604Z   /nix/store/pcy0rcpy1dhlvd5h6dkhcv0a85fzs1db-libcpuid-0.8.1
fast	Build package and focused checks	2026-10-07T06:51:24.0245985Z   /nix/store/1xx48dpf3glksrr9hc61fvkxjnarj8ix-libev-4.33
fast	Build package and focused checks	2026-10-07T06:51:24.0246338Z   /nix/store/spghpxf37g1lnkmlrx7kj7k8i9hazvkl-libevent-2.1.13
fast	Build package and focused checks	2026-10-07T06:51:24.0246694Z   /nix/store/br4ikmi388vrj4bf8kd9nb3k2kiqprc0-libffi-3.8.0
fast	Build package and focused checks	2026-10-07T06:51:24.0247049Z   /nix/store/9krwrb9a6b9kmqlfh0gdv0g73mq81if4-libfido2-1.17.0
fast	Build package and focused checks	2026-10-07T06:51:24.0247433Z   /nix/store/vwwzgbrpk2cddxbhmj3b2569cnf5yilc-libgcrypt-1.12.2-lib
fast	Build package and focused checks	2026-10-07T06:51:24.0247811Z   /nix/store/2x7810p4cwkk0psriydhqbyl54yb92z0-libgit2-1.9.7-lib
fast	Build package and focused checks	2026-10-07T06:51:24.0248180Z   /nix/store/r342d1ndm1sb442i436kzp9pvj7sp5y8-libgpg-error-1.59
fast	Build package and focused checks	2026-10-07T06:51:24.0248545Z   /nix/store/i3jw341xs88r6wxf1j22rjx1mmd8cfjw-libidn2-2.3.8
fast	Build package and focused checks	2026-10-07T06:51:24.0249032Z   /nix/store/xidgjdv05b8yz6w6qrhk4mmjxm4l2zjf-libidn2-2.3.8
fast	Build package and focused checks	2026-10-07T06:51:24.0249379Z   /nix/store/g4v56b4x1cx5rdhgaim1aykld24f9w5g-libmd-1.1.0
fast	Build package and focused checks	2026-10-07T06:51:24.0249744Z   /nix/store/vd4c701jdbym69njq5ak0bfih88d5w94-libmicrohttpd-1.0.2
fast	Build package and focused checks	2026-10-07T06:51:24.0250121Z   /nix/store/pgs48ablqv4332cf7m5vkn5pp2bbx2aq-libmpc-1.4.0
fast	Build package and focused checks	2026-10-07T06:51:24.0250473Z   /nix/store/kp7qcdqfxcn1wg2fzszf0x3ra89n4akx-libpsl-0.21.5
fast	Build package and focused checks	2026-10-07T06:51:24.0250866Z   /nix/store/fyp5g3kpfiiaxw9lsbakxms2ll4q8a8d-libpwquality-1.4.5-lib
fast	Build package and focused checks	2026-10-07T06:51:24.0251288Z   /nix/store/31qzjx1vrkwcrl4zlhiarn2y9ynpyxr5-libseccomp-2.6.1-lib
fast	Build package and focused checks	2026-10-07T06:51:24.0251677Z   /nix/store/fzb48w1j5v4pdqzf76hwgvr2angalsv0-libselinux-3.10
fast	Build package and focused checks	2026-10-07T06:51:24.0252049Z   /nix/store/mfc0xafdywls4v0ynqgjn1plv74b82qg-libselinux-3.10
fast	Build package and focused checks	2026-10-07T06:51:24.0252497Z   /nix/store/vs6w5krsc2n319mxm3fd6bmy3fzv6rvc-libsodium-1.0.22-unstable-2026-04-09
fast	Build package and focused checks	2026-10-07T06:51:24.0252943Z   /nix/store/m905d92wqbq630rz24r8jcfhfizvmn0i-libssh2-1.11.1
fast	Build package and focused checks	2026-10-07T06:51:24.0253305Z   /nix/store/2ilkb5g4armlzzp19kzr2g553mgvrg7f-libtasn1-4.21.0
fast	Build package and focused checks	2026-10-07T06:51:24.0253672Z   /nix/store/4m2avzpp36cjmj52vy11mqr5icdxnfgk-libtool-2.5.4-lib
fast	Build package and focused checks	2026-10-07T06:51:24.0254034Z   /nix/store/8rgv6y4hsjfjj80582gzswhi6ld10942-libtpms-0.10.2
fast	Build package and focused checks	2026-10-07T06:51:24.0254512Z   /nix/store/bv3lx708clpz3m6zbd5742np4dlry0yj-libunistring-1.4.2
fast	Build package and focused checks	2026-10-07T06:51:24.0254916Z   /nix/store/fp6wnyklwzdncp0nvhdy9d5fnir0mjq5-libunistring-1.4.2
fast	Build package and focused checks	2026-10-07T06:51:24.0255329Z   /nix/store/3a1nicxmjajbpna6jxg4zxmkdgs38qra-libutempter-1.2.3
fast	Build package and focused checks	2026-10-07T06:51:24.0255727Z   /nix/store/b5sk57mhn6kr5cg98nvv9j7nyhwgj2gf-libuv-1.52.1
fast	Build package and focused checks	2026-10-07T06:51:24.0256101Z   /nix/store/b9y01aknbnqrglnrg6x31ncnjfvyn221-libuv-1.52.1-dev
fast	Build package and focused checks	2026-10-07T06:51:24.0256485Z   /nix/store/k5j2kwjcap1zgdh4xn1fvvlsrzy55g1i-libxcrypt-4.5.2
fast	Build package and focused checks	2026-10-07T06:51:24.0256874Z   /nix/store/pi4h22d7id0z6hjjf7jg6djbbhszb379-libxml2-2.15.3
fast	Build package and focused checks	2026-10-07T06:51:24.0257240Z   /nix/store/3k33w814z40z6nlxq0wxsm2fani7ijpb-libyaml-0.2.5
fast	Build package and focused checks	2026-10-07T06:51:24.0257748Z   /nix/store/dmpn2sl84sqf9fskr16qwp4pbs5nm729-linux-headers-6.18.7
fast	Build package and focused checks	2026-10-07T06:51:24.0258162Z   /nix/store/khbxm3c02xklnz8jgh4cdikkgz73ssh2-linux-pam-1.7.2
fast	Build package and focused checks	2026-10-07T06:51:24.0258530Z   /nix/store/1b33vj4q35nqkswznwkhnhzwk5sy6q5h-llhttp-9.4.3
fast	Build package and focused checks	2026-10-07T06:51:24.0259018Z   /nix/store/7d9dcvf8v7mdw1d6qkzywqkx5zcpwf0m-llhttp-9.4.3-dev
fast	Build package and focused checks	2026-10-07T06:51:24.0259422Z   /nix/store/1y3r9lplj9xkh98figa0hs8lgpxhanvy-lowdown-3.0.1-lib
fast	Build package and focused checks	2026-10-07T06:51:24.0259817Z   /nix/store/kp4khgx2g67v63zwgazg99p196s71q6z-lvm2-2.03.39-lib
fast	Build package and focused checks	2026-10-07T06:51:24.0260160Z   /nix/store/jppkk85maz6qjjk7s6s6l45h53fjvzs1-lynx-2.9.2
fast	Build package and focused checks	2026-10-07T06:51:24.0260517Z   /nix/store/0c9jfzpjfh1d5ibzvwprn8qpb6z6sl61-lz4-1.10.0-lib
fast	Build package and focused checks	2026-10-07T06:51:24.0260899Z   /nix/store/9mikxas901qn0r2j1baqfv7pdd36n23m-mailcap-2.1.54
fast	Build package and focused checks	2026-10-07T06:51:24.0261299Z   /nix/store/bnpp6hwrlvcdyijh5fpqyn13m11sy8rp-make-shell-wrapper-hook
fast	Build package and focused checks	2026-10-07T06:51:24.0261722Z   /nix/store/v87pkvz8m4w5dfgimw1gzv3lsc8baf1d-merve-1.2.2
fast	Build package and focused checks	2026-10-07T06:51:24.0262090Z   /nix/store/c0svc5a4vmj5bf1k23xgzlgxf3nk7wfa-mpdecimal-4.0.1
fast	Build package and focused checks	2026-10-07T06:51:24.0262452Z   /nix/store/b5rhsn8f1ml8hfml2r5i2r3w5ky3mj1n-mpfr-4.2.2
fast	Build package and focused checks	2026-10-07T06:51:24.0262807Z   /nix/store/49ma9vimj6wlsbrhqsra6g6fzvsj6shh-ncurses-6.6
fast	Build package and focused checks	2026-10-07T06:51:24.0263172Z   /nix/store/9v95cv7bjjv4admfqxrvcxlvjk3k638k-nettle-3.10.2
fast	Build package and focused checks	2026-10-07T06:51:24.0263539Z   /nix/store/8dq9wd2hkgh5dqvg32wg1p5zn6rlydbc-nghttp2-1.69.0
fast	Build package and focused checks	2026-10-07T06:51:24.0263931Z   /nix/store/xk7x0m6n0yhs9p6dmhxlah0v625fs332-nghttp2-1.69.0-dev
fast	Build package and focused checks	2026-10-07T06:51:24.0264346Z   /nix/store/p314bwbyiw87wssqwvxl9y4c3cmmxklj-nghttp2-1.69.0-lib
fast	Build package and focused checks	2026-10-07T06:51:24.0264733Z   /nix/store/xharm39n4viqb8d6lbmwynlnx2ih8zr2-nghttp3-1.15.0
fast	Build package and focused checks	2026-10-07T06:51:24.0265105Z   /nix/store/hbnl13kyqd616w0dpvcq4v4kpd9gnf5a-nghttp3-1.15.0-dev
fast	Build package and focused checks	2026-10-07T06:51:24.0265469Z   /nix/store/ylm8cvvqs455m3cnfqlx08hh8k81ijj0-ngtcp2-1.22.1
fast	Build package and focused checks	2026-10-07T06:51:24.0265832Z   /nix/store/qmsk1djpcw923mhqn8qr82jpf5jhmcby-ngtcp2-1.22.1-dev
fast	Build package and focused checks	2026-10-07T06:51:24.0266185Z   /nix/store/b8y93ncn8bqndj3iid6lla4hvjhhy9ps-nix-2.34.8
fast	Build package and focused checks	2026-10-07T06:51:24.0266514Z   /nix/store/i4bv0lvk0gfzllcy2kqgz3iam0aw4c4i-nix-2.34.8
fast	Build package and focused checks	2026-10-07T06:51:24.0266855Z   /nix/store/6likqwy33cgh1whw1fmn7a958cqw1r01-nix-cmd-2.34.8
fast	Build package and focused checks	2026-10-07T06:51:24.0267215Z   /nix/store/g24g3y8qrn3jwgfnzq99m3c82cl2k4mz-nix-expr-2.34.8
fast	Build package and focused checks	2026-10-07T06:51:24.0267596Z   /nix/store/jd31avabsm15zfjmidymhcwrw54fmfhm-nix-fetchers-2.34.8
fast	Build package and focused checks	2026-10-07T06:51:24.0267976Z   /nix/store/ab6cflwqj1006lwlghw9vvfc8v467n3i-nix-flake-2.34.8
fast	Build package and focused checks	2026-10-07T06:51:24.0268346Z   /nix/store/ssrjh8dwzzj1vb2xsyp74sp9any5f1fi-nix-main-2.34.8
fast	Build package and focused checks	2026-10-07T06:51:24.0268733Z   /nix/store/sxprxq1lzq4jv37ay63vy4ad5d4ga2fx-nix-nswrapper-2.34.8
fast	Build package and focused checks	2026-10-07T06:51:24.0269227Z   /nix/store/ra1885ms4h4wajgg1pzmxjk6ijdqq609-nix-store-2.34.8
fast	Build package and focused checks	2026-10-07T06:51:24.0269619Z   /nix/store/qs56yj9gzlv1k8fjzvcd2vlpm9v57hfz-nix-util-2.34.8
fast	Build package and focused checks	2026-10-07T06:51:24.0270006Z   /nix/store/l07gdbxylzfl8pbx9pxy6fyg95w4hjwy-nodejs-24.19.0
fast	Build package and focused checks	2026-10-07T06:51:24.0270425Z   /nix/store/vqx34n14yfdalm5s4wy27r7nszpqjq80-nodejs-24.19.0-source
fast	Build package and focused checks	2026-10-07T06:51:24.0270905Z   /nix/store/j6jxwclhmyg6fig1id205nxy2r37qjz1-nodejs-install-executables
fast	Build package and focused checks	2026-10-07T06:51:24.0271376Z   /nix/store/pidi7y7vahin26j8gbhlfxlylzffkrv9-nodejs-install-manuals
fast	Build package and focused checks	2026-10-07T06:51:24.0271792Z   /nix/store/3307vfpkpybyzf4w7mcn1pavnylsvb35-nodejs-slim-24.19.0
fast	Build package and focused checks	2026-10-07T06:51:24.0272381Z   /nix/store/dgyzn5y1mj9ma898wl5k5zk5b2z5w8h6-nodejs-slim-24.19.0-corepack
fast	Build package and focused checks	2026-10-07T06:51:24.0272862Z   /nix/store/h3mfr4gywqcmdsiiiqv2dp5cz8x79kb0-nodejs-slim-24.19.0-npm
fast	Build package and focused checks	2026-10-07T06:51:24.0273285Z   /nix/store/6vzn8vnmblh54l1919anm8367x89bry1-npm-build-hook
fast	Build package and focused checks	2026-10-07T06:51:24.0273676Z   /nix/store/cxi6ijhqcgrfr9f49p59ffhx0pmyr5jq-npm-config-hook
fast	Build package and focused checks	2026-10-07T06:51:24.0274053Z   /nix/store/iv1lryg8qsk9rfm9hs3g6kyb34jzgydz-npm-install-hook
fast	Build package and focused checks	2026-10-07T06:51:24.0274455Z   /nix/store/206m56yfhycp91zp3y6ry3ddirqflnxs-nss-cacert-3.126
fast	Build package and focused checks	2026-10-07T06:51:24.0274835Z   /nix/store/4sjg21zq04394ci22lj67vgpw7ykw9bg-numactl-2.0.18
fast	Build package and focused checks	2026-10-07T06:51:24.0275211Z   /nix/store/vvs4k6c58b8hq66346hrpks726qns0ig-onetbb-2022.3.0
fast	Build package and focused checks	2026-10-07T06:51:24.0275715Z   /nix/store/5kz6vjgp8wf8c0qyczgbv980kaj93wb0-oniguruma-6.9.10-lib
fast	Build package and focused checks	2026-10-07T06:51:24.0276176Z   /nix/store/7k53rdwgxyd7ahswq3qqq7vvl9h6x6hm-openldap-2.6.13
fast	Build package and focused checks	2026-10-07T06:51:24.0276559Z   /nix/store/14cfdqp8w2iw188vhjfaz2wg8pzbghp3-openssl-3.6.3
fast	Build package and focused checks	2026-10-07T06:51:24.0276950Z   /nix/store/gqv7phqvmll7dprdmya6102ph64wvj0h-openssl-3.6.3-bin
fast	Build package and focused checks	2026-10-07T06:51:24.0277362Z   /nix/store/6snylzb0haf89m5xwkc7x9vvinkcmj41-openssl-3.6.3-dev
fast	Build package and focused checks	2026-10-07T06:51:24.0277756Z   /nix/store/yj34vymbqf7mf4lmffipy8jqc4kwr1mc-openssl-3.6.4
fast	Build package and focused checks	2026-10-07T06:51:24.0278141Z   /nix/store/4l0jkaf7zavzdyjbqzi39cyk1j9ds8g2-p11-kit-0.26.2
fast	Build package and focused checks	2026-10-07T06:51:24.0278506Z   /nix/store/6w1adb545ayza5syyj4d6xscgn66jcws-patch-2.8
fast	Build package and focused checks	2026-10-07T06:51:24.0278992Z   /nix/store/4vyxba4g4palzf88c3ibbabzagqhlrj8-patchelf-0.15.2
fast	Build package and focused checks	2026-10-07T06:51:24.0279363Z   /nix/store/j5m1y5k6qp5iwb23j5k6w2y8ffv9lxvl-pcre2-10.46
fast	Build package and focused checks	2026-10-07T06:51:24.0279718Z   /nix/store/6vqahj875znq0wlsy1bg926yki3d5m4r-pcre2-10.48
fast	Build package and focused checks	2026-10-07T06:51:24.0280104Z   /nix/store/07j8s1c7qnlkdi1dk2zvjh3wp65ykb3d-pcsclite-2.4.1-lib
fast	Build package and focused checks	2026-10-07T06:51:24.0280492Z   /nix/store/jksq0zyk08l29w4alp0g3ycgx6pwwjdk-perl-5.42.0
fast	Build package and focused checks	2026-10-07T06:51:24.0280911Z   /nix/store/05639sga8mh1pdqxr1qh2ad4k3g4lcbc-perl5.42.0-Authen-SASL-2.1900
fast	Build package and focused checks	2026-10-07T06:51:24.0281414Z   /nix/store/0xh4c4lwpji5qk6g8ykrnk6crg2ghidi-perl5.42.0-CGI-4.59
fast	Build package and focused checks	2026-10-07T06:51:24.0281847Z   /nix/store/g5as98krv347sxvnhj32zmk6yjl70l6r-perl5.42.0-CGI-Fast-2.16
fast	Build package and focused checks	2026-10-07T06:51:24.0282297Z   /nix/store/jqhi0ij0kps9qlmhbfvv4p79vrzqgxa5-perl5.42.0-Clone-0.46
fast	Build package and focused checks	2026-10-07T06:51:24.0282753Z   /nix/store/aac94sz1984p0imq0vkggcfwxb0zg90s-perl5.42.0-Crypt-URandom-0.55
fast	Build package and focused checks	2026-10-07T06:51:24.0283243Z   /nix/store/3z3kh4xaphd7ch6z8v4ba8mby4hbk8r3-perl5.42.0-Digest-HMAC-1.05
fast	Build package and focused checks	2026-10-07T06:51:24.0283724Z   /nix/store/d36zb1vr3asbap18754r6n17w53fnjy3-perl5.42.0-Encode-Locale-1.05
fast	Build package and focused checks	2026-10-07T06:51:24.0284192Z   /nix/store/0c06gwsqg8myflxlgp7ghf1kynay2xpa-perl5.42.0-FCGI-0.82
fast	Build package and focused checks	2026-10-07T06:51:24.0284673Z   /nix/store/mq49hv45ixrdf439sjjh4dxzi353pakd-perl5.42.0-FCGI-ProcManager-0.28
fast	Build package and focused checks	2026-10-07T06:51:24.0285190Z   /nix/store/76jgywp0n2wwjjqfs2m9nmzmfcmacnxx-perl5.42.0-File-Listing-6.16
fast	Build package and focused checks	2026-10-07T06:51:24.0285686Z   /nix/store/4mzmx837vrpkmfl1p20xnzqbf6i9cw7m-perl5.42.0-HTML-Parser-3.81
fast	Build package and focused checks	2026-10-07T06:51:24.0286180Z   /nix/store/hpfyw95b5jsfy82gmmzc2ykgk6m04jrr-perl5.42.0-HTML-TagCloud-0.38
fast	Build package and focused checks	2026-10-07T06:51:24.0286667Z   /nix/store/63d25xpzv2hbdy2qd7swpis9833j05dr-perl5.42.0-HTML-Tagset-3.20
fast	Build package and focused checks	2026-10-07T06:51:24.0287165Z   /nix/store/311n32nxyzwdrysglz252c9r5zl0ash6-perl5.42.0-HTTP-CookieJar-0.014
fast	Build package and focused checks	2026-10-07T06:51:24.0287661Z   /nix/store/vrhqx32ab3rc44jhds8w0fnbh37my9f9-perl5.42.0-HTTP-Cookies-6.10
fast	Build package and focused checks	2026-10-07T06:51:24.0288161Z   /nix/store/a1qm3gjk755d4f234sfbzwic35v72sa6-perl5.42.0-HTTP-Daemon-6.17
fast	Build package and focused checks	2026-10-07T06:51:24.0288638Z   /nix/store/fnh4jyygw5ddkviwrxv4vqm0apk4gf5c-perl5.42.0-HTTP-Date-6.06
fast	Build package and focused checks	2026-10-07T06:51:24.0289236Z   /nix/store/jyrwf1dy0bazpd8r4npdpraw75rkzjab-perl5.42.0-HTTP-Message-6.45
fast	Build package and focused checks	2026-10-07T06:51:24.0289755Z   /nix/store/imbfqwcwxxq5l5pjmdynzkjnpyidnvhb-perl5.42.0-HTTP-Negotiate-6.01
fast	Build package and focused checks	2026-10-07T06:51:24.0290251Z   /nix/store/0p5lqx5x6rq5zc7i8p0wzi8f6qxwp3xg-perl5.42.0-IO-HTML-1.004
fast	Build package and focused checks	2026-10-07T06:51:24.0290738Z   /nix/store/cvbv2sy440wsxdy4qih07zs9dxbgaway-perl5.42.0-IO-Socket-SSL-2.083
fast	Build package and focused checks	2026-10-07T06:51:24.0291405Z   /nix/store/wlmdlyi5kmr2xz1g1vfkr6py1sw1zfqs-perl5.42.0-LWP-MediaTypes-6.04
fast	Build package and focused checks	2026-10-07T06:51:24.0291915Z   /nix/store/dar4ar8k14vf63ljpxh97vzmam2wf8pj-perl5.42.0-Mozilla-CA-20230821
fast	Build package and focused checks	2026-10-07T06:51:24.0292401Z   /nix/store/mv7js9abwl9b9z0rdpck8j5dcxanik1m-perl5.42.0-Net-HTTP-6.23
fast	Build package and focused checks	2026-10-07T06:51:24.0292874Z   /nix/store/rjp276df0zhsj8n7cby0b2c2p38syxp6-perl5.42.0-Net-SMTP-SSL-1.04
fast	Build package and focused checks	2026-10-07T06:51:24.0293359Z   /nix/store/2zxi6qwachad8jl4yihzmsnnw4jz1w6i-perl5.42.0-Net-SSLeay-1.92
fast	Build package and focused checks	2026-10-07T06:51:24.0293842Z   /nix/store/dzllx5lks09a7nkd1xg78fypv2mvp8hc-perl5.42.0-TermReadKey-2.38
fast	Build package and focused checks	2026-10-07T06:51:24.0294321Z   /nix/store/s8gs7nz5dc2qam4janlv977579fw8s3k-perl5.42.0-Test-Fatal-0.017
fast	Build package and focused checks	2026-10-07T06:51:24.0294915Z   /nix/store/9s60b4i5rpxfpsj4kvvrqh2sjid3wjwd-perl5.42.0-Test-Needs-0.002010
fast	Build package and focused checks	2026-10-07T06:51:24.0295453Z   /nix/store/v13pc8z31rz00l93yfprg92bvzjarxis-perl5.42.0-Test-RequiresInternet-0.05
fast	Build package and focused checks	2026-10-07T06:51:24.0295965Z   /nix/store/y96fyxjlif2yy612mf3gd42rjfh4l5jp-perl5.42.0-TimeDate-2.33
fast	Build package and focused checks	2026-10-07T06:51:24.0296427Z   /nix/store/jcn9f1bsjv1hbbbh3jq08wn200db40ni-perl5.42.0-Try-Tiny-0.31
fast	Build package and focused checks	2026-10-07T06:51:24.0296853Z   /nix/store/a9k3m5n456klvh23lrj3q8yr547zm9zb-perl5.42.0-URI-5.21
fast	Build package and focused checks	2026-10-07T06:51:24.0297300Z   /nix/store/flsbq93l62k6f57y820i5gvksa216qcx-perl5.42.0-WWW-RobotRules-6.02
fast	Build package and focused checks	2026-10-07T06:51:24.0297764Z   /nix/store/szjv0yn8lsbsa1wlwljjyhga3w3yn0w0-perl5.42.0-libnet-3.15
fast	Build package and focused checks	2026-10-07T06:51:24.0298230Z   /nix/store/yvxj18wrfjd1nfsid988lc9ixhzi174m-perl5.42.0-libwww-perl-6.72
fast	Build package and focused checks	2026-10-07T06:51:24.0298701Z   /nix/store/iwh5cb5i5xxqad0mpyf8anjbwmvm90jl-prefetch-npm-deps-0.1.0
fast	Build package and focused checks	2026-10-07T06:51:24.0299341Z   /nix/store/zifx9q7kjslmajccpv3hwrw2v9n27kdd-publicsuffix-list-0-unstable-2026-05-13
fast	Build package and focused checks	2026-10-07T06:51:24.0299854Z   /nix/store/xqnbm0vgqcq9b1b54c80qj9s0qhbwa08-python3-3.13.15
fast	Build package and focused checks	2026-10-07T06:51:24.0300244Z   /nix/store/4q7k51hkcbi3zxqphp42wmlpn6c1a5j3-python3-3.13.15-env
fast	Build package and focused checks	2026-10-07T06:51:24.0300685Z   /nix/store/wzgqpl7jl8wkg4lr5gw7ficd9diypv2c-python3.13-attrs-26.1.0
fast	Build package and focused checks	2026-10-07T06:51:24.0301158Z   /nix/store/i3cmnhjlscrkyqzw0aq0l3dl3dkcnk7q-python3.13-jsonpath-ng-1.7.0
fast	Build package and focused checks	2026-10-07T06:51:24.0301634Z   /nix/store/r37l2nqy6ixyq3xjqc82ww56is3rdxld-python3.13-jsonschema-4.26.0
fast	Build package and focused checks	2026-10-07T06:51:24.0302208Z   /nix/store/dr930m0jx9m05xipzrlnpp91kniahq49-python3.13-jsonschema-specifications-2025.9.1
fast	Build package and focused checks	2026-10-07T06:51:24.0302719Z   /nix/store/10k496bjny27fvb5xli9y2bcq771p5k3-python3.13-ply-3.11
fast	Build package and focused checks	2026-10-07T06:51:24.0303176Z   /nix/store/zr30fs94fa4iwy8iwwz1c04dbcwn63kg-python3.13-referencing-0.37.0
fast	Build package and focused checks	2026-10-07T06:51:24.0303646Z   /nix/store/cybkxd66v73j80jxyjsad56zvd00vn0b-python3.13-rpds-py-0.30.0
fast	Build package and focused checks	2026-10-07T06:51:24.0304150Z   /nix/store/c63zgxbsvwnk5y6lkvm1d1cd9vxdl21d-python3.13-typing-extensions-4.15.0
fast	Build package and focused checks	2026-10-07T06:51:24.0304641Z   /nix/store/dv9ai2cb4dvaq6a8ajgyyxdjcqjg49hs-qrencode-4.1.1
fast	Build package and focused checks	2026-10-07T06:51:24.0305021Z   /nix/store/w5mnfv5d8w634ghw8x42z0n959gkbylv-readline-8.3p3
fast	Build package and focused checks	2026-10-07T06:51:24.0305412Z   /nix/store/pvh5hvndqbhr9l89ikd7gkqbgjvkf1vq-ripgrep-15.1.0
fast	Build package and focused checks	2026-10-07T06:51:24.0305789Z   /nix/store/nin40kn7prvsn7pmbl7k576hhwcpp9x1-ruby-3.4.9
fast	Build package and focused checks	2026-10-07T06:51:24.0306149Z   /nix/store/nm95jgm7w3qbrd44b63qnv2sr78k60ly-s2n-tls-1.7.6
fast	Build package and focused checks	2026-10-07T06:51:24.0306516Z   /nix/store/gdalsnb0bbj02c9vbskyzg4qisdlcf3p-shadow-4.19.4
fast	Build package and focused checks	2026-10-07T06:51:24.0306902Z   /nix/store/fvvqz9jrzgx01bjair7sipbmf8kw4j3n-simdjson-4.6.4
fast	Build package and focused checks	2026-10-07T06:51:24.0307290Z   /nix/store/f75aywwsd4qy38800bpzb1xmx1ngqymg-simdutf-6.5.0
fast	Build package and focused checks	2026-10-07T06:51:24.0307669Z   /nix/store/6nwqn9mknj6pnpn0qqhmynikmlxbc7dz-simdutf-9.0.0
fast	Build package and focused checks	2026-10-07T06:51:24.0308029Z   /nix/store/kdq60x8qayhgkx6d3zbfdgw1i7dqp9q5-source
fast	Build package and focused checks	2026-10-07T06:51:24.0308385Z   /nix/store/p774nkfb6frncliffdsyppg93n3cpb4b-sqlite-3.51.2
fast	Build package and focused checks	2026-10-07T06:51:24.0308768Z   /nix/store/986gncymgny2hzjndz0nhv94kvp66sja-sqlite-3.51.2-bin
fast	Build package and focused checks	2026-10-07T06:51:24.0309267Z   /nix/store/nabvcs2dqhnfckjv0vb5v6hx5m404l5x-sqlite-3.51.2-dev
fast	Build package and focused checks	2026-10-07T06:51:24.0309651Z   /nix/store/843sqza79ns6k8n7sykxwmy04s741jzn-stdenv-linux
fast	Build package and focused checks	2026-10-07T06:51:24.0310031Z   /nix/store/mhmv0p4sqvfxsyxx58y6qx9zqfzyas1w-stdenv-linux
fast	Build package and focused checks	2026-10-07T06:51:24.0310508Z   /nix/store/0xiinbh7pbj479i5v28mqnjrvhvbdibf-systemd-260.2
fast	Build package and focused checks	2026-10-07T06:51:24.0310906Z   /nix/store/aadqqqrfvi7mdnk28h366irf6f1s09mb-systemd-minimal-libs-260.2
fast	Build package and focused checks	2026-10-07T06:51:24.0311296Z   /nix/store/9djar9h5rr86qbz9n7ip6g3i8r40f51w-tcb-1.2
fast	Build package and focused checks	2026-10-07T06:51:24.0311615Z   /nix/store/6h0p41xssnmvap0bb8lwk674bxc86chs-tmux-3.6a
fast	Build package and focused checks	2026-10-07T06:51:24.0311962Z   /nix/store/kxcgzz6lhrp9b5l3b394haz74g7721id-tpm2-tss-4.2.0
fast	Build package and focused checks	2026-10-07T06:51:24.0312316Z   /nix/store/m2sv1rizzbnsb35hv3ii0dnf3rvfy3n3-tzdata-2026c
fast	Build package and focused checks	2026-10-07T06:51:24.0312688Z   /nix/store/arlgrwqkfrxmvl39wzdkq760ih6pajvl-unbound-1.26.0-lib
fast	Build package and focused checks	2026-10-07T06:51:24.0313171Z   /nix/store/18xz9mrp7b0cjn5xvka4bpcsgiln7inw-update-autotools-gnu-config-scripts-hook
fast	Build package and focused checks	2026-10-07T06:51:24.0313756Z   /nix/store/2iqpv8xym5hqb48py37gab2n2m2pv63n-utf8proc-2.11.3
fast	Build package and focused checks	2026-10-07T06:51:24.0314127Z   /nix/store/1b0rf1yjswz6wy47wqnsjf7fr64198kg-util-linux-2.42.2
fast	Build package and focused checks	2026-10-07T06:51:24.0314520Z   /nix/store/4n075ll5jdwbjv142yg8ymz5f3yf4pam-util-linux-2.42.2-bin
fast	Build package and focused checks	2026-10-07T06:51:24.0314934Z   /nix/store/fc06kw42kmdp3kqnp9dwvl10c5q1rz4q-util-linux-2.42.2-dev
fast	Build package and focused checks	2026-10-07T06:51:24.0315363Z   /nix/store/9bls42pnwrggsa8qjaqndnm3j9bxg6lw-util-linux-2.42.2-lastlog
fast	Build package and focused checks	2026-10-07T06:51:24.0315788Z   /nix/store/w8kk5aaq618hnsm3rqalksdgrd8qlyjy-util-linux-2.42.2-lib
fast	Build package and focused checks	2026-10-07T06:51:24.0316204Z   /nix/store/sxwaql61rw36w5hmim26931h8qhiljf6-util-linux-2.42.2-login
fast	Build package and focused checks	2026-10-07T06:51:24.0316623Z   /nix/store/90rjmhrzh960fl8y34xbx035sxkn5zc0-util-linux-2.42.2-mount
fast	Build package and focused checks	2026-10-07T06:51:24.0317041Z   /nix/store/dmw3jqvrx6mjvdkqmdlsfa4wamn4n8qb-util-linux-2.42.2-swap
fast	Build package and focused checks	2026-10-07T06:51:24.0317489Z   /nix/store/z5zjp72jg5yzjvrgs7h7pb0ld5ac1r3m-util-linux-minimal-2.42.2-lib
fast	Build package and focused checks	2026-10-07T06:51:24.0317976Z   /nix/store/c4f8bfak9m1z7210rkdhz2gl9dggk9vh-util-linux-minimal-2.42.2-login
fast	Build package and focused checks	2026-10-07T06:51:24.0318414Z   /nix/store/k77kpp56p10f5gkdigq288djalcvaj43-util-linux-minimal-2.42.2-mount
fast	Build package and focused checks	2026-10-07T06:51:24.0319016Z   /nix/store/ss2d4klaskmpg7sd1krwrd18m58lxymz-util-linux-minimal-2.42.2-swap
fast	Build package and focused checks	2026-10-07T06:51:24.0319450Z   /nix/store/mi7n5jkmjlycsshfn140m8adm4j13cr7-uvwasi-0.0.23
fast	Build package and focused checks	2026-10-07T06:51:24.0319815Z   /nix/store/rdw0n35z6xhipyiq6sc8qv0mg7vrldaj-xgcc-15.2.0-libgcc
fast	Build package and focused checks	2026-10-07T06:51:24.0320203Z   /nix/store/m07syxhld8hpprrdmzq565ziia6vlw9l-xgcc-15.3.0-libgcc
fast	Build package and focused checks	2026-10-07T06:51:24.0320571Z   /nix/store/51hyxk9wipkgfjaj73c9w8a4biip99l8-xz-5.8.3
fast	Build package and focused checks	2026-10-07T06:51:24.0320903Z   /nix/store/ag994bfxf4wg90nv66y2j18djc5v34cc-xz-5.8.3-bin
fast	Build package and focused checks	2026-10-07T06:51:24.0321239Z   /nix/store/l68i51npb6nlxi6z18gvgb45dz3xr5yp-zlib-1.3.2
fast	Build package and focused checks	2026-10-07T06:51:24.0321582Z   /nix/store/0a4i5pcnhb4b9wnzx1x1lga18nk3rna7-zlib-1.3.2-dev
fast	Build package and focused checks	2026-10-07T06:51:24.0321959Z   /nix/store/1klmviw9ywkglf3mfw8vvcg5jy26049i-zlib-1.3.2-static
fast	Build package and focused checks	2026-10-07T06:51:24.0322333Z   /nix/store/ld38d50aif305wnb6znn7y83hsa0820g-zlib-ng-2.3.3
fast	Build package and focused checks	2026-10-07T06:51:24.0322676Z   /nix/store/am2hi8dgk0qfngq41nvr4835m19b68j8-zstd-1.5.7
fast	Build package and focused checks	2026-10-07T06:51:24.0323016Z   /nix/store/xvd9s1sg5fb4zrvr649i4dydrrkngrj1-zstd-1.5.7-bin
fast	Build package and focused checks	2026-10-07T06:51:24.0323385Z   /nix/store/n0adwsx0sxhrfq6x32zm2is31xzhaf5y-zstd-1.5.7-dev
fast	Build package and focused checks	2026-10-07T06:51:24.0323928Z copying path '/nix/store/kdq60x8qayhgkx6d3zbfdgw1i7dqp9q5-source' from 'https://cache.numtide.com'...
fast	Build package and focused checks	2026-10-07T06:51:24.0324610Z copying path '/nix/store/9mikxas901qn0r2j1baqfv7pdd36n23m-mailcap-2.1.54' from 'https://cache.numtide.com'...
fast	Build package and focused checks	2026-10-07T06:51:24.0330350Z copying path '/nix/store/m2sv1rizzbnsb35hv3ii0dnf3rvfy3n3-tzdata-2026c' from 'https://cache.numtide.com'...
fast	Build package and focused checks	2026-10-07T06:51:24.0331088Z copying path '/nix/store/1b0rf1yjswz6wy47wqnsjf7fr64198kg-util-linux-2.42.2' from 'https://cache.numtide.com'...
fast	Build package and focused checks	2026-10-07T06:51:24.0401541Z copying path '/nix/store/k8rbpjlq071djhghgnxm2kcng6h2b035-gcc-15.2.0-libgcc' from 'https://cache.numtide.com'...
fast	Build package and focused checks	2026-10-07T06:51:24.0402389Z copying path '/nix/store/wkiqjb44n5k0fwhmc523dvflspd47q3b-gcc-15.3.0-libgcc' from 'https://cache.numtide.com'...
fast	Build package and focused checks	2026-10-07T06:51:24.0421878Z copying path '/nix/store/rdw0n35z6xhipyiq6sc8qv0mg7vrldaj-xgcc-15.2.0-libgcc' from 'https://cache.numtide.com'...
fast	Build package and focused checks	2026-10-07T06:51:24.0423902Z copying path '/nix/store/d5jj34synqyn1bc5n362pric9a695a0h-iana-etc-20251215' from 'https://cache.numtide.com'...
fast	Build package and focused checks	2026-10-07T06:51:24.0424663Z copying path '/nix/store/m07syxhld8hpprrdmzq565ziia6vlw9l-xgcc-15.3.0-libgcc' from 'https://cache.numtide.com'...
fast	Build package and focused checks	2026-10-07T06:51:24.0478619Z copying path '/nix/store/csshf3ycx2wsxjaqrva1vr8rwgp382jw-busybox-1.37.0' from 'https://cache.numtide.com'...
fast	Build package and focused checks	2026-10-07T06:51:24.0479716Z copying path '/nix/store/bv3lx708clpz3m6zbd5742np4dlry0yj-libunistring-1.4.2' from 'https://cache.numtide.com'...
fast	Build package and focused checks	2026-10-07T06:51:24.0480445Z copying path '/nix/store/j6db4k0sk3yylzsb4ab1qqry4dqhn4yj-git-2.54.0-doc' from 'https://cache.nixos.org'...
fast	Build package and focused checks	2026-10-07T06:51:24.0481409Z copying path '/nix/store/sil9g4ywskv2xf8kjz0i8ibqbc3vfq82-die-hook' from 'https://cache.nixos.org'...
fast	Build package and focused checks	2026-10-07T06:51:24.0482235Z copying path '/nix/store/fp6wnyklwzdncp0nvhdy9d5fnir0mjq5-libunistring-1.4.2' from 'https://cache.numtide.com'...
fast	Build package and focused checks	2026-10-07T06:51:24.0482929Z copying path '/nix/store/6vzn8vnmblh54l1919anm8367x89bry1-npm-build-hook' from 'https://cache.nixos.org'...
fast	Build package and focused checks	2026-10-07T06:51:24.0492777Z copying path '/nix/store/206m56yfhycp91zp3y6ry3ddirqflnxs-nss-cacert-3.126' from 'https://cache.nixos.org'...
fast	Build package and focused checks	2026-10-07T06:51:24.0606037Z copying path '/nix/store/3z3kh4xaphd7ch6z8v4ba8mby4hbk8r3-perl5.42.0-Digest-HMAC-1.05' from 'https://cache.nixos.org'...
fast	Build package and focused checks	2026-10-07T06:51:24.0606809Z copying path '/nix/store/a9k3m5n456klvh23lrj3q8yr547zm9zb-perl5.42.0-URI-5.21' from 'https://cache.nixos.org'...
fast	Build package and focused checks	2026-10-07T06:51:24.0633264Z copying path '/nix/store/hpfyw95b5jsfy82gmmzc2ykgk6m04jrr-perl5.42.0-HTML-TagCloud-0.38' from 'https://cache.nixos.org'...
fast	Build package and focused checks	2026-10-07T06:51:24.0650384Z copying path '/nix/store/mq49hv45ixrdf439sjjh4dxzi353pakd-perl5.42.0-FCGI-ProcManager-0.28' from 'https://cache.nixos.org'...
fast	Build package and focused checks	2026-10-07T06:51:24.0687933Z copying path '/nix/store/szjv0yn8lsbsa1wlwljjyhga3w3yn0w0-perl5.42.0-libnet-3.15' from 'https://cache.nixos.org'...
fast	Build package and focused checks	2026-10-07T06:51:24.0696010Z copying path '/nix/store/1klmviw9ywkglf3mfw8vvcg5jy26049i-zlib-1.3.2-static' from 'https://cache.nixos.org'...
fast	Build package and focused checks	2026-10-07T06:51:24.0815042Z copying path '/nix/store/i3jw341xs88r6wxf1j22rjx1mmd8cfjw-libidn2-2.3.8' from 'https://cache.numtide.com'...
fast	Build package and focused checks	2026-10-07T06:51:24.0816040Z copying path '/nix/store/zifx9q7kjslmajccpv3hwrw2v9n27kdd-publicsuffix-list-0-unstable-2026-05-13' from 'https://cache.numtide.com'...
fast	Build package and focused checks	2026-10-07T06:51:24.0980600Z copying path '/nix/store/v2i3m4k78qypvizq4igm1izik677c47p-install-shell-files' from 'https://cache.nixos.org'...
fast	Build package and focused checks	2026-10-07T06:51:24.1042143Z copying path '/nix/store/63d25xpzv2hbdy2qd7swpis9833j05dr-perl5.42.0-HTML-Tagset-3.20' from 'https://cache.nixos.org'...
fast	Build package and focused checks	2026-10-07T06:51:24.1054052Z copying path '/nix/store/dar4ar8k14vf63ljpxh97vzmam2wf8pj-perl5.42.0-Mozilla-CA-20230821' from 'https://cache.nixos.org'...
fast	Build package and focused checks	2026-10-07T06:51:24.1173087Z copying path '/nix/store/0p5lqx5x6rq5zc7i8p0wzi8f6qxwp3xg-perl5.42.0-IO-HTML-1.004' from 'https://cache.nixos.org'...
fast	Build package and focused checks	2026-10-07T06:51:24.1174266Z copying path '/nix/store/9s60b4i5rpxfpsj4kvvrqh2sjid3wjwd-perl5.42.0-Test-Needs-0.002010' from 'https://cache.nixos.org'...
fast	Build package and focused checks	2026-10-07T06:51:24.1176168Z copying path '/nix/store/d36zb1vr3asbap18754r6n17w53fnjy3-perl5.42.0-Encode-Locale-1.05' from 'https://cache.nixos.org'...
fast	Build package and focused checks	2026-10-07T06:51:24.1214532Z copying path '/nix/store/lm3pknxi0ipypy3lxh1wmm8wvvavdwrn-glibc-2.42-84' from 'https://cache.numtide.com'...
fast	Build package and focused checks	2026-10-07T06:51:24.1241205Z copying path '/nix/store/flsbq93l62k6f57y820i5gvksa216qcx-perl5.42.0-WWW-RobotRules-6.02' from 'https://cache.nixos.org'...
fast	Build package and focused checks	2026-10-07T06:51:24.1395608Z copying path '/nix/store/jcn9f1bsjv1hbbbh3jq08wn200db40ni-perl5.42.0-Try-Tiny-0.31' from 'https://cache.nixos.org'...
fast	Build package and focused checks	2026-10-07T06:51:24.1497971Z copying path '/nix/store/mv7js9abwl9b9z0rdpck8j5dcxanik1m-perl5.42.0-Net-HTTP-6.23' from 'https://cache.nixos.org'...
fast	Build package and focused checks	2026-10-07T06:51:24.1769892Z copying path '/nix/store/v13pc8z31rz00l93yfprg92bvzjarxis-perl5.42.0-Test-RequiresInternet-0.05' from 'https://cache.nixos.org'...
fast	Build package and focused checks	2026-10-07T06:51:24.1771289Z copying path '/nix/store/wlmdlyi5kmr2xz1g1vfkr6py1sw1zfqs-perl5.42.0-LWP-MediaTypes-6.04' from 'https://cache.nixos.org'...
fast	Build package and focused checks	2026-10-07T06:51:24.1800098Z copying path '/nix/store/zdw32wbs1kgbwy9xiy6vss0748snc6rq-gnu-config-2024-01-01' from 'https://cache.nixos.org'...
fast	Build package and focused checks	2026-10-07T06:51:24.1803350Z copying path '/nix/store/g5vv20l7ydhw8kaqfzbnbr2qdbmfilpp-dns-root-data-2025-04-14' from 'https://cache.numtide.com'...
fast	Build package and focused checks	2026-10-07T06:51:24.1808395Z copying path '/nix/store/dmpn2sl84sqf9fskr16qwp4pbs5nm729-linux-headers-6.18.7' from 'https://cache.numtide.com'...
fast	Build package and focused checks	2026-10-07T06:51:24.1814622Z copying path '/nix/store/y96fyxjlif2yy612mf3gd42rjfh4l5jp-perl5.42.0-TimeDate-2.33' from 'https://cache.nixos.org'...
fast	Build package and focused checks	2026-10-07T06:51:24.1819635Z copying path '/nix/store/s8gs7nz5dc2qam4janlv977579fw8s3k-perl5.42.0-Test-Fatal-0.017' from 'https://cache.nixos.org'...
fast	Build package and focused checks	2026-10-07T06:51:24.1898027Z copying path '/nix/store/xidgjdv05b8yz6w6qrhk4mmjxm4l2zjf-libidn2-2.3.8' from 'https://cache.numtide.com'...
fast	Build package and focused checks	2026-10-07T06:51:24.2047991Z copying path '/nix/store/18xz9mrp7b0cjn5xvka4bpcsgiln7inw-update-autotools-gnu-config-scripts-hook' from 'https://cache.nixos.org'...
fast	Build package and focused checks	2026-10-07T06:51:24.2079970Z copying path '/nix/store/fnh4jyygw5ddkviwrxv4vqm0apk4gf5c-perl5.42.0-HTTP-Date-6.06' from 'https://cache.nixos.org'...
fast	Build package and focused checks	2026-10-07T06:51:24.2276669Z copying path '/nix/store/311n32nxyzwdrysglz252c9r5zl0ash6-perl5.42.0-HTTP-CookieJar-0.014' from 'https://cache.nixos.org'...
fast	Build package and focused checks	2026-10-07T06:51:24.2277582Z copying path '/nix/store/76jgywp0n2wwjjqfs2m9nmzmfcmacnxx-perl5.42.0-File-Listing-6.16' from 'https://cache.nixos.org'...
fast	Build package and focused checks	2026-10-07T06:51:24.3303087Z copying path '/nix/store/svx59425zxp552p2b8gm11qj5r09b56i-bash-5.3p15' from 'https://cache.numtide.com'...
fast	Build package and focused checks	2026-10-07T06:51:24.3304831Z copying path '/nix/store/yj34vymbqf7mf4lmffipy8jqc4kwr1mc-openssl-3.6.4' from 'https://cache.numtide.com'...
fast	Build package and focused checks	2026-10-07T06:51:24.3305548Z copying path '/nix/store/6vqahj875znq0wlsy1bg926yki3d5m4r-pcre2-10.48' from 'https://cache.numtide.com'...
fast	Build package and focused checks	2026-10-07T06:51:24.3306228Z copying path '/nix/store/604gsr59rj7dzd0nrhp143rpvf7gyiaz-gcc-15.3.0-lib' from 'https://cache.numtide.com'...
fast	Build package and focused checks	2026-10-07T06:51:24.3306929Z copying path '/nix/store/14d3d88vjg0wamvlwcknw6jkypgv7vv2-libcap-2.78-lib' from 'https://cache.numtide.com'...
fast	Build package and focused checks	2026-10-07T06:51:24.3419541Z copying path '/nix/store/m07h00fl6538s4gavrp66a20ka4hg7fy-glibc-2.42-67' from 'https://cache.numtide.com'...
fast	Build package and focused checks	2026-10-07T06:51:24.3740913Z copying path '/nix/store/mfc0xafdywls4v0ynqgjn1plv74b82qg-libselinux-3.10' from 'https://cache.numtide.com'...
fast	Build package and focused checks	2026-10-07T06:51:24.5002806Z copying path '/nix/store/y0ra9qr3rz81d9wl7dfrldv3j25dc98q-bubblewrap-0.12.0' from 'https://cache.numtide.com'...
fast	Build package and focused checks	2026-10-07T06:51:24.6020906Z copying path '/nix/store/spyq8j3kdj6dlbhv5nbnr7a15nficin9-acl-2.4.0' from 'https://cache.numtide.com'...
fast	Build package and focused checks	2026-10-07T06:51:24.6021877Z copying path '/nix/store/5055c2cpww9vrjz27yvhssagf1hd5ah6-attr-2.6.0' from 'https://cache.numtide.com'...
fast	Build package and focused checks	2026-10-07T06:51:24.6022539Z copying path '/nix/store/alffmd3v47nm00x625pwa5viq4z8kbx6-brotli-1.2.0-lib' from 'https://cache.numtide.com'...
fast	Build package and focused checks	2026-10-07T06:51:24.6023973Z copying path '/nix/store/cjp9j188a8p8lw8a8dcqmvlr2478wmfs-aws-c-common-0.12.4' from 'https://cache.numtide.com'...
fast	Build package and focused checks	2026-10-07T06:51:24.6026320Z copying path '/nix/store/lczq4f5z4yf2h8v0i2w4jcy4bi43qfbs-bzip2-1.0.8' from 'https://cache.numtide.com'...
fast	Build package and focused checks	2026-10-07T06:51:24.6026975Z copying path '/nix/store/rzl7zd3zx56vl7m55x1l49sr4xx2bb7y-bash-5.3p9' from 'https://cache.numtide.com'...
fast	Build package and focused checks	2026-10-07T06:51:24.6029672Z copying path '/nix/store/578jnpr5da1i6p1jakpind82n7f5jrnj-c-ares-1.34.8' from 'https://cache.nixos.org'...
fast	Build package and focused checks	2026-10-07T06:51:24.6039327Z copying path '/nix/store/klcp2hn2isdxvjwkq10cxkvv5fn8ng7w-apr-1.7.6' from 'https://cache.nixos.org'...
fast	Build package and focused checks	2026-10-07T06:51:24.6041367Z copying path '/nix/store/adlayqrnssimai4ih5qq5ij6a442yg81-c-ares-1.34.8' from 'https://cache.nixos.org'...
fast	Build package and focused checks	2026-10-07T06:51:24.6042050Z copying path '/nix/store/dr39hxzm5k6xcsdg3i9c4mwpw6an4izk-ed-1.22.5' from 'https://cache.nixos.org'...
fast	Build package and focused checks	2026-10-07T06:51:24.6044682Z copying path '/nix/store/q3qzi4hjp44k5ikk9i4nc7ib2y2z6q50-editline-1.17.1-unstable-2025-05-24' from 'https://cache.numtide.com'...
fast	Build package and focused checks	2026-10-07T06:51:24.6045267Z copying path '/nix/store/x06hz419w6lkhh8qxaa353zw1h47snfx-expat-2.8.3' from 'https://cache.numtide.com'...
fast	Build package and focused checks	2026-10-07T06:51:24.6047535Z copying path '/nix/store/m7wg7cj2vw3n6a0pcl3fzbqfm0qsawmd-gawk-5.4.1' from 'https://cache.numtide.com'...
fast	Build package and focused checks	2026-10-07T06:51:24.6050630Z copying path '/nix/store/v9292g3rbx7r43sxm6hfzqspl05xngr9-expand-response-params' from 'https://cache.nixos.org'...
fast	Build package and focused checks	2026-10-07T06:51:24.6216791Z copying path '/nix/store/49ma9vimj6wlsbrhqsra6g6fzvsj6shh-ncurses-6.6' from 'https://cache.numtide.com'...
fast	Build package and focused checks	2026-10-07T06:51:24.6220557Z copying path '/nix/store/14cfdqp8w2iw188vhjfaz2wg8pzbghp3-openssl-3.6.3' from 'https://cache.numtide.com'...
fast	Build package and focused checks	2026-10-07T06:51:24.6221882Z copying path '/nix/store/51hyxk9wipkgfjaj73c9w8a4biip99l8-xz-5.8.3' from 'https://cache.numtide.com'...
fast	Build package and focused checks	2026-10-07T06:51:24.6245527Z copying path '/nix/store/7jdvx1gj6a7sy34iz68jblp6is6h980b-gdbm-1.26-lib' from 'https://cache.numtide.com'...
fast	Build package and focused checks	2026-10-07T06:51:24.6261017Z copying path '/nix/store/br4ikmi388vrj4bf8kd9nb3k2kiqprc0-libffi-3.8.0' from 'https://cache.numtide.com'...
fast	Build package and focused checks	2026-10-07T06:51:24.6278079Z copying path '/nix/store/c0svc5a4vmj5bf1k23xgzlgxf3nk7wfa-mpdecimal-4.0.1' from 'https://cache.numtide.com'...
fast	Build package and focused checks	2026-10-07T06:51:24.6302201Z copying path '/nix/store/l68i51npb6nlxi6z18gvgb45dz3xr5yp-zlib-1.3.2' from 'https://cache.numtide.com'...
fast	Build package and focused checks	2026-10-07T06:51:24.6446296Z copying path '/nix/store/3s30bx260fwz83bappii7nzx6dywlvjm-gh-2.99.0' from 'https://cache.nixos.org'...
fast	Build package and focused checks	2026-10-07T06:51:24.6460714Z copying path '/nix/store/3yh8g6m3balbhzxsx77jlyyx443bxqii-go-1.26.6' from 'https://cache.nixos.org'...
fast	Build package and focused checks	2026-10-07T06:51:24.6472847Z copying path '/nix/store/bnpp6hwrlvcdyijh5fpqyn13m11sy8rp-make-shell-wrapper-hook' from 'https://cache.nixos.org'...
fast	Build package and focused checks	2026-10-07T06:51:24.6520916Z copying path '/nix/store/z0n70pxyzi87why1bcq81zgd7b924nfj-gcc-15.2.0-lib' from 'https://cache.numtide.com'...
fast	Build package and focused checks	2026-10-07T06:51:24.6551678Z copying path '/nix/store/a3gjgsziqlvgz5lq20vwkcnmg914qdcl-codex-0.160.0' from 'https://cache.numtide.com'...
fast	Build package and focused checks	2026-10-07T06:51:24.6712898Z copying path '/nix/store/z5zjp72jg5yzjvrgs7h7pb0ld5ac1r3m-util-linux-minimal-2.42.2-lib' from 'https://cache.numtide.com'...
fast	Build package and focused checks	2026-10-07T06:51:24.7020957Z copying path '/nix/store/j5m1y5k6qp5iwb23j5k6w2y8ffv9lxvl-pcre2-10.46' from 'https://cache.numtide.com'...
fast	Build package and focused checks	2026-10-07T06:51:24.7350048Z copying path '/nix/store/k5j2kwjcap1zgdh4xn1fvvlsrzy55g1i-libxcrypt-4.5.2' from 'https://cache.numtide.com'...
fast	Build package and focused checks	2026-10-07T06:51:24.7364005Z copying path '/nix/store/p314bwbyiw87wssqwvxl9y4c3cmmxklj-nghttp2-1.69.0-lib' from 'https://cache.numtide.com'...
fast	Build package and focused checks	2026-10-07T06:51:24.7412775Z copying path '/nix/store/pi4h22d7id0z6hjjf7jg6djbbhszb379-libxml2-2.15.3' from 'https://cache.numtide.com'...
fast	Build package and focused checks	2026-10-07T06:51:24.7497115Z copying path '/nix/store/kfp7inqfq9s0q012j35vagqvqpmgxs5z-libcap-2.77-lib' from 'https://cache.nixos.org'...
fast	Build package and focused checks	2026-10-07T06:51:24.7614780Z copying path '/nix/store/0c06gwsqg8myflxlgp7ghf1kynay2xpa-perl5.42.0-FCGI-0.82' from 'https://cache.nixos.org'...
fast	Build package and focused checks	2026-10-07T06:51:24.7644502Z copying path '/nix/store/2722ncq58c1amdv6g6nv5d1wvab30p0r-gzip-1.14' from 'https://cache.numtide.com'...
fast	Build package and focused checks	2026-10-07T06:51:24.7660735Z copying path '/nix/store/dzllx5lks09a7nkd1xg78fypv2mvp8hc-perl5.42.0-TermReadKey-2.38' from 'https://cache.nixos.org'...
fast	Build package and focused checks	2026-10-07T06:51:24.7774038Z copying path '/nix/store/p774nkfb6frncliffdsyppg93n3cpb4b-sqlite-3.51.2' from 'https://cache.numtide.com'...
fast	Build package and focused checks	2026-10-07T06:51:24.7794588Z copying path '/nix/store/w5mnfv5d8w634ghw8x42z0n959gkbylv-readline-8.3p3' from 'https://cache.numtide.com'...
fast	Build package and focused checks	2026-10-07T06:51:24.7851533Z copying path '/nix/store/ld38d50aif305wnb6znn7y83hsa0820g-zlib-ng-2.3.3' from 'https://cache.numtide.com'...
fast	Build package and focused checks	2026-10-07T06:51:24.8082865Z copying path '/nix/store/svl89366pvzz5s3myh1fjniz9l0x17fh-gnused-4.10' from 'https://cache.numtide.com'...
fast	Build package and focused checks	2026-10-07T06:51:24.8225149Z copying path '/nix/store/pkf547jp8a92k4wmxikkyby58w10pysr-bash-interactive-5.3p9' from 'https://cache.numtide.com'...
fast	Build package and focused checks	2026-10-07T06:51:24.8407339Z copying path '/nix/store/2zxi6qwachad8jl4yihzmsnnw4jz1w6i-perl5.42.0-Net-SSLeay-1.92' from 'https://cache.nixos.org'...
fast	Build package and focused checks	2026-10-07T06:51:24.8759778Z copying path '/nix/store/pp5x67y8iy6wj09xndk4grjgjdizbw24-gmp-with-cxx-6.3.0' from 'https://cache.numtide.com'...
fast	Build package and focused checks	2026-10-07T06:51:24.8779978Z copying path '/nix/store/3315ljnwvy37hn64b3ixs9w699fpnvx1-db-5.3.28' from 'https://cache.nixos.org'...
fast	Build package and focused checks	2026-10-07T06:51:24.8869804Z copying path '/nix/store/pvh5hvndqbhr9l89ikd7gkqbgjvkf1vq-ripgrep-15.1.0' from 'https://cache.numtide.com'...
fast	Build package and focused checks	2026-10-07T06:51:24.8875428Z copying path '/nix/store/fzb48w1j5v4pdqzf76hwgvr2angalsv0-libselinux-3.10' from 'https://cache.numtide.com'...
fast	Build package and focused checks	2026-10-07T06:51:24.9061655Z copying path '/nix/store/db8cwzsgxv3lijvf18kqvjjbylm5hrpi-gettext-1.0' from 'https://cache.numtide.com'...
fast	Build package and focused checks	2026-10-07T06:51:24.9139028Z copying path '/nix/store/sacz532zgiacvg7mva9v6gbfmyw427i3-gnugrep-3.12' from 'https://cache.numtide.com'...
fast	Build package and focused checks	2026-10-07T06:51:24.9305352Z copying path '/nix/store/x31m4jm0nncql206nb82y4vr7i5qhwn1-bash-interactive-5.3p9-dev' from 'https://cache.nixos.org'...
fast	Build package and focused checks	2026-10-07T06:51:24.9447414Z copying path '/nix/store/gph17gb73p6qbrqqjnypfjj5npf0ldyx-coreutils-9.11' from 'https://cache.numtide.com'...
fast	Build package and focused checks	2026-10-07T06:51:24.9457400Z copying path '/nix/store/5kz6vjgp8wf8c0qyczgbv980kaj93wb0-oniguruma-6.9.10-lib' from 'https://cache.nixos.org'...
fast	Build package and focused checks	2026-10-07T06:51:24.9970605Z copying path '/nix/store/kxcgm56aqlvgffr88i2d76zhiklxj3r7-bubblewrap-0.11.2' from 'https://cache.nixos.org'...
fast	Build package and focused checks	2026-10-07T06:51:25.0003778Z copying path '/nix/store/xa2vziacbhijgphb7w8a1dlfqyx32ccc-boehm-gc-8.2.12' from 'https://cache.numtide.com'...
fast	Build package and focused checks	2026-10-07T06:51:25.0054268Z copying path '/nix/store/gqv7phqvmll7dprdmya6102ph64wvj0h-openssl-3.6.3-bin' from 'https://cache.nixos.org'...
fast	Build package and focused checks	2026-10-07T06:51:25.0151120Z copying path '/nix/store/xqnbm0vgqcq9b1b54c80qj9s0qhbwa08-python3-3.13.15' from 'https://cache.numtide.com'...
fast	Build package and focused checks	2026-10-07T06:51:25.0331462Z copying path '/nix/store/cvbv2sy440wsxdy4qih07zs9dxbgaway-perl5.42.0-IO-Socket-SSL-2.083' from 'https://cache.nixos.org'...
fast	Build package and focused checks	2026-10-07T06:51:25.0502270Z copying path '/nix/store/3k33w814z40z6nlxq0wxsm2fani7ijpb-libyaml-0.2.5' from 'https://cache.numtide.com'...
fast	Build package and focused checks	2026-10-07T06:51:25.0640204Z copying path '/nix/store/9gjcj4ndp2akrqx108qwb56jzc7y7zrk-diffutils-3.12' from 'https://cache.nixos.org'...
fast	Build package and focused checks	2026-10-07T06:51:25.0799736Z copying path '/nix/store/jwq26byp7q4mxqg3yqqq4vgsabs7yknm-findutils-4.10.0' from 'https://cache.numtide.com'...
fast	Build package and focused checks	2026-10-07T06:51:25.0938763Z copying path '/nix/store/jksq0zyk08l29w4alp0g3ycgx6pwwjdk-perl-5.42.0' from 'https://cache.numtide.com'...
fast	Build package and focused checks	2026-10-07T06:51:25.0943018Z copying path '/nix/store/4vyxba4g4palzf88c3ibbabzagqhlrj8-patchelf-0.15.2' from 'https://cache.nixos.org'...
fast	Build package and focused checks	2026-10-07T06:51:25.1075609Z copying path '/nix/store/fcdnw6i2vcl50r3iphnd6kqnsa1vkakh-jq-1.8.2' from 'https://cache.nixos.org'...
fast	Build package and focused checks	2026-10-07T06:51:25.1231418Z copying path '/nix/store/6w1adb545ayza5syyj4d6xscgn66jcws-patch-2.8' from 'https://cache.nixos.org'...
fast	Build package and focused checks	2026-10-07T06:51:25.1247225Z copying path '/nix/store/7mx2y4jcvcninami5vic5hz703ylrhnp-bzip2-1.0.8-bin' from 'https://cache.nixos.org'...
fast	Build package and focused checks	2026-10-07T06:51:25.1358375Z copying path '/nix/store/9wyldz5qids294k9h5qcg1f72i52jidi-gnumake-4.4.1' from 'https://cache.nixos.org'...
fast	Build package and focused checks	2026-10-07T06:51:25.1549831Z copying path '/nix/store/6snylzb0haf89m5xwkc7x9vvinkcmj41-openssl-3.6.3-dev' from 'https://cache.nixos.org'...
fast	Build package and focused checks	2026-10-07T06:51:25.1926999Z copying path '/nix/store/rjp276df0zhsj8n7cby0b2c2p38syxp6-perl5.42.0-Net-SMTP-SSL-1.04' from 'https://cache.nixos.org'...
fast	Build package and focused checks	2026-10-07T06:51:25.2008175Z copying path '/nix/store/ag994bfxf4wg90nv66y2j18djc5v34cc-xz-5.8.3-bin' from 'https://cache.nixos.org'...
fast	Build package and focused checks	2026-10-07T06:51:25.2264945Z copying path '/nix/store/c7g9dm6l2s33v60k8r6y7p1bc0vxd2ww-gnutar-1.35' from 'https://cache.nixos.org'...
fast	Build package and focused checks	2026-10-07T06:51:25.2327222Z copying path '/nix/store/vkjzswzi7r1ayxa0xr920bjrzmi04x7v-jq-1.8.2-bin' from 'https://cache.nixos.org'...
fast	Build package and focused checks	2026-10-07T06:51:25.2373947Z copying path '/nix/store/qicb9wk67c30wwplxlpx3a2f44bzrmmm-file-5.47' from 'https://cache.nixos.org'...
fast	Build package and focused checks	2026-10-07T06:51:25.2392140Z copying path '/nix/store/0c9jfzpjfh1d5ibzvwprn8qpb6z6sl61-lz4-1.10.0-lib' from 'https://cache.nixos.org'...
fast	Build package and focused checks	2026-10-07T06:51:25.2499303Z copying path '/nix/store/31qzjx1vrkwcrl4zlhiarn2y9ynpyxr5-libseccomp-2.6.1-lib' from 'https://cache.numtide.com'...
fast	Build package and focused checks	2026-10-07T06:51:25.2581402Z copying path '/nix/store/3syvw6qrdv5bpnqkjirvjp1idnfb8b7r-libapparmor-4.1.7' from 'https://cache.nixos.org'...
fast	Build package and focused checks	2026-10-07T06:51:25.2780221Z copying path '/nix/store/am2hi8dgk0qfngq41nvr4835m19b68j8-zstd-1.5.7' from 'https://cache.numtide.com'...
fast	Build package and focused checks	2026-10-07T06:51:25.2830541Z copying path '/nix/store/c4f8bfak9m1z7210rkdhz2gl9dggk9vh-util-linux-minimal-2.42.2-login' from 'https://cache.numtide.com'...
fast	Build package and focused checks	2026-10-07T06:51:25.2848285Z copying path '/nix/store/dv9ai2cb4dvaq6a8ajgyyxdjcqjg49hs-qrencode-4.1.1' from 'https://cache.nixos.org'...
fast	Build package and focused checks	2026-10-07T06:51:25.2965853Z copying path '/nix/store/k77kpp56p10f5gkdigq288djalcvaj43-util-linux-minimal-2.42.2-mount' from 'https://cache.numtide.com'...
fast	Build package and focused checks	2026-10-07T06:51:25.3061901Z copying path '/nix/store/k0fp99fy7jax071p17hmwbbi60b8h3gf-jq-1.8.2-dev' from 'https://cache.nixos.org'...
fast	Build package and focused checks	2026-10-07T06:51:25.3074767Z copying path '/nix/store/jppkk85maz6qjjk7s6s6l45h53fjvzs1-lynx-2.9.2' from 'https://cache.nixos.org'...
fast	Build package and focused checks	2026-10-07T06:51:25.3086409Z copying path '/nix/store/ss2d4klaskmpg7sd1krwrd18m58lxymz-util-linux-minimal-2.42.2-swap' from 'https://cache.numtide.com'...
fast	Build package and focused checks	2026-10-07T06:51:25.3126223Z copying path '/nix/store/2iqpv8xym5hqb48py37gab2n2m2pv63n-utf8proc-2.11.3' from 'https://cache.nixos.org'...
fast	Build package and focused checks	2026-10-07T06:51:25.3153603Z copying path '/nix/store/3a1nicxmjajbpna6jxg4zxmkdgs38qra-libutempter-1.2.3' from 'https://cache.nixos.org'...
fast	Build package and focused checks	2026-10-07T06:51:25.3224966Z copying path '/nix/store/spghpxf37g1lnkmlrx7kj7k8i9hazvkl-libevent-2.1.13' from 'https://cache.numtide.com'...
fast	Build package and focused checks	2026-10-07T06:51:25.3300309Z copying path '/nix/store/0q9vgj48awrcm6l14fccdbjjqsbmh921-libcap-ng-0.9.3' from 'https://cache.numtide.com'...
fast	Build package and focused checks	2026-10-07T06:51:25.3555637Z copying path '/nix/store/94ma2ss6ng49ngh9kxjqprikbdw0aapk-binutils-2.46-lib' from 'https://cache.nixos.org'...
fast	Build package and focused checks	2026-10-07T06:51:25.3560740Z copying path '/nix/store/aadqqqrfvi7mdnk28h366irf6f1s09mb-systemd-minimal-libs-260.2' from 'https://cache.numtide.com'...
fast	Build package and focused checks	2026-10-07T06:51:25.3588458Z copying path '/nix/store/mhmv0p4sqvfxsyxx58y6qx9zqfzyas1w-stdenv-linux' from 'https://cache.nixos.org'...
fast	Build package and focused checks	2026-10-07T06:51:25.3604199Z copying path '/nix/store/1xx48dpf3glksrr9hc61fvkxjnarj8ix-libev-4.33' from 'https://cache.nixos.org'...
fast	Build package and focused checks	2026-10-07T06:51:25.3633188Z copying path '/nix/store/kp7qcdqfxcn1wg2fzszf0x3ra89n4akx-libpsl-0.21.5' from 'https://cache.numtide.com'...
fast	Build package and focused checks	2026-10-07T06:51:25.3634478Z copying path '/nix/store/m905d92wqbq630rz24r8jcfhfizvmn0i-libssh2-1.11.1' from 'https://cache.numtide.com'...
fast	Build package and focused checks	2026-10-07T06:51:25.3752579Z copying path '/nix/store/xharm39n4viqb8d6lbmwynlnx2ih8zr2-nghttp3-1.15.0' from 'https://cache.numtide.com'...
fast	Build package and focused checks	2026-10-07T06:51:25.3863313Z copying path '/nix/store/ylm8cvvqs455m3cnfqlx08hh8k81ijj0-ngtcp2-1.22.1' from 'https://cache.numtide.com'...
fast	Build package and focused checks	2026-10-07T06:51:25.3913073Z copying path '/nix/store/nin40kn7prvsn7pmbl7k576hhwcpp9x1-ruby-3.4.9' from 'https://cache.nixos.org'...
fast	Build package and focused checks	2026-10-07T06:51:25.3933802Z copying path '/nix/store/07j8s1c7qnlkdi1dk2zvjh3wp65ykb3d-pcsclite-2.4.1-lib' from 'https://cache.numtide.com'...
fast	Build package and focused checks	2026-10-07T06:51:25.3954654Z copying path '/nix/store/4qhmizki1n0i0rp64203wnqff73anv8l-audit-4.2.1-lib' from 'https://cache.numtide.com'...
fast	Build package and focused checks	2026-10-07T06:51:25.5931186Z building '/nix/store/6pn84ab6847fv5y8mcva19sjbaq96d9l-codex-linked-input.drv'...
fast	Build package and focused checks	2026-10-07T06:51:25.6126566Z building '/nix/store/jmybxbw5q003m06f47rd2m1n8cajpf2w-codex-missing-input.drv'...
fast	Build package and focused checks	2026-10-07T06:51:25.6406717Z building '/nix/store/bhviqw20s6il4v8lxpq2pgv1p6197l9p-codex-package.json.drv'...
fast	Build package and focused checks	2026-10-07T06:51:25.6985277Z building '/nix/store/qcw57yzrpg02w6rzifnp9zzdplvc1nps-codex-package.json.drv'...
fast	Build package and focused checks	2026-10-07T06:51:25.7305414Z copying path '/nix/store/00xp873b65inf04i1v9b46zkdqwszlp4-gmp-with-cxx-6.3.0' from 'https://cache.numtide.com'...
fast	Build package and focused checks	2026-10-07T06:51:25.7322813Z copying path '/nix/store/4xyis60wzqx4ib55rwh9x3997p2s8ngx-libcbor-0.13.0' from 'https://cache.numtide.com'...
fast	Build package and focused checks	2026-10-07T06:51:25.7323710Z copying path '/nix/store/lzi4zg1ngjwqfjs0wyjf6bwrcl814mxb-glibc-2.42-67-bin' from 'https://cache.numtide.com'...
fast	Build package and focused checks	2026-10-07T06:51:25.7324511Z copying path '/nix/store/67d7rs9hz38azp6w3hjx6zd7zlxih25h-aws-c-cal-0.9.2' from 'https://cache.numtide.com'...
fast	Build package and focused checks	2026-10-07T06:51:25.7325245Z copying path '/nix/store/mgzzwkjcrbvqbi9w7mi4abal8fsh8b1c-db-4.8.30' from 'https://cache.numtide.com'...
fast	Build package and focused checks	2026-10-07T06:51:25.7326284Z copying path '/nix/store/99jnamfydw5iwmmnh3w9jn8ksypal4si-aws-c-sdkutils-0.2.4' from 'https://cache.numtide.com'...
fast	Build package and focused checks	2026-10-07T06:51:25.7327048Z copying path '/nix/store/pcy0rcpy1dhlvd5h6dkhcv0a85fzs1db-libcpuid-0.8.1' from 'https://cache.numtide.com'...
fast	Build package and focused checks	2026-10-07T06:51:25.7332403Z copying path '/nix/store/vs6w5krsc2n319mxm3fd6bmy3fzv6rvc-libsodium-1.0.22-unstable-2026-04-09' from 'https://cache.numtide.com'...
fast	Build package and focused checks	2026-10-07T06:51:25.7337160Z copying path '/nix/store/2ilkb5g4armlzzp19kzr2g553mgvrg7f-libtasn1-4.21.0' from 'https://cache.numtide.com'...
fast	Build package and focused checks	2026-10-07T06:51:25.7361998Z copying path '/nix/store/1y3r9lplj9xkh98figa0hs8lgpxhanvy-lowdown-3.0.1-lib' from 'https://cache.numtide.com'...
fast	Build package and focused checks	2026-10-07T06:51:25.7368587Z copying path '/nix/store/4sjg21zq04394ci22lj67vgpw7ykw9bg-numactl-2.0.18' from 'https://cache.numtide.com'...
fast	Build package and focused checks	2026-10-07T06:51:25.7652140Z building '/nix/store/cm7ai7bvbhhc3dcmhw4jjzcpkk4slcvb-dev-workspace-package.json.drv'...
fast	Build package and focused checks	2026-10-07T06:51:25.8001743Z building '/nix/store/fy8v9xb7vfjhgybmala7vrh6bx9yfp43-dev-workspace-package.json.drv'...
fast	Build package and focused checks	2026-10-07T06:51:25.8652739Z building '/nix/store/0vji7392xcma6hh0ir0rr2pp8fm43cnh-dev-workspace-generic-source.drv'...
fast	Build package and focused checks	2026-10-07T06:51:25.9080515Z building '/nix/store/7xhbz96rc3wdwgxy2jzgb07shy35vfsm-dev-workspace-package.json.drv'...
fast	Build package and focused checks	2026-10-07T06:51:25.9608231Z copying path '/nix/store/9s979hn0m0bn4r03xggga0pcd4diny7b-kbd-2.9.0' from 'https://cache.nixos.org'...
fast	Build package and focused checks	2026-10-07T06:51:25.9611761Z copying path '/nix/store/91k9r1ksqdan1dnc8kmkdv29cwbr2b6h-kmod-31-lib' from 'https://cache.numtide.com'...
fast	Build package and focused checks	2026-10-07T06:51:25.9614702Z copying path '/nix/store/6h0p41xssnmvap0bb8lwk674bxc86chs-tmux-3.6a' from 'https://cache.nixos.org'...
fast	Build package and focused checks	2026-10-07T06:51:25.9620660Z copying path '/nix/store/w8kk5aaq618hnsm3rqalksdgrd8qlyjy-util-linux-2.42.2-lib' from 'https://cache.numtide.com'...
fast	Build package and focused checks	2026-10-07T06:51:25.9657200Z copying path '/nix/store/6cyzyibzva7cnys2adj9z8lbqd3xz034-kexec-tools-2.0.32' from 'https://cache.nixos.org'...
fast	Build package and focused checks	2026-10-07T06:51:25.9957373Z building '/nix/store/y8v7kkg86sk1b9x13xi4f3h6a88f2akw-dev-workspace-agent-teams.json.drv'...
fast	Build package and focused checks	2026-10-07T06:51:26.0300902Z building '/nix/store/lkww8xz5mx4cg8c83vslhds17kb6ffiv-dev-workspace-extensions.json.drv'...
fast	Build package and focused checks	2026-10-07T06:51:26.0787607Z copying path '/nix/store/ahni4ky7vcyga5rkfk6yil6g0293qyvk-kmod-31' from 'https://cache.numtide.com'...
fast	Build package and focused checks	2026-10-07T06:51:26.0791145Z copying path '/nix/store/4l0jkaf7zavzdyjbqzi39cyk1j9ds8g2-p11-kit-0.26.2' from 'https://cache.numtide.com'...
fast	Build package and focused checks	2026-10-07T06:51:26.0792641Z copying path '/nix/store/9krwrb9a6b9kmqlfh0gdv0g73mq81if4-libfido2-1.17.0' from 'https://cache.numtide.com'...
fast	Build package and focused checks	2026-10-07T06:51:26.1202086Z building '/nix/store/vdxm2dfhqnhyzg6jc911jhwdlb8115c1-dw_2cf8d2f304d5681abea63bfb4bf86767f87922cef8c8c68d.toml.drv'...
fast	Build package and focused checks	2026-10-07T06:51:26.1495997Z building '/nix/store/85b6s8aizhl3qz92lik4iz5maf5wmg1c-dw_30a3ad781c763efd3d4dd15f660aca5c1c3863d64d55ff6f.toml.drv'...
fast	Build package and focused checks	2026-10-07T06:51:26.1862159Z copying path '/nix/store/khbxm3c02xklnz8jgh4cdikkgz73ssh2-linux-pam-1.7.2' from 'https://cache.numtide.com'...
fast	Build package and focused checks	2026-10-07T06:51:26.1868159Z copying path '/nix/store/p0znk6v2nv5vwq7kjqylnhv7zskzdhxf-libarchive-3.8.8-lib' from 'https://cache.numtide.com'...
fast	Build package and focused checks	2026-10-07T06:51:26.2268766Z building '/nix/store/cj0vp2zlv36jvvrvqrkcksi7w4pcsznn-dw_0b0e48dd07644577df323079a855db305fc4af141b38ca58.toml.drv'...
fast	Build package and focused checks	2026-10-07T06:51:26.2991006Z building '/nix/store/1q9c1ym32ls1s3yc761gvsihx6ads19w-dw_2890a0253ab7187d2711790ae88bf587088403a6f6def2b7.toml.drv'...
fast	Build package and focused checks	2026-10-07T06:51:26.3440088Z copying path '/nix/store/xvd9s1sg5fb4zrvr649i4dydrrkngrj1-zstd-1.5.7-bin' from 'https://cache.numtide.com'...
fast	Build package and focused checks	2026-10-07T06:51:26.3463418Z copying path '/nix/store/nm95jgm7w3qbrd44b63qnv2sr78k60ly-s2n-tls-1.7.6' from 'https://cache.numtide.com'...
fast	Build package and focused checks	2026-10-07T06:51:26.3510318Z copying path '/nix/store/ga9zfcn9i5p3qnsnjyilglhz49c6brmc-aws-c-compression-0.3.1' from 'https://cache.numtide.com'...
fast	Build package and focused checks	2026-10-07T06:51:26.3942726Z building '/nix/store/wksd8hx31min8gx748axfr1gfvbngdmd-dev-workspace-package.json.drv'...
fast	Build package and focused checks	2026-10-07T06:51:26.4511287Z building '/nix/store/22r5a54jaj269g78hkz0vqa0hkvwj3fn-dw_83858f6b8a0c01e44be672c82538def281d15d32145eac69.toml.drv'...
fast	Build package and focused checks	2026-10-07T06:51:26.4911236Z copying path '/nix/store/gcgbbl2lp2kbhakn56043638lk9dbf88-aws-checksums-0.2.7' from 'https://cache.numtide.com'...
fast	Build package and focused checks	2026-10-07T06:51:26.4925274Z copying path '/nix/store/qnphs4p3xbzfkyk441wprkxj1qaq72h1-icu4c-76.1' from 'https://cache.numtide.com'...
fast	Build package and focused checks	2026-10-07T06:51:26.4931206Z copying path '/nix/store/2rgc5gn3a2qids4bhjaq2g1l1r2i1637-glibc-2.42-67-dev' from 'https://cache.nixos.org'...
fast	Build package and focused checks	2026-10-07T06:51:26.4938456Z copying path '/nix/store/6rmlfwsnc8320am0wndc12rhqqm3llzr-json-c-0.18' from 'https://cache.nixos.org'...
fast	Build package and focused checks	2026-10-07T06:51:26.4939547Z copying path '/nix/store/kp4khgx2g67v63zwgazg99p196s71q6z-lvm2-2.03.39-lib' from 'https://cache.nixos.org'...
fast	Build package and focused checks	2026-10-07T06:51:26.4950300Z copying path '/nix/store/hlki0nb8yfbvb67bam4sqns33h0mw02y-keyutils-1.6.3-lib' from 'https://cache.numtide.com'...
fast	Build package and focused checks	2026-10-07T06:51:26.5311494Z building '/nix/store/k1i6y1z37jdv1fz7z4mp57y87yha69nz-dw_6a9debec60901726c78d13a70b4fe6ad2f264203db9fa7ef.toml.drv'...
fast	Build package and focused checks	2026-10-07T06:51:26.5764971Z building '/nix/store/cvdzg8wrb3jcc5qidx5zvipk2jzasqnb-dw_7f14c4157211b0efc20292b9e62bcdfc62d11f1d9e9f40cb.toml.drv'...
fast	Build package and focused checks	2026-10-07T06:51:26.6265430Z copying path '/nix/store/g4v56b4x1cx5rdhgaim1aykld24f9w5g-libmd-1.1.0' from 'https://cache.numtide.com'...
fast	Build package and focused checks	2026-10-07T06:51:26.6371374Z copying path '/nix/store/r342d1ndm1sb442i436kzp9pvj7sp5y8-libgpg-error-1.59' from 'https://cache.nixos.org'...
fast	Build package and focused checks	2026-10-07T06:51:26.6660440Z building '/nix/store/zmp0jlrha2hb2qmq5xb6l56axgzhwbq6-dw_468d166058ada7dbcf56b2423b1d4e897d20fb0de76d7f63.toml.drv'...
fast	Build package and focused checks	2026-10-07T06:51:26.7181236Z building '/nix/store/abk2hdpm5kd72h82v9nry28pznvi6xcm-dw_671e2795f389d0487030b1d632068480725ca288fa05e133.toml.drv'...
fast	Build package and focused checks	2026-10-07T06:51:26.7501661Z copying path '/nix/store/yh0kaqv6a2z8ck3i55syqmwvzq4b74h7-cracklib-2.10.3' from 'https://cache.nixos.org'...
fast	Build package and focused checks	2026-10-07T06:51:26.7512017Z copying path '/nix/store/1b33vj4q35nqkswznwkhnhzwk5sy6q5h-llhttp-9.4.3' from 'https://cache.numtide.com'...
fast	Build package and focused checks	2026-10-07T06:51:26.7513743Z copying path '/nix/store/9djar9h5rr86qbz9n7ip6g3i8r40f51w-tcb-1.2' from 'https://cache.numtide.com'...
fast	Build package and focused checks	2026-10-07T06:51:26.7520201Z copying path '/nix/store/b5sk57mhn6kr5cg98nvv9j7nyhwgj2gf-libuv-1.52.1' from 'https://cache.nixos.org'...
fast	Build package and focused checks	2026-10-07T06:51:26.7526172Z copying path '/nix/store/0a4i5pcnhb4b9wnzx1x1lga18nk3rna7-zlib-1.3.2-dev' from 'https://cache.nixos.org'...
fast	Build package and focused checks	2026-10-07T06:51:26.7954989Z building '/nix/store/13q1i950rh98b1xwkw0nk7a434nmp1zn-dw_ad850fc5e9d8f23e3d37061d73eb4e829cff749e2f26416e.toml.drv'...
fast	Build package and focused checks	2026-10-07T06:51:26.8409950Z building '/nix/store/4vfj1xm1j3v90h4ynd4frhj5hr63i11h-dw_ad93ec914fb4a73ba65c9d14f0e6d04e5ebfe24fdd286032.toml.drv'...
fast	Build package and focused checks	2026-10-07T06:51:26.8870907Z copying path '/nix/store/9bls42pnwrggsa8qjaqndnm3j9bxg6lw-util-linux-2.42.2-lastlog' from 'https://cache.numtide.com'...
fast	Build package and focused checks	2026-10-07T06:51:26.8872020Z copying path '/nix/store/90rjmhrzh960fl8y34xbx035sxkn5zc0-util-linux-2.42.2-mount' from 'https://cache.numtide.com'...
fast	Build package and focused checks	2026-10-07T06:51:26.8891524Z copying path '/nix/store/sxwaql61rw36w5hmim26931h8qhiljf6-util-linux-2.42.2-login' from 'https://cache.numtide.com'...
fast	Build package and focused checks	2026-10-07T06:51:26.8892405Z copying path '/nix/store/dmw3jqvrx6mjvdkqmdlsfa4wamn4n8qb-util-linux-2.42.2-swap' from 'https://cache.numtide.com'...
fast	Build package and focused checks	2026-10-07T06:51:26.9232333Z building '/nix/store/g777ikr6ld2yrh3df8pwgxyml3jzbfd7-dw_8d70abef4d2a26a984afcea8a6bde74d17d8d35f681a5700.toml.drv'...
fast	Build package and focused checks	2026-10-07T06:51:26.9587309Z building '/nix/store/pzi1q4wbf105hkm481xhad1fzlvi4mm6-dw_96361b7e264d823bb26d6ff78194b428c418a8e2004ba775.toml.drv'...
fast	Build package and focused checks	2026-10-07T06:51:27.0052106Z copying path '/nix/store/cz475scig3p2izkifj87ddhyahid0kzz-icu4c-78.3' from 'https://cache.nixos.org'...
fast	Build package and focused checks	2026-10-07T06:51:27.0074216Z copying path '/nix/store/v6ibq54l47kz8m62gm5p4dqr8sjgy4c9-krb5-1.22.2-lib' from 'https://cache.numtide.com'...
fast	Build package and focused checks	2026-10-07T06:51:27.0075800Z copying path '/nix/store/clr3gc8bxn467jqa9073rl9c4vg7pfyq-cryptsetup-2.8.6' from 'https://cache.nixos.org'...
fast	Build package and focused checks	2026-10-07T06:51:27.0114168Z copying path '/nix/store/fn422cz3hayvd8sz2iwhykf4f48cj5bn-aws-c-io-0.27.2' from 'https://cache.numtide.com'...
fast	Build package and focused checks	2026-10-07T06:51:27.0570238Z building '/nix/store/gyfc9rd84q77s4vpbcg2lv327i62abi3-dw_84b722de9406b46866dd4135c9b075644fbe87d202bfe243.toml.drv'...
fast	Build package and focused checks	2026-10-07T06:51:27.0981545Z building '/nix/store/0l37wi64lxvfaj6gd08asmnikpb7zvw3-dw_d27b67628a89dd54273ea01291ebf272fd9cbe2185a61a5b.toml.drv'...
fast	Build package and focused checks	2026-10-07T06:51:27.1330801Z copying path '/nix/store/vwwzgbrpk2cddxbhmj3b2569cnf5yilc-libgcrypt-1.12.2-lib' from 'https://cache.nixos.org'...
fast	Build package and focused checks	2026-10-07T06:51:27.1331785Z copying path '/nix/store/10k496bjny27fvb5xli9y2bcq771p5k3-python3.13-ply-3.11' from 'https://cache.nixos.org'...
fast	Build package and focused checks	2026-10-07T06:51:27.1333116Z copying path '/nix/store/c63zgxbsvwnk5y6lkvm1d1cd9vxdl21d-python3.13-typing-extensions-4.15.0' from 'https://cache.numtide.com'...
fast	Build package and focused checks	2026-10-07T06:51:27.1335214Z copying path '/nix/store/wzgqpl7jl8wkg4lr5gw7ficd9diypv2c-python3.13-attrs-26.1.0' from 'https://cache.nixos.org'...
fast	Build package and focused checks	2026-10-07T06:51:27.1341727Z copying path '/nix/store/cybkxd66v73j80jxyjsad56zvd00vn0b-python3.13-rpds-py-0.30.0' from 'https://cache.nixos.org'...
fast	Build package and focused checks	2026-10-07T06:51:27.1721262Z building '/nix/store/csrwx8vf0ygcg31ydixl36j49bffpkma-dw_c90b7bb525bbf61c965f29c1410ee9ed161fc60940be5765.toml.drv'...
fast	Build package and focused checks	2026-10-07T06:51:27.2166875Z building '/nix/store/09byyvq5w8jb25c82sqlr8wz4b50gy7s-dw_cdc49e3b17e2cf01c025370a8b9d8961548560da8ea8dddf.toml.drv'...
fast	Build package and focused checks	2026-10-07T06:51:27.2643796Z copying path '/nix/store/r74c1k3sqjjw1g8qg0p2rcjai8xdyqjh-libbsd-0.12.2' from 'https://cache.numtide.com'...
fast	Build package and focused checks	2026-10-07T06:51:27.2677813Z copying path '/nix/store/2x7810p4cwkk0psriydhqbyl54yb92z0-libgit2-1.9.7-lib' from 'https://cache.numtide.com'...
fast	Build package and focused checks	2026-10-07T06:51:27.2679886Z copying path '/nix/store/fyp5g3kpfiiaxw9lsbakxms2ll4q8a8d-libpwquality-1.4.5-lib' from 'https://cache.nixos.org'...
fast	Build package and focused checks	2026-10-07T06:51:27.2688388Z copying path '/nix/store/7d9dcvf8v7mdw1d6qkzywqkx5zcpwf0m-llhttp-9.4.3-dev' from 'https://cache.nixos.org'...
fast	Build package and focused checks	2026-10-07T06:51:27.3082413Z building '/nix/store/lfisc9ip4m9c21p0kb0qp1ammmv4qm67-dw_b6f7fd5b6afb8423213e95e15936ac1336045e841d7f93de.toml.drv'...
fast	Build package and focused checks	2026-10-07T06:51:27.3541764Z building '/nix/store/8ax2rfypcz251a9l5hxn1iijfy55jaic-dw_c0e6e7674316094f1d98580ac7f3164a20dd5939ef30c921.toml.drv'...
fast	Build package and focused checks	2026-10-07T06:51:27.3845283Z copying path '/nix/store/b9y01aknbnqrglnrg6x31ncnjfvyn221-libuv-1.52.1-dev' from 'https://cache.nixos.org'...
fast	Build package and focused checks	2026-10-07T06:51:27.3846262Z copying path '/nix/store/fvvqz9jrzgx01bjair7sipbmf8kw4j3n-simdjson-4.6.4' from 'https://cache.nixos.org'...
fast	Build package and focused checks	2026-10-07T06:51:27.3896740Z copying path '/nix/store/f75aywwsd4qy38800bpzb1xmx1ngqymg-simdutf-6.5.0' from 'https://cache.nixos.org'...
fast	Build package and focused checks	2026-10-07T06:51:27.4255974Z building '/nix/store/7kqwhhwjlc3jfp8whynjhpbir4pdq2w1-dw_fd810ecbcf0ed36eb131bc889b2f095235b7aca82abeea3f.toml.drv'...
fast	Build package and focused checks	2026-10-07T06:51:27.4891246Z building '/nix/store/mhhwwi1jzfy9ib16p88910xd7hvqysyr-example-workspace-skill.drv'...
fast	Build package and focused checks	2026-10-07T06:51:27.5584609Z copying path '/nix/store/6i41qlsh8gf7vwqp81hhcp19xpzvi5xa-boost-1.89.0' from 'https://cache.numtide.com'...
fast	Build package and focused checks	2026-10-07T06:51:27.5641332Z copying path '/nix/store/2p1njlxaznf22syr8l5x53ymlhj8lbc1-aws-c-http-0.11.0' from 'https://cache.numtide.com'...
fast	Build package and focused checks	2026-10-07T06:51:27.5948646Z building '/nix/store/nzrcph3l8hv78vav3841y9vdp2bn006r-assemble-codex-package.drv'...
fast	Build package and focused checks	2026-10-07T06:51:27.6375353Z building '/nix/store/4dcag1a1j9x17148cwvfqcq3rknc5580-dev-workspace-agent-teams.json.drv'...
fast	Build package and focused checks	2026-10-07T06:51:27.6760508Z copying path '/nix/store/xndxc5hizqpdl8gzkidvzc4yh0jgndi0-c-ares-1.34.8-dev' from 'https://cache.nixos.org'...
fast	Build package and focused checks	2026-10-07T06:51:27.6761768Z copying path '/nix/store/brrzhh73q6h5c17gi3004svz8659aj52-curl-8.21.0' from 'https://cache.numtide.com'...
fast	Build package and focused checks	2026-10-07T06:51:27.6763072Z copying path '/nix/store/v87pkvz8m4w5dfgimw1gzv3lsc8baf1d-merve-1.2.2' from 'https://cache.nixos.org'...
fast	Build package and focused checks	2026-10-07T06:51:27.6771650Z copying path '/nix/store/fsxbih8cqjkb1f9nv3fsc07a18kyisiz-aws-c-event-stream-0.7.0' from 'https://cache.numtide.com'...
fast	Build package and focused checks	2026-10-07T06:51:27.6776731Z copying path '/nix/store/hbnl13kyqd616w0dpvcq4v4kpd9gnf5a-nghttp3-1.15.0-dev' from 'https://cache.nixos.org'...
fast	Build package and focused checks	2026-10-07T06:51:27.6779682Z copying path '/nix/store/qmsk1djpcw923mhqn8qr82jpf5jhmcby-ngtcp2-1.22.1-dev' from 'https://cache.nixos.org'...
fast	Build package and focused checks	2026-10-07T06:51:27.6860564Z copying path '/nix/store/pidi7y7vahin26j8gbhlfxlylzffkrv9-nodejs-install-manuals' from 'https://cache.nixos.org'...
fast	Build package and focused checks	2026-10-07T06:51:27.6862054Z copying path '/nix/store/n0adwsx0sxhrfq6x32zm2is31xzhaf5y-zstd-1.5.7-dev' from 'https://cache.nixos.org'...
fast	Build package and focused checks	2026-10-07T06:51:27.8007030Z building '/nix/store/sm4r8ha8ky13n0c8apijrz0i982b1zz7-codex-package.json.drv'...
fast	Build package and focused checks	2026-10-07T06:51:27.8542251Z building '/nix/store/vkrmw8ypzmilrgmghc46rglv6yypkscz-dev-workspace-extensions.json.drv'...
fast	Build package and focused checks	2026-10-07T06:51:27.8954285Z copying path '/nix/store/7fpa17hpgqqs084lk08j0mwmc5xpbyf4-binutils-2.46' from 'https://cache.nixos.org'...
fast	Build package and focused checks	2026-10-07T06:51:27.9001200Z copying path '/nix/store/07691h50630my15fdg1syr9f2ip7y0ca-hwloc-2.13.0-lib' from 'https://cache.numtide.com'...
fast	Build package and focused checks	2026-10-07T06:51:27.9002063Z copying path '/nix/store/cmydf95y006dfn7nbckiv7b514j5l78w-brotli-1.2.0' from 'https://cache.nixos.org'...
fast	Build package and focused checks	2026-10-07T06:51:27.9002777Z copying path '/nix/store/4m2avzpp36cjmj52vy11mqr5icdxnfgk-libtool-2.5.4-lib' from 'https://cache.nixos.org'...
fast	Build package and focused checks	2026-10-07T06:51:27.9003491Z copying path '/nix/store/mi7n5jkmjlycsshfn140m8adm4j13cr7-uvwasi-0.0.23' from 'https://cache.nixos.org'...
fast	Build package and focused checks	2026-10-07T06:51:27.9004187Z copying path '/nix/store/8rgv6y4hsjfjj80582gzswhi6ld10942-libtpms-0.10.2' from 'https://cache.nixos.org'...
fast	Build package and focused checks	2026-10-07T06:51:27.9004872Z copying path '/nix/store/9v95cv7bjjv4admfqxrvcxlvjk3k638k-nettle-3.10.2' from 'https://cache.numtide.com'...
fast	Build package and focused checks	2026-10-07T06:51:27.9005545Z copying path '/nix/store/6nwqn9mknj6pnpn0qqhmynikmlxbc7dz-simdutf-9.0.0' from 'https://cache.nixos.org'...
fast	Build package and focused checks	2026-10-07T06:51:27.9006220Z copying path '/nix/store/74i0gidj7yvd04xnkf6g1ng0hnnv7459-cyrus-sasl-2.1.28' from 'https://cache.nixos.org'...
fast	Build package and focused checks	2026-10-07T06:51:27.9006965Z copying path '/nix/store/zr30fs94fa4iwy8iwwz1c04dbcwn63kg-python3.13-referencing-0.37.0' from 'https://cache.nixos.org'...
fast	Build package and focused checks	2026-10-07T06:51:27.9007714Z copying path '/nix/store/jqhi0ij0kps9qlmhbfvv4p79vrzqgxa5-perl5.42.0-Clone-0.46' from 'https://cache.nixos.org'...
fast	Build package and focused checks	2026-10-07T06:51:27.9052562Z copying path '/nix/store/aac94sz1984p0imq0vkggcfwxb0zg90s-perl5.42.0-Crypt-URandom-0.55' from 'https://cache.nixos.org'...
fast	Build package and focused checks	2026-10-07T06:51:27.9055772Z copying path '/nix/store/i3cmnhjlscrkyqzw0aq0l3dl3dkcnk7q-python3.13-jsonpath-ng-1.7.0' from 'https://cache.nixos.org'...
fast	Build package and focused checks	2026-10-07T06:51:27.9706465Z building '/nix/store/x66ya22dcn0nc27c1diansi37lw5ydn6-assemble-codex-package.drv'...
fast	Build package and focused checks	2026-10-07T06:51:27.9963542Z copying path '/nix/store/6b4bajw7kj3pyb9amay795qiicn1gzwp-aws-c-auth-0.9.1' from 'https://cache.numtide.com'...
fast	Build package and focused checks	2026-10-07T06:51:27.9966758Z copying path '/nix/store/f0k1kpgd7aikykdw7fzw1qplz7qswp10-aws-c-mqtt-0.13.3' from 'https://cache.numtide.com'...
fast	Build package and focused checks	2026-10-07T06:51:28.0003513Z copying path '/nix/store/g14fri80i39za36cqhi5pxrprnwp0kaj-git-minimal-2.54.0' from 'https://cache.numtide.com'...
fast	Build package and focused checks	2026-10-07T06:51:28.0004625Z copying path '/nix/store/5vn2y0vssyv4bw9ax2fb6k3mchqpiszy-gmp-6.3.0' from 'https://cache.nixos.org'...
fast	Build package and focused checks	2026-10-07T06:51:28.0005853Z copying path '/nix/store/cvv2iqql2vijlyxvfrijhzq7bvzvbwdl-elfutils-0.194' from 'https://cache.nixos.org'...
fast	Build package and focused checks	2026-10-07T06:51:28.0009691Z copying path '/nix/store/gdalsnb0bbj02c9vbskyzg4qisdlcf3p-shadow-4.19.4' from 'https://cache.numtide.com'...
fast	Build package and focused checks	2026-10-07T06:51:28.0013564Z copying path '/nix/store/r5rzl636h2nycrk4bd97mi9k3dr3xpky-icu4c-78.3-dev' from 'https://cache.nixos.org'...
fast	Build package and focused checks	2026-10-07T06:51:28.0030499Z copying path '/nix/store/fks4cgmhydqxs4vqdmqdms775qw9h6m3-brotli-1.2.0-dev' from 'https://cache.nixos.org'...
fast	Build package and focused checks	2026-10-07T06:51:28.0033088Z copying path '/nix/store/05639sga8mh1pdqxr1qh2ad4k3g4lcbc-perl5.42.0-Authen-SASL-2.1900' from 'https://cache.nixos.org'...
fast	Build package and focused checks	2026-10-07T06:51:28.0036729Z copying path '/nix/store/jyrwf1dy0bazpd8r4npdpraw75rkzjab-perl5.42.0-HTTP-Message-6.45' from 'https://cache.nixos.org'...
fast	Build package and focused checks	2026-10-07T06:51:28.0038776Z copying path '/nix/store/dr930m0jx9m05xipzrlnpp91kniahq49-python3.13-jsonschema-specifications-2025.9.1' from 'https://cache.nixos.org'...
fast	Build package and focused checks	2026-10-07T06:51:28.0783051Z building '/nix/store/xw9js29dbkgh25qjz404dpb4aabx97xz-codex-package-link-fixture.drv'...
fast	Build package and focused checks	2026-10-07T06:51:28.1207863Z copying path '/nix/store/7k53rdwgxyd7ahswq3qqq7vvl9h6x6hm-openldap-2.6.13' from 'https://cache.nixos.org'...
fast	Build package and focused checks	2026-10-07T06:51:28.1233827Z copying path '/nix/store/kxcgzz6lhrp9b5l3b394haz74g7721id-tpm2-tss-4.2.0' from 'https://cache.nixos.org'...
fast	Build package and focused checks	2026-10-07T06:51:28.1263981Z copying path '/nix/store/4mzmx837vrpkmfl1p20xnzqbf6i9cw7m-perl5.42.0-HTML-Parser-3.81' from 'https://cache.nixos.org'...
fast	Build package and focused checks	2026-10-07T06:51:28.1289998Z copying path '/nix/store/6fw0jqyxd1hcs1h7jgpw5jbmr01rzhsn-ada-3.4.4' from 'https://cache.nixos.org'...
fast	Build package and focused checks	2026-10-07T06:51:28.1306763Z copying path '/nix/store/a1qm3gjk755d4f234sfbzwic35v72sa6-perl5.42.0-HTTP-Daemon-6.17' from 'https://cache.nixos.org'...
fast	Build package and focused checks	2026-10-07T06:51:28.1386877Z copying path '/nix/store/imbfqwcwxxq5l5pjmdynzkjnpyidnvhb-perl5.42.0-HTTP-Negotiate-6.01' from 'https://cache.nixos.org'...
fast	Build package and focused checks	2026-10-07T06:51:28.1543100Z copying path '/nix/store/r37l2nqy6ixyq3xjqc82ww56is3rdxld-python3.13-jsonschema-4.26.0' from 'https://cache.nixos.org'...
fast	Build package and focused checks	2026-10-07T06:51:28.1707416Z copying path '/nix/store/vvs4k6c58b8hq66346hrpks726qns0ig-onetbb-2022.3.0' from 'https://cache.numtide.com'...
fast	Build package and focused checks	2026-10-07T06:51:28.2086235Z copying path '/nix/store/bddz6wynx2d6cs66d9b32qsw26s6wavw-libbpf-1.7.0' from 'https://cache.nixos.org'...
fast	Build package and focused checks	2026-10-07T06:51:28.2344790Z copying path '/nix/store/0x4xf8ad5hzvnd4ya37y6r7xq9p0jn0y-ShellCheck-0.11.0' from 'https://cache.nixos.org'...
fast	Build package and focused checks	2026-10-07T06:51:28.2349934Z copying path '/nix/store/0xh4c4lwpji5qk6g8ykrnk6crg2ghidi-perl5.42.0-CGI-4.59' from 'https://cache.nixos.org'...
fast	Build package and focused checks	2026-10-07T06:51:28.2463044Z copying path '/nix/store/vrhqx32ab3rc44jhds8w0fnbh37my9f9-perl5.42.0-HTTP-Cookies-6.10' from 'https://cache.nixos.org'...
fast	Build package and focused checks	2026-10-07T06:51:28.2493609Z copying path '/nix/store/arlgrwqkfrxmvl39wzdkq760ih6pajvl-unbound-1.26.0-lib' from 'https://cache.numtide.com'...
fast	Build package and focused checks	2026-10-07T06:51:28.2497161Z copying path '/nix/store/a3kf83l5r79a5q17wwp4czb68vn21gz9-isl-0.20' from 'https://cache.nixos.org'...
fast	Build package and focused checks	2026-10-07T06:51:28.2556183Z copying path '/nix/store/b5rhsn8f1ml8hfml2r5i2r3w5ky3mj1n-mpfr-4.2.2' from 'https://cache.nixos.org'...
fast	Build package and focused checks	2026-10-07T06:51:28.2557535Z copying path '/nix/store/8dq9wd2hkgh5dqvg32wg1p5zn6rlydbc-nghttp2-1.69.0' from 'https://cache.nixos.org'...
fast	Build package and focused checks	2026-10-07T06:51:28.2611153Z copying path '/nix/store/4q7k51hkcbi3zxqphp42wmlpn6c1a5j3-python3-3.13.15-env' from 'https://cache.nixos.org'...
fast	Build package and focused checks	2026-10-07T06:51:28.2727734Z copying path '/nix/store/sb2apk3hs8g9ljq80srvhb35ddzbqrcx-aws-c-s3-0.8.7' from 'https://cache.numtide.com'...
fast	Build package and focused checks	2026-10-07T06:51:28.2736598Z copying path '/nix/store/nsz1338l3faaw43f68w97d10spjllv6n-apr-util-1.6.5' from 'https://cache.nixos.org'...
fast	Build package and focused checks	2026-10-07T06:51:28.2793132Z copying path '/nix/store/yvxj18wrfjd1nfsid988lc9ixhzi174m-perl5.42.0-libwww-perl-6.72' from 'https://cache.nixos.org'...
fast	Build package and focused checks	2026-10-07T06:51:28.2795686Z copying path '/nix/store/g5as98krv347sxvnhj32zmk6yjl70l6r-perl5.42.0-CGI-Fast-2.16' from 'https://cache.nixos.org'...
fast	Build package and focused checks	2026-10-07T06:51:28.2923493Z copying path '/nix/store/l4qnlbca31jvyh0sdg5qqbqkh48z1q19-gnutar-1.35' from 'https://cache.nixos.org'...
fast	Build package and focused checks	2026-10-07T06:51:28.3013877Z copying path '/nix/store/25771zf6h2dryp8d3i65gyg17mmphy9v-binutils-wrapper-2.46' from 'https://cache.nixos.org'...
fast	Build package and focused checks	2026-10-07T06:51:28.3093720Z copying path '/nix/store/986gncymgny2hzjndz0nhv94kvp66sja-sqlite-3.51.2-bin' from 'https://cache.nixos.org'...
fast	Build package and focused checks	2026-10-07T06:51:28.3101803Z copying path '/nix/store/pgs48ablqv4332cf7m5vkn5pp2bbx2aq-libmpc-1.4.0' from 'https://cache.nixos.org'...
fast	Build package and focused checks	2026-10-07T06:51:28.3151528Z copying path '/nix/store/ymqvnsic2l656bg3d5msk39pjk47s6aw-apache-httpd-2.4.68' from 'https://cache.nixos.org'...
fast	Build package and focused checks	2026-10-07T06:51:28.3218369Z copying path '/nix/store/xk7x0m6n0yhs9p6dmhxlah0v625fs332-nghttp2-1.69.0-dev' from 'https://cache.nixos.org'...
fast	Build package and focused checks	2026-10-07T06:51:28.3233448Z copying path '/nix/store/nly4cml071i82515r89rpdw38z55wjqd-git-2.54.0' from 'https://cache.nixos.org'...
fast	Build package and focused checks	2026-10-07T06:51:28.3323623Z copying path '/nix/store/2limljgc50jy76vg388ldgggcjhhkhav-gcc-15.2.0' from 'https://cache.nixos.org'...
fast	Build package and focused checks	2026-10-07T06:51:28.3524163Z copying path '/nix/store/iwh5cb5i5xxqad0mpyf8anjbwmvm90jl-prefetch-npm-deps-0.1.0' from 'https://cache.nixos.org'...
fast	Build package and focused checks	2026-10-07T06:51:28.3618699Z copying path '/nix/store/3lzmjbp0wxj4bjmaj286n2dyfkd49wr3-gnutls-3.8.13' from 'https://cache.numtide.com'...
fast	Build package and focused checks	2026-10-07T06:51:28.3626391Z copying path '/nix/store/nabvcs2dqhnfckjv0vb5v6hx5m404l5x-sqlite-3.51.2-dev' from 'https://cache.nixos.org'...
fast	Build package and focused checks	2026-10-07T06:51:28.3857431Z copying path '/nix/store/4n075ll5jdwbjv142yg8ymz5f3yf4pam-util-linux-2.42.2-bin' from 'https://cache.numtide.com'...
fast	Build package and focused checks	2026-10-07T06:51:28.5028301Z building '/nix/store/6s4q7pprwd9ijj0c4jqlmwza3hflasqa-dev-workspace-host-auth-benchmark.drv'...
fast	Build package and focused checks	2026-10-07T06:51:28.5052296Z copying path '/nix/store/yw45wg7dwysi8cmcbkcdfav09qrqmjj9-aws-crt-cpp-0.34.3' from 'https://cache.numtide.com'...
fast	Build package and focused checks	2026-10-07T06:51:28.5054273Z copying path '/nix/store/vd4c701jdbym69njq5ak0bfih88d5w94-libmicrohttpd-1.0.2' from 'https://cache.nixos.org'...
fast	Build package and focused checks	2026-10-07T06:51:28.5433361Z copying path '/nix/store/3307vfpkpybyzf4w7mcn1pavnylsvb35-nodejs-slim-24.19.0' from 'https://cache.nixos.org'...
fast	Build package and focused checks	2026-10-07T06:51:28.6444957Z copying path '/nix/store/0xiinbh7pbj479i5v28mqnjrvhvbdibf-systemd-260.2' from 'https://cache.nixos.org'...
fast	Build package and focused checks	2026-10-07T06:51:28.6529877Z copying path '/nix/store/6dfcwgp47y4syzqgzhc01vgjv0wl24pa-libblake3-1.8.5' from 'https://cache.numtide.com'...
fast	Build package and focused checks	2026-10-07T06:51:28.7611670Z building '/nix/store/xi1ig0gi01c6ddl4xx8kja9z4rwnc99n-workspace-repository-review-assets-1.0.0-npm-deps.drv'...
fast	Build package and focused checks	2026-10-07T06:51:28.8071821Z copying path '/nix/store/qs56yj9gzlv1k8fjzvcd2vlpm9v57hfz-nix-util-2.34.8' from 'https://cache.numtide.com'...
fast	Build package and focused checks	2026-10-07T06:51:28.8085456Z workspace-repository-review-assets> Running phase: unpackPhase
fast	Build package and focused checks	2026-10-07T06:51:28.8229719Z workspace-repository-review-assets> unpacking source archive /nix/store/f1cazw0yis5cdp0srakb5nxx5r4mvnm9-source
fast	Build package and focused checks	2026-10-07T06:51:28.8327442Z workspace-repository-review-assets> source root is source
fast	Build package and focused checks	2026-10-07T06:51:28.8406632Z copying path '/nix/store/fc06kw42kmdp3kqnp9dwvl10c5q1rz4q-util-linux-2.42.2-dev' from 'https://cache.numtide.com'...
fast	Build package and focused checks	2026-10-07T06:51:28.9239797Z building '/nix/store/6mq587lfbcvx2vvj2zhm2m7r9cbdpccs-workspace-portal-substrate-reconcile.drv'...
fast	Build package and focused checks	2026-10-07T06:51:28.9991104Z building '/nix/store/vban5anyngi14xyicnhlfyscickk5k8r-workspace-portal-substrate-reconcile.drv'...
fast	Build package and focused checks	2026-10-07T06:51:29.0017432Z workspace-repository-review-assets> Running phase: patchPhase
fast	Build package and focused checks	2026-10-07T06:51:29.0021761Z workspace-repository-review-assets> Running phase: updateAutotoolsGnuConfigScriptsPhase
fast	Build package and focused checks	2026-10-07T06:51:29.0074803Z workspace-repository-review-assets> Running phase: configurePhase
fast	Build package and focused checks	2026-10-07T06:51:29.0076194Z workspace-repository-review-assets> no configure script, doing nothing
fast	Build package and focused checks	2026-10-07T06:51:29.0076948Z workspace-repository-review-assets> Running phase: buildPhase
fast	Build package and focused checks	2026-10-07T06:51:29.3384954Z copying path '/nix/store/sxprxq1lzq4jv37ay63vy4ad5d4ga2fx-nix-nswrapper-2.34.8' from 'https://cache.numtide.com'...
fast	Build package and focused checks	2026-10-07T06:51:29.3387440Z copying path '/nix/store/ra1885ms4h4wajgg1pzmxjk6ijdqq609-nix-store-2.34.8' from 'https://cache.numtide.com'...
fast	Build package and focused checks	2026-10-07T06:51:29.6827468Z building '/nix/store/zrriv2gs5v8ylnpsjfwf420iwhydhjmz-workspace-portal-substrate-reconcile.drv'...
fast	Build package and focused checks	2026-10-07T06:51:29.7930035Z building '/nix/store/ycswnhrrch9ha3lxpqgy7p7wmga3di0b-workspace-portal-substrate-reconcile.drv'...
fast	Build package and focused checks	2026-10-07T06:51:29.8321203Z copying path '/nix/store/ssrjh8dwzzj1vb2xsyp74sp9any5f1fi-nix-main-2.34.8' from 'https://cache.numtide.com'...
fast	Build package and focused checks	2026-10-07T06:51:29.8324056Z copying path '/nix/store/jd31avabsm15zfjmidymhcwrw54fmfhm-nix-fetchers-2.34.8' from 'https://cache.numtide.com'...
fast	Build package and focused checks	2026-10-07T06:51:30.0317601Z workspace-repository-review-assets> Running phase: fixupPhase
fast	Build package and focused checks	2026-10-07T06:51:30.0578731Z copying path '/nix/store/g24g3y8qrn3jwgfnzq99m3c82cl2k4mz-nix-expr-2.34.8' from 'https://cache.numtide.com'...
fast	Build package and focused checks	2026-10-07T06:51:30.2017420Z workspace-repository-review-assets> shrinking RPATHs of ELF executables and libraries in /nix/store/m41xlvj1pllr9fja9g10jwn97xsbxs5k-workspace-repository-review-assets-1.0.0-npm-deps
fast	Build package and focused checks	2026-10-07T06:51:30.2369095Z workspace-repository-review-assets> checking for references to /build/ in /nix/store/m41xlvj1pllr9fja9g10jwn97xsbxs5k-workspace-repository-review-assets-1.0.0-npm-deps...
fast	Build package and focused checks	2026-10-07T06:51:30.3556329Z building '/nix/store/5mqg18lbkzhkivw7a8p2zzplx4q9gpxd-dev-workspace-host-module-check.drv'...
fast	Build package and focused checks	2026-10-07T06:51:30.3684458Z workspace-repository-review-assets> patching script interpreter paths in /nix/store/m41xlvj1pllr9fja9g10jwn97xsbxs5k-workspace-repository-review-assets-1.0.0-npm-deps
fast	Build package and focused checks	2026-10-07T06:51:30.3693817Z copying path '/nix/store/ab6cflwqj1006lwlghw9vvfc8v467n3i-nix-flake-2.34.8' from 'https://cache.numtide.com'...
fast	Build package and focused checks	2026-10-07T06:51:30.7790214Z copying path '/nix/store/dgyzn5y1mj9ma898wl5k5zk5b2z5w8h6-nodejs-slim-24.19.0-corepack' from 'https://cache.nixos.org'...
fast	Build package and focused checks	2026-10-07T06:51:30.7793836Z copying path '/nix/store/6likqwy33cgh1whw1fmn7a958cqw1r01-nix-cmd-2.34.8' from 'https://cache.numtide.com'...
fast	Build package and focused checks	2026-10-07T06:51:30.7798549Z copying path '/nix/store/h3mfr4gywqcmdsiiiqv2dp5cz8x79kb0-nodejs-slim-24.19.0-npm' from 'https://cache.nixos.org'...
fast	Build package and focused checks	2026-10-07T06:51:31.0835595Z copying path '/nix/store/l07gdbxylzfl8pbx9pxy6fyg95w4hjwy-nodejs-24.19.0' from 'https://cache.nixos.org'...
fast	Build package and focused checks	2026-10-07T06:51:31.0838154Z copying path '/nix/store/vqx34n14yfdalm5s4wy27r7nszpqjq80-nodejs-24.19.0-source' from 'https://cache.nixos.org'...
fast	Build package and focused checks	2026-10-07T06:51:31.1091755Z copying path '/nix/store/b8y93ncn8bqndj3iid6lla4hvjhhy9ps-nix-2.34.8' from 'https://cache.numtide.com'...
fast	Build package and focused checks	2026-10-07T06:51:31.4590727Z copying path '/nix/store/i4bv0lvk0gfzllcy2kqgz3iam0aw4c4i-nix-2.34.8' from 'https://cache.numtide.com'...
fast	Build package and focused checks	2026-10-07T06:51:31.4895432Z building '/nix/store/q65hzvnckl1gb2442vh69mra8x75ib4p-assemble-codex-package.drv'...
fast	Build package and focused checks	2026-10-07T06:51:31.6613209Z building '/nix/store/xnl1yi6y3812l5rd7di9k4k8isap85gh-codex-package-0.160.0.drv'...
fast	Build package and focused checks	2026-10-07T06:51:31.7473871Z copying path '/nix/store/j6jxwclhmyg6fig1id205nxy2r37qjz1-nodejs-install-executables' from 'https://cache.nixos.org'...
fast	Build package and focused checks	2026-10-07T06:51:31.7489649Z copying path '/nix/store/c7c0yarb87cv4jxlyr02dxryrlmyi232-gcc-wrapper-15.2.0' from 'https://cache.nixos.org'...
fast	Build package and focused checks	2026-10-07T06:51:31.7510837Z copying path '/nix/store/cxi6ijhqcgrfr9f49p59ffhx0pmyr5jq-npm-config-hook' from 'https://cache.nixos.org'...
fast	Build package and focused checks	2026-10-07T06:51:31.7642891Z copying path '/nix/store/iv1lryg8qsk9rfm9hs3g6kyb34jzgydz-npm-install-hook' from 'https://cache.nixos.org'...
fast	Build package and focused checks	2026-10-07T06:51:31.7657221Z copying path '/nix/store/843sqza79ns6k8n7sykxwmy04s741jzn-stdenv-linux' from 'https://cache.nixos.org'...
fast	Build package and focused checks	2026-10-07T06:51:31.8097085Z building '/nix/store/8q2z94mf32mv0j8wxlsshm805xlfysi9-workspace-repository-review-assets-1.0.0.drv'...
fast	Build package and focused checks	2026-10-07T06:51:31.8365853Z workspace-repository-review-assets> Running phase: unpackPhase
fast	Build package and focused checks	2026-10-07T06:51:31.8474459Z workspace-repository-review-assets> unpacking source archive /nix/store/f1cazw0yis5cdp0srakb5nxx5r4mvnm9-source
fast	Build package and focused checks	2026-10-07T06:51:31.8522678Z workspace-repository-review-assets> source root is source
fast	Build package and focused checks	2026-10-07T06:51:31.8610006Z workspace-repository-review-assets> Running phase: patchPhase
fast	Build package and focused checks	2026-10-07T06:51:31.8674857Z workspace-repository-review-assets> Executing npmConfigHook
fast	Build package and focused checks	2026-10-07T06:51:31.8675545Z workspace-repository-review-assets> Configuring npm
fast	Build package and focused checks	2026-10-07T06:51:31.8676520Z workspace-repository-review-assets> Validating consistency between /build/source/package-lock.json and /nix/store/m41xlvj1pllr9fja9g10jwn97xsbxs5k-workspace-repository-review-assets-1.0.0-npm-deps/package-lock.json
fast	Build package and focused checks	2026-10-07T06:51:31.8869912Z workspace-repository-review-assets> Setting npm_config_cache to /nix/store/m41xlvj1pllr9fja9g10jwn97xsbxs5k-workspace-repository-review-assets-1.0.0-npm-deps
fast	Build package and focused checks	2026-10-07T06:51:31.8871136Z workspace-repository-review-assets> Installing dependencies
fast	Build package and focused checks	2026-10-07T06:51:32.1270674Z workspace-repository-review-assets> npm warn Unknown env config "nodedir". This will stop working in the next major version of npm. See `npm help npmrc` for supported config options.
fast	Build package and focused checks	2026-10-07T06:51:32.1272336Z workspace-repository-review-assets> npm warn Unknown env config "platform". This will stop working in the next major version of npm. See `npm help npmrc` for supported config options.
fast	Build package and focused checks	2026-10-07T06:51:32.1273424Z workspace-repository-review-assets> npm warn Unknown env config "arch". This will stop working in the next major version of npm. See `npm help npmrc` for supported config options.
fast	Build package and focused checks	2026-10-07T06:51:32.7418384Z workspace-repository-review-assets> 
fast	Build package and focused checks	2026-10-07T06:51:32.7419703Z workspace-repository-review-assets> added 58 packages, and audited 59 packages in 796ms
fast	Build package and focused checks	2026-10-07T06:51:32.7420143Z workspace-repository-review-assets> 
fast	Build package and focused checks	2026-10-07T06:51:32.7420628Z workspace-repository-review-assets> 26 packages are looking for funding
fast	Build package and focused checks	2026-10-07T06:51:32.7421207Z workspace-repository-review-assets>   run `npm fund` for details
fast	Build package and focused checks	2026-10-07T06:51:32.7426230Z workspace-repository-review-assets> 
fast	Build package and focused checks	2026-10-07T06:51:32.7426577Z workspace-repository-review-assets> found 0 vulnerabilities
fast	Build package and focused checks	2026-10-07T06:51:32.7822514Z workspace-repository-review-assets> patching script interpreter paths in node_modules
fast	Build package and focused checks	2026-10-07T06:51:32.7921366Z workspace-repository-review-assets> node_modules/esbuild/bin/esbuild: interpreter directive changed from "#!/usr/bin/env node" to "/nix/store/l07gdbxylzfl8pbx9pxy6fyg95w4hjwy-nodejs-24.19.0/bin/node"
fast	Build package and focused checks	2026-10-07T06:51:32.9087671Z workspace-repository-review-assets> npm warn Unknown env config "nodedir". This will stop working in the next major version of npm. See `npm help npmrc` for supported config options.
fast	Build package and focused checks	2026-10-07T06:51:32.9089344Z workspace-repository-review-assets> npm warn Unknown env config "platform". This will stop working in the next major version of npm. See `npm help npmrc` for supported config options.
fast	Build package and focused checks	2026-10-07T06:51:32.9090444Z workspace-repository-review-assets> npm warn Unknown env config "arch". This will stop working in the next major version of npm. See `npm help npmrc` for supported config options.
fast	Build package and focused checks	2026-10-07T06:51:33.0642854Z workspace-repository-review-assets> rebuilt dependencies successfully
fast	Build package and focused checks	2026-10-07T06:51:33.0707814Z workspace-repository-review-assets> patching script interpreter paths in node_modules
fast	Build package and focused checks	2026-10-07T06:51:33.0836132Z workspace-repository-review-assets> Finished npmConfigHook
fast	Build package and focused checks	2026-10-07T06:51:33.0853773Z workspace-repository-review-assets> Running phase: updateAutotoolsGnuConfigScriptsPhase
fast	Build package and focused checks	2026-10-07T06:51:33.1050095Z workspace-repository-review-assets> Running phase: configurePhase
fast	Build package and focused checks	2026-10-07T06:51:33.1359079Z workspace-repository-review-assets> no configure script, doing nothing
fast	Build package and focused checks	2026-10-07T06:51:33.1377027Z workspace-repository-review-assets> Running phase: buildPhase
fast	Build package and focused checks	2026-10-07T06:51:33.1454209Z workspace-repository-review-assets> Executing npmBuildHook
fast	Build package and focused checks	2026-10-07T06:51:33.2145453Z workspace-repository-review-assets> npm warn Unknown env config "nodedir". This will stop working in the next major version of npm. See `npm help npmrc` for supported config options.
fast	Build package and focused checks	2026-10-07T06:51:33.2152673Z workspace-repository-review-assets> npm warn Unknown env config "platform". This will stop working in the next major version of npm. See `npm help npmrc` for supported config options.
fast	Build package and focused checks	2026-10-07T06:51:33.2153735Z workspace-repository-review-assets> npm warn Unknown env config "arch". This will stop working in the next major version of npm. See `npm help npmrc` for supported config options.
fast	Build package and focused checks	2026-10-07T06:51:33.3180846Z workspace-repository-review-assets> 
fast	Build package and focused checks	2026-10-07T06:51:33.3181653Z workspace-repository-review-assets> > workspace-repository-review@1.0.0 build
fast	Build package and focused checks	2026-10-07T06:51:33.3182483Z workspace-repository-review-assets> > node build.mjs
fast	Build package and focused checks	2026-10-07T06:51:33.3182970Z workspace-repository-review-assets> 
fast	Build package and focused checks	2026-10-07T06:51:33.4965159Z workspace-repository-review-assets> Finished npmBuildHook
fast	Build package and focused checks	2026-10-07T06:51:33.4982297Z workspace-repository-review-assets> Running phase: checkPhase
fast	Build package and focused checks	2026-10-07T06:51:34.5400483Z building '/nix/store/b8a8b3q75naixliyffpkyb5j0w61sgrp-dev-workspace-codex-package.drv'...
fast	Build package and focused checks	2026-10-07T06:51:34.8777868Z dev-workspace-codex-package> exec "/nix/store/z88b1bxkp21xpvn93js5l8714x2lq33g-codex-package-0.160.0/libexec/codex/bin/codex"  "$@"
fast	Build package and focused checks	2026-10-07T06:51:34.8778772Z dev-workspace-codex-package> PATH=${PATH/':''/nix/store/kxcgm56aqlvgffr88i2d76zhiklxj3r7-bubblewrap-0.11.2/bin'':'/':'}
fast	Build package and focused checks	2026-10-07T06:51:34.8779634Z dev-workspace-codex-package> PATH='/nix/store/kxcgm56aqlvgffr88i2d76zhiklxj3r7-bubblewrap-0.11.2/bin'$PATH
fast	Build package and focused checks	2026-10-07T06:51:34.8881567Z dev-workspace-codex-package> WARNING: proceeding, even though we could not create PATH aliases: Refusing to create helper binaries under temporary dir "/build" (codex_home: AbsolutePathBuf("/build/codex-home"))
fast	Build package and focused checks	2026-10-07T06:51:34.9016585Z dev-workspace-codex-package> WARNING: proceeding, even though we could not create PATH aliases: Refusing to create helper binaries under temporary dir "/build" (codex_home: AbsolutePathBuf("/build/codex-home"))
fast	Build package and focused checks	2026-10-07T06:51:34.9183179Z dev-workspace-codex-package> codex-package: missing required executable: /nix/store/1zfmrpnzkaqmjwf1vfywyqslr182crsv-codex-missing-input/libexec/codex/bin/logs_client
fast	Build package and focused checks	2026-10-07T06:51:34.9223199Z dev-workspace-codex-package> codex-package: missing required executable: /nix/store/1zfmrpnzkaqmjwf1vfywyqslr182crsv-codex-missing-input/libexec/codex/bin/logs_client
fast	Build package and focused checks	2026-10-07T06:51:34.9722647Z workspace-repository-review-assets> ✔ unified projections preserve complete old/new line identities and unusual contents (269.60927ms)
fast	Build package and focused checks	2026-10-07T06:51:34.9730683Z workspace-repository-review-assets> ✔ collapse regions keep change context and locate links within hidden lines (5.87441ms)
fast	Build package and focused checks	2026-10-07T06:51:34.9738357Z workspace-repository-review-assets> ✔ unified character highlights keep replaced identifiers together (2.894761ms)
fast	Build package and focused checks	2026-10-07T06:51:34.9739884Z workspace-repository-review-assets> ✔ unified character highlights do not scatter through an unrelated replacement block (3.643132ms)
fast	Build package and focused checks	2026-10-07T06:51:34.9740533Z workspace-repository-review-assets> ✔ split character highlights keep replaced identifiers together (2.76896ms)
fast	Build package and focused checks	2026-10-07T06:51:34.9741179Z workspace-repository-review-assets> ✔ split character highlights do not scatter through an unrelated replacement block (3.448308ms)
fast	Build package and focused checks	2026-10-07T06:51:34.9741812Z workspace-repository-review-assets> ✔ language selection recognizes workspace files and every bundled grammar (204.194046ms)
fast	Build package and focused checks	2026-10-07T06:51:34.9742465Z workspace-repository-review-assets> ✔ selected maintained grammars highlight complete source with stable palette indices (735.398967ms)
fast	Build package and focused checks	2026-10-07T06:51:34.9743125Z workspace-repository-review-assets> ✔ unified highlighting uses full original grammar context and each renamed language (6.734841ms)
fast	Build package and focused checks	2026-10-07T06:51:34.9764863Z workspace-repository-review-assets> ✔ editor and worker bundles are self-contained and exclude the WASM engine (5.50455ms)
fast	Build package and focused checks	2026-10-07T06:51:34.9767470Z workspace-repository-review-assets> ✔ worker client coalesces immutable sources and cancels only abandoned work (2.066568ms)
fast	Build package and focused checks	2026-10-07T06:51:34.9865712Z workspace-repository-review-assets> ✔ reported OAuth2 comparison has exactly 116 added and six removed lines in both layouts (9.310279ms)
fast	Build package and focused checks	2026-10-07T06:51:34.9872893Z workspace-repository-review-assets> ✔ missing or inconsistent Git ranges fail without falling back to approximate changed lines (0.504764ms)
fast	Build package and focused checks	2026-10-07T06:51:35.0129877Z workspace-repository-review-assets> ℹ tests 13
fast	Build package and focused checks	2026-10-07T06:51:35.0130359Z workspace-repository-review-assets> ℹ suites 0
fast	Build package and focused checks	2026-10-07T06:51:35.0130704Z workspace-repository-review-assets> ℹ pass 13
fast	Build package and focused checks	2026-10-07T06:51:35.0131042Z workspace-repository-review-assets> ℹ fail 0
fast	Build package and focused checks	2026-10-07T06:51:35.0131395Z workspace-repository-review-assets> ℹ cancelled 0
fast	Build package and focused checks	2026-10-07T06:51:35.0131753Z workspace-repository-review-assets> ℹ skipped 0
fast	Build package and focused checks	2026-10-07T06:51:35.0132517Z workspace-repository-review-assets> ℹ todo 0
fast	Build package and focused checks	2026-10-07T06:51:35.0132914Z workspace-repository-review-assets> ℹ duration_ms 1401.44521
fast	Build package and focused checks	2026-10-07T06:51:35.0200180Z workspace-repository-review-assets> Running phase: installPhase
fast	Build package and focused checks	2026-10-07T06:51:35.0471215Z workspace-repository-review-assets> Running phase: fixupPhase
fast	Build package and focused checks	2026-10-07T06:51:35.0977194Z workspace-repository-review-assets> shrinking RPATHs of ELF executables and libraries in /nix/store/hllcfkaav40y98j1v7vl3gkikgpd0w75-workspace-repository-review-assets-1.0.0
fast	Build package and focused checks	2026-10-07T06:51:35.1011464Z workspace-repository-review-assets> checking for references to /build/ in /nix/store/hllcfkaav40y98j1v7vl3gkikgpd0w75-workspace-repository-review-assets-1.0.0...
fast	Build package and focused checks	2026-10-07T06:51:35.1080343Z workspace-repository-review-assets> patching script interpreter paths in /nix/store/hllcfkaav40y98j1v7vl3gkikgpd0w75-workspace-repository-review-assets-1.0.0
fast	Build package and focused checks	2026-10-07T06:51:35.2159161Z building '/nix/store/2aypb5cyinmpa92aw21gw6wwa789hypg-dev-workspace-0.2.0-go-modules.drv'...
fast	Build package and focused checks	2026-10-07T06:51:35.2530787Z dev-workspace> Running phase: unpackPhase
fast	Build package and focused checks	2026-10-07T06:51:35.2735737Z dev-workspace> unpacking source archive /nix/store/nxjdhbrjcab7jydq7djrq87mvndi0k6z-source
fast	Build package and focused checks	2026-10-07T06:51:35.2999964Z dev-workspace> source root is source
fast	Build package and focused checks	2026-10-07T06:51:35.3091273Z dev-workspace> Running phase: patchPhase
fast	Build package and focused checks	2026-10-07T06:51:35.3254087Z dev-workspace> Running phase: updateAutotoolsGnuConfigScriptsPhase
fast	Build package and focused checks	2026-10-07T06:51:35.3991815Z dev-workspace> Running phase: configurePhase
fast	Build package and focused checks	2026-10-07T06:51:35.4190225Z dev-workspace> Running phase: buildPhase
fast	Build package and focused checks	2026-10-07T06:51:35.4790264Z dev-workspace> go: downloading golang.org/x/sys v0.35.0
fast	Build package and focused checks	2026-10-07T06:51:35.4870526Z dev-workspace> go: downloading gopkg.in/yaml.v3 v3.0.1
fast	Build package and focused checks	2026-10-07T06:51:35.4870933Z dev-workspace> go: downloading github.com/aither64/codex-web v0.0.0-20261004200036-3d07cf60cfde
fast	Build package and focused checks	2026-10-07T06:51:35.8881449Z dev-workspace> go: downloading github.com/coder/websocket v1.8.14
fast	Build package and focused checks	2026-10-07T06:51:36.0012247Z dev-workspace> go: downloading github.com/microcosm-cc/bluemonday v1.0.27
fast	Build package and focused checks	2026-10-07T06:51:36.0040290Z dev-workspace> go: downloading github.com/yuin/goldmark v1.7.17
fast	Build package and focused checks	2026-10-07T06:51:36.2588188Z dev-workspace> go: downloading golang.org/x/text v0.27.0
fast	Build package and focused checks	2026-10-07T06:51:36.2658048Z dev-workspace> go: downloading golang.org/x/net v0.42.0
fast	Build package and focused checks	2026-10-07T06:51:36.2996727Z dev-workspace> go: downloading github.com/aymerick/douceur v0.2.0
fast	Build package and focused checks	2026-10-07T06:51:36.6180858Z dev-workspace> go: downloading github.com/gorilla/css v1.0.1
fast	Build package and focused checks	2026-10-07T06:51:37.0475974Z dev-workspace> Running phase: installPhase
fast	Build package and focused checks	2026-10-07T06:51:37.4290319Z building '/nix/store/6disalxp8w2y4rc9870n14d72glf394a-dev-workspace-0.2.0.drv'...
fast	Build package and focused checks	2026-10-07T06:51:37.4712028Z building '/nix/store/csa9q880rnfbhc8zgmc1yn9dmqfppdsj-dev-workspace-0.2.0.drv'...
fast	Build package and focused checks	2026-10-07T06:51:37.5083469Z building '/nix/store/dnaz9vajgwwai341nmsl9spv3yc81qks-dev-workspace-0.2.0.drv'...
fast	Build package and focused checks	2026-10-07T06:51:37.5086191Z dev-workspace> Running phase: unpackPhase
fast	Build package and focused checks	2026-10-07T06:51:37.5086932Z dev-workspace> unpacking source archive /nix/store/nxjdhbrjcab7jydq7djrq87mvndi0k6z-source
fast	Build package and focused checks	2026-10-07T06:51:37.5087601Z dev-workspace> source root is source
fast	Build package and focused checks	2026-10-07T06:51:37.5096173Z dev-workspace> Running phase: unpackPhase
fast	Build package and focused checks	2026-10-07T06:51:37.5121525Z dev-workspace> Running phase: patchPhase
fast	Build package and focused checks	2026-10-07T06:51:37.5190204Z dev-workspace> unpacking source archive /nix/store/nxjdhbrjcab7jydq7djrq87mvndi0k6z-source
fast	Build package and focused checks	2026-10-07T06:51:37.5370559Z dev-workspace> source root is source
fast	Build package and focused checks	2026-10-07T06:51:37.5402468Z dev-workspace> Running phase: updateAutotoolsGnuConfigScriptsPhase
fast	Build package and focused checks	2026-10-07T06:51:37.5483013Z dev-workspace> Running phase: patchPhase
fast	Build package and focused checks	2026-10-07T06:51:37.5493658Z dev-workspace> Running phase: unpackPhase
fast	Build package and focused checks	2026-10-07T06:51:37.5620278Z dev-workspace> unpacking source archive /nix/store/nxjdhbrjcab7jydq7djrq87mvndi0k6z-source
fast	Build package and focused checks	2026-10-07T06:51:37.5709820Z dev-workspace> Running phase: configurePhase
fast	Build package and focused checks	2026-10-07T06:51:37.5717409Z dev-workspace> Running phase: updateAutotoolsGnuConfigScriptsPhase
fast	Build package and focused checks	2026-10-07T06:51:37.5805826Z dev-workspace> source root is source
fast	Build package and focused checks	2026-10-07T06:51:37.5850891Z dev-workspace> Running phase: configurePhase
fast	Build package and focused checks	2026-10-07T06:51:37.5939849Z dev-workspace> Running phase: patchPhase
fast	Build package and focused checks	2026-10-07T06:51:37.6129892Z dev-workspace> Running phase: buildPhase
fast	Build package and focused checks	2026-10-07T06:51:37.6172322Z dev-workspace> Running phase: updateAutotoolsGnuConfigScriptsPhase
fast	Build package and focused checks	2026-10-07T06:51:37.6502644Z dev-workspace> Building subPackage ./cmd/workspace-portal
fast	Build package and focused checks	2026-10-07T06:51:37.6775195Z dev-workspace> Running phase: configurePhase
fast	Build package and focused checks	2026-10-07T06:51:37.6793127Z dev-workspace> Running phase: buildPhase
fast	Build package and focused checks	2026-10-07T06:51:37.7767353Z dev-workspace> Building subPackage ./cmd/workspace-portal
fast	Build package and focused checks	2026-10-07T06:51:37.8379083Z dev-workspace> Running phase: buildPhase
fast	Build package and focused checks	2026-10-07T06:51:37.8617436Z dev-workspace> Building subPackage ./cmd/workspace-portal
fast	Build package and focused checks	2026-10-07T06:51:40.7982990Z dev-workspace-host-auth-benchmark> {
fast	Build package and focused checks	2026-10-07T06:51:40.7986959Z dev-workspace-host-auth-benchmark>   "apache_version": "2.4.68",
fast	Build package and focused checks	2026-10-07T06:51:40.7991044Z dev-workspace-host-auth-benchmark>   "htpasswd_executable": "/nix/store/ymqvnsic2l656bg3d5msk39pjk47s6aw-apache-httpd-2.4.68/bin/htpasswd",
fast	Build package and focused checks	2026-10-07T06:51:40.7994727Z dev-workspace-host-auth-benchmark>   "results": {
fast	Build package and focused checks	2026-10-07T06:51:40.7998050Z dev-workspace-host-auth-benchmark>     "cost_05": {
fast	Build package and focused checks	2026-10-07T06:51:40.8001619Z dev-workspace-host-auth-benchmark>       "correct_password": true,
fast	Build package and focused checks	2026-10-07T06:51:40.8005036Z dev-workspace-host-auth-benchmark>       "declared_cost": 5,
fast	Build package and focused checks	2026-10-07T06:51:40.8008705Z dev-workspace-host-auth-benchmark>       "encoded_cost": "05",
fast	Build package and focused checks	2026-10-07T06:51:40.8012652Z dev-workspace-host-auth-benchmark>       "median_ms": 5.668635,
fast	Build package and focused checks	2026-10-07T06:51:40.8016048Z dev-workspace-host-auth-benchmark>       "p95_ms": 15.815357,
fast	Build package and focused checks	2026-10-07T06:51:40.8020034Z dev-workspace-host-auth-benchmark>       "sample_count": 50,
fast	Build package and focused checks	2026-10-07T06:51:40.8023439Z dev-workspace-host-auth-benchmark>       "ten_verification_batch_ms": [
fast	Build package and focused checks	2026-10-07T06:51:40.8026815Z dev-workspace-host-auth-benchmark>         39.60748,
fast	Build package and focused checks	2026-10-07T06:51:40.8030330Z dev-workspace-host-auth-benchmark>         55.881018,
fast	Build package and focused checks	2026-10-07T06:51:40.8033608Z dev-workspace-host-auth-benchmark>         66.800483,
fast	Build package and focused checks	2026-10-07T06:51:40.8036917Z dev-workspace-host-auth-benchmark>         58.377806,
fast	Build package and focused checks	2026-10-07T06:51:40.8040432Z dev-workspace-host-auth-benchmark>         104.40804
fast	Build package and focused checks	2026-10-07T06:51:40.8043766Z dev-workspace-host-auth-benchmark>       ],
fast	Build package and focused checks	2026-10-07T06:51:40.8047092Z dev-workspace-host-auth-benchmark>       "wrong_password_rejected": true
fast	Build package and focused checks	2026-10-07T06:51:40.8050575Z dev-workspace-host-auth-benchmark>     },
fast	Build package and focused checks	2026-10-07T06:51:40.8053959Z dev-workspace-host-auth-benchmark>     "cost_05_to_12_median_ratio": 31.96680038492512,
fast	Build package and focused checks	2026-10-07T06:51:40.8057397Z dev-workspace-host-auth-benchmark>     "cost_12": {
fast	Build package and focused checks	2026-10-07T06:51:40.8060873Z dev-workspace-host-auth-benchmark>       "correct_password": true,
fast	Build package and focused checks	2026-10-07T06:51:40.8064284Z dev-workspace-host-auth-benchmark>       "declared_cost": 12,
fast	Build package and focused checks	2026-10-07T06:51:40.8067678Z dev-workspace-host-auth-benchmark>       "encoded_cost": "12",
fast	Build package and focused checks	2026-10-07T06:51:40.8071252Z dev-workspace-host-auth-benchmark>       "median_ms": 181.2081235,
fast	Build package and focused checks	2026-10-07T06:51:40.8074612Z dev-workspace-host-auth-benchmark>       "p95_ms": 348.025554,
fast	Build package and focused checks	2026-10-07T06:51:40.8078409Z dev-workspace-host-auth-benchmark>       "sample_count": 50,
fast	Build package and focused checks	2026-10-07T06:51:40.8081916Z dev-workspace-host-auth-benchmark>       "ten_verification_batch_ms": [
fast	Build package and focused checks	2026-10-07T06:51:40.8085283Z dev-workspace-host-auth-benchmark>         2028.468863,
fast	Build package and focused checks	2026-10-07T06:51:40.8088649Z dev-workspace-host-auth-benchmark>         1791.952348,
fast	Build package and focused checks	2026-10-07T06:51:40.8092055Z dev-workspace-host-auth-benchmark>         1826.48023,
fast	Build package and focused checks	2026-10-07T06:51:40.8095366Z dev-workspace-host-auth-benchmark>         1775.5581,
fast	Build package and focused checks	2026-10-07T06:51:40.8098707Z dev-workspace-host-auth-benchmark>         3218.108248
fast	Build package and focused checks	2026-10-07T06:51:40.8102107Z dev-workspace-host-auth-benchmark>       ],
fast	Build package and focused checks	2026-10-07T06:51:40.8105446Z dev-workspace-host-auth-benchmark>       "wrong_password_rejected": true
fast	Build package and focused checks	2026-10-07T06:51:40.8109249Z dev-workspace-host-auth-benchmark>     }
fast	Build package and focused checks	2026-10-07T06:51:40.8112502Z dev-workspace-host-auth-benchmark>   }
fast	Build package and focused checks	2026-10-07T06:51:40.8117075Z dev-workspace-host-auth-benchmark> }
fast	Build package and focused checks	2026-10-07T06:51:40.9332434Z building '/nix/store/jmn24vnvvf5i3yxnm5q9nzdfiynbns05-dev-workspace-0.2.0.drv'...
fast	Build package and focused checks	2026-10-07T06:51:41.0130132Z dev-workspace> Running phase: unpackPhase
fast	Build package and focused checks	2026-10-07T06:51:41.0285843Z dev-workspace> unpacking source archive /nix/store/nxjdhbrjcab7jydq7djrq87mvndi0k6z-source
fast	Build package and focused checks	2026-10-07T06:51:41.0718082Z dev-workspace> source root is source
fast	Build package and focused checks	2026-10-07T06:51:41.1179788Z dev-workspace> Running phase: patchPhase
fast	Build package and focused checks	2026-10-07T06:51:41.1718255Z dev-workspace> Running phase: updateAutotoolsGnuConfigScriptsPhase
fast	Build package and focused checks	2026-10-07T06:51:41.2921993Z dev-workspace> Running phase: configurePhase
fast	Build package and focused checks	2026-10-07T06:51:41.4965596Z dev-workspace> Running phase: buildPhase
fast	Build package and focused checks	2026-10-07T06:51:41.5195655Z dev-workspace> Building subPackage ./cmd/workspace-portal
fast	Build package and focused checks	2026-10-07T06:52:19.6948573Z dev-workspace> buildPhase completed in 42 seconds
fast	Build package and focused checks	2026-10-07T06:52:19.6949443Z dev-workspace> Running phase: checkPhase
fast	Build package and focused checks	2026-10-07T06:52:19.8670441Z dev-workspace> codex-web pin contracts passed
fast	Build package and focused checks	2026-10-07T06:52:21.1465974Z dev-workspace> buildPhase completed in 44 seconds
fast	Build package and focused checks	2026-10-07T06:52:21.1468539Z dev-workspace> Running phase: checkPhase
fast	Build package and focused checks	2026-10-07T06:52:21.6688630Z dev-workspace> codex-web pin contracts passed
fast	Build package and focused checks	2026-10-07T06:52:22.1110161Z dev-workspace> buildPhase completed in 45 seconds
fast	Build package and focused checks	2026-10-07T06:52:22.1133541Z dev-workspace> Running phase: checkPhase
fast	Build package and focused checks	2026-10-07T06:52:22.4838321Z dev-workspace> codex-web pin contracts passed
fast	Build package and focused checks	2026-10-07T06:52:31.0559677Z dev-workspace> buildPhase completed in 50 seconds
fast	Build package and focused checks	2026-10-07T06:52:31.0564014Z dev-workspace> Running phase: checkPhase
fast	Build package and focused checks	2026-10-07T06:52:31.1226715Z dev-workspace> ok       github.com/aither64/dev-workspace/portal/cmd/workspace-portal   0.629s
fast	Build package and focused checks	2026-10-07T06:52:31.1232626Z dev-workspace> ok       github.com/aither64/dev-workspace/portal/internal/agentteams    0.163s
fast	Build package and focused checks	2026-10-07T06:52:31.4073018Z dev-workspace> ok       github.com/aither64/dev-workspace/portal/internal/cluster       0.381s
fast	Build package and focused checks	2026-10-07T06:52:31.4073830Z dev-workspace> ok       github.com/aither64/dev-workspace/portal/internal/creationprogress      0.091s
fast	Build package and focused checks	2026-10-07T06:52:31.6682040Z dev-workspace> codex-web pin contracts passed
fast	Build package and focused checks	2026-10-07T06:52:32.2136904Z dev-workspace> ok       github.com/aither64/dev-workspace/portal/internal/processgroup  1.103s
fast	Build package and focused checks	2026-10-07T06:52:35.2582369Z dev-workspace> ok       github.com/aither64/dev-workspace/portal/cmd/workspace-portal   0.794s
fast	Build package and focused checks	2026-10-07T06:52:35.2583012Z dev-workspace> ok       github.com/aither64/dev-workspace/portal/internal/agentteams    0.186s
fast	Build package and focused checks	2026-10-07T06:52:35.4532255Z dev-workspace> ok       github.com/aither64/dev-workspace/portal/internal/cluster       0.768s
fast	Build package and focused checks	2026-10-07T06:52:35.4532929Z dev-workspace> ok       github.com/aither64/dev-workspace/portal/internal/creationprogress      0.157s
fast	Build package and focused checks	2026-10-07T06:52:36.3776403Z dev-workspace> ok       github.com/aither64/dev-workspace/portal/internal/processgroup  1.104s
fast	Build package and focused checks	2026-10-07T06:52:38.0305997Z dev-workspace> ok       github.com/aither64/dev-workspace/portal/cmd/workspace-portal   1.016s
fast	Build package and focused checks	2026-10-07T06:52:38.0306665Z dev-workspace> ok       github.com/aither64/dev-workspace/portal/internal/agentteams    0.119s
fast	Build package and focused checks	2026-10-07T06:52:38.8119975Z dev-workspace> ok       github.com/aither64/dev-workspace/portal/internal/cluster       1.345s
fast	Build package and focused checks	2026-10-07T06:52:38.8120603Z dev-workspace> ok       github.com/aither64/dev-workspace/portal/internal/creationprogress      0.143s
fast	Build package and focused checks	2026-10-07T06:52:39.0484337Z dev-workspace> ok       github.com/aither64/dev-workspace/portal/internal/processgroup  1.302s
fast	Build package and focused checks	2026-10-07T06:52:46.5705382Z dev-workspace> ok       github.com/aither64/dev-workspace/portal/cmd/workspace-portal   1.007s
fast	Build package and focused checks	2026-10-07T06:52:46.5706036Z dev-workspace> ok       github.com/aither64/dev-workspace/portal/internal/agentteams    0.227s
fast	Build package and focused checks	2026-10-07T06:52:46.8986113Z dev-workspace> ok       github.com/aither64/dev-workspace/portal/internal/cluster       0.807s
fast	Build package and focused checks	2026-10-07T06:52:46.8987176Z dev-workspace> ok       github.com/aither64/dev-workspace/portal/internal/creationprogress      0.040s
fast	Build package and focused checks	2026-10-07T06:52:47.3889839Z dev-workspace> ok       github.com/aither64/dev-workspace/portal/internal/processgroup  1.130s
fast	Build package and focused checks	2026-10-07T06:53:04.2626276Z dev-workspace> ok       github.com/aither64/dev-workspace/portal/internal/repository    32.171s
fast	Build package and focused checks	2026-10-07T06:53:04.2627120Z dev-workspace> ok       github.com/aither64/dev-workspace/portal/internal/session       4.169s
fast	Build package and focused checks	2026-10-07T06:53:04.2627842Z dev-workspace> ok       github.com/aither64/dev-workspace/portal/internal/teamruntime   8.905s
fast	Build package and focused checks	2026-10-07T06:53:04.2628482Z dev-workspace> ok       github.com/aither64/dev-workspace/portal/internal/uploads       10.850s
fast	Build package and focused checks	2026-10-07T06:53:04.2629215Z dev-workspace> ?        github.com/aither64/dev-workspace/portal/internal/userstate     [no test files]
fast	Build package and focused checks	2026-10-07T06:53:05.2745633Z dev-workspace> ok       github.com/aither64/dev-workspace/portal/internal/repository    29.219s
fast	Build package and focused checks	2026-10-07T06:53:05.2746291Z dev-workspace> ok       github.com/aither64/dev-workspace/portal/internal/session       8.042s
fast	Build package and focused checks	2026-10-07T06:53:05.2746831Z dev-workspace> ok       github.com/aither64/dev-workspace/portal/internal/teamruntime   9.789s
fast	Build package and focused checks	2026-10-07T06:53:05.2747328Z dev-workspace> ok       github.com/aither64/dev-workspace/portal/internal/uploads       9.579s
fast	Build package and focused checks	2026-10-07T06:53:05.2747847Z dev-workspace> ?        github.com/aither64/dev-workspace/portal/internal/userstate     [no test files]
fast	Build package and focused checks	2026-10-07T06:53:06.2099306Z dev-workspace> ok       github.com/aither64/dev-workspace/portal/internal/repository    28.139s
fast	Build package and focused checks	2026-10-07T06:53:06.2099920Z dev-workspace> ok       github.com/aither64/dev-workspace/portal/internal/session       7.264s
fast	Build package and focused checks	2026-10-07T06:53:06.2100406Z dev-workspace> ok       github.com/aither64/dev-workspace/portal/internal/teamruntime   7.995s
fast	Build package and focused checks	2026-10-07T06:53:06.2101078Z dev-workspace> ok       github.com/aither64/dev-workspace/portal/internal/uploads       9.090s
fast	Build package and focused checks	2026-10-07T06:53:06.2103849Z dev-workspace> ?        github.com/aither64/dev-workspace/portal/internal/userstate     [no test files]
fast	Build package and focused checks	2026-10-07T06:53:07.4626637Z dev-workspace> ok       github.com/aither64/dev-workspace/portal/internal/repository    20.485s
fast	Build package and focused checks	2026-10-07T06:53:07.4627312Z dev-workspace> ok       github.com/aither64/dev-workspace/portal/internal/session       6.174s
fast	Build package and focused checks	2026-10-07T06:53:07.4627971Z dev-workspace> ok       github.com/aither64/dev-workspace/portal/internal/teamruntime   6.024s
fast	Build package and focused checks	2026-10-07T06:53:07.4628547Z dev-workspace> ok       github.com/aither64/dev-workspace/portal/internal/uploads       5.529s
fast	Build package and focused checks	2026-10-07T06:53:07.4629222Z dev-workspace> ?        github.com/aither64/dev-workspace/portal/internal/userstate     [no test files]
fast	Build package and focused checks	2026-10-07T06:53:25.6562509Z dev-workspace> ok       github.com/aither64/dev-workspace/portal/internal/web   41.042s
fast	Build package and focused checks	2026-10-07T06:53:25.6562941Z dev-workspace> ok       github.com/aither64/dev-workspace/portal/internal/workspacecodex        6.432s
fast	Build package and focused checks	2026-10-07T06:53:25.9725267Z dev-workspace> Run options: --seed 3393
fast	Build package and focused checks	2026-10-07T06:53:25.9725631Z dev-workspace> 
fast	Build package and focused checks	2026-10-07T06:53:25.9725819Z dev-workspace> # Running:
fast	Build package and focused checks	2026-10-07T06:53:25.9726017Z dev-workspace> 
fast	Build package and focused checks	2026-10-07T06:53:28.1405008Z dev-workspace> --- FAIL: TestArchiveJournalRetryRefusesASameKindReplacementWhileWaitingForTheLock (0.01s)
fast	Build package and focused checks	2026-10-07T06:53:28.1408454Z dev-workspace>     server_test.go:3665: replacement archive receipt = web.lifecycleOperation{Slug:"example", Kind:"archive", State:"running", Phase:"prepared", StartedAt:"2026-10-07T06:53:26.539177819Z", UpdatedAt:"2026-10-07T06:53:26.539177819Z", Error:"", Redirect:"/", ReceiptID:"ea15837e01cbd142b05d8c310ef746f9e03f11d3f3095e7140153e134abdaaf7", TargetIdentityVersion:0, Attempt:1, CurrentTarget:(*web.lifecycleTargetSnapshot)(nil), ErrorCode:"", Options:web.lifecycleOperationOptions{Mode:"complete", AllowAbandoned:false, Force:false, TargetID:"", DeletedThreadID:"", JournalID:"aaaaaaaaaaaaaaaaaaaaaaaaaaaaaaaaaaaaaaaaaaaaaaaaaaaaaaaaaaaaaaaa", JournalExpected:true, TargetLocation:"", JournalEvidence:"16be0ed526a222fc686edde3c30cf6daa63ace7462b1fa48acef08199b730efe", JournalTargetID:"", JournalTargetLocation:""}}, true, <nil>
fast	Build package and focused checks	2026-10-07T06:53:28.1412202Z dev-workspace> FAIL
fast	Build package and focused checks	2026-10-07T06:53:28.1412547Z dev-workspace> FAIL     github.com/aither64/dev-workspace/portal/internal/web   31.361s
fast	Build package and focused checks	2026-10-07T06:53:28.1413139Z dev-workspace> ok       github.com/aither64/dev-workspace/portal/internal/workspacecodex        5.802s
fast	Build package and focused checks	2026-10-07T06:53:28.1413562Z dev-workspace> FAIL
fast	Build package and focused checks	2026-10-07T06:53:28.9264390Z error: Cannot build '/nix/store/csa9q880rnfbhc8zgmc1yn9dmqfppdsj-dev-workspace-0.2.0.drv'.
fast	Build package and focused checks	2026-10-07T06:53:28.9265118Z        Reason: builder failed with exit code 1.
fast	Build package and focused checks	2026-10-07T06:53:28.9265458Z        Output paths:
fast	Build package and focused checks	2026-10-07T06:53:28.9265738Z          /nix/store/f93p68696vfgkvsd90paj80l772syr9f-dev-workspace-0.2.0
fast	Build package and focused checks	2026-10-07T06:53:28.9266077Z        Last 25 log lines:
fast	Build package and focused checks	2026-10-07T06:53:28.9266283Z        > source root is source
fast	Build package and focused checks	2026-10-07T06:53:28.9266524Z        > Running phase: patchPhase
fast	Build package and focused checks	2026-10-07T06:53:28.9266800Z        > Running phase: updateAutotoolsGnuConfigScriptsPhase
fast	Build package and focused checks	2026-10-07T06:53:28.9267088Z        > Running phase: configurePhase
fast	Build package and focused checks	2026-10-07T06:53:28.9267313Z        > Running phase: buildPhase
fast	Build package and focused checks	2026-10-07T06:53:28.9267579Z        > Building subPackage ./cmd/workspace-portal
fast	Build package and focused checks	2026-10-07T06:53:28.9267852Z        > buildPhase completed in 44 seconds
fast	Build package and focused checks	2026-10-07T06:53:28.9268088Z        > Running phase: checkPhase
fast	Build package and focused checks	2026-10-07T06:53:28.9268314Z        > codex-web pin contracts passed
fast	Build package and focused checks	2026-10-07T06:53:28.9268648Z        > ok    github.com/aither64/dev-workspace/portal/cmd/workspace-portal   0.794s
fast	Build package and focused checks	2026-10-07T06:53:28.9269252Z        > ok       github.com/aither64/dev-workspace/portal/internal/agentteams    0.186s
fast	Build package and focused checks	2026-10-07T06:53:28.9269679Z        > ok       github.com/aither64/dev-workspace/portal/internal/cluster       0.768s
fast	Build package and focused checks	2026-10-07T06:53:28.9270136Z        > ok       github.com/aither64/dev-workspace/portal/internal/creationprogress      0.157s
fast	Build package and focused checks	2026-10-07T06:53:28.9270608Z        > ok       github.com/aither64/dev-workspace/portal/internal/processgroup  1.104s
fast	Build package and focused checks	2026-10-07T06:53:28.9271041Z        > ok       github.com/aither64/dev-workspace/portal/internal/repository    29.219s
fast	Build package and focused checks	2026-10-07T06:53:28.9271476Z        > ok      github.com/aither64/dev-workspace/portal/internal/session       8.042s
fast	Build package and focused checks	2026-10-07T06:53:28.9271910Z        > ok       github.com/aither64/dev-workspace/portal/internal/teamruntime   9.789s
fast	Build package and focused checks	2026-10-07T06:53:28.9272343Z        > ok       github.com/aither64/dev-workspace/portal/internal/uploads       9.579s
fast	Build package and focused checks	2026-10-07T06:53:28.9272807Z        > ?        github.com/aither64/dev-workspace/portal/internal/userstate     [no test files]
fast	Build package and focused checks	2026-10-07T06:53:28.9273372Z        > --- FAIL: TestArchiveJournalRetryRefusesASameKindReplacementWhileWaitingForTheLock (0.01s)
fast	Build package and focused checks	2026-10-07T06:53:28.9275737Z        >     server_test.go:3665: replacement archive receipt = web.lifecycleOperation{Slug:"example", Kind:"archive", State:"running", Phase:"prepared", StartedAt:"2026-10-07T06:53:26.539177819Z", UpdatedAt:"2026-10-07T06:53:26.539177819Z", Error:"", Redirect:"/", ReceiptID:"ea15837e01cbd142b05d8c310ef746f9e03f11d3f3095e7140153e134abdaaf7", TargetIdentityVersion:0, Attempt:1, CurrentTarget:(*web.lifecycleTargetSnapshot)(nil), ErrorCode:"", Options:web.lifecycleOperationOptions{Mode:"complete", AllowAbandoned:false, Force:false, TargetID:"", DeletedThreadID:"", JournalID:"aaaaaaaaaaaaaaaaaaaaaaaaaaaaaaaaaaaaaaaaaaaaaaaaaaaaaaaaaaaaaaaa", JournalExpected:true, TargetLocation:"", JournalEvidence:"16be0ed526a222fc686edde3c30cf6daa63ace7462b1fa48acef08199b730efe", JournalTargetID:"", JournalTargetLocation:""}}, true, <nil>
fast	Build package and focused checks	2026-10-07T06:53:28.9278204Z        > FAIL
fast	Build package and focused checks	2026-10-07T06:53:28.9278468Z        > FAIL      github.com/aither64/dev-workspace/portal/internal/web   31.361s
fast	Build package and focused checks	2026-10-07T06:53:28.9279009Z        > ok      github.com/aither64/dev-workspace/portal/internal/workspacecodex        5.802s
fast	Build package and focused checks	2026-10-07T06:53:28.9279347Z        > FAIL
fast	Build package and focused checks	2026-10-07T06:53:28.9279704Z        For full logs, run:
fast	Build package and focused checks	2026-10-07T06:53:28.9280011Z          nix log /nix/store/csa9q880rnfbhc8zgmc1yn9dmqfppdsj-dev-workspace-0.2.0.drv
fast	Build package and focused checks	2026-10-07T06:53:30.6901974Z error: Cannot build '/nix/store/csa9q880rnfbhc8zgmc1yn9dmqfppdsj-dev-workspace-0.2.0.drv'.
fast	Build package and focused checks	2026-10-07T06:53:30.6902391Z        Reason: builder failed with exit code 1.
fast	Build package and focused checks	2026-10-07T06:53:30.6902548Z        Output paths:
fast	Build package and focused checks	2026-10-07T06:53:30.6902728Z          /nix/store/f93p68696vfgkvsd90paj80l772syr9f-dev-workspace-0.2.0
fast	Build package and focused checks	2026-10-07T06:53:30.6902936Z        Last 25 log lines:
fast	Build package and focused checks	2026-10-07T06:53:30.6903064Z        > source root is source
fast	Build package and focused checks	2026-10-07T06:53:30.6903198Z        > Running phase: patchPhase
fast	Build package and focused checks	2026-10-07T06:53:30.6903376Z        > Running phase: updateAutotoolsGnuConfigScriptsPhase
fast	Build package and focused checks	2026-10-07T06:53:30.6903567Z        > Running phase: configurePhase
fast	Build package and focused checks	2026-10-07T06:53:30.6903719Z        > Running phase: buildPhase
fast	Build package and focused checks	2026-10-07T06:53:30.6903885Z        > Building subPackage ./cmd/workspace-portal
fast	Build package and focused checks	2026-10-07T06:53:30.6904057Z        > buildPhase completed in 44 seconds
fast	Build package and focused checks	2026-10-07T06:53:30.6904223Z        > Running phase: checkPhase
fast	Build package and focused checks	2026-10-07T06:53:30.6904364Z        > codex-web pin contracts passed
fast	Build package and focused checks	2026-10-07T06:53:30.6904584Z        > ok    github.com/aither64/dev-workspace/portal/cmd/workspace-portal   0.794s
fast	Build package and focused checks	2026-10-07T06:53:30.6904882Z        > ok       github.com/aither64/dev-workspace/portal/internal/agentteams    0.186s
fast	Build package and focused checks	2026-10-07T06:53:30.6905164Z        > ok       github.com/aither64/dev-workspace/portal/internal/cluster       0.768s
fast	Build package and focused checks	2026-10-07T06:53:30.6905451Z        > ok       github.com/aither64/dev-workspace/portal/internal/creationprogress      0.157s
fast	Build package and focused checks	2026-10-07T06:53:30.6905743Z        > ok       github.com/aither64/dev-workspace/portal/internal/processgroup  1.104s
fast	Build package and focused checks	2026-10-07T06:53:30.6906013Z        > ok       github.com/aither64/dev-workspace/portal/internal/repository    29.219s
fast	Build package and focused checks	2026-10-07T06:53:30.6906292Z        > ok      github.com/aither64/dev-workspace/portal/internal/session       8.042s
fast	Build package and focused checks	2026-10-07T06:53:30.6906599Z        > ok       github.com/aither64/dev-workspace/portal/internal/teamruntime   9.789s
fast	Build package and focused checks	2026-10-07T06:53:30.6906879Z        > ok       github.com/aither64/dev-workspace/portal/internal/uploads       9.579s
fast	Build package and focused checks	2026-10-07T06:53:30.6907181Z        > ?        github.com/aither64/dev-workspace/portal/internal/userstate     [no test files]
fast	Build package and focused checks	2026-10-07T06:53:30.6907546Z        > --- FAIL: TestArchiveJournalRetryRefusesASameKindReplacementWhileWaitingForTheLock (0.01s)
fast	Build package and focused checks	2026-10-07T06:53:30.6909409Z        >     server_test.go:3665: replacement archive receipt = web.lifecycleOperation{Slug:"example", Kind:"archive", State:"running", Phase:"prepared", StartedAt:"2026-10-07T06:53:26.539177819Z", UpdatedAt:"2026-10-07T06:53:26.539177819Z", Error:"", Redirect:"/", ReceiptID:"ea15837e01cbd142b05d8c310ef746f9e03f11d3f3095e7140153e134abdaaf7", TargetIdentityVersion:0, Attempt:1, CurrentTarget:(*web.lifecycleTargetSnapshot)(nil), ErrorCode:"", Options:web.lifecycleOperationOptions{Mode:"complete", AllowAbandoned:false, Force:false, TargetID:"", DeletedThreadID:"", JournalID:"aaaaaaaaaaaaaaaaaaaaaaaaaaaaaaaaaaaaaaaaaaaaaaaaaaaaaaaaaaaaaaaa", JournalExpected:true, TargetLocation:"", JournalEvidence:"16be0ed526a222fc686edde3c30cf6daa63ace7462b1fa48acef08199b730efe", JournalTargetID:"", JournalTargetLocation:""}}, true, <nil>
fast	Build package and focused checks	2026-10-07T06:53:30.6911218Z        > FAIL
fast	Build package and focused checks	2026-10-07T06:53:30.6911387Z        > FAIL      github.com/aither64/dev-workspace/portal/internal/web   31.361s
fast	Build package and focused checks	2026-10-07T06:53:30.6911665Z        > ok      github.com/aither64/dev-workspace/portal/internal/workspacecodex        5.802s
fast	Build package and focused checks	2026-10-07T06:53:30.6911875Z        > FAIL
fast	Build package and focused checks	2026-10-07T06:53:30.6911982Z        For full logs, run:
fast	Build package and focused checks	2026-10-07T06:53:30.6912184Z          nix log /nix/store/csa9q880rnfbhc8zgmc1yn9dmqfppdsj-dev-workspace-0.2.0.drv
fast	Build package and focused checks	2026-10-07T06:53:30.7082222Z ##[error]Process completed with exit code 1.
