evaluating flake...
checking flake output 'lib'...
checking flake output 'packages'...
checking derivation packages.x86_64-linux.default...
evaluation warning: 'system' has been renamed to/replaced by 'stdenv.hostPlatform.system'
copying path '/nix/store/70c277fxx57fz8rvj3pd4n8a4pkin16a-source' from 'https://cache.numtide.com'...
copying path '/nix/store/w7bd3mj55kn29zqbgr0pc55nnxjnqdar-source' from 'https://cache.numtide.com'...
copying path '/nix/store/9iv83r72z5xwgylkwms1qip1ijnr6jqs-source' from 'https://cache.numtide.com'...
copying path '/nix/store/7sjy8935654h3220n5gbaclf5nfw4nzx-source' from 'https://cache.numtide.com'...
copying path '/nix/store/yj1wxm9hh8610iyzqnz75kvs6xl8j3my-source' from 'https://cache.numtide.com'...
derivation evaluated to /nix/store/csa9q880rnfbhc8zgmc1yn9dmqfppdsj-dev-workspace-0.2.0.drv
checking derivation packages.x86_64-linux.dev-workspace...
derivation evaluated to /nix/store/csa9q880rnfbhc8zgmc1yn9dmqfppdsj-dev-workspace-0.2.0.drv
checking derivation packages.x86_64-linux.workspace-host...
derivation evaluated to /nix/store/csa9q880rnfbhc8zgmc1yn9dmqfppdsj-dev-workspace-0.2.0.drv
checking derivation packages.x86_64-linux.workspace-portal...
derivation evaluated to /nix/store/csa9q880rnfbhc8zgmc1yn9dmqfppdsj-dev-workspace-0.2.0.drv
checking flake output 'apps'...
checking app 'apps.x86_64-linux.workspace-host'...
warning: app 'apps.x86_64-linux.workspace-host' lacks attribute 'meta'
checking flake output 'checks'...
checking derivation checks.x86_64-linux.codex-package...
derivation evaluated to /nix/store/b8a8b3q75naixliyffpkyb5j0w61sgrp-dev-workspace-codex-package.drv
checking derivation checks.x86_64-linux.package...
derivation evaluated to /nix/store/csa9q880rnfbhc8zgmc1yn9dmqfppdsj-dev-workspace-0.2.0.drv
checking derivation checks.x86_64-linux.host-module...
derivation evaluated to /nix/store/5mqg18lbkzhkivw7a8p2zzplx4q9gpxd-dev-workspace-host-module-check.drv
checking derivation checks.x86_64-linux.host-auth-benchmark...
derivation evaluated to /nix/store/6s4q7pprwd9ijj0c4jqlmwza3hflasqa-dev-workspace-host-auth-benchmark.drv
checking derivation checks.x86_64-linux.host-module-idempotency...
derivation evaluated to /nix/store/m9q5gqjfn8yqcvyw05l78hg775l64w8d-vm-test-run-dev-workspace-host-module-idempotency.drv
checking derivation checks.x86_64-linux.host-package-contract...
derivation evaluated to /nix/store/yg2zhfc3xw0gdmdns3alwm2hq99h3akx-dev-workspace-host-package-contract.drv
checking derivation checks.x86_64-linux.extension-catalog...
derivation evaluated to /nix/store/nxka0vcp19yssv9v96d5cyx5kpxa8kbj-dev-workspace-extension-catalog-validation.drv
checking derivation checks.x86_64-linux.agent-team-catalog...
derivation evaluated to /nix/store/n239mmw1j5hqsqr7v37b310kkhb5psl4-dev-workspace-agent-team-catalog.drv
checking derivation checks.x86_64-linux.user-namespace...
derivation evaluated to /nix/store/15bwkvdfrv41d1ffqb9pxv4lps26qcvy-dev-workspace-user-namespace.drv
checking derivation checks.x86_64-linux.generic-source...
derivation evaluated to /nix/store/0vji7392xcma6hh0ir0rr2pp8fm43cnh-dev-workspace-generic-source.drv
checking flake output 'nixosModules'...
checking NixOS module 'nixosModules.host'...
checking flake output 'nixosConfigurations'...
checking NixOS configuration 'nixosConfigurations.example'...
running 164 flake checks...
copying path '/nix/store/wy81i2r66r8yrsrdi2qjnim96h9xivam-apache-httpd-2.4.68-doc' from 'https://cache.nixos.org'...
copying path '/nix/store/xcipz40f49jajd7vp3mmkkf7pfbr4x8m-apache-httpd-2.4.68-man' from 'https://cache.nixos.org'...
copying path '/nix/store/y9bcagyn20bysal3hzs59b5xw84likbc-ensure-all-wrappers-paths-exist' from 'https://cache.nixos.org'...
copying path '/nix/store/bxvvf4sjz8v7jkyxj0xc3ccr2f5gsb4w-find-xml-catalogs-hook' from 'https://cache.nixos.org'...
copying path '/nix/store/kd1wh76i9ry41nd5d0m4a121qv5gnq2l-initrd-linux-6.18.49' from 'https://cache.nixos.org'...
copying path '/nix/store/v2i3m4k78qypvizq4igm1izik677c47p-install-shell-files' from 'https://cache.nixos.org'...
copying path '/nix/store/ssq5zwpazb565b3jkjjf4ag8j4m2q10s-openssl-3.6.3-doc' from 'https://cache.nixos.org'...
copying path '/nix/store/1mq990fplrs7clic24gzbrmnk1jmcs1d-system-generators' from 'https://cache.nixos.org'...
copying path '/nix/store/c2hscq192vyay8xc0bm1j68swlvcqggq-user-generators' from 'https://cache.nixos.org'...
copying path '/nix/store/4kj6hixhrxmj7qn1yhcr1ia6z01b4vwz-system-shutdown' from 'https://cache.nixos.org'...
copying path '/nix/store/jlwdnp9a8rj6vngprapg3x855wrkx1j7-desktop-file-utils-0.28' from 'https://cache.nixos.org'...
copying path '/nix/store/pg47pfcvg3dpqp7vbf8mkws77v05gn82-libxslt-1.1.45-bin' from 'https://cache.nixos.org'...
copying path '/nix/store/sa95zr548fwpkdp35a56nla83wwh44ss-lndir-1.0.5' from 'https://cache.nixos.org'...
copying path '/nix/store/hxzjnjwzvwn5ak0hkp5q7jhxvk86f24p-make-binary-wrapper-hook' from 'https://cache.nixos.org'...
copying path '/nix/store/adfwv6kbm54678zr538bs8q6i3hm6py5-systemd-default-tmpfiles' from 'https://cache.nixos.org'...
copying path '/nix/store/mhmv0p4sqvfxsyxx58y6qx9zqfzyas1w-stdenv-linux' from 'https://cache.nixos.org'...
copying path '/nix/store/0x4xf8ad5hzvnd4ya37y6r7xq9p0jn0y-ShellCheck-0.11.0' from 'https://cache.nixos.org'...
copying path '/nix/store/6qapa2dppnfmd5npyd1dk0rq94wxb8cx-jbigkit-2.1' from 'https://cache.numtide.com'...
copying path '/nix/store/3zr8qv3mk887kj45lgq6j4i6ibs08989-netpbm-11.13.3' from 'https://cache.numtide.com'...
copying path '/nix/store/d8zhz9msi0d1kr1g7xrl53apmsil0vlx-python3.13-annotated-types-0.7.0' from 'https://cache.numtide.com'...
copying path '/nix/store/92yf3knba5qhdaar15yxfy4xw3b9as23-python3.13-appdirs-1.4.4' from 'https://cache.numtide.com'...
copying path '/nix/store/pjghcxhl31kmfsva79ps925l4cr8mfc9-python3.13-asttokens-3.0.1' from 'https://cache.numtide.com'...
copying path '/nix/store/vdc12gb3avfd6v2jzsil2ajf123sk3a6-python3.13-cached-property-2.0.1' from 'https://cache.nixos.org'...
copying path '/nix/store/m0rwm1nkjx6i3rrsdchwrvja9zbwdmf3-python3.13-colorama-0.4.6' from 'https://cache.numtide.com'...
copying path '/nix/store/m21s0gny55qs50xpid0brgsx3nzmnz9p-python3.13-configargparse-1.7.1' from 'https://cache.nixos.org'...
copying path '/nix/store/infdm1izjwcjinb3k44js0h5zlhhrmjd-python3.13-decorator-5.2.1' from 'https://cache.numtide.com'...
copying path '/nix/store/hz69md67y0j0r59pqplwaq1wncclw0mn-python3.13-executing-2.2.1' from 'https://cache.numtide.com'...
copying path '/nix/store/j29gg28lx59pilhxgv98i090d10094yi-python3.13-markupsafe-3.0.3' from 'https://cache.nixos.org'...
building '/nix/store/395kpygsff3nwrvq71wd4h1h0bb8wc72-builder.pl.drv'...
building '/nix/store/6pn84ab6847fv5y8mcva19sjbaq96d9l-codex-linked-input.drv'...
building '/nix/store/jmybxbw5q003m06f47rd2m1n8cajpf2w-codex-missing-input.drv'...
building '/nix/store/bhviqw20s6il4v8lxpq2pgv1p6197l9p-codex-package.json.drv'...
building '/nix/store/sm4r8ha8ky13n0c8apijrz0i982b1zz7-codex-package.json.drv'...
building '/nix/store/4dcag1a1j9x17148cwvfqcq3rknc5580-dev-workspace-agent-teams.json.drv'...
building '/nix/store/y8v7kkg86sk1b9x13xi4f3h6a88f2akw-dev-workspace-agent-teams.json.drv'...
building '/nix/store/lkww8xz5mx4cg8c83vslhds17kb6ffiv-dev-workspace-extensions.json.drv'...
building '/nix/store/0vji7392xcma6hh0ir0rr2pp8fm43cnh-dev-workspace-generic-source.drv'...
building '/nix/store/6s4q7pprwd9ijj0c4jqlmwza3hflasqa-dev-workspace-host-auth-benchmark.drv'...
building '/nix/store/7xhbz96rc3wdwgxy2jzgb07shy35vfsm-dev-workspace-package.json.drv'...
building '/nix/store/cm7ai7bvbhhc3dcmhw4jjzcpkk4slcvb-dev-workspace-package.json.drv'...
building '/nix/store/wksd8hx31min8gx748axfr1gfvbngdmd-dev-workspace-package.json.drv'...
building '/nix/store/rqy7f5x5iyv3xzxfwz63y08li2xir38k-dhcpcd.conf.drv'...
building '/nix/store/cj0vp2zlv36jvvrvqrkcksi7w4pcsznn-dw_0b0e48dd07644577df323079a855db305fc4af141b38ca58.toml.drv'...
building '/nix/store/1q9c1ym32ls1s3yc761gvsihx6ads19w-dw_2890a0253ab7187d2711790ae88bf587088403a6f6def2b7.toml.drv'...
building '/nix/store/vdxm2dfhqnhyzg6jc911jhwdlb8115c1-dw_2cf8d2f304d5681abea63bfb4bf86767f87922cef8c8c68d.toml.drv'...
building '/nix/store/85b6s8aizhl3qz92lik4iz5maf5wmg1c-dw_30a3ad781c763efd3d4dd15f660aca5c1c3863d64d55ff6f.toml.drv'...
building '/nix/store/zmp0jlrha2hb2qmq5xb6l56axgzhwbq6-dw_468d166058ada7dbcf56b2423b1d4e897d20fb0de76d7f63.toml.drv'...
building '/nix/store/abk2hdpm5kd72h82v9nry28pznvi6xcm-dw_671e2795f389d0487030b1d632068480725ca288fa05e133.toml.drv'...
building '/nix/store/k1i6y1z37jdv1fz7z4mp57y87yha69nz-dw_6a9debec60901726c78d13a70b4fe6ad2f264203db9fa7ef.toml.drv'...
building '/nix/store/cvdzg8wrb3jcc5qidx5zvipk2jzasqnb-dw_7f14c4157211b0efc20292b9e62bcdfc62d11f1d9e9f40cb.toml.drv'...
building '/nix/store/22r5a54jaj269g78hkz0vqa0hkvwj3fn-dw_83858f6b8a0c01e44be672c82538def281d15d32145eac69.toml.drv'...
building '/nix/store/gyfc9rd84q77s4vpbcg2lv327i62abi3-dw_84b722de9406b46866dd4135c9b075644fbe87d202bfe243.toml.drv'...
building '/nix/store/g777ikr6ld2yrh3df8pwgxyml3jzbfd7-dw_8d70abef4d2a26a984afcea8a6bde74d17d8d35f681a5700.toml.drv'...
building '/nix/store/pzi1q4wbf105hkm481xhad1fzlvi4mm6-dw_96361b7e264d823bb26d6ff78194b428c418a8e2004ba775.toml.drv'...
building '/nix/store/13q1i950rh98b1xwkw0nk7a434nmp1zn-dw_ad850fc5e9d8f23e3d37061d73eb4e829cff749e2f26416e.toml.drv'...
building '/nix/store/4vfj1xm1j3v90h4ynd4frhj5hr63i11h-dw_ad93ec914fb4a73ba65c9d14f0e6d04e5ebfe24fdd286032.toml.drv'...
building '/nix/store/lfisc9ip4m9c21p0kb0qp1ammmv4qm67-dw_b6f7fd5b6afb8423213e95e15936ac1336045e841d7f93de.toml.drv'...
building '/nix/store/8ax2rfypcz251a9l5hxn1iijfy55jaic-dw_c0e6e7674316094f1d98580ac7f3164a20dd5939ef30c921.toml.drv'...
building '/nix/store/csrwx8vf0ygcg31ydixl36j49bffpkma-dw_c90b7bb525bbf61c965f29c1410ee9ed161fc60940be5765.toml.drv'...
builder.pl> Running phase: patchPhase
builder.pl> Running phase: updateAutotoolsGnuConfigScriptsPhase
builder.pl> Running phase: configurePhase
builder.pl> no configure script, doing nothing
builder.pl> Running phase: buildPhase
builder.pl> Running phase: checkPhase
builder.pl> Running phase: installPhase
builder.pl> no Makefile or custom installPhase, doing nothing
builder.pl> Running phase: fixupPhase
builder.pl> shrinking RPATHs of ELF executables and libraries in /nix/store/3r3xyh20f0hlhcbijn497l7yzigxf27w-builder.pl
builder.pl> checking for references to /build/ in /nix/store/3r3xyh20f0hlhcbijn497l7yzigxf27w-builder.pl...
builder.pl> patching script interpreter paths in /nix/store/3r3xyh20f0hlhcbijn497l7yzigxf27w-builder.pl
copying path '/nix/store/i8g53smhm9g0g4d905m1brix18g3mb3v-python3.13-parso-0.8.7' from 'https://cache.numtide.com'...
copying path '/nix/store/lmfkkfhdc1d6lm8pg3sx6lf2155a82h1-python3.13-ptyprocess-0.7.0' from 'https://cache.numtide.com'...
copying path '/nix/store/mvjk8qa4kvngk9g9qy5pbsyg08qw14kc-python3.13-pydantic-core-2.41.5' from 'https://cache.numtide.com'...
copying path '/nix/store/kv2asmm9la7jqjcs68s5k0wqjnzf3ffc-python3.13-pure-eval-0.2.3' from 'https://cache.numtide.com'...
copying path '/nix/store/x2x1psc7a4g1rjqzb7v024will1wh6sr-python3.13-remote-pdb-2.1.0' from 'https://cache.numtide.com'...
copying path '/nix/store/h6rd30kvxw1fak9d9w691al5gq4ix2c5-python3.13-pyparsing-2.4.7' from 'https://cache.nixos.org'...
copying path '/nix/store/s7jz2a849baaf0505270zlzc03giy4nr-python3.13-pygments-2.20.0' from 'https://cache.numtide.com'...
copying path '/nix/store/awfpf14l2afyhs15z4hp9aagk1z8fjqs-python3.13-traitlets-5.14.3' from 'https://cache.numtide.com'...
copying path '/nix/store/026fyzh9vmhp57pfn04mgmah06ri7df7-python3.13-six-1.17.0' from 'https://cache.numtide.com'...
copying path '/nix/store/gfxg82paijqy2vbbw6ybmq53118qakki-python3.13-typing-inspection-0.4.2' from 'https://cache.numtide.com'...
copying path '/nix/store/wjl70l79zvxcw170gk78dprjqix4xl4i-ruff-0.15.14' from 'https://cache.nixos.org'...
copying path '/nix/store/7sinmzmng95ng0r36hv2j855v8xhjzkx-python3.13-wcwidth-0.6.0' from 'https://cache.numtide.com'...
copying path '/nix/store/arj62ycbkpcgmfqizcpqf4hy088ddmb1-texinfo-7.2' from 'https://cache.nixos.org'...
copying path '/nix/store/pn0ha6scsslc8a7y9rr4fxvvkb9qpwlr-vhost-device-vsock-0.3.0' from 'https://cache.numtide.com'...
copying path '/nix/store/9wl748r4afs8h17g7gfjvi8rcfwxfqw7-ty-0.0.38' from 'https://cache.nixos.org'...
copying path '/nix/store/x8rrk6c3yx953bsgfj560zkqhrcrcv2c-xwininfo-1.1.6' from 'https://cache.nixos.org'...
building '/nix/store/nzrcph3l8hv78vav3841y9vdp2bn006r-assemble-codex-package.drv'...
building '/nix/store/x66ya22dcn0nc27c1diansi37lw5ydn6-assemble-codex-package.drv'...
building '/nix/store/mgfjqqhydrfh6z6nbdqp78qwz981zqnq-boot.json.drv'...
building '/nix/store/csa9q880rnfbhc8zgmc1yn9dmqfppdsj-dev-workspace-0.2.0.drv'...
building '/nix/store/dnaz9vajgwwai341nmsl9spv3yc81qks-dev-workspace-0.2.0.drv'...
building '/nix/store/hyjik2vircdkdxcsxh5pq4qkgkf8brmz-unit-dhcpcd.service.drv'...
building '/nix/store/6mq587lfbcvx2vvj2zhm2m7r9cbdpccs-workspace-portal-substrate-reconcile.drv'...
building '/nix/store/k7iyhg122f48jywr80j9j638lig7271n-workspace-portal-substrate-reconcile.drv'...
building '/nix/store/vban5anyngi14xyicnhlfyscickk5k8r-workspace-portal-substrate-reconcile.drv'...
building '/nix/store/ycswnhrrch9ha3lxpqgy7p7wmga3di0b-workspace-portal-substrate-reconcile.drv'...
building '/nix/store/zrriv2gs5v8ylnpsjfwf420iwhydhjmz-workspace-portal-substrate-reconcile.drv'...
dev-workspace> Running phase: unpackPhase
dev-workspace> unpacking source archive /nix/store/nxjdhbrjcab7jydq7djrq87mvndi0k6z-source
dev-workspace> source root is source
dev-workspace> Running phase: patchPhase
dev-workspace> Running phase: updateAutotoolsGnuConfigScriptsPhase
dev-workspace> Running phase: configurePhase
dev-workspace> Running phase: buildPhase
dev-workspace> Building subPackage ./cmd/workspace-portal
dev-workspace> Running phase: unpackPhase
dev-workspace> unpacking source archive /nix/store/nxjdhbrjcab7jydq7djrq87mvndi0k6z-source
dev-workspace> source root is source
dev-workspace> Running phase: patchPhase
dev-workspace> Running phase: updateAutotoolsGnuConfigScriptsPhase
dev-workspace> Running phase: configurePhase
dev-workspace> Running phase: buildPhase
dev-workspace> Building subPackage ./cmd/workspace-portal
copying path '/nix/store/98f654433zk95d5synp5py3daczh5rbr-netpbm-11.13.3-bin' from 'https://cache.numtide.com'...
copying path '/nix/store/d1yfifkqjmxj9z8bi32qkbfysyfd4560-python3.13-jinja2-3.1.6' from 'https://cache.nixos.org'...
copying path '/nix/store/6rm5si7qg89nsrb136dqf5ghag5rbd4i-python3.13-ipython-pygments-lexers-1.1.1' from 'https://cache.numtide.com'...
copying path '/nix/store/wj94wvmij1pn7c1c19frip8qpil48292-python3.13-jedi-0.20.0' from 'https://cache.numtide.com'...
copying path '/nix/store/hpy742b56318vwwb21cvdmaf2n0vzkqy-python3.13-junit-xml-1.9' from 'https://cache.numtide.com'...
copying path '/nix/store/67x3ivr415dzss5v0mblwhd63xrviiqw-python3.13-matplotlib-inline-0.2.1' from 'https://cache.numtide.com'...
copying path '/nix/store/fghj4si4r0awp2zjm3sppv2z5a7xfwip-python3.13-pexpect-4.9.0' from 'https://cache.numtide.com'...
copying path '/nix/store/h9kbsacz2s45f2wj9wk6p3pnpjw5mpwc-python3.13-prompt-toolkit-3.0.52' from 'https://cache.numtide.com'...
copying path '/nix/store/pkw4xdzfc3ymja4z4wjc7imkf15a1dvf-python3.13-stack-data-0.6.3' from 'https://cache.numtide.com'...
copying path '/nix/store/s4yzb2lkh8a6wxyls5brg9fjycki0lg6-python3.13-pydantic-2.12.5' from 'https://cache.numtide.com'...
building '/nix/store/xw9js29dbkgh25qjz404dpb4aabx97xz-codex-package-link-fixture.drv'...
building '/nix/store/lfjprwa9kl9zb2w9byx2xxjx2r601jxm-perl-5.42.0-env.drv'...
copying path '/nix/store/0vc87dxh8vrjgpvyclbgmyz77m8iqwgg-gixy-0.1.21' from 'https://cache.nixos.org'...
building '/nix/store/36jb7z6v40f673pn1vki66bj89b3vywb-unit-script-workspace-portal-certificate-renewal-start.drv'...
building '/nix/store/n8k15m533yzr3dakrdq4hbyh7ss6fppg-unit-script-workspace-portal-certificate-renewal-start.drv'...
perl> structuredAttrs is enabled
perl> created 184 symlinks in user environment
copying path '/nix/store/y9wyfr44h6067agyhxlc6n8cy8hily7v-netpbm-11.13.3-dev' from 'https://cache.numtide.com'...
building '/nix/store/b8a8b3q75naixliyffpkyb5j0w61sgrp-dev-workspace-codex-package.drv'...
building '/nix/store/5mqg18lbkzhkivw7a8p2zzplx4q9gpxd-dev-workspace-host-module-check.drv'...
building '/nix/store/7ipbzj87n9xkq9ljf47xmd59n1qaq57j-nginx.conf.drv'...
building '/nix/store/8zsqc4j5jkwa0k55rxr96nfzf7w4may9-nginx.conf.drv'...
building '/nix/store/c1mwxp3a6l3qh5i16lbfzqy30jpwx503-unit-script-workspace-portal-certificate-renewal-start.drv'...
building '/nix/store/9xf7yqb18ssdapgbx4sz8cbzh86w9899-unit-workspace-portal-certificate-renewal.service.drv'...
copying path '/nix/store/sz2nb7ysd2pa37g20fb8nzsjaf9spjwz-python3.13-ipython-9.9.0' from 'https://cache.numtide.com'...
copying path '/nix/store/40ppqdm9cz8i4cvl4n3fhw768arndzfn-python3.13-ptpython-3.0.32' from 'https://cache.numtide.com'...
building '/nix/store/358fr022pr5c29rhksvdvmfklg6ydm8x-unit-workspace-portal-certificate-renewal.service.drv'...
building '/nix/store/gy7sayqgfap267va32knp35ylqc53m2v-unit-workspace-portal-certificate-renewal.service.drv'...
copying path '/nix/store/gxf3q4fva317n39j307wc4dhwg4ryqma-nixos-test-driver-1.1' from 'https://cache.numtide.com'...
building '/nix/store/09byyvq5w8jb25c82sqlr8wz4b50gy7s-dw_cdc49e3b17e2cf01c025370a8b9d8961548560da8ea8dddf.toml.drv'...
building '/nix/store/0l37wi64lxvfaj6gd08asmnikpb7zvw3-dw_d27b67628a89dd54273ea01291ebf272fd9cbe2185a61a5b.toml.drv'...
building '/nix/store/7kqwhhwjlc3jfp8whynjhpbir4pdq2w1-dw_fd810ecbcf0ed36eb131bc889b2f095235b7aca82abeea3f.toml.drv'...
building '/nix/store/929s1fac3g6ll1yjc85kwr3c57lyg63a-etc-fstab.drv'...
building '/nix/store/fln66anml6js9xrgi09cy558jb6vxyd3-etc-hostname.drv'...
building '/nix/store/ym0sg5vdpcdh9s9b74g7jsnmz0xk9v7a-etc-os-release.drv'...
building '/nix/store/c3nqnrqkxx979ik855sdhbk67xm11nx1-etc-sysctl.d-60-nixos.conf.drv'...
building '/nix/store/nyhbiwc0l8cmdp6zzjm6w2yws7m073az-etc-systemd-journald.conf.drv'...
building '/nix/store/5iwc61xzr5wnv239wl19h35hhzaxhb3i-etc-systemd-system.conf.drv'...
building '/nix/store/h24f7a6bzbqckp4y8hhyj52amqdfsw21-etc-systemd-user.conf.drv'...
building '/nix/store/mhhwwi1jzfy9ib16p88910xd7hvqysyr-example-workspace-skill.drv'...
building '/nix/store/wzm3y2257d2q10qlq2favl93q41jbi1w-extra-hosts.drv'...
building '/nix/store/wyflwfdp0qxfv1i20zav7vddyn6xiv9a-extra-hwdb-file.drv'...
building '/nix/store/pgcwgadp1nhq8wk8xl4qlhd00j20pdib-extra-udev-rules.drv'...
building '/nix/store/jp6yrd640wi9l4904jbf3rvysi9cpv3z-fixture-router.py.drv'...
building '/nix/store/q4l8a8py19bq8rqjigcwgaqr1w5r51fy-grub-config.xml.drv'...
building '/nix/store/qci3dnfh3lck2d8gwr95j3x0r7mzf2fw-grub-config.xml.drv'...
building '/nix/store/9ddxwwadd5769aivv5rk1pqn93gwi478-hashed-password.root.drv'...
building '/nix/store/1jqhwajk3l18ayrvf71mapfq0a6xvmwh-ipv6-privacy-extensions.rules.drv'...
building '/nix/store/ainfsj9z4ahdgbc8y85rm6phj1d31lmy-ipv6-privacy-extensions.rules.drv'...
building '/nix/store/74rxw7gy85j5wgc2gw10lyvv6zxr7yam-issue.drv'...
building '/nix/store/gvc80hlp0xb7n8mka077rq8zz7hlx2nn-localhost-hosts.drv'...
nginx.conf> 
nginx.conf> ==================== Results ===================
nginx.conf> No issues found.
nginx.conf> 
nginx.conf> ==================== Summary ===================
nginx.conf> Total issues:
nginx.conf>     Unspecified: 0
nginx.conf>     Low: 0
nginx.conf>     Medium: 0
nginx.conf>     High: 0
nginx.conf> 
building '/nix/store/2xql4d2fxls8bg5mjlai4rzi1rm1gac9-nixos-tmpfiles.d.drv'...
building '/nix/store/imgkw1723srqmz9giqgdc7a218s7k2di-nixos-version.drv'...
dev-workspace-codex-package> exec "/nix/store/z88b1bxkp21xpvn93js5l8714x2lq33g-codex-package-0.160.0/libexec/codex/bin/codex"  "$@"
dev-workspace-codex-package> PATH=${PATH/':''/nix/store/kxcgm56aqlvgffr88i2d76zhiklxj3r7-bubblewrap-0.11.2/bin'':'/':'}
dev-workspace-codex-package> PATH='/nix/store/kxcgm56aqlvgffr88i2d76zhiklxj3r7-bubblewrap-0.11.2/bin'$PATH
dev-workspace-codex-package> WARNING: proceeding, even though we could not create PATH aliases: Refusing to create helper binaries under temporary dir "/build" (codex_home: AbsolutePathBuf("/build/codex-home"))
dev-workspace-codex-package> WARNING: proceeding, even though we could not create PATH aliases: Refusing to create helper binaries under temporary dir "/build" (codex_home: AbsolutePathBuf("/build/codex-home"))
nginx.conf> 
nginx.conf> ==================== Results ===================
nginx.conf> No issues found.
nginx.conf> 
nginx.conf> ==================== Summary ===================
nginx.conf> Total issues:
nginx.conf>     Unspecified: 0
nginx.conf>     Low: 0
nginx.conf>     Medium: 0
nginx.conf>     High: 0
nginx.conf> 
nixos-version> Running phase: patchPhase
building '/nix/store/88rpvb6j2fliyfin18aa5s72glzkx6qc-X-Restart-Triggers-systemd-journald-.drv'...
building '/nix/store/69ikp9g227wjzdav3k5ps75yzrghvpnv-X-Restart-Triggers-systemd-journald.drv'...
building '/nix/store/cvn8y1wd4mrzqq4638yny5f9gvm18ssb-X-Restart-Triggers-systemd-sysctl.drv'...
building '/nix/store/6disalxp8w2y4rc9870n14d72glf394a-dev-workspace-0.2.0.drv'...
building '/nix/store/yxrz6kqyllzn63v5yx4d3sr5g1fk17hr-dev-workspace-0.2.0.drv'...
building '/nix/store/vkrmw8ypzmilrgmghc46rglv6yypkscz-dev-workspace-extensions.json.drv'...
building '/nix/store/667l58vvr6rbz33k86i24y6ysb3lrs61-hwdb.bin.drv'...
building '/nix/store/r8wb1pp0wnfa4hl1j0mcy45xyk8c8ai9-install-grub.sh.drv'...
building '/nix/store/xwkp23zy5vc0369vdm59sb95hicfc8yl-install-grub.sh.drv'...
building '/nix/store/444g4vzdhdpwdyycs61c0zkxwwc2wfa8-shutdown-ramfs-contents.json.drv'...
building '/nix/store/zhh0raz6mhafv3vwz42jxjblq1z2mm4k-tmpfiles.d.drv'...
building '/nix/store/qmb4ldi8d52dzqnn50q0ppfqb2x1yh9p-udev-rules.drv'...
building '/nix/store/9qgnqhbx0him4q3a2npi2h1rkilyb114-unit-fixture-router.service.drv'...
building '/nix/store/w6s5j9hy2ph9hvp6d8y1dl8p6d5kg2wj-unit-script-nginx-pre-start.drv'...
building '/nix/store/zcdvxii42wrgxdamps5hpzfps7v3m0mw-users-groups.json.drv'...
dev-workspace> Running phase: unpackPhase
dev-workspace> unpacking source archive /nix/store/nxjdhbrjcab7jydq7djrq87mvndi0k6z-source
dev-workspace> source root is source
dev-workspace> Running phase: patchPhase
dev-workspace> Running phase: updateAutotoolsGnuConfigScriptsPhase
dev-workspace> Running phase: configurePhase
dev-workspace> Running phase: buildPhase
dev-workspace> Building subPackage ./cmd/workspace-portal
dev-workspace> Running phase: unpackPhase
dev-workspace> unpacking source archive /nix/store/nxjdhbrjcab7jydq7djrq87mvndi0k6z-source
dev-workspace> source root is source
dev-workspace> Running phase: patchPhase
dev-workspace> Running phase: updateAutotoolsGnuConfigScriptsPhase
dev-workspace> Running phase: configurePhase
dev-workspace> Running phase: buildPhase
dev-workspace> Building subPackage ./cmd/workspace-portal
dev-workspace-codex-package> codex-package: missing required executable: /nix/store/1zfmrpnzkaqmjwf1vfywyqslr182crsv-codex-missing-input/libexec/codex/bin/logs_client
dev-workspace-codex-package> codex-package: missing required executable: /nix/store/1zfmrpnzkaqmjwf1vfywyqslr182crsv-codex-missing-input/libexec/codex/bin/logs_client
hwdb.bin> Adding hwdb files for package /nix/store/0xiinbh7pbj479i5v28mqnjrvhvbdibf-systemd-260.2
hwdb.bin> Adding hwdb files for package /nix/store/xqnpbmfzsxxlxfyf1kqwvk2bnnwxkp73-ipv6-privacy-extensions.rules
hwdb.bin> Adding hwdb files for package /nix/store/0kkby9818c90nkahlcjkrrqzdrj0h9ik-ipv6-privacy-extensions.rules
hwdb.bin> Adding hwdb files for package /nix/store/gnx0alh2mrc2ndjs7ik6jm3w7avld56w-lvm2-2.03.39
hwdb.bin> Adding hwdb files for package /nix/store/xp99bvc5brkxdl13y1i99ih4ia9w6q7h-bcache-tools-1.1
hwdb.bin> Adding hwdb files for package /nix/store/1m4cq2cffnqzwvg9vkdk1f9bq26qv7px-extra-udev-rules
hwdb.bin> Adding hwdb files for package /nix/store/zl3wfq23cjhqwdggqfn173qr20xp1zlx-extra-hwdb-file
hwdb.bin> Generating hwdb database...
nixos-version> Running phase: updateAutotoolsGnuConfigScriptsPhase
nixos-version> Running phase: configurePhase
nixos-version> no configure script, doing nothing
nixos-version> Running phase: buildPhase
nixos-version> Running phase: checkPhase
nixos-version> Running phase: installPhase
nixos-version> no Makefile or custom installPhase, doing nothing
nixos-version> Running phase: fixupPhase
nixos-version> shrinking RPATHs of ELF executables and libraries in /nix/store/009kk3ilip51w0fki95d116g3fxlzk55-nixos-version
nixos-version> checking for references to /build/ in /nix/store/009kk3ilip51w0fki95d116g3fxlzk55-nixos-version...
nixos-version> gzipping man pages under /nix/store/009kk3ilip51w0fki95d116g3fxlzk55-nixos-version/share/man/
nixos-version> patching script interpreter paths in /nix/store/009kk3ilip51w0fki95d116g3fxlzk55-nixos-version
building '/nix/store/0mjmjzpdxaqah9z21p5z4q6wdrbb3xgy-nixos.conf.drv'...
building '/nix/store/mhxjfhfn7rwssk32z74rmjn2ljz16xgs-stage-2-init.sh.drv'...
building '/nix/store/1kd1f7w6369lib903h5lxa7b0pvl0yna-string-hosts.drv'...
building '/nix/store/jrgcvjzhavs4b5pf60l9zpiyikxf9zmr-test-script.drv'...
udev-rules> Adding rules for package /nix/store/xqnpbmfzsxxlxfyf1kqwvk2bnnwxkp73-ipv6-privacy-extensions.rules
udev-rules> Copying /nix/store/xqnpbmfzsxxlxfyf1kqwvk2bnnwxkp73-ipv6-privacy-extensions.rules/etc/udev/rules.d/98-ipv6-privacy-extensions.rules to /nix/store/dxvjhkxkcjlais8x49q92k0di1dqf2nj-udev-rules/98-ipv6-privacy-extensions.rules
udev-rules> Adding rules for package /nix/store/0kkby9818c90nkahlcjkrrqzdrj0h9ik-ipv6-privacy-extensions.rules
udev-rules> Copying /nix/store/0kkby9818c90nkahlcjkrrqzdrj0h9ik-ipv6-privacy-extensions.rules/etc/udev/rules.d/99-ipv6-privacy-extensions.rules to /nix/store/dxvjhkxkcjlais8x49q92k0di1dqf2nj-udev-rules/99-ipv6-privacy-extensions.rules
udev-rules> Adding rules for package /nix/store/gnx0alh2mrc2ndjs7ik6jm3w7avld56w-lvm2-2.03.39
udev-rules> Copying /nix/store/gnx0alh2mrc2ndjs7ik6jm3w7avld56w-lvm2-2.03.39/lib/udev/rules.d/10-dm.rules to /nix/store/dxvjhkxkcjlais8x49q92k0di1dqf2nj-udev-rules/10-dm.rules
udev-rules> Copying /nix/store/gnx0alh2mrc2ndjs7ik6jm3w7avld56w-lvm2-2.03.39/lib/udev/rules.d/11-dm-lvm.rules to /nix/store/dxvjhkxkcjlais8x49q92k0di1dqf2nj-udev-rules/11-dm-lvm.rules
udev-rules> Copying /nix/store/gnx0alh2mrc2ndjs7ik6jm3w7avld56w-lvm2-2.03.39/lib/udev/rules.d/13-dm-disk.rules to /nix/store/dxvjhkxkcjlais8x49q92k0di1dqf2nj-udev-rules/13-dm-disk.rules
udev-rules> Copying /nix/store/gnx0alh2mrc2ndjs7ik6jm3w7avld56w-lvm2-2.03.39/lib/udev/rules.d/69-dm-lvm.rules to /nix/store/dxvjhkxkcjlais8x49q92k0di1dqf2nj-udev-rules/69-dm-lvm.rules
udev-rules> Copying /nix/store/gnx0alh2mrc2ndjs7ik6jm3w7avld56w-lvm2-2.03.39/lib/udev/rules.d/95-dm-notify.rules to /nix/store/dxvjhkxkcjlais8x49q92k0di1dqf2nj-udev-rules/95-dm-notify.rules
udev-rules> Adding rules for package /nix/store/xp99bvc5brkxdl13y1i99ih4ia9w6q7h-bcache-tools-1.1
udev-rules> Copying /nix/store/xp99bvc5brkxdl13y1i99ih4ia9w6q7h-bcache-tools-1.1/lib/udev/rules.d/69-bcache.rules to /nix/store/dxvjhkxkcjlais8x49q92k0di1dqf2nj-udev-rules/69-bcache.rules
udev-rules> Adding rules for package /nix/store/1m4cq2cffnqzwvg9vkdk1f9bq26qv7px-extra-udev-rules
udev-rules> Copying /nix/store/1m4cq2cffnqzwvg9vkdk1f9bq26qv7px-extra-udev-rules/etc/udev/rules.d/99-local.rules to /nix/store/dxvjhkxkcjlais8x49q92k0di1dqf2nj-udev-rules/99-local.rules
udev-rules> Adding rules for package /nix/store/zl3wfq23cjhqwdggqfn173qr20xp1zlx-extra-hwdb-file
udev-rules> Checking that all programs called by relative paths in udev rules exist in /nix/store/0xiinbh7pbj479i5v28mqnjrvhvbdibf-systemd-260.2/lib/udev... OK
udev-rules> Checking that all programs called by absolute paths in udev rules exist... OK
building '/nix/store/61j707vz9mxkgxl9knbk5p42737qw9k8-unit-console-getty.service-disabled.drv'...
building '/nix/store/c6ijfbg75cqjpdgcbq0jxprr9csgmbk2-unit-firewall.service.drv'...
building '/nix/store/k0dc7365gvmlvrkj93q341765kz655b3-unit-qemu-guest-agent.service.drv'...
building '/nix/store/g4l8qr2sv8y5wrlcl9301c2fjslr9j4q-unit-script-backdoor-start.drv'...
building '/nix/store/n3yx7g93prbdz53xdm7yxl9q5blcwhl1-unit-script-network-addresses-eth1-start.drv'...
building '/nix/store/c4x2kwb1xh3iq9g0l32fwmzgy2y17fx2-unit-script-register-nix-paths-start.drv'...
building '/nix/store/v9nkjxari1azgm8qhrgsmlsnr8c9dxwj-unit-serial-getty-ttyS0.service-disabled.drv'...
building '/nix/store/6iabimk963ck4grynhnn754k7crwdr33-unit-workspace-portal-certificate-renewal.timer.drv'...
building '/nix/store/y320vnmsp0waffp4law6yqj76zk0nl9n-X-Restart-Triggers-systemd-tmpfiles-resetup.drv'...
building '/nix/store/jmn24vnvvf5i3yxnm5q9nzdfiynbns05-dev-workspace-0.2.0.drv'...
building '/nix/store/9hvdq09ykf2956b1jv02jmf35m58yq5r-unit-generate-shutdown-ramfs.service.drv'...
building '/nix/store/fmh6lzlrqzr1189xl2iyd7axr5ghrag5-unit-nginx.service.drv'...
building '/nix/store/dlac3blrlyhjmxzv9ffnbj0lsr4lpqsh-unit-script-nginx-pre-start.drv'...
building '/nix/store/rchya1z2q0hqyr7a2m0w70kp9xcxlwdj-unit-systemd-journald-.service.drv'...
building '/nix/store/1inqk859w0j29nblamxz2kgqcg0rwqhn-unit-systemd-journald.service.drv'...
building '/nix/store/grxvpypp8sh0bxsj1zxcxv99ddjaknx3-unit-systemd-sysctl.service.drv'...
dev-workspace> Running phase: unpackPhase
dev-workspace> unpacking source archive /nix/store/nxjdhbrjcab7jydq7djrq87mvndi0k6z-source
dev-workspace> source root is source
dev-workspace> Running phase: patchPhase
dev-workspace> Running phase: updateAutotoolsGnuConfigScriptsPhase
dev-workspace> Running phase: configurePhase
dev-workspace> Running phase: buildPhase
dev-workspace> Building subPackage ./cmd/workspace-portal
hwdb.bin> 
stage> Running phase: patchPhase
stage> Running phase: updateAutotoolsGnuConfigScriptsPhase
stage> Running phase: configurePhase
stage> no configure script, doing nothing
stage> Running phase: buildPhase
stage> Running phase: checkPhase
stage> Running phase: installPhase
stage> no Makefile or custom installPhase, doing nothing
stage> Running phase: fixupPhase
stage> shrinking RPATHs of ELF executables and libraries in /nix/store/6sy92vy31gaxpsal9ky1maqvj4y5z7hw-stage-2-init.sh
stage> checking for references to /build/ in /nix/store/6sy92vy31gaxpsal9ky1maqvj4y5z7hw-stage-2-init.sh...
stage> patching script interpreter paths in /nix/store/6sy92vy31gaxpsal9ky1maqvj4y5z7hw-stage-2-init.sh
udev-rules> Verifying udev rules using udevadm verify...
udev-rules> 
udev-rules> 10 udev rules files have been checked.
udev-rules>   Success: 10
udev-rules>   Fail:    0
udev-rules> OK
building '/nix/store/59cbaw81bpc74fzqhgi0ngr15i3qx411-X-Restart-Triggers-systemd-modules-load.drv'...
building '/nix/store/01l46k3lmadiddh2006g2zw7rpb29fm0-dry-activate.drv'...
building '/nix/store/12hlmb523m9prgblirmiap5s77ic1aaj-hosts.drv'...
building '/nix/store/cdsx1xlfpspnpfr15dwjx51rjdc5d2ky-system-path.drv'...
building '/nix/store/hkvq9zj6fv61yxqhs71kpyg9lfw13dyh-system-path.drv'...
building '/nix/store/rfml0jkaz57jgp05kzwik7ijvkmvyyvs-system-path.drv'...
building '/nix/store/bzyqzgj6qbkv5lvpl810fjwg6bhjxm8m-unit-backdoor.service.drv'...
building '/nix/store/840jfwjp2crg0m4sxy9ps1i8inwzk0h1-unit-network-addresses-eth1.service.drv'...
building '/nix/store/gjr56ckivdd73wlw0gbmsmmzaj0362cv-unit-nginx.service.drv'...
building '/nix/store/33blvn5bhp93w06k1wjvv9sm813d0fki-unit-register-nix-paths.service.drv'...
building '/nix/store/h91z2nyxpj8lx69s5s5av88jk2vcfxj9-unit-systemd-tmpfiles-resetup.service.drv'...
system-path> structuredAttrs is enabled
system-path> structuredAttrs is enabled
system-path> structuredAttrs is enabled
building '/nix/store/73yhxmrp8n74hi062q5r5v6fxnr1ls6j-X-Restart-Triggers-systemd-udevd.drv'...
building '/nix/store/3z3cp4sci7f7kapqnyvbimq7w2871p00-unit-systemd-modules-load.service.drv'...
building '/nix/store/hlksf75bg9d7gram3r69s19bk4x9ayra-unit-systemd-udevd.service.drv'...
system-path> created 13323 symlinks in user environment
system-path> install-info: warning: no info dir entry in `/nix/store/qd4bjxnyzp72g8dm0l2pgac5djd1j65w-system-path/share/info/gawknotes.info'
dev-workspace-host-auth-benchmark> {
dev-workspace-host-auth-benchmark>   "apache_version": "2.4.68",
dev-workspace-host-auth-benchmark>   "htpasswd_executable": "/nix/store/ymqvnsic2l656bg3d5msk39pjk47s6aw-apache-httpd-2.4.68/bin/htpasswd",
dev-workspace-host-auth-benchmark>   "results": {
dev-workspace-host-auth-benchmark>     "cost_05": {
dev-workspace-host-auth-benchmark>       "correct_password": true,
dev-workspace-host-auth-benchmark>       "declared_cost": 5,
dev-workspace-host-auth-benchmark>       "encoded_cost": "05",
dev-workspace-host-auth-benchmark>       "median_ms": 11.956985499999998,
dev-workspace-host-auth-benchmark>       "p95_ms": 14.112961,
dev-workspace-host-auth-benchmark>       "sample_count": 50,
dev-workspace-host-auth-benchmark>       "ten_verification_batch_ms": [
dev-workspace-host-auth-benchmark>         117.461977,
dev-workspace-host-auth-benchmark>         120.651856,
dev-workspace-host-auth-benchmark>         116.061674,
dev-workspace-host-auth-benchmark>         125.709487,
dev-workspace-host-auth-benchmark>         120.821244
dev-workspace-host-auth-benchmark>       ],
dev-workspace-host-auth-benchmark>       "wrong_password_rejected": true
dev-workspace-host-auth-benchmark>     },
dev-workspace-host-auth-benchmark>     "cost_05_to_12_median_ratio": 30.282462456778934,
dev-workspace-host-auth-benchmark>     "cost_12": {
dev-workspace-host-auth-benchmark>       "correct_password": true,
dev-workspace-host-auth-benchmark>       "declared_cost": 12,
dev-workspace-host-auth-benchmark>       "encoded_cost": "12",
dev-workspace-host-auth-benchmark>       "median_ms": 362.0869645,
dev-workspace-host-auth-benchmark>       "p95_ms": 455.674242,
dev-workspace-host-auth-benchmark>       "sample_count": 50,
dev-workspace-host-auth-benchmark>       "ten_verification_batch_ms": [
dev-workspace-host-auth-benchmark>         3580.914429,
dev-workspace-host-auth-benchmark>         3670.476524,
dev-workspace-host-auth-benchmark>         3818.002123,
dev-workspace-host-auth-benchmark>         3884.522677,
dev-workspace-host-auth-benchmark>         3738.103149
dev-workspace-host-auth-benchmark>       ],
dev-workspace-host-auth-benchmark>       "wrong_password_rejected": true
dev-workspace-host-auth-benchmark>     }
dev-workspace-host-auth-benchmark>   }
dev-workspace-host-auth-benchmark> }
system-path> created 13323 symlinks in user environment
system-path> created 13406 symlinks in user environment
system-path> install-info: warning: no info dir entry in `/nix/store/m1qpngk3rk4134l1idvy9x5w09rhpr21-system-path/share/info/gawknotes.info'
system-path> install-info: warning: no info dir entry in `/nix/store/441qpw90zpxk1rnr24gjfbyj2x79fdds-system-path/share/info/gawknotes.info'
building '/nix/store/xqpskjag3llcgll1xfjsrqcryazxy14y-dbus-1.drv'...
building '/nix/store/9n49kbz5z4ild9flkphdqpawrf2qhghn-dbus-1.drv'...
building '/nix/store/dizakrnl32gpgs3p93kb2qiwbxj3cspb-dbus-1.drv'...
building '/nix/store/g3fx23klm5dshbspayl13j9bjr85gpr7-X-Restart-Triggers-dbus-broker.drv'...
building '/nix/store/cdkz1zqxgs156fwp2201n54mh04xibq2-X-Restart-Triggers-dbus-broker.drv'...
building '/nix/store/ghwmkwx0avc3ny9di2ykyn95smjpiskm-X-Restart-Triggers-dbus-broker.drv'...
building '/nix/store/cxbp4drmv26lgbm6pfvdjp8zqdrxxn1s-unit-dbus-broker.service.drv'...
building '/nix/store/fmjysfg8izamb9z2711qqz2bpppaq37s-unit-dbus-broker.service.drv'...
building '/nix/store/lx5vxbmvgr4bcsd8rwviya64mlr406w8-unit-dbus-broker.service.drv'...
building '/nix/store/yrqrz5kpm2xami7fm1yin7i0rvq3sisc-unit-dbus-broker.service.drv'...
building '/nix/store/3m4n3as9liikl438x9kzyw4gdan5cs52-system-units.drv'...
building '/nix/store/5rycfi0225lpi63q62g41w9jm1gdqibp-system-units.drv'...
building '/nix/store/43ccyp33wm2qjpdy3g0sl7qshhxz5dmi-unit-dbus-broker.service.drv'...
building '/nix/store/bfs6ndrk2jawvnvgfv80lrqq931xj34j-unit-dbus-broker.service.drv'...
building '/nix/store/na48szarngsn8axbgcjc456f9dgf0qsy-user-units.drv'...
dev-workspace> Running phase: checkPhase
dev-workspace> codex-web pin contracts passed
dev-workspace> Running phase: checkPhase
dev-workspace> codex-web pin contracts passed
building '/nix/store/j6hyrj0w4vdm9zm8iy0ns4v72af2mvfq-system-units.drv'...
building '/nix/store/l8258pk05xmg8dl5wyig64wj14gcwa8l-user-units.drv'...
building '/nix/store/r3b2ahfb94w2z5mcwiyn5w5dkzl6w6d2-user-units.drv'...
building '/nix/store/nm9w4r8q8jd8vg0l0dh228dly741lkb0-etc.drv'...
building '/nix/store/ljybb1can3qphkvy90fskscaixb0wjii-etc.drv'...
building '/nix/store/cwmmjk9im3gpzmsnmdyj2mv3fjk2rpb1-etc.drv'...
building '/nix/store/ifhypj487fx9l83zcsxzxbszmkszna72-activate.drv'...
building '/nix/store/g17j7xdmmgparv0pg9x1ncn4x6vwkk04-activate.drv'...
building '/nix/store/frmbd3nkx6za73y12x2qgcqkf47n6bsm-nixos-system-machine-test.drv'...
building '/nix/store/lbqr6n587h6a8licq1kp42gsl8y58k10-activate.drv'...
building '/nix/store/0gf6ai3pyrn18cq2cnc0zf1fayb1y4y5-nixos-system-machine-test.drv'...
nixos-system-machine-test> structuredAttrs is enabled
nixos-system-machine-test> structuredAttrs is enabled
building '/nix/store/47q53vi1iqnifffml623facbnfgdawnk-nixos-system-machine-test.drv'...
nixos-system-machine-test> structuredAttrs is enabled
dev-workspace> Running phase: checkPhase
building '/nix/store/lsxx91n6z4hm3s27xl379pcyrisvzibg-closure-info.drv'...
dev-workspace> codex-web pin contracts passed
dev-workspace> ok       github.com/aither64/dev-workspace/portal/cmd/workspace-portal   0.928s
dev-workspace> ok       github.com/aither64/dev-workspace/portal/internal/agentteams    0.404s
dev-workspace> ok       github.com/aither64/dev-workspace/portal/internal/cluster       0.647s
dev-workspace> ok       github.com/aither64/dev-workspace/portal/internal/creationprogress      0.062s
dev-workspace> ok       github.com/aither64/dev-workspace/portal/internal/processgroup  1.087s
dev-workspace> ok       github.com/aither64/dev-workspace/portal/cmd/workspace-portal   0.821s
dev-workspace> ok       github.com/aither64/dev-workspace/portal/internal/agentteams    0.183s
dev-workspace> ok       github.com/aither64/dev-workspace/portal/internal/cluster       0.507s
dev-workspace> ok       github.com/aither64/dev-workspace/portal/internal/creationprogress      0.123s
dev-workspace> ok       github.com/aither64/dev-workspace/portal/internal/processgroup  1.113s
dev-workspace> Running phase: checkPhase
dev-workspace> codex-web pin contracts passed
closure-info> structuredAttrs is enabled
building '/nix/store/x7f4zyl2g2826jhbvxz06b54h70302a7-run-nixos-vm.drv'...
building '/nix/store/vcqh7iw7m2c5l8p9dxwixkmx7gis03bk-nixos-vm.drv'...
dev-workspace> Running phase: checkPhase
dev-workspace> codex-web pin contracts passed
building '/nix/store/c47q9jgchfl8lwznklij9f859yh4p8qc-driverConfiguration.json.drv'...
driverConfiguration.json> structuredAttrs is enabled
building '/nix/store/78dc7viqqpd35gllzk4zhskdv3rc0gj7-nixos-test-driver-dev-workspace-host-module-idempotency.drv'...
nixos-test-driver-dev-workspace-host-module-idempotency> Running type check (enable/disable: config.skipTypeCheck)
nixos-test-driver-dev-workspace-host-module-idempotency> See https://nixos.org/manual/nixos/stable/#test-opt-skipTypeCheck
nixos-test-driver-dev-workspace-host-module-idempotency> All checks passed!
nixos-test-driver-dev-workspace-host-module-idempotency> Linting test script (enable/disable: config.skipLint)
nixos-test-driver-dev-workspace-host-module-idempotency> See https://nixos.org/manual/nixos/stable/#test-opt-skipLint
nixos-test-driver-dev-workspace-host-module-idempotency> All checks passed!
building '/nix/store/m9q5gqjfn8yqcvyw05l78hg775l64w8d-vm-test-run-dev-workspace-host-module-idempotency.drv'...
vm-test-run-dev-workspace-host-module-idempotency> Machine state will be reset. To keep it, pass --keep-machine-state
vm-test-run-dev-workspace-host-module-idempotency> start all VLans
vm-test-run-dev-workspace-host-module-idempotency> (finished: start all VLans, in 0.04 seconds)
vm-test-run-dev-workspace-host-module-idempotency> Test will time out and terminate in 3600 seconds
vm-test-run-dev-workspace-host-module-idempotency> run the VM test script
vm-test-run-dev-workspace-host-module-idempotency> additionally exposed symbols:
vm-test-run-dev-workspace-host-module-idempotency>     machine,
vm-test-run-dev-workspace-host-module-idempotency>     vlan1,
vm-test-run-dev-workspace-host-module-idempotency>     start_all, test_script, machines, machines_qemu, machines_nspawn, vlans, driver, log, os, create_machine, subtest, run_tests, join_all, retry, serial_stdout_off, serial_stdout_on, polling_condition, BaseMachine, QemuMachine, NspawnMachine, t, debug, dump_machine_ssh
vm-test-run-dev-workspace-host-module-idempotency> machine: starting vm
vm-test-run-dev-workspace-host-module-idempotency> machine # Disk image does not exist, creating the virtualisation disk image...
vm-test-run-dev-workspace-host-module-idempotency> machine # Formatting '/build/vm-state-machine/tmp.ibc1e6vzUF', fmt=raw size=1073741824
vm-test-run-dev-workspace-host-module-idempotency> machine # mke2fs 1.47.4 (6-Mar-2025)
vm-test-run-dev-workspace-host-module-idempotency> machine # Discarding device blocks:      0/262144             done
vm-test-run-dev-workspace-host-module-idempotency> machine # Creating filesystem with 262144 4k blocks and 65536 inodes
vm-test-run-dev-workspace-host-module-idempotency> machine # Filesystem UUID: 5caf92af-ed47-4d9a-9e12-78632c0ba254
vm-test-run-dev-workspace-host-module-idempotency> machine # Superblock backups stored on blocks:
vm-test-run-dev-workspace-host-module-idempotency> machine #    32768, 98304, 163840, 229376
vm-test-run-dev-workspace-host-module-idempotency> machine: QEMU running (pid 12)
vm-test-run-dev-workspace-host-module-idempotency> machine # 
vm-test-run-dev-workspace-host-module-idempotency> machine # Allocating group tables: 0/8   done
vm-test-run-dev-workspace-host-module-idempotency> machine # Writing inode tables: 0/8   done
vm-test-run-dev-workspace-host-module-idempotency> machine: waiting for unit multi-user.target
vm-test-run-dev-workspace-host-module-idempotency> machine # Creating journal (8192 blocks): done
vm-test-run-dev-workspace-host-module-idempotency> machine: waiting for the VM to finish booting
vm-test-run-dev-workspace-host-module-idempotency> machine # Writing superblocks and filesystem accounting information: 0/8   done
vm-test-run-dev-workspace-host-module-idempotency> machine # 
vm-test-run-dev-workspace-host-module-idempotency> machine # Virtualisation disk image created.
dev-workspace> ok       github.com/aither64/dev-workspace/portal/cmd/workspace-portal   0.967s
dev-workspace> ok       github.com/aither64/dev-workspace/portal/internal/agentteams    0.383s
dev-workspace> ok       github.com/aither64/dev-workspace/portal/internal/cluster       0.576s
dev-workspace> ok       github.com/aither64/dev-workspace/portal/internal/creationprogress      0.079s
dev-workspace> ok       github.com/aither64/dev-workspace/portal/internal/processgroup  1.080s
vm-test-run-dev-workspace-host-module-idempotency> machine # cSeaBIOS (version rel-1.17.0-0-gb52ca86e094d-prebuilt.qemu.org)
vm-test-run-dev-workspace-host-module-idempotency> machine # 
vm-test-run-dev-workspace-host-module-idempotency> machine # 
vm-test-run-dev-workspace-host-module-idempotency> machine # iPXE (http://ipxe.org) 00:03.0 CA00 PCI2.10 PnP PMM+3EFD1920+3EF31920 CA00
vm-test-run-dev-workspace-host-module-idempotency> machine # Press Ctrl-B to configure iPXE (PCI 00:03.0)...
vm-test-run-dev-workspace-host-module-idempotency> machine # 
vm-test-run-dev-workspace-host-module-idempotency> machine # 
vm-test-run-dev-workspace-host-module-idempotency> machine # 
vm-test-run-dev-workspace-host-module-idempotency> machine # 
vm-test-run-dev-workspace-host-module-idempotency> machine # iPXE (http://ipxe.org) 00:09.0 CB00 PCI2.10 PnP PMM 3EFD1920 3EF31920 CB00
vm-test-run-dev-workspace-host-module-idempotency> machine # Press Ctrl-B to configure iPXE (PCI 00:09.0)...
vm-test-run-dev-workspace-host-module-idempotency> machine # 
vm-test-run-dev-workspace-host-module-idempotency> machine # 
vm-test-run-dev-workspace-host-module-idempotency> machine # Booting from ROM...
vm-test-run-dev-workspace-host-module-idempotency> machine # Probing EDD (edd=off to disable)... ok
dev-workspace> ok       github.com/aither64/dev-workspace/portal/cmd/workspace-portal   0.839s
dev-workspace> ok       github.com/aither64/dev-workspace/portal/internal/agentteams    0.228s
dev-workspace> ok       github.com/aither64/dev-workspace/portal/internal/cluster       0.530s
dev-workspace> ok       github.com/aither64/dev-workspace/portal/internal/creationprogress      0.105s
dev-workspace> ok       github.com/aither64/dev-workspace/portal/internal/processgroup  1.103s
vm-test-run-dev-workspace-host-module-idempotency> machine # c[    0.000000] Linux version 6.18.49 (nixbld@localhost) (gcc (GCC) 15.2.0, GNU ld (GNU Binutils) 2.46) #1-NixOS SMP PREEMPT_DYNAMIC Wed Sep  2 12:31:51 UTC 2026
dev-workspace> ok       github.com/aither64/dev-workspace/portal/cmd/workspace-portal   0.911s
dev-workspace> ok       github.com/aither64/dev-workspace/portal/internal/agentteams    0.195s
dev-workspace> ok       github.com/aither64/dev-workspace/portal/internal/cluster       0.646s
dev-workspace> ok       github.com/aither64/dev-workspace/portal/internal/creationprogress      0.092s
vm-test-run-dev-workspace-host-module-idempotency> machine # [    0.000000] Command line: console=ttyS0 console=tty0 panic=1 boot.panic_on_fail clocksource=acpi_pm root=fstab loglevel=7 net.ifnames=0 lsm=landlock,yama,bpf init=/nix/store/xv0kxvchr084njyl9l8zamiqs44v6h9c-nixos-system-machine-test/init regInfo=/nix/store/5r8lms9mrmid6zn3r8q71wm8sgd3s6y0-closure-info/registration console=ttyS0,115200n8 console=tty0
vm-test-run-dev-workspace-host-module-idempotency> machine # [    0.000000] BIOS-provided physical RAM map:
vm-test-run-dev-workspace-host-module-idempotency> machine # [    0.000000] BIOS-e820: [mem 0x0000000000000000-0x000000000009fbff] usable
vm-test-run-dev-workspace-host-module-idempotency> machine # [    0.000000] BIOS-e820: [mem 0x000000000009fc00-0x000000000009ffff] reserved
vm-test-run-dev-workspace-host-module-idempotency> machine # [    0.000000] BIOS-e820: [mem 0x00000000000f0000-0x00000000000fffff] reserved
vm-test-run-dev-workspace-host-module-idempotency> machine # [    0.000000] BIOS-e820: [mem 0x0000000000100000-0x000000003ffdafff] usable
vm-test-run-dev-workspace-host-module-idempotency> machine # [    0.000000] BIOS-e820: [mem 0x000000003ffdb000-0x000000003fffffff] reserved
vm-test-run-dev-workspace-host-module-idempotency> machine # [    0.000000] BIOS-e820: [mem 0x00000000feffc000-0x00000000feffffff] reserved
vm-test-run-dev-workspace-host-module-idempotency> machine # [    0.000000] BIOS-e820: [mem 0x00000000fffc0000-0x00000000ffffffff] reserved
vm-test-run-dev-workspace-host-module-idempotency> machine # [    0.000000] BIOS-e820: [mem 0x000000fd00000000-0x000000ffffffffff] reserved
vm-test-run-dev-workspace-host-module-idempotency> machine # [    0.000000] NX (Execute Disable) protection: active
vm-test-run-dev-workspace-host-module-idempotency> machine # [    0.000000] APIC: Static calls initialized
vm-test-run-dev-workspace-host-module-idempotency> machine # [    0.000000] SMBIOS 2.8 present.
vm-test-run-dev-workspace-host-module-idempotency> machine # [    0.000000] DMI: QEMU Standard PC (i440FX + PIIX, 1996), BIOS rel-1.17.0-0-gb52ca86e094d-prebuilt.qemu.org 04/01/2014
vm-test-run-dev-workspace-host-module-idempotency> machine # [    0.000000] DMI: Memory slots populated: 1/1
vm-test-run-dev-workspace-host-module-idempotency> machine # [    0.000000] Hypervisor detected: KVM
vm-test-run-dev-workspace-host-module-idempotency> machine # [    0.000000] last_pfn = 0x3ffdb max_arch_pfn = 0x400000000
vm-test-run-dev-workspace-host-module-idempotency> machine # [    0.000000] kvm-clock: Using msrs 4b564d01 and 4b564d00
vm-test-run-dev-workspace-host-module-idempotency> machine # [    0.000003] kvm-clock: using sched offset of 3060722342 cycles
vm-test-run-dev-workspace-host-module-idempotency> machine # [    0.000007] clocksource: kvm-clock: mask: 0xffffffffffffffff max_cycles: 0x1cd42e4dffb, max_idle_ns: 881590591483 ns
vm-test-run-dev-workspace-host-module-idempotency> machine # [    0.000014] tsc: Detected 1996.250 MHz processor
vm-test-run-dev-workspace-host-module-idempotency> machine # [    0.001466] last_pfn = 0x3ffdb max_arch_pfn = 0x400000000
vm-test-run-dev-workspace-host-module-idempotency> machine # [    0.001727] MTRR map: 4 entries (3 fixed + 1 variable; max 19), built from 8 variable MTRRs
vm-test-run-dev-workspace-host-module-idempotency> machine # [    0.001740] x86/PAT: Configuration [0-7]: WB  WC  UC- UC  WB  WP  UC- WT
vm-test-run-dev-workspace-host-module-idempotency> machine # [    0.005554] found SMP MP-table at [mem 0x000f5470-0x000f547f]
vm-test-run-dev-workspace-host-module-idempotency> machine # [    0.005589] Using GB pages for direct mapping
vm-test-run-dev-workspace-host-module-idempotency> machine # [    0.005704] RAMDISK: [mem 0x3e559000-0x3ffcffff]
vm-test-run-dev-workspace-host-module-idempotency> machine # [    0.005761] ACPI: Early table checksum verification disabled
vm-test-run-dev-workspace-host-module-idempotency> machine # [    0.005771] ACPI: RSDP 0x00000000000F5290 000014 (v00 BOCHS )
vm-test-run-dev-workspace-host-module-idempotency> machine # [    0.005778] ACPI: RSDT 0x000000003FFE23D9 000034 (v01 BOCHS  BXPC     00000001 BXPC 00000001)
vm-test-run-dev-workspace-host-module-idempotency> machine # [    0.005786] ACPI: FACP 0x000000003FFE228D 000074 (v01 BOCHS  BXPC     00000001 BXPC 00000001)
vm-test-run-dev-workspace-host-module-idempotency> machine # [    0.006041] ACPI: DSDT 0x000000003FFE0040 00224D (v01 BOCHS  BXPC     00000001 BXPC 00000001)
vm-test-run-dev-workspace-host-module-idempotency> machine # [    0.006048] ACPI: FACS 0x000000003FFE0000 000040
vm-test-run-dev-workspace-host-module-idempotency> machine # [    0.006052] ACPI: APIC 0x000000003FFE2301 000078 (v03 BOCHS  BXPC     00000001 BXPC 00000001)
vm-test-run-dev-workspace-host-module-idempotency> machine # [    0.006056] ACPI: HPET 0x000000003FFE2379 000038 (v01 BOCHS  BXPC     00000001 BXPC 00000001)
vm-test-run-dev-workspace-host-module-idempotency> machine # [    0.006060] ACPI: WAET 0x000000003FFE23B1 000028 (v01 BOCHS  BXPC     00000001 BXPC 00000001)
vm-test-run-dev-workspace-host-module-idempotency> machine # [    0.006063] ACPI: Reserving FACP table memory at [mem 0x3ffe228d-0x3ffe2300]
dev-workspace> ok       github.com/aither64/dev-workspace/portal/internal/processgroup  1.104s
vm-test-run-dev-workspace-host-module-idempotency> machine # [    0.006065] ACPI: Reserving DSDT table memory at [mem 0x3ffe0040-0x3ffe228c]
vm-test-run-dev-workspace-host-module-idempotency> machine # [    0.006066] ACPI: Reserving FACS table memory at [mem 0x3ffe0000-0x3ffe003f]
vm-test-run-dev-workspace-host-module-idempotency> machine # [    0.006067] ACPI: Reserving APIC table memory at [mem 0x3ffe2301-0x3ffe2378]
vm-test-run-dev-workspace-host-module-idempotency> machine # [    0.006068] ACPI: Reserving HPET table memory at [mem 0x3ffe2379-0x3ffe23b0]
vm-test-run-dev-workspace-host-module-idempotency> machine # [    0.006070] ACPI: Reserving WAET table memory at [mem 0x3ffe23b1-0x3ffe23d8]
vm-test-run-dev-workspace-host-module-idempotency> machine # [    0.007446] No NUMA configuration found
vm-test-run-dev-workspace-host-module-idempotency> machine # [    0.007449] Faking a node at [mem 0x0000000000000000-0x000000003ffdafff]
vm-test-run-dev-workspace-host-module-idempotency> machine # [    0.007454] NODE_DATA(0) allocated [mem 0x3ffd5780-0x3ffdacff]
vm-test-run-dev-workspace-host-module-idempotency> machine # [    0.008520] Zone ranges:
vm-test-run-dev-workspace-host-module-idempotency> machine # [    0.008522]   DMA      [mem 0x0000000000001000-0x0000000000ffffff]
vm-test-run-dev-workspace-host-module-idempotency> machine # [    0.008526]   DMA32    [mem 0x0000000001000000-0x000000003ffdafff]
vm-test-run-dev-workspace-host-module-idempotency> machine # [    0.008528]   Normal   empty
vm-test-run-dev-workspace-host-module-idempotency> machine # [    0.008529]   Device   empty
vm-test-run-dev-workspace-host-module-idempotency> machine # [    0.008531] Movable zone start for each node
vm-test-run-dev-workspace-host-module-idempotency> machine # [    0.008532] Early memory node ranges
vm-test-run-dev-workspace-host-module-idempotency> machine # [    0.008532]   node   0: [mem 0x0000000000001000-0x000000000009efff]
vm-test-run-dev-workspace-host-module-idempotency> machine # [    0.008534]   node   0: [mem 0x0000000000100000-0x000000003ffdafff]
vm-test-run-dev-workspace-host-module-idempotency> machine # [    0.008536] Initmem setup node 0 [mem 0x0000000000001000-0x000000003ffdafff]
vm-test-run-dev-workspace-host-module-idempotency> machine # [    0.008747] On node 0, zone DMA: 1 pages in unavailable ranges
vm-test-run-dev-workspace-host-module-idempotency> machine # [    0.013262] On node 0, zone DMA: 97 pages in unavailable ranges
vm-test-run-dev-workspace-host-module-idempotency> machine # [    0.404475] On node 0, zone DMA32: 37 pages in unavailable ranges
vm-test-run-dev-workspace-host-module-idempotency> machine # [    0.406844] ACPI: PM-Timer IO Port: 0x608
vm-test-run-dev-workspace-host-module-idempotency> machine # [    0.406895] ACPI: LAPIC_NMI (acpi_id[0xff] dfl dfl lint[0x1])
vm-test-run-dev-workspace-host-module-idempotency> machine # [    0.407034] IOAPIC[0]: apic_id 0, version 17, address 0xfec00000, GSI 0-23
vm-test-run-dev-workspace-host-module-idempotency> machine # [    0.407040] ACPI: INT_SRC_OVR (bus 0 bus_irq 0 global_irq 2 dfl dfl)
vm-test-run-dev-workspace-host-module-idempotency> machine # [    0.407043] ACPI: INT_SRC_OVR (bus 0 bus_irq 5 global_irq 5 high level)
vm-test-run-dev-workspace-host-module-idempotency> machine # [    0.407045] ACPI: INT_SRC_OVR (bus 0 bus_irq 9 global_irq 9 high level)
vm-test-run-dev-workspace-host-module-idempotency> machine # [    0.407047] ACPI: INT_SRC_OVR (bus 0 bus_irq 10 global_irq 10 high level)
vm-test-run-dev-workspace-host-module-idempotency> machine # [    0.407048] ACPI: INT_SRC_OVR (bus 0 bus_irq 11 global_irq 11 high level)
vm-test-run-dev-workspace-host-module-idempotency> machine # [    0.407054] ACPI: Using ACPI (MADT) for SMP configuration information
vm-test-run-dev-workspace-host-module-idempotency> machine # [    0.407055] ACPI: HPET id: 0x8086a201 base: 0xfed00000
vm-test-run-dev-workspace-host-module-idempotency> machine # [    0.407066] TSC deadline timer available
vm-test-run-dev-workspace-host-module-idempotency> machine # [    0.407074] CPU topo: Max. logical packages:   1
vm-test-run-dev-workspace-host-module-idempotency> machine # [    0.407075] CPU topo: Max. logical dies:       1
vm-test-run-dev-workspace-host-module-idempotency> machine # [    0.407076] CPU topo: Max. dies per package:   1
vm-test-run-dev-workspace-host-module-idempotency> machine # [    0.407082] CPU topo: Max. threads per core:   1
vm-test-run-dev-workspace-host-module-idempotency> machine # [    0.407084] CPU topo: Num. cores per package:     1
vm-test-run-dev-workspace-host-module-idempotency> machine # [    0.407084] CPU topo: Num. threads per package:   1
vm-test-run-dev-workspace-host-module-idempotency> machine # [    0.407085] CPU topo: Allowing 1 present CPUs plus 0 hotplug CPUs
vm-test-run-dev-workspace-host-module-idempotency> machine # [    0.407140] kvm-guest: APIC: eoi() replaced with kvm_guest_apic_eoi_write()
vm-test-run-dev-workspace-host-module-idempotency> machine # [    0.407320] PM: hibernation: Registered nosave memory: [mem 0x00000000-0x00000fff]
vm-test-run-dev-workspace-host-module-idempotency> machine # [    0.407323] PM: hibernation: Registered nosave memory: [mem 0x0009f000-0x000fffff]
vm-test-run-dev-workspace-host-module-idempotency> machine # [    0.407326] [mem 0x40000000-0xfeffbfff] available for PCI devices
vm-test-run-dev-workspace-host-module-idempotency> machine # [    0.407329] Booting paravirtualized kernel on KVM
vm-test-run-dev-workspace-host-module-idempotency> machine # [    0.407335] clocksource: refined-jiffies: mask: 0xffffffff max_cycles: 0xffffffff, max_idle_ns: 1910969940391419 ns
vm-test-run-dev-workspace-host-module-idempotency> machine # [    0.414883] setup_percpu: NR_CPUS:384 nr_cpumask_bits:1 nr_cpu_ids:1 nr_node_ids:1
vm-test-run-dev-workspace-host-module-idempotency> machine # [    0.465417] percpu: Embedded 98 pages/cpu s278528 r8192 d114688 u2097152
vm-test-run-dev-workspace-host-module-idempotency> machine # [    0.465688] kvm-guest: PV spinlocks disabled, single CPU
vm-test-run-dev-workspace-host-module-idempotency> machine # [    0.465692] Kernel command line: console=ttyS0 console=tty0 panic=1 boot.panic_on_fail clocksource=acpi_pm root=fstab loglevel=7 net.ifnames=0 lsm=landlock,yama,bpf init=/nix/store/xv0kxvchr084njyl9l8zamiqs44v6h9c-nixos-system-machine-test/init regInfo=/nix/store/5r8lms9mrmid6zn3r8q71wm8sgd3s6y0-closure-info/registration console=ttyS0,115200n8 console=tty0
vm-test-run-dev-workspace-host-module-idempotency> machine # [    0.465952] Unknown kernel command line parameters "regInfo=/nix/store/5r8lms9mrmid6zn3r8q71wm8sgd3s6y0-closure-info/registration", will be passed to user space.
vm-test-run-dev-workspace-host-module-idempotency> machine # [    0.465980] random: crng init done
vm-test-run-dev-workspace-host-module-idempotency> machine # [    0.465982] printk: log buffer data + meta data: 262144 + 917504 = 1179648 bytes
vm-test-run-dev-workspace-host-module-idempotency> machine # [    0.488183] Dentry cache hash table entries: 131072 (order: 8, 1048576 bytes, linear)
vm-test-run-dev-workspace-host-module-idempotency> machine # [    0.488326] Inode-cache hash table entries: 65536 (order: 7, 524288 bytes, linear)
vm-test-run-dev-workspace-host-module-idempotency> machine # [    0.488525] Fallback order for Node 0: 0
vm-test-run-dev-workspace-host-module-idempotency> machine # [    0.488532] Built 1 zonelists, mobility grouping on.  Total pages: 262009
vm-test-run-dev-workspace-host-module-idempotency> machine # [    0.488534] Policy zone: DMA32
vm-test-run-dev-workspace-host-module-idempotency> machine # [    0.541610] mem auto-init: stack:all(zero), heap alloc:on, heap free:off
vm-test-run-dev-workspace-host-module-idempotency> machine # [    0.558546] SLUB: HWalign=64, Order=0-3, MinObjects=0, CPUs=1, Nodes=1
vm-test-run-dev-workspace-host-module-idempotency> machine # [    0.603222] allocated 2097152 bytes of page_ext
vm-test-run-dev-workspace-host-module-idempotency> machine # [    0.642189] ftrace: allocating 48650 entries in 192 pages
vm-test-run-dev-workspace-host-module-idempotency> machine # [    0.642200] ftrace: allocated 192 pages with 2 groups
vm-test-run-dev-workspace-host-module-idempotency> machine # [    0.653730] Dynamic Preempt: lazy
vm-test-run-dev-workspace-host-module-idempotency> machine # [    0.657463] rcu: Preemptible hierarchical RCU implementation.
vm-test-run-dev-workspace-host-module-idempotency> machine # [    0.657467] rcu:        RCU event tracing is enabled.
vm-test-run-dev-workspace-host-module-idempotency> machine # [    0.657468] rcu:        RCU restricting CPUs from NR_CPUS=384 to nr_cpu_ids=1.
vm-test-run-dev-workspace-host-module-idempotency> machine # [    0.657472]     Trampoline variant of Tasks RCU enabled.
vm-test-run-dev-workspace-host-module-idempotency> machine # [    0.657473]     Rude variant of Tasks RCU enabled.
vm-test-run-dev-workspace-host-module-idempotency> machine # [    0.657474]     Tracing variant of Tasks RCU enabled.
vm-test-run-dev-workspace-host-module-idempotency> machine # [    0.657475] rcu: RCU calculated value of scheduler-enlistment delay is 100 jiffies.
vm-test-run-dev-workspace-host-module-idempotency> machine # [    0.657476] rcu: Adjusting geometry for rcu_fanout_leaf=16, nr_cpu_ids=1
vm-test-run-dev-workspace-host-module-idempotency> machine # [    0.657914] RCU Tasks: Setting shift to 0 and lim to 1 rcu_task_cb_adjust=1 rcu_task_cpu_ids=1.
vm-test-run-dev-workspace-host-module-idempotency> machine # [    0.657919] RCU Tasks Rude: Setting shift to 0 and lim to 1 rcu_task_cb_adjust=1 rcu_task_cpu_ids=1.
vm-test-run-dev-workspace-host-module-idempotency> machine # [    0.657921] RCU Tasks Trace: Setting shift to 0 and lim to 1 rcu_task_cb_adjust=1 rcu_task_cpu_ids=1.
vm-test-run-dev-workspace-host-module-idempotency> machine # [    0.681877] NR_IRQS: 24832, nr_irqs: 256, preallocated irqs: 16
vm-test-run-dev-workspace-host-module-idempotency> machine # [    0.684184] rcu: srcu_init: Setting srcu_struct sizes based on contention.
vm-test-run-dev-workspace-host-module-idempotency> machine # [    0.684211] clocksource: jiffies: mask: 0xffffffff max_cycles: 0xffffffff, max_idle_ns: 1911260446275000 ns
vm-test-run-dev-workspace-host-module-idempotency> machine # [    0.684565] kfence: initialized - using 2097152 bytes for 255 objects at 0x(____ptrval____)-0x(____ptrval____)
vm-test-run-dev-workspace-host-module-idempotency> machine # [    0.712076] Console: colour VGA+ 80x25
vm-test-run-dev-workspace-host-module-idempotency> machine # [    0.712095] printk: legacy console [tty0] enabled
vm-test-run-dev-workspace-host-module-idempotency> machine # [    0.886428] printk: legacy console [ttyS0] enabled
vm-test-run-dev-workspace-host-module-idempotency> machine # [    1.362376] ACPI: Core revision 20250807
vm-test-run-dev-workspace-host-module-idempotency> machine # [    1.369077] clocksource: hpet: mask: 0xffffffff max_cycles: 0xffffffff, max_idle_ns: 19112604467 ns
vm-test-run-dev-workspace-host-module-idempotency> machine # [    1.376511] APIC: Switch to symmetric I/O mode setup
vm-test-run-dev-workspace-host-module-idempotency> machine # [    1.382068] x2apic enabled
vm-test-run-dev-workspace-host-module-idempotency> machine # [    1.385517] APIC: Switched APIC routing to: physical x2apic
vm-test-run-dev-workspace-host-module-idempotency> machine # [    1.401558] ..TIMER: vector=0x30 apic1=0 pin1=2 apic2=-1 pin2=-1
vm-test-run-dev-workspace-host-module-idempotency> machine # [    1.407552] clocksource: tsc-early: mask: 0xffffffffffffffff max_cycles: 0x398caf77d7a, max_idle_ns: 881590459467 ns
vm-test-run-dev-workspace-host-module-idempotency> machine # [    1.415047] Calibrating delay loop (skipped) preset value.. 3992.50 BogoMIPS (lpj=1996250)
vm-test-run-dev-workspace-host-module-idempotency> machine # [    1.417704] AMD Zen1 DIV0 bug detected. Disable SMT for full protection.
vm-test-run-dev-workspace-host-module-idempotency> machine # [    1.419065] AMD Zen1 FPDSS bug detected, enabling mitigation.
vm-test-run-dev-workspace-host-module-idempotency> machine # [    1.423576] Last level iTLB entries: 4KB 512, 2MB 255, 4MB 127
vm-test-run-dev-workspace-host-module-idempotency> machine # [    1.425052] Last level dTLB entries: 4KB 512, 2MB 255, 4MB 127, 1GB 0
vm-test-run-dev-workspace-host-module-idempotency> machine # [    1.427065] mitigations: Enabled attack vectors: user_kernel, user_user, guest_host, guest_guest, SMT mitigations: auto
vm-test-run-dev-workspace-host-module-idempotency> machine # [    1.429051] Speculative Store Bypass: Mitigation: Speculative Store Bypass disabled via prctl
vm-test-run-dev-workspace-host-module-idempotency> machine # [    1.431060] Spectre V2 : Mitigation: Retpolines
vm-test-run-dev-workspace-host-module-idempotency> machine # [    1.433043] RETBleed: Mitigation: untrained return thunk
vm-test-run-dev-workspace-host-module-idempotency> machine # [    1.435054] Speculative Return Stack Overflow: Mitigation: SMT disabled
vm-test-run-dev-workspace-host-module-idempotency> machine # [    1.437050] Spectre V1 : Mitigation: usercopy/swapgs barriers and __user pointer sanitization
vm-test-run-dev-workspace-host-module-idempotency> machine # [    1.439046] Spectre V2 : Spectre v2 / SpectreRSB: Filling RSB on context switch and VMEXIT
vm-test-run-dev-workspace-host-module-idempotency> machine # [    1.441047] Spectre V2 : Enabling Speculation Barrier for firmware calls
vm-test-run-dev-workspace-host-module-idempotency> machine # [    1.443048] active return thunk: retbleed_return_thunk
vm-test-run-dev-workspace-host-module-idempotency> machine # [    1.446065] Spectre V2 : mitigation: Enabling conditional Indirect Branch Prediction Barrier
vm-test-run-dev-workspace-host-module-idempotency> machine # [    1.449149] x86/fpu: Supporting XSAVE feature 0x001: 'x87 floating point registers'
vm-test-run-dev-workspace-host-module-idempotency> machine # [    1.451053] x86/fpu: Supporting XSAVE feature 0x002: 'SSE registers'
vm-test-run-dev-workspace-host-module-idempotency> machine # [    1.453054] x86/fpu: Supporting XSAVE feature 0x004: 'AVX registers'
vm-test-run-dev-workspace-host-module-idempotency> machine # [    1.455052] x86/fpu: xstate_offset[2]:  576, xstate_sizes[2]:  256
vm-test-run-dev-workspace-host-module-idempotency> machine # [    1.457051] x86/fpu: Enabled xstate features 0x7, context size is 832 bytes, using 'compacted' format.
vm-test-run-dev-workspace-host-module-idempotency> machine # [    1.510241] Freeing SMP alternatives memory: 44K
vm-test-run-dev-workspace-host-module-idempotency> machine # [    1.512044] pid_max: default: 32768 minimum: 301
vm-test-run-dev-workspace-host-module-idempotency> machine # [    1.514456] LSM: initializing lsm=capability,landlock,yama,bpf,ima
vm-test-run-dev-workspace-host-module-idempotency> machine # [    1.516300] landlock: Up and running.
vm-test-run-dev-workspace-host-module-idempotency> machine # [    1.518041] Yama: becoming mindful.
vm-test-run-dev-workspace-host-module-idempotency> machine # [    1.520341] LSM support for eBPF active
vm-test-run-dev-workspace-host-module-idempotency> machine # [    1.523174] Mount-cache hash table entries: 2048 (order: 2, 16384 bytes, linear)
vm-test-run-dev-workspace-host-module-idempotency> machine # [    1.526043] Mountpoint-cache hash table entries: 2048 (order: 2, 16384 bytes, linear)
vm-test-run-dev-workspace-host-module-idempotency> machine # [    1.542903] smpboot: CPU0: AMD EPYC 7551 32-Core Processor (family: 0x17, model: 0x1, stepping: 0x2)
vm-test-run-dev-workspace-host-module-idempotency> machine # [    1.552203] Performance Events: Fam17h+ core perfctr, AMD PMU driver.
vm-test-run-dev-workspace-host-module-idempotency> machine # [    1.554130] ... version:                   0
vm-test-run-dev-workspace-host-module-idempotency> machine # [    1.556047] ... bit width:                 48
vm-test-run-dev-workspace-host-module-idempotency> machine # [    1.557049] ... generic counters:          6
vm-test-run-dev-workspace-host-module-idempotency> machine # [    1.558047] ... generic bitmap:            000000000000003f
vm-test-run-dev-workspace-host-module-idempotency> machine # [    1.560053] ... fixed-purpose counters:    0
vm-test-run-dev-workspace-host-module-idempotency> machine # [    1.562050] ... fixed-purpose bitmap:      0000000000000000
vm-test-run-dev-workspace-host-module-idempotency> machine # [    1.564053] ... value mask:                0000ffffffffffff
vm-test-run-dev-workspace-host-module-idempotency> machine # [    1.566058] ... max period:                00007fffffffffff
vm-test-run-dev-workspace-host-module-idempotency> machine # [    1.568052] ... global_ctrl mask:          000000000000003f
vm-test-run-dev-workspace-host-module-idempotency> machine # [    1.570263] signal: max sigframe size: 1776
vm-test-run-dev-workspace-host-module-idempotency> machine # [    1.573120] rcu: Hierarchical SRCU implementation.
vm-test-run-dev-workspace-host-module-idempotency> machine # [    1.575068] rcu:        Max phase no-delay instances is 400.
vm-test-run-dev-workspace-host-module-idempotency> machine # [    1.588960] smp: Bringing up secondary CPUs ...
vm-test-run-dev-workspace-host-module-idempotency> machine # [    1.590075] smp: Brought up 1 node, 1 CPU
vm-test-run-dev-workspace-host-module-idempotency> machine # [    1.591056] smpboot: Total of 1 processors activated (3992.50 BogoMIPS)
vm-test-run-dev-workspace-host-module-idempotency> machine # [    1.594977] Memory: 945208K/1048036K available (17135K kernel code, 2721K rwdata, 13540K rodata, 3644K init, 3000K bss, 95604K reserved, 0K cma-reserved)
vm-test-run-dev-workspace-host-module-idempotency> machine # [    1.598212] devtmpfs: initialized
vm-test-run-dev-workspace-host-module-idempotency> machine # [    1.602958] x86/mm: Memory block size: 128MB
vm-test-run-dev-workspace-host-module-idempotency> machine # [    1.610364] posixtimers hash table entries: 512 (order: 1, 8192 bytes, linear)
vm-test-run-dev-workspace-host-module-idempotency> machine # [    1.612545] futex hash table entries: 256 (16384 bytes on 1 NUMA nodes, total 16 KiB, linear).
vm-test-run-dev-workspace-host-module-idempotency> machine # [    1.614911] pinctrl core: initialized pinctrl subsystem
vm-test-run-dev-workspace-host-module-idempotency> machine # [    1.617763] PM: RTC time: 07:02:35, date: 2026-10-07
vm-test-run-dev-workspace-host-module-idempotency> machine # [    1.665563] NET: Registered PF_NETLINK/PF_ROUTE protocol family
vm-test-run-dev-workspace-host-module-idempotency> machine # [    1.670645] DMA: preallocated 128 KiB GFP_KERNEL pool for atomic allocations
vm-test-run-dev-workspace-host-module-idempotency> machine # [    1.672185] DMA: preallocated 128 KiB GFP_KERNEL|GFP_DMA pool for atomic allocations
vm-test-run-dev-workspace-host-module-idempotency> machine # [    1.676717] DMA: preallocated 128 KiB GFP_KERNEL|GFP_DMA32 pool for atomic allocations
vm-test-run-dev-workspace-host-module-idempotency> machine # [    1.678094] audit: initializing netlink subsys (disabled)
vm-test-run-dev-workspace-host-module-idempotency> machine # [    1.684056] audit: type=2000 audit(1791356554.711:1): state=initialized audit_enabled=0 res=1
vm-test-run-dev-workspace-host-module-idempotency> machine # [    1.686524] thermal_sys: Registered thermal governor 'fair_share'
vm-test-run-dev-workspace-host-module-idempotency> machine # [    1.686529] thermal_sys: Registered thermal governor 'bang_bang'
vm-test-run-dev-workspace-host-module-idempotency> machine # [    1.688049] thermal_sys: Registered thermal governor 'step_wise'
vm-test-run-dev-workspace-host-module-idempotency> machine # [    1.690049] thermal_sys: Registered thermal governor 'user_space'
vm-test-run-dev-workspace-host-module-idempotency> machine # [    1.692048] thermal_sys: Registered thermal governor 'power_allocator'
vm-test-run-dev-workspace-host-module-idempotency> machine # [    1.694287] cpuidle: using governor menu
vm-test-run-dev-workspace-host-module-idempotency> machine # [    1.700092] acpiphp: ACPI Hot Plug PCI Controller Driver version: 0.5
vm-test-run-dev-workspace-host-module-idempotency> machine # [    1.704311] PCI: Using configuration type 1 for base access
vm-test-run-dev-workspace-host-module-idempotency> machine # [    1.706047] PCI: Using configuration type 1 for extended access
vm-test-run-dev-workspace-host-module-idempotency> machine # [    1.708960] kprobes: kprobe jump-optimization is enabled. All kprobes are optimized if possible.
vm-test-run-dev-workspace-host-module-idempotency> machine # [    1.725350] HugeTLB: registered 1.00 GiB page size, pre-allocated 0 pages
vm-test-run-dev-workspace-host-module-idempotency> machine # [    1.729054] HugeTLB: 16380 KiB vmemmap can be freed for a 1.00 GiB page
vm-test-run-dev-workspace-host-module-idempotency> machine # [    1.735053] HugeTLB: registered 2.00 MiB page size, pre-allocated 0 pages
vm-test-run-dev-workspace-host-module-idempotency> machine # [    1.741048] HugeTLB: 28 KiB vmemmap can be freed for a 2.00 MiB page
vm-test-run-dev-workspace-host-module-idempotency> machine # [    1.769334] ACPI: Added _OSI(Module Device)
vm-test-run-dev-workspace-host-module-idempotency> machine # [    1.776049] ACPI: Added _OSI(Processor Device)
vm-test-run-dev-workspace-host-module-idempotency> machine # [    1.777048] ACPI: Added _OSI(Processor Aggregator Device)
vm-test-run-dev-workspace-host-module-idempotency> machine # [    1.791148] ACPI: 1 ACPI AML tables successfully acquired and loaded
vm-test-run-dev-workspace-host-module-idempotency> machine # [    1.798378] ACPI: Interpreter enabled
vm-test-run-dev-workspace-host-module-idempotency> machine # [    1.800077] ACPI: PM: (supports S0 S3 S4 S5)
vm-test-run-dev-workspace-host-module-idempotency> machine # [    1.801049] ACPI: Using IOAPIC for interrupt routing
vm-test-run-dev-workspace-host-module-idempotency> machine # [    1.803101] PCI: Using host bridge windows from ACPI; if necessary, use "pci=nocrs" and report a bug
vm-test-run-dev-workspace-host-module-idempotency> machine # [    1.805049] PCI: Using E820 reservations for host bridge windows
vm-test-run-dev-workspace-host-module-idempotency> machine # [    1.807273] ACPI: Enabled 2 GPEs in block 00 to 0F
vm-test-run-dev-workspace-host-module-idempotency> machine # [    1.822115] ACPI: PCI Root Bridge [PCI0] (domain 0000 [bus 00-ff])
vm-test-run-dev-workspace-host-module-idempotency> machine # [    1.824065] acpi PNP0A03:00: _OSC: OS supports [ExtendedConfig ASPM ClockPM Segments MSI HPX-Type3]
vm-test-run-dev-workspace-host-module-idempotency> machine # [    1.827789] acpiphp: Slot [3] registered
vm-test-run-dev-workspace-host-module-idempotency> machine # [    1.829255] acpiphp: Slot [4] registered
vm-test-run-dev-workspace-host-module-idempotency> machine # [    1.831113] acpiphp: Slot [5] registered
vm-test-run-dev-workspace-host-module-idempotency> machine # [    1.832113] acpiphp: Slot [6] registered
vm-test-run-dev-workspace-host-module-idempotency> machine # [    1.834119] acpiphp: Slot [7] registered
vm-test-run-dev-workspace-host-module-idempotency> machine # [    1.835257] acpiphp: Slot [8] registered
vm-test-run-dev-workspace-host-module-idempotency> machine # [    1.837111] acpiphp: Slot [9] registered
vm-test-run-dev-workspace-host-module-idempotency> machine # [    1.838114] acpiphp: Slot [10] registered
vm-test-run-dev-workspace-host-module-idempotency> machine # [    1.839111] acpiphp: Slot [11] registered
vm-test-run-dev-workspace-host-module-idempotency> machine # [    1.840393] acpiphp: Slot [12] registered
vm-test-run-dev-workspace-host-module-idempotency> machine # [    1.842108] acpiphp: Slot [13] registered
vm-test-run-dev-workspace-host-module-idempotency> machine # [    1.843105] acpiphp: Slot [14] registered
vm-test-run-dev-workspace-host-module-idempotency> machine # [    1.844105] acpiphp: Slot [15] registered
vm-test-run-dev-workspace-host-module-idempotency> machine # [    1.845268] acpiphp: Slot [16] registered
vm-test-run-dev-workspace-host-module-idempotency> machine # [    1.847111] acpiphp: Slot [17] registered
vm-test-run-dev-workspace-host-module-idempotency> machine # [    1.848136] acpiphp: Slot [18] registered
vm-test-run-dev-workspace-host-module-idempotency> machine # [    1.849269] acpiphp: Slot [19] registered
vm-test-run-dev-workspace-host-module-idempotency> machine # [    1.851135] acpiphp: Slot [20] registered
vm-test-run-dev-workspace-host-module-idempotency> machine # [    1.852144] acpiphp: Slot [21] registered
vm-test-run-dev-workspace-host-module-idempotency> machine # [    1.853134] acpiphp: Slot [22] registered
vm-test-run-dev-workspace-host-module-idempotency> machine # [    1.854357] acpiphp: Slot [23] registered
vm-test-run-dev-workspace-host-module-idempotency> machine # [    1.856328] acpiphp: Slot [24] registered
vm-test-run-dev-workspace-host-module-idempotency> machine # [    1.858116] acpiphp: Slot [25] registered
vm-test-run-dev-workspace-host-module-idempotency> machine # [    1.859112] acpiphp: Slot [26] registered
vm-test-run-dev-workspace-host-module-idempotency> machine # [    1.860260] acpiphp: Slot [27] registered
vm-test-run-dev-workspace-host-module-idempotency> machine # [    1.862113] acpiphp: Slot [28] registered
vm-test-run-dev-workspace-host-module-idempotency> machine # [    1.864110] acpiphp: Slot [29] registered
vm-test-run-dev-workspace-host-module-idempotency> machine # [    1.866110] acpiphp: Slot [30] registered
vm-test-run-dev-workspace-host-module-idempotency> machine # [    1.867258] acpiphp: Slot [31] registered
vm-test-run-dev-workspace-host-module-idempotency> machine # [    1.869099] PCI host bridge to bus 0000:00
vm-test-run-dev-workspace-host-module-idempotency> machine # [    1.870065] pci_bus 0000:00: root bus resource [io  0x0000-0x0cf7 window]
vm-test-run-dev-workspace-host-module-idempotency> machine # [    1.872055] pci_bus 0000:00: root bus resource [io  0x0d00-0xffff window]
vm-test-run-dev-workspace-host-module-idempotency> machine # [    1.874050] pci_bus 0000:00: root bus resource [mem 0x000a0000-0x000bffff window]
vm-test-run-dev-workspace-host-module-idempotency> machine # [    1.876051] pci_bus 0000:00: root bus resource [mem 0x40000000-0xfebfffff window]
vm-test-run-dev-workspace-host-module-idempotency> machine # [    1.878109] pci_bus 0000:00: root bus resource [mem 0x100000000-0x17fffffff window]
vm-test-run-dev-workspace-host-module-idempotency> machine # [    1.880051] pci_bus 0000:00: root bus resource [bus 00-ff]
vm-test-run-dev-workspace-host-module-idempotency> machine # [    1.883550] pci 0000:00:00.0: [8086:1237] type 00 class 0x060000 conventional PCI endpoint
vm-test-run-dev-workspace-host-module-idempotency> machine # [    1.887465] pci 0000:00:01.0: [8086:7000] type 00 class 0x060100 conventional PCI endpoint
vm-test-run-dev-workspace-host-module-idempotency> machine # [    1.891496] pci 0000:00:01.1: [8086:7010] type 00 class 0x010180 conventional PCI endpoint
vm-test-run-dev-workspace-host-module-idempotency> machine # [    1.895928] pci 0000:00:01.1: BAR 4 [io  0xc1e0-0xc1ef]
vm-test-run-dev-workspace-host-module-idempotency> machine # [    1.897251] pci 0000:00:01.1: BAR 0 [io  0x01f0-0x01f7]: legacy IDE quirk
vm-test-run-dev-workspace-host-module-idempotency> machine # [    1.899049] pci 0000:00:01.1: BAR 1 [io  0x03f6]: legacy IDE quirk
vm-test-run-dev-workspace-host-module-idempotency> machine # [    1.901050] pci 0000:00:01.1: BAR 2 [io  0x0170-0x0177]: legacy IDE quirk
vm-test-run-dev-workspace-host-module-idempotency> machine # [    1.903048] pci 0000:00:01.1: BAR 3 [io  0x0376]: legacy IDE quirk
vm-test-run-dev-workspace-host-module-idempotency> machine # [    1.906666] pci 0000:00:01.2: [8086:7020] type 00 class 0x0c0300 conventional PCI endpoint
vm-test-run-dev-workspace-host-module-idempotency> machine # [    1.910886] pci 0000:00:01.2: BAR 4 [io  0xc100-0xc11f]
vm-test-run-dev-workspace-host-module-idempotency> machine # [    1.914164] pci 0000:00:01.3: [8086:7113] type 00 class 0x068000 conventional PCI endpoint
vm-test-run-dev-workspace-host-module-idempotency> machine # [    1.917520] pci 0000:00:01.3: quirk: [io  0x0600-0x063f] claimed by PIIX4 ACPI
vm-test-run-dev-workspace-host-module-idempotency> machine # [    1.919099] pci 0000:00:01.3: quirk: [io  0x0700-0x070f] claimed by PIIX4 SMB
vm-test-run-dev-workspace-host-module-idempotency> machine # [    1.922318] pci 0000:00:02.0: [1234:1111] type 00 class 0x030000 conventional PCI endpoint
vm-test-run-dev-workspace-host-module-idempotency> machine # [    1.928813] pci 0000:00:02.0: BAR 0 [mem 0xfd000000-0xfdffffff pref]
vm-test-run-dev-workspace-host-module-idempotency> machine # [    1.931124] pci 0000:00:02.0: BAR 2 [mem 0xfebd0000-0xfebd0fff]
vm-test-run-dev-workspace-host-module-idempotency> machine # [    1.933177] pci 0000:00:02.0: ROM [mem 0xfebc0000-0xfebcffff pref]
vm-test-run-dev-workspace-host-module-idempotency> machine # [    1.940400] pci 0000:00:02.0: Video device with shadowed ROM at [mem 0x000c0000-0x000dffff]
vm-test-run-dev-workspace-host-module-idempotency> machine # [    1.959228] pci 0000:00:03.0: [1af4:1000] type 00 class 0x020000 conventional PCI endpoint
vm-test-run-dev-workspace-host-module-idempotency> machine # [    1.963100] pci 0000:00:03.0: BAR 0 [io  0xc120-0xc13f]
vm-test-run-dev-workspace-host-module-idempotency> machine # [    1.965117] pci 0000:00:03.0: BAR 1 [mem 0xfebd1000-0xfebd1fff]
vm-test-run-dev-workspace-host-module-idempotency> machine # [    1.967231] pci 0000:00:03.0: BAR 4 [mem 0xfe000000-0xfe003fff 64bit pref]
vm-test-run-dev-workspace-host-module-idempotency> machine # [    1.969108] pci 0000:00:03.0: ROM [mem 0xfeb40000-0xfeb7ffff pref]
vm-test-run-dev-workspace-host-module-idempotency> machine # [    1.989356] pci 0000:00:04.0: [1af4:1005] type 00 class 0x00ff00 conventional PCI endpoint
vm-test-run-dev-workspace-host-module-idempotency> machine # [    1.993139] pci 0000:00:04.0: BAR 0 [io  0xc140-0xc15f]
vm-test-run-dev-workspace-host-module-idempotency> machine # [    1.995094] pci 0000:00:04.0: BAR 1 [mem 0xfebd2000-0xfebd2fff]
vm-test-run-dev-workspace-host-module-idempotency> machine # [    1.997193] pci 0000:00:04.0: BAR 4 [mem 0xfe004000-0xfe007fff 64bit pref]
vm-test-run-dev-workspace-host-module-idempotency> machine # [    2.004254] pci 0000:00:05.0: [1af4:1009] type 00 class 0x000200 conventional PCI endpoint
vm-test-run-dev-workspace-host-module-idempotency> machine # [    2.008103] pci 0000:00:05.0: BAR 0 [io  0xc080-0xc0bf]
vm-test-run-dev-workspace-host-module-idempotency> machine # [    2.010083] pci 0000:00:05.0: BAR 1 [mem 0xfebd3000-0xfebd3fff]
vm-test-run-dev-workspace-host-module-idempotency> machine # [    2.012176] pci 0000:00:05.0: BAR 4 [mem 0xfe008000-0xfe00bfff 64bit pref]
vm-test-run-dev-workspace-host-module-idempotency> machine # [    2.018378] pci 0000:00:06.0: [1af4:1009] type 00 class 0x000200 conventional PCI endpoint
vm-test-run-dev-workspace-host-module-idempotency> machine # [    2.022127] pci 0000:00:06.0: BAR 0 [io  0xc160-0xc17f]
vm-test-run-dev-workspace-host-module-idempotency> machine # [    2.024088] pci 0000:00:06.0: BAR 1 [mem 0xfebd4000-0xfebd4fff]
vm-test-run-dev-workspace-host-module-idempotency> machine # [    2.026224] pci 0000:00:06.0: BAR 4 [mem 0xfe00c000-0xfe00ffff 64bit pref]
vm-test-run-dev-workspace-host-module-idempotency> machine # [    2.033732] pci 0000:00:07.0: [1af4:1009] type 00 class 0x000200 conventional PCI endpoint
vm-test-run-dev-workspace-host-module-idempotency> machine # [    2.037153] pci 0000:00:07.0: BAR 0 [io  0xc180-0xc19f]
vm-test-run-dev-workspace-host-module-idempotency> machine # [    2.039094] pci 0000:00:07.0: BAR 1 [mem 0xfebd5000-0xfebd5fff]
vm-test-run-dev-workspace-host-module-idempotency> machine # [    2.041201] pci 0000:00:07.0: BAR 4 [mem 0xfe010000-0xfe013fff 64bit pref]
vm-test-run-dev-workspace-host-module-idempotency> machine # [    2.048758] pci 0000:00:08.0: [1af4:1001] type 00 class 0x010000 conventional PCI endpoint
vm-test-run-dev-workspace-host-module-idempotency> machine # [    2.053132] pci 0000:00:08.0: BAR 0 [io  0xc000-0xc07f]
vm-test-run-dev-workspace-host-module-idempotency> machine # [    2.055113] pci 0000:00:08.0: BAR 1 [mem 0xfebd6000-0xfebd6fff]
vm-test-run-dev-workspace-host-module-idempotency> machine # [    2.057200] pci 0000:00:08.0: BAR 4 [mem 0xfe014000-0xfe017fff 64bit pref]
vm-test-run-dev-workspace-host-module-idempotency> machine # [    2.063522] pci 0000:00:09.0: [1af4:1000] type 00 class 0x020000 conventional PCI endpoint
vm-test-run-dev-workspace-host-module-idempotency> machine # [    2.067114] pci 0000:00:09.0: BAR 0 [io  0xc1a0-0xc1bf]
vm-test-run-dev-workspace-host-module-idempotency> machine # [    2.069089] pci 0000:00:09.0: BAR 1 [mem 0xfebd7000-0xfebd7fff]
vm-test-run-dev-workspace-host-module-idempotency> machine # [    2.071184] pci 0000:00:09.0: BAR 4 [mem 0xfe018000-0xfe01bfff 64bit pref]
vm-test-run-dev-workspace-host-module-idempotency> machine # [    2.073098] pci 0000:00:09.0: ROM [mem 0xfeb80000-0xfebbffff pref]
vm-test-run-dev-workspace-host-module-idempotency> machine # [    2.079515] pci 0000:00:0a.0: [1af4:1052] type 00 class 0x090000 conventional PCI endpoint
vm-test-run-dev-workspace-host-module-idempotency> machine # [    2.083186] pci 0000:00:0a.0: BAR 1 [mem 0xfebd8000-0xfebd8fff]
vm-test-run-dev-workspace-host-module-idempotency> machine # [    2.085215] pci 0000:00:0a.0: BAR 4 [mem 0xfe01c000-0xfe01ffff 64bit pref]
vm-test-run-dev-workspace-host-module-idempotency> machine # [    2.092704] pci 0000:00:0b.0: [1af4:1003] type 00 class 0x078000 conventional PCI endpoint
vm-test-run-dev-workspace-host-module-idempotency> machine # [    2.097114] pci 0000:00:0b.0: BAR 0 [io  0xc0c0-0xc0ff]
vm-test-run-dev-workspace-host-module-idempotency> machine # [    2.099157] pci 0000:00:0b.0: BAR 1 [mem 0xfebd9000-0xfebd9fff]
vm-test-run-dev-workspace-host-module-idempotency> machine # [    2.101254] pci 0000:00:0b.0: BAR 4 [mem 0xfe020000-0xfe023fff 64bit pref]
vm-test-run-dev-workspace-host-module-idempotency> machine # [    2.108611] pci 0000:00:0c.0: [1af4:1005] type 00 class 0x00ff00 conventional PCI endpoint
vm-test-run-dev-workspace-host-module-idempotency> machine # [    2.112145] pci 0000:00:0c.0: BAR 0 [io  0xc1c0-0xc1df]
vm-test-run-dev-workspace-host-module-idempotency> machine # [    2.114122] pci 0000:00:0c.0: BAR 1 [mem 0xfebda000-0xfebdafff]
vm-test-run-dev-workspace-host-module-idempotency> machine # [    2.116222] pci 0000:00:0c.0: BAR 4 [mem 0xfe024000-0xfe027fff 64bit pref]
vm-test-run-dev-workspace-host-module-idempotency> machine # [    2.146050] ACPI: PCI: Interrupt link LNKA configured for IRQ 10
vm-test-run-dev-workspace-host-module-idempotency> machine # [    2.148590] ACPI: PCI: Interrupt link LNKB configured for IRQ 10
vm-test-run-dev-workspace-host-module-idempotency> machine # [    2.150492] ACPI: PCI: Interrupt link LNKC configured for IRQ 11
vm-test-run-dev-workspace-host-module-idempotency> machine # [    2.152411] ACPI: PCI: Interrupt link LNKD configured for IRQ 11
vm-test-run-dev-workspace-host-module-idempotency> machine # [    2.154479] ACPI: PCI: Interrupt link LNKS configured for IRQ 9
vm-test-run-dev-workspace-host-module-idempotency> machine # [    2.178053] iommu: Default domain type: Translated
vm-test-run-dev-workspace-host-module-idempotency> machine # [    2.180157] iommu: DMA domain TLB invalidation policy: lazy mode
vm-test-run-dev-workspace-host-module-idempotency> machine # [    2.190259] ACPI: bus type USB registered
vm-test-run-dev-workspace-host-module-idempotency> machine # [    2.193515] usbcore: registered new interface driver usbfs
vm-test-run-dev-workspace-host-module-idempotency> machine # [    2.195606] usbcore: registered new interface driver hub
vm-test-run-dev-workspace-host-module-idempotency> machine # [    2.197154] usbcore: registered new device driver usb
vm-test-run-dev-workspace-host-module-idempotency> machine # [    2.214230] NetLabel: Initializing
vm-test-run-dev-workspace-host-module-idempotency> machine # [    2.216047] NetLabel:  domain hash size = 128
vm-test-run-dev-workspace-host-module-idempotency> machine # [    2.217053] NetLabel:  protocols = UNLABELED CIPSOv4 CALIPSO
vm-test-run-dev-workspace-host-module-idempotency> machine # [    2.219573] NetLabel:  unlabeled traffic allowed by default
vm-test-run-dev-workspace-host-module-idempotency> machine # [    2.221201] PCI: Using ACPI for IRQ routing
vm-test-run-dev-workspace-host-module-idempotency> machine # [    2.228512] pci 0000:00:02.0: vgaarb: setting as boot VGA device
vm-test-run-dev-workspace-host-module-idempotency> machine # [    2.229033] pci 0000:00:02.0: vgaarb: bridge control possible
vm-test-run-dev-workspace-host-module-idempotency> machine # [    2.229033] pci 0000:00:02.0: vgaarb: VGA device added: decodes=io+mem,owns=io+mem,locks=none
vm-test-run-dev-workspace-host-module-idempotency> machine # [    2.229076] vgaarb: loaded
vm-test-run-dev-workspace-host-module-idempotency> machine # [    2.235775] hpet0: at MMIO 0xfed00000, IRQs 2, 8, 0
vm-test-run-dev-workspace-host-module-idempotency> machine # [    2.237362] hpet0: 3 comparators, 64-bit 100.000000 MHz counter
vm-test-run-dev-workspace-host-module-idempotency> machine # [    2.242558] clocksource: Switched to clocksource kvm-clock
vm-test-run-dev-workspace-host-module-idempotency> machine # [    2.284060] VFS: Disk quotas dquot_6.6.0
vm-test-run-dev-workspace-host-module-idempotency> machine # [    2.293068] VFS: Dquot-cache hash table entries: 512 (order 0, 4096 bytes)
vm-test-run-dev-workspace-host-module-idempotency> machine # [    2.311226] pnp: PnP ACPI init
vm-test-run-dev-workspace-host-module-idempotency> machine # [    2.319590] pnp: PnP ACPI: found 6 devices
vm-test-run-dev-workspace-host-module-idempotency> machine # [    2.348884] clocksource: acpi_pm: mask: 0xffffff max_cycles: 0xffffff, max_idle_ns: 2085701024 ns
vm-test-run-dev-workspace-host-module-idempotency> machine # [    2.354984] clocksource: Switched to clocksource acpi_pm
vm-test-run-dev-workspace-host-module-idempotency> machine # [    2.359808] NET: Registered PF_INET protocol family
vm-test-run-dev-workspace-host-module-idempotency> machine # [    2.367003] IP idents hash table entries: 16384 (order: 5, 131072 bytes, linear)
vm-test-run-dev-workspace-host-module-idempotency> machine # [    2.589536] tcp_listen_portaddr_hash hash table entries: 512 (order: 1, 8192 bytes, linear)
vm-test-run-dev-workspace-host-module-idempotency> machine # [    2.595656] Table-perturb hash table entries: 65536 (order: 6, 262144 bytes, linear)
vm-test-run-dev-workspace-host-module-idempotency> machine # [    2.601368] TCP established hash table entries: 8192 (order: 4, 65536 bytes, linear)
vm-test-run-dev-workspace-host-module-idempotency> machine # [    2.607647] TCP bind hash table entries: 8192 (order: 6, 262144 bytes, linear)
vm-test-run-dev-workspace-host-module-idempotency> machine # [    2.613367] TCP: Hash tables configured (established 8192 bind 8192)
vm-test-run-dev-workspace-host-module-idempotency> machine # [    2.622203] MPTCP token hash table entries: 1024 (order: 3, 24576 bytes, linear)
vm-test-run-dev-workspace-host-module-idempotency> machine # [    2.629625] UDP hash table entries: 512 (order: 3, 32768 bytes, linear)
vm-test-run-dev-workspace-host-module-idempotency> machine # [    2.634632] UDP-Lite hash table entries: 512 (order: 3, 32768 bytes, linear)
vm-test-run-dev-workspace-host-module-idempotency> machine # [    2.641754] NET: Registered PF_UNIX/PF_LOCAL protocol family
vm-test-run-dev-workspace-host-module-idempotency> machine # [    2.647061] NET: Registered PF_XDP protocol family
vm-test-run-dev-workspace-host-module-idempotency> machine # [    2.651571] pci_bus 0000:00: resource 4 [io  0x0000-0x0cf7 window]
vm-test-run-dev-workspace-host-module-idempotency> machine # [    2.656148] pci_bus 0000:00: resource 5 [io  0x0d00-0xffff window]
vm-test-run-dev-workspace-host-module-idempotency> machine # [    2.660982] pci_bus 0000:00: resource 6 [mem 0x000a0000-0x000bffff window]
vm-test-run-dev-workspace-host-module-idempotency> machine # [    2.666626] pci_bus 0000:00: resource 7 [mem 0x40000000-0xfebfffff window]
vm-test-run-dev-workspace-host-module-idempotency> machine # [    2.672294] pci_bus 0000:00: resource 8 [mem 0x100000000-0x17fffffff window]
vm-test-run-dev-workspace-host-module-idempotency> machine # [    2.678021] pci 0000:00:01.0: PIIX3: Enabling Passive Release
vm-test-run-dev-workspace-host-module-idempotency> machine # [    2.682590] pci 0000:00:00.0: Limiting direct PCI/PCI transfers
vm-test-run-dev-workspace-host-module-idempotency> machine # [    2.692990] ACPI: \_SB_.LNKD: Enabled at IRQ 11
vm-test-run-dev-workspace-host-module-idempotency> machine # [    2.700280] pci 0000:00:01.2: quirk_usb_early_handoff+0x0/0x7c0 took 12339 usecs
vm-test-run-dev-workspace-host-module-idempotency> machine # [    2.707566] PCI: CLS 0 bytes, default 64
vm-test-run-dev-workspace-host-module-idempotency> machine # [    2.714609] Trying to unpack rootfs image as initramfs...
vm-test-run-dev-workspace-host-module-idempotency> machine # [    2.722208] clocksource: tsc: mask: 0xffffffffffffffff max_cycles: 0x398caf77d7a, max_idle_ns: 881590459467 ns
vm-test-run-dev-workspace-host-module-idempotency> machine # [    2.835788] Initialise system trusted keyrings
vm-test-run-dev-workspace-host-module-idempotency> machine # [    2.853153] workingset: timestamp_bits=40 max_order=18 bucket_order=0
vm-test-run-dev-workspace-host-module-idempotency> machine # [    2.918148] Key type asymmetric registered
vm-test-run-dev-workspace-host-module-idempotency> machine # [    2.928174] Asymmetric key parser 'x509' registered
vm-test-run-dev-workspace-host-module-idempotency> machine # [    2.939998] Block layer SCSI generic (bsg) driver version 0.4 loaded (major 248)
vm-test-run-dev-workspace-host-module-idempotency> machine # [    2.957281] io scheduler mq-deadline registered
vm-test-run-dev-workspace-host-module-idempotency> machine # [    2.967104] io scheduler kyber registered
vm-test-run-dev-workspace-host-module-idempotency> machine # [    2.994187] Serial: 8250/16550 driver, 4 ports, IRQ sharing enabled
vm-test-run-dev-workspace-host-module-idempotency> machine # [    3.014082] 00:04: ttyS0 at I/O 0x3f8 (irq = 4, base_baud = 115200) is a 16550A
vm-test-run-dev-workspace-host-module-idempotency> machine # [    3.038038] Linux agpgart interface v0.103
vm-test-run-dev-workspace-host-module-idempotency> machine # [    3.046753] ACPI: bus type drm_connector registered
vm-test-run-dev-workspace-host-module-idempotency> machine # [    3.066022] usbcore: registered new interface driver usbserial_generic
vm-test-run-dev-workspace-host-module-idempotency> machine # [    3.078656] usbserial: USB Serial support registered for generic
vm-test-run-dev-workspace-host-module-idempotency> machine # [    3.091136] drop_monitor: Initializing network drop monitor service
vm-test-run-dev-workspace-host-module-idempotency> machine # [    3.107213] NET: Registered PF_INET6 protocol family
vm-test-run-dev-workspace-host-module-idempotency> machine # [    3.136263] Segment Routing with IPv6
vm-test-run-dev-workspace-host-module-idempotency> machine # [    3.143623] In-situ OAM (IOAM) with IPv6
vm-test-run-dev-workspace-host-module-idempotency> machine # [    3.162424] IPI shorthand broadcast: enabled
vm-test-run-dev-workspace-host-module-idempotency> machine # [    3.203502] registered taskstats version 1
vm-test-run-dev-workspace-host-module-idempotency> machine # [    3.215135] Loading compiled-in X.509 certificates
vm-test-run-dev-workspace-host-module-idempotency> machine # [    3.368369] Demotion targets for Node 0: null
vm-test-run-dev-workspace-host-module-idempotency> machine # [    3.377780] Key type .fscrypt registered
vm-test-run-dev-workspace-host-module-idempotency> machine # [    3.385022] Key type fscrypt-provisioning registered
vm-test-run-dev-workspace-host-module-idempotency> machine # [    3.397499] ima: No TPM chip found, activating TPM-bypass!
vm-test-run-dev-workspace-host-module-idempotency> machine # [    3.413064] ima: Allocated hash algorithm: sha1
vm-test-run-dev-workspace-host-module-idempotency> machine # [    3.422609] ima: No architecture policies found
vm-test-run-dev-workspace-host-module-idempotency> machine # [    3.440010] PM:   Magic number: 14:252:15
vm-test-run-dev-workspace-host-module-idempotency> machine # [    3.454802] RAS: Correctable Errors collector initialized.
vm-test-run-dev-workspace-host-module-idempotency> machine # [    3.496553] Unstable clock detected, switching default tracing clock to "global"
vm-test-run-dev-workspace-host-module-idempotency> machine # [    3.496553] If you want to keep using the local clock, then add:
vm-test-run-dev-workspace-host-module-idempotency> machine # [    3.496553]   "trace_clock=local"
vm-test-run-dev-workspace-host-module-idempotency> machine # [    3.496553] on the kernel command line
vm-test-run-dev-workspace-host-module-idempotency> machine # [    3.539021] clk: Disabling unused clocks
vm-test-run-dev-workspace-host-module-idempotency> machine # [    3.551347] PM: genpd: Disabling unused power domains
vm-test-run-dev-workspace-host-module-idempotency> machine # [    6.877426] Freeing initrd memory: 27100K
vm-test-run-dev-workspace-host-module-idempotency> machine # [    6.935389] Freeing unused decrypted memory: 2028K
vm-test-run-dev-workspace-host-module-idempotency> machine # [    7.023780] Freeing unused kernel image (initmem) memory: 3644K
vm-test-run-dev-workspace-host-module-idempotency> machine # [    7.033046] Write protecting the kernel read-only data: 32768k
vm-test-run-dev-workspace-host-module-idempotency> machine # [    7.071610] Freeing unused kernel image (text/rodata gap) memory: 1296K
vm-test-run-dev-workspace-host-module-idempotency> machine # [    7.102565] Freeing unused kernel image (rodata/data gap) memory: 796K
vm-test-run-dev-workspace-host-module-idempotency> machine # [    7.199791] x86/mm: Checked W+X mappings: passed, no W+X pages found.
vm-test-run-dev-workspace-host-module-idempotency> machine # [    7.206052] Run /init as init process
vm-test-run-dev-workspace-host-module-idempotency> machine # [    7.330237] systemd[1]: Inserted module 'autofs4'
vm-test-run-dev-workspace-host-module-idempotency> machine # [    7.401157] fuse: init (API version 7.45)
vm-test-run-dev-workspace-host-module-idempotency> machine # [    7.421970] ACPI: \_SB_.LNKC: Enabled at IRQ 10
vm-test-run-dev-workspace-host-module-idempotency> machine # [    7.447411] ACPI: \_SB_.LNKA: Enabled at IRQ 10
vm-test-run-dev-workspace-host-module-idempotency> machine # [    7.458593] ACPI: \_SB_.LNKB: Enabled at IRQ 11
vm-test-run-dev-workspace-host-module-idempotency> machine # [    7.600424] systemd[1]: Successfully made /usr/ read-only.
vm-test-run-dev-workspace-host-module-idempotency> machine # [    7.960801] systemd[1]: systemd 260.2 running in system mode (+PAM +AUDIT -SELINUX +APPARMOR +IMA +IPE +SMACK +SECCOMP +GCRYPT -GNUTLS +OPENSSL +ACL +BLKID +CURL +ELFUTILS +FIDO2 +IDN2 +KMOD +LIBCRYPTSETUP +LIBCRYPTSETUP_PLUGINS +LIBFDISK +PCRE2 +PWQUALITY +P11KIT +QRENCODE +TPM2 +BZIP2 +LZ4 +XZ +ZLIB +ZSTD +BPF_FRAMEWORK -BTF -XKBCOMMON +UTMP +LIBARCHIVE)
vm-test-run-dev-workspace-host-module-idempotency> machine # [    7.999472] systemd[1]: Detected virtualization kvm.
vm-test-run-dev-workspace-host-module-idempotency> machine # [    8.003709] systemd[1]: Detected architecture x86-64.
vm-test-run-dev-workspace-host-module-idempotency> machine # [    8.007719] systemd[1]: Running in initrd.
vm-test-run-dev-workspace-host-module-idempotency> machine # [    8.012589] systemd[1]: Initializing machine ID from random generator.
vm-test-run-dev-workspace-host-module-idempotency> machine # [    8.019077] systemd[1]: Hostname set to <machine>.
vm-test-run-dev-workspace-host-module-idempotency> machine # [    8.179762] systemd[1]: Queued start job for default target Initrd Default Target.
vm-test-run-dev-workspace-host-module-idempotency> machine # [    8.199433] systemd[1]: Created slice Slice /system/modprobe.
vm-test-run-dev-workspace-host-module-idempotency> machine # [    8.205269] systemd[1]: Started Dispatch Password Requests to Console Directory Watch.
vm-test-run-dev-workspace-host-module-idempotency> machine # [    8.211721] systemd[1]: Expecting device /dev/disk/by-label/nixos...
vm-test-run-dev-workspace-host-module-idempotency> machine # [    8.217627] systemd[1]: Reached target Path Units.
vm-test-run-dev-workspace-host-module-idempotency> machine # [    8.222344] systemd[1]: Reached target Slice Units.
vm-test-run-dev-workspace-host-module-idempotency> machine # [    8.227372] systemd[1]: Reached target Swaps.
vm-test-run-dev-workspace-host-module-idempotency> machine # [    8.231240] systemd[1]: Reached target Timer Units.
vm-test-run-dev-workspace-host-module-idempotency> machine # [    8.235376] systemd[1]: Listening on D-Bus System Message Bus Socket.
vm-test-run-dev-workspace-host-module-idempotency> machine # [    8.241574] systemd[1]: Listening on Journal Socket (/dev/log).
vm-test-run-dev-workspace-host-module-idempotency> machine # [    8.248122] systemd[1]: Listening on Journal Sockets.
vm-test-run-dev-workspace-host-module-idempotency> machine # [    8.252662] systemd[1]: Listening on udev Control Socket.
vm-test-run-dev-workspace-host-module-idempotency> machine # [    8.257123] systemd[1]: Listening on udev Kernel Socket.
vm-test-run-dev-workspace-host-module-idempotency> machine # [    8.262971] systemd[1]: Reached target Socket Units.
vm-test-run-dev-workspace-host-module-idempotency> machine # [    8.271789] systemd[1]: Starting Create List of Static Device Nodes...
vm-test-run-dev-workspace-host-module-idempotency> machine # [    8.293646] systemd[1]: Starting Load Kernel Module 9pnet_virtio...
vm-test-run-dev-workspace-host-module-idempotency> machine # [    8.320808] systemd[1]: Starting Load Kernel Module configfs...
vm-test-run-dev-workspace-host-module-idempotency> machine # [    8.384781] systemd[1]: Starting Journal Service...
vm-test-run-dev-workspace-host-module-idempotency> machine # [    8.410770] netfs: FS-Cache loaded
vm-test-run-dev-workspace-host-module-idempotency> machine # [    8.415973] systemd[1]: Starting Load Kernel Modules...
vm-test-run-dev-workspace-host-module-idempotency> machine # [    8.439269] 9pnet: Installing 9P2000 support
vm-test-run-dev-workspace-host-module-idempotency> machine # [    8.444229] systemd[1]: Early TPM SRK Setup skipped, unmet condition check ConditionSecurity=measured-uki
vm-test-run-dev-workspace-host-module-idempotency> machine # [    8.503218] systemd[1]: Starting Coldplug All udev Devices...
vm-test-run-dev-workspace-host-module-idempotency> machine # [    8.558121] systemd-journald[70]: Collecting audit messages is disabled.
vm-test-run-dev-workspace-host-module-idempotency> machine # [    8.566985] systemd[1]: Finished Create List of Static Device Nodes.
vm-test-run-dev-workspace-host-module-idempotency> machine # [    8.594138] systemd[1]: modprobe@9pnet_virtio.service: Deactivated successfully.
vm-test-run-dev-workspace-host-module-idempotency> machine # [    8.624555] device-mapper: core: CONFIG_IMA_DISABLE_HTABLE is disabled. Duplicate IMA measurements will not be recorded in the IMA log.
vm-test-run-dev-workspace-host-module-idempotency> machine # [    8.640144] systemd[1]: Finished Load Kernel Module 9pnet_virtio.
vm-test-run-dev-workspace-host-module-idempotency> machine # [    8.664125] systemd[1]: modprobe@configfs.service: Deactivated successfully.
vm-test-run-dev-workspace-host-module-idempotency> machine # [    8.675989] device-mapper: ioctl: 4.50.0-ioctl (2025-04-28) initialised: dm-devel@lists.linux.dev
vm-test-run-dev-workspace-host-module-idempotency> machine # [    8.736256] systemd[1]: Finished Load Kernel Module configfs.
vm-test-run-dev-workspace-host-module-idempotency> machine # [    8.760152] systemd[1]: Kernel Configuration File System skipped, unmet condition check ConditionPathExists=/sys/kernel/config
vm-test-run-dev-workspace-host-module-idempotency> machine # [    8.795164] systemd[1]: Starting Create Static Device Nodes in /dev gracefully...
vm-test-run-dev-workspace-host-module-idempotency> machine # [    8.867229] systemd[1]: Finished Load Kernel Modules.
vm-test-run-dev-workspace-host-module-idempotency> machine # [    8.899493] systemd[1]: Starting Apply Kernel Variables...
vm-test-run-dev-workspace-host-module-idempotency> machine # [    8.942235] systemd[1]: Finished Create Static Device Nodes in /dev gracefully.
vm-test-run-dev-workspace-host-module-idempotency> machine # [    8.985226] systemd[1]: Starting Create Static Device Nodes in /dev...
vm-test-run-dev-workspace-host-module-idempotency> machine # [    9.052390] systemd[1]: Finished Apply Kernel Variables.
vm-test-run-dev-workspace-host-module-idempotency> machine # [    9.109451] systemd[1]: Started Journal Service.
vm-test-run-dev-workspace-host-module-idempotency> machine # [    8.397402] systemd-modules-load[71]: Inserted module 'dm_mod'
vm-test-run-dev-workspace-host-module-idempotency> machine # [    8.419202] systemd-modules-load[71]: Inserted module 'virtio_balloon'
vm-test-run-dev-workspace-host-module-idempotency> machine # [    8.434700] systemd-modules-load[71]: Inserted module 'virtio_gpu'
vm-test-run-dev-workspace-host-module-idempotency> machine # [    8.450453] systemd[1]: Finished Create Static Device Nodes in /dev.
vm-test-run-dev-workspace-host-module-idempotency> machine # [    8.470809] systemd[1]: Reached target Preparation for Local File Systems.
vm-test-run-dev-workspace-host-module-idempotency> machine # [    8.487318] systemd[1]: Reached target Local File Systems.
vm-test-run-dev-workspace-host-module-idempotency> machine # [    8.504249] systemd[1]: Starting Create System Files and Directories...
vm-test-run-dev-workspace-host-module-idempotency> machine # [    8.520867] systemd[1]: Starting Rule-based Manager for Device Events and Files...
vm-test-run-dev-workspace-host-module-idempotency> machine # [    8.554433] systemd[1]: Finished Create System Files and Directories.
vm-test-run-dev-workspace-host-module-idempotency> machine # [    8.643423] systemd[1]: Finished Coldplug All udev Devices.
vm-test-run-dev-workspace-host-module-idempotency> machine # [    8.655644] systemd-udevd[78]: Using default interface naming scheme 'v260'.
vm-test-run-dev-workspace-host-module-idempotency> machine # [    8.695261] systemd[1]: Started Rule-based Manager for Device Events and Files.
vm-test-run-dev-workspace-host-module-idempotency> machine # [    8.705800] systemd[1]: Reached target System Initialization.
vm-test-run-dev-workspace-host-module-idempotency> machine # [    8.715247] systemd[1]: Reached target Basic System.
vm-test-run-dev-workspace-host-module-idempotency> machine # [   10.204354] i8042: PNP: PS/2 Controller [PNP0303:KBD,PNP0f13:MOU] at 0x60,0x64 irq 1,12
vm-test-run-dev-workspace-host-module-idempotency> machine # [   10.231552] virtio_blk virtio5: 1/0/0 default/read/poll queues
vm-test-run-dev-workspace-host-module-idempotency> machine # [   10.264641] serio: i8042 KBD port at 0x60,0x64 irq 1
vm-test-run-dev-workspace-host-module-idempotency> machine # [   10.299169] serio: i8042 AUX port at 0x60,0x64 irq 12
vm-test-run-dev-workspace-host-module-idempotency> machine # [   10.340812] virtio_blk virtio5: [vda] 2097152 512-byte logical blocks (1.07 GB/1.00 GiB)
vm-test-run-dev-workspace-host-module-idempotency> machine # [   10.383723] uhci_hcd 0000:00:01.2: UHCI Host Controller
vm-test-run-dev-workspace-host-module-idempotency> machine # [   10.414248] uhci_hcd 0000:00:01.2: new USB bus registered, assigned bus number 1
vm-test-run-dev-workspace-host-module-idempotency> machine # [   10.456268] uhci_hcd 0000:00:01.2: detected 2 ports
vm-test-run-dev-workspace-host-module-idempotency> machine # [   10.480637] uhci_hcd 0000:00:01.2: irq 11, io port 0x0000c100
vm-test-run-dev-workspace-host-module-idempotency> machine # [   10.486536] SCSI subsystem initialized
vm-test-run-dev-workspace-host-module-idempotency> machine # [   10.518021] usb usb1: New USB device found, idVendor=1d6b, idProduct=0001, bcdDevice= 6.18
vm-test-run-dev-workspace-host-module-idempotency> machine # [   10.563481] usb usb1: New USB device strings: Mfr=3, Product=2, SerialNumber=1
vm-test-run-dev-workspace-host-module-idempotency> machine # [    9.866365] systemd[1]: Starting Virtual Console Setup...
vm-test-run-dev-workspace-host-module-idempotency> machine # [   10.628049] usb usb1: Product: UHCI Host Controller
vm-test-run-dev-workspace-host-module-idempotency> machine # [    9.923349] (udev-worker)[94]: Network interface NamePolicy= disabled on kernel command line.
vm-test-run-dev-workspace-host-module-idempotency> machine # [    9.945684] (udev-worker)[92]: eth1: Config file /etc/systemd/network/40-eth1.link is applied to device based on potentially unpredictable interface name.
vm-test-run-dev-workspace-host-module-idempotency> machine # [   10.696589] input: AT Translated Set 2 keyboard as /devices/platform/i8042/serio0/input/input0
vm-test-run-dev-workspace-host-module-idempotency> machine # [    9.974893] (udev-worker)[92]: Network interface NamePolicy= disabled on kernel command line.
vm-test-run-dev-workspace-host-module-idempotency> machine # [   10.713973] usb usb1: Manufacturer: Linux 6.18.49 uhci_hcd
vm-test-run-dev-workspace-host-module-idempotency> machine # [    9.999288] systemd-vconsole-setup[101]: Configuration of first virtual console was skipped, ignoring remaining ones.
vm-test-run-dev-workspace-host-module-idempotency> machine # [   10.011293] systemd[1]: Finished Virtual Console Setup.
vm-test-run-dev-workspace-host-module-idempotency> machine # [   10.038425] systemd[1]: Found device /dev/disk/by-label/nixos.
vm-test-run-dev-workspace-host-module-idempotency> machine # [   10.762959] usb usb1: SerialNumber: 0000:00:01.2
vm-test-run-dev-workspace-host-module-idempotency> machine # [   10.049343] systemd[1]: Reached target Initrd Root Device.
vm-test-run-dev-workspace-host-module-idempotency> machine # [   10.060365] systemd[1]: Starting File System Check on /dev/disk/by-label/nixos...
vm-test-run-dev-workspace-host-module-idempotency> machine # [   10.832399] hub 1-0:1.0: USB hub found
vm-test-run-dev-workspace-host-module-idempotency> machine # [   10.859523] hub 1-0:1.0: 2 ports detected
vm-test-run-dev-workspace-host-module-idempotency> machine # [   10.222725] systemd-fsck[108]: nixos: clean, 12/65536 files, 13019/262144 blocks
vm-test-run-dev-workspace-host-module-idempotency> machine # [   10.242363] systemd[1]: Finished File System Check on /dev/disk/by-label/nixos.
vm-test-run-dev-workspace-host-module-idempotency> machine # [   10.254679] systemd[1]: Mounting /sysroot...
vm-test-run-dev-workspace-host-module-idempotency> machine # [   11.101026] scsi host0: ata_piix
vm-test-run-dev-workspace-host-module-idempotency> machine # [   11.109116] usb 1-1: new full-speed USB device number 2 using uhci_hcd
vm-test-run-dev-workspace-host-module-idempotency> machine # [   11.121288] scsi host1: ata_piix
vm-test-run-dev-workspace-host-module-idempotency> machine # [   11.131788] ata1: PATA max MWDMA2 cmd 0x1f0 ctl 0x3f6 bmdma 0xc1e0 irq 14 lpm-pol 0
vm-test-run-dev-workspace-host-module-idempotency> machine # [   11.144966] ata2: PATA max MWDMA2 cmd 0x170 ctl 0x376 bmdma 0xc1e8 irq 15 lpm-pol 0
vm-test-run-dev-workspace-host-module-idempotency> machine # [   11.298241] usb 1-1: New USB device found, idVendor=0627, idProduct=0001, bcdDevice= 0.00
vm-test-run-dev-workspace-host-module-idempotency> machine # [   11.304587] usb 1-1: New USB device strings: Mfr=1, Product=3, SerialNumber=10
vm-test-run-dev-workspace-host-module-idempotency> machine # [   11.311056] usb 1-1: Product: QEMU USB Tablet
vm-test-run-dev-workspace-host-module-idempotency> machine # [   11.314466] usb 1-1: Manufacturer: QEMU
vm-test-run-dev-workspace-host-module-idempotency> machine # [   11.318677] usb 1-1: SerialNumber: 28754-0000:00:01.2-1
vm-test-run-dev-workspace-host-module-idempotency> machine # [   11.327629] ata2: found unknown device (class 0)
vm-test-run-dev-workspace-host-module-idempotency> machine # [   11.337537] ata2.00: ATAPI: QEMU DVD-ROM, 2.5+, max UDMA/100
vm-test-run-dev-workspace-host-module-idempotency> machine # [   11.350518] scsi 1:0:0:0: CD-ROM            QEMU     QEMU DVD-ROM     2.5+ PQ: 0 ANSI: 5
vm-test-run-dev-workspace-host-module-idempotency> machine # [   11.415396] EXT4-fs (vda): mounted filesystem 5caf92af-ed47-4d9a-9e12-78632c0ba254 r/w with ordered data mode. Quota mode: none.
vm-test-run-dev-workspace-host-module-idempotency> machine # [   10.717552] systemd[1]: Mounted /sysroot.
vm-test-run-dev-workspace-host-module-idempotency> machine # [   10.724625] systemd[1]: Reached target Initrd Root File System.
vm-test-run-dev-workspace-host-module-idempotency> machine # [   10.740306] systemd[1]: Starting Mountpoints Configured in the Real Root...
vm-test-run-dev-workspace-host-module-idempotency> machine # [   10.787904] systemd-sysroot-fstab-check[124]: /sysroot should be mounted in the initrd, will request daemon-reload.
vm-test-run-dev-workspace-host-module-idempotency> machine # [   11.521622] hid: raw HID events driver (C) Jiri Kosina
vm-test-run-dev-workspace-host-module-idempotency> machine # [   10.808795] systemd[1]: Reload requested from client PID 124 ('systemd-sysroot') (unit initrd-parse-etc.service)...
vm-test-run-dev-workspace-host-module-idempotency> machine # [   11.550680] sr 1:0:0:0: [sr0] scsi3-mmc drive: 4x/4x cd/rw xa/form2 tray
vm-test-run-dev-workspace-host-module-idempotency> machine # [   10.836400] systemd[1]: Reloading...
vm-test-run-dev-workspace-host-module-idempotency> machine # [   11.593333] cdrom: Uniform CD-ROM driver Revision: 3.20
vm-test-run-dev-workspace-host-module-idempotency> machine # [   11.603487] usbcore: registered new interface driver usbhid
vm-test-run-dev-workspace-host-module-idempotency> machine # [   11.620577] usbhid: USB HID core driver
vm-test-run-dev-workspace-host-module-idempotency> machine # [   11.683264] input: QEMU QEMU USB Tablet as /devices/pci0000:00/0000:00:01.2/usb1/1-1/1-1:1.0/0003:0627:0001.0001/input/input2
vm-test-run-dev-workspace-host-module-idempotency> machine # [   11.707164] hid-generic 0003:0627:0001.0001: input,hidraw0: USB HID v0.01 Mouse [QEMU QEMU USB Tablet] on usb-0000:00:01.2-1/input0
vm-test-run-dev-workspace-host-module-idempotency> machine # [   11.238937] systemd[1]: Reloading finished in 431 ms.
vm-test-run-dev-workspace-host-module-idempotency> machine # [   11.272278] systemd-sysroot-fstab-check[124]: Requesting initrd-fs.target/start/replace...
vm-test-run-dev-workspace-host-module-idempotency> machine # [   11.299763] systemd-sysroot-fstab-check[124]: Requesting swap.target/start/replace...
vm-test-run-dev-workspace-host-module-idempotency> machine # [   11.313788] systemd[1]: initrd-parse-etc.service: Deactivated successfully.
vm-test-run-dev-workspace-host-module-idempotency> machine # [   11.325364] systemd[1]: Finished Mountpoints Configured in the Real Root.
vm-test-run-dev-workspace-host-module-idempotency> machine # [   11.333643] systemd[1]: initrd-parse-etc.service: Triggering OnSuccess= dependencies.
vm-test-run-dev-workspace-host-module-idempotency> machine # [   11.346869] systemd[1]: Mounting /sysroot/nix/.rw-store...
vm-test-run-dev-workspace-host-module-idempotency> machine # [   11.357246] systemd[1]: Mounting /sysroot/run...
vm-test-run-dev-workspace-host-module-idempotency> machine # [   11.363759] systemd[1]: Load Kernel Module 9pnet_virtio skipped, unmet condition check ConditionKernelModuleLoaded=!9pnet_virtio
vm-test-run-dev-workspace-host-module-idempotency> machine # [   11.379824] systemd[1]: Mounting /sysroot/nix/.ro-store...
dev-workspace> ok       github.com/aither64/dev-workspace/portal/internal/repository    25.162s
dev-workspace> ok       github.com/aither64/dev-workspace/portal/internal/session       1.963s
dev-workspace> ok       github.com/aither64/dev-workspace/portal/internal/teamruntime   11.749s
dev-workspace> ok       github.com/aither64/dev-workspace/portal/internal/uploads       14.936s
dev-workspace> ?        github.com/aither64/dev-workspace/portal/internal/userstate     [no test files]
vm-test-run-dev-workspace-host-module-idempotency> machine # [   11.394302] systemd[1]: Mounting /sysroot/tmp/shared...
dev-workspace> ok       github.com/aither64/dev-workspace/portal/internal/repository    24.871s
dev-workspace> ok       github.com/aither64/dev-workspace/portal/internal/session       1.986s
dev-workspace> ok       github.com/aither64/dev-workspace/portal/internal/teamruntime   11.527s
dev-workspace> ok       github.com/aither64/dev-workspace/portal/internal/uploads       14.635s
dev-workspace> ?        github.com/aither64/dev-workspace/portal/internal/userstate     [no test files]
vm-test-run-dev-workspace-host-module-idempotency> machine # [   11.416634] systemd[1]: Mounting /sysroot/tmp/xchg...
vm-test-run-dev-workspace-host-module-idempotency> machine # [   11.459820] systemd[1]: Mounted /sysroot/nix/.rw-store.
vm-test-run-dev-workspace-host-module-idempotency> machine # [   11.465704] systemd[1]: Mounted /sysroot/run.
vm-test-run-dev-workspace-host-module-idempotency> machine # [   12.217545] 9p: Installing v9fs 9p2000 file system support
vm-test-run-dev-workspace-host-module-idempotency> machine # [   11.516179] systemd[1]: Starting rw-sysroot-nix-store.service...
vm-test-run-dev-workspace-host-module-idempotency> machine # [   11.540305] systemd[1]: Mounted /sysroot/nix/.ro-store.
vm-test-run-dev-workspace-host-module-idempotency> machine # [   11.550820] systemd[1]: Mounted /sysroot/tmp/shared.
vm-test-run-dev-workspace-host-module-idempotency> machine # [   11.559315] systemd[1]: Mounted /sysroot/tmp/xchg.
vm-test-run-dev-workspace-host-module-idempotency> machine # [   11.579374] systemd[1]: rw-sysroot-nix-store.service: Deactivated successfully.
vm-test-run-dev-workspace-host-module-idempotency> machine # [   11.587718] systemd[1]: Finished rw-sysroot-nix-store.service.
vm-test-run-dev-workspace-host-module-idempotency> machine # [   11.596867] systemd[1]: Mounting /sysroot/nix/store...
vm-test-run-dev-workspace-host-module-idempotency> machine # [   11.642305] systemd[1]: Mounted /sysroot/nix/store.
vm-test-run-dev-workspace-host-module-idempotency> machine # [   11.649776] systemd[1]: Reached target Initrd File Systems.
vm-test-run-dev-workspace-host-module-idempotency> machine # [   11.660416] systemd[1]: Starting Find NixOS closure...
vm-test-run-dev-workspace-host-module-idempotency> machine # [   11.667809] systemd[1]: Starting Create Volatile Files and Directories in the Real Root...
vm-test-run-dev-workspace-host-module-idempotency> machine # [   11.726260] systemd[1]: Finished Create Volatile Files and Directories in the Real Root.
vm-test-run-dev-workspace-host-module-idempotency> machine # [   11.746968] systemd[1]: Finished Find NixOS closure.
vm-test-run-dev-workspace-host-module-idempotency> machine # [   11.753784] systemd[1]: Reached target Initrd Default Target.
vm-test-run-dev-workspace-host-module-idempotency> machine # [   11.773686] systemd[1]: Starting Cleaning Up and Shutting Down Daemons...
vm-test-run-dev-workspace-host-module-idempotency> machine # [   11.839318] systemd[1]: Stopped target Initrd Default Target.
vm-test-run-dev-workspace-host-module-idempotency> machine # [   11.845893] systemd[1]: Stopped target Basic System.
vm-test-run-dev-workspace-host-module-idempotency> machine # [   11.860312] systemd[1]: Stopped target Initrd Root Device.
vm-test-run-dev-workspace-host-module-idempotency> machine # [   11.883900] systemd[1]: Stopped target Path Units.
vm-test-run-dev-workspace-host-module-idempotency> machine # [   11.904422] systemd[1]: systemd-ask-password-console.path: Deactivated successfully.
vm-test-run-dev-workspace-host-module-idempotency> machine # [   11.937205] systemd[1]: Stopped Dispatch Password Requests to Console Directory Watch.
vm-test-run-dev-workspace-host-module-idempotency> machine # [   11.955778] systemd[1]: Stopped target Slice Units.
vm-test-run-dev-workspace-host-module-idempotency> machine # [   11.966953] systemd[1]: Stopped target Socket Units.
vm-test-run-dev-workspace-host-module-idempotency> machine # [   11.979459] systemd[1]: Stopped target System Initialization.
vm-test-run-dev-workspace-host-module-idempotency> machine # [   11.989891] systemd[1]: Stopped target Swaps.
vm-test-run-dev-workspace-host-module-idempotency> machine # [   12.000953] systemd[1]: Stopped target Timer Units.
vm-test-run-dev-workspace-host-module-idempotency> machine # [   12.012365] systemd[1]: dbus.socket: Deactivated successfully.
vm-test-run-dev-workspace-host-module-idempotency> machine # [   12.022618] systemd[1]: Closed D-Bus System Message Bus Socket.
vm-test-run-dev-workspace-host-module-idempotency> machine # [   12.033444] systemd[1]: initrd-find-nixos-closure.service: Deactivated successfully.
vm-test-run-dev-workspace-host-module-idempotency> machine # [   12.045190] systemd[1]: Stopped Find NixOS closure.
vm-test-run-dev-workspace-host-module-idempotency> machine # [   12.055230] systemd[1]: Load Kernel Module 9pnet_virtio skipped, unmet condition check ConditionKernelModuleLoaded=!9pnet_virtio
vm-test-run-dev-workspace-host-module-idempotency> machine # [   12.072519] systemd[1]: Starting rw-sysroot-nix-store.service...
vm-test-run-dev-workspace-host-module-idempotency> machine # [   12.082725] systemd[1]: systemd-sysctl.service: Deactivated successfully.
vm-test-run-dev-workspace-host-module-idempotency> machine # [   12.095719] systemd[1]: Stopped Apply Kernel Variables.
vm-test-run-dev-workspace-host-module-idempotency> machine # [   12.104790] systemd[1]: systemd-modules-load.service: Deactivated successfully.
vm-test-run-dev-workspace-host-module-idempotency> machine # [   12.112317] systemd[1]: Stopped Load Kernel Modules.
vm-test-run-dev-workspace-host-module-idempotency> machine # [   12.121578] systemd[1]: systemd-tmpfiles-setup-sysroot.service: Deactivated successfully.
vm-test-run-dev-workspace-host-module-idempotency> machine # [   12.136988] systemd[1]: Stopped Create Volatile Files and Directories in the Real Root.
vm-test-run-dev-workspace-host-module-idempotency> machine # [   12.144221] systemd[1]: systemd-tmpfiles-setup.service: Deactivated successfully.
vm-test-run-dev-workspace-host-module-idempotency> machine # [   12.148866] systemd[1]: Stopped Create System Files and Directories.
vm-test-run-dev-workspace-host-module-idempotency> machine # [   12.153309] systemd[1]: Stopped target Local File Systems.
vm-test-run-dev-workspace-host-module-idempotency> machine # [   12.158146] systemd[1]: Stopped target Preparation for Local File Systems.
vm-test-run-dev-workspace-host-module-idempotency> machine # [   12.163298] systemd[1]: systemd-udev-trigger.service: Deactivated successfully.
vm-test-run-dev-workspace-host-module-idempotency> machine # [   12.169350] systemd[1]: Stopped Coldplug All udev Devices.
vm-test-run-dev-workspace-host-module-idempotency> machine # [   12.174281] systemd[1]: Stopping Rule-based Manager for Device Events and Files...
vm-test-run-dev-workspace-host-module-idempotency> machine # [   12.179690] systemd[1]: systemd-vconsole-setup.service: Deactivated successfully.
vm-test-run-dev-workspace-host-module-idempotency> machine # [   12.185770] systemd[1]: Stopped Virtual Console Setup.
vm-test-run-dev-workspace-host-module-idempotency> machine # [   12.191739] systemd[1]: rw-sysroot-nix-store.service: Deactivated successfully.
vm-test-run-dev-workspace-host-module-idempotency> machine # [   12.197606] systemd[1]: Finished rw-sysroot-nix-store.service.
vm-test-run-dev-workspace-host-module-idempotency> machine # [   12.201632] systemd[1]: systemd-udevd.service: Deactivated successfully.
vm-test-run-dev-workspace-host-module-idempotency> machine # [   12.206700] systemd[1]: Stopped Rule-based Manager for Device Events and Files.
vm-test-run-dev-workspace-host-module-idempotency> machine # [   12.212385] systemd[1]: systemd-udevd.service: Consumed 1.459s CPU time over 3.507s wall clock time, 17.8M memory peak.
vm-test-run-dev-workspace-host-module-idempotency> machine # [   12.219803] systemd[1]: initrd-cleanup.service: Deactivated successfully.
vm-test-run-dev-workspace-host-module-idempotency> machine # [   12.225189] systemd[1]: Finished Cleaning Up and Shutting Down Daemons.
vm-test-run-dev-workspace-host-module-idempotency> machine # [   12.230183] systemd[1]: systemd-udevd-control.socket: Deactivated successfully.
vm-test-run-dev-workspace-host-module-idempotency> machine # [   12.235513] systemd[1]: Closed udev Control Socket.
vm-test-run-dev-workspace-host-module-idempotency> machine # [   12.240385] systemd[1]: Starting Cleanup udev Database...
vm-test-run-dev-workspace-host-module-idempotency> machine # [   12.244630] systemd[1]: systemd-tmpfiles-setup-dev.service: Deactivated successfully.
vm-test-run-dev-workspace-host-module-idempotency> machine # [   12.250894] systemd[1]: Stopped Create Static Device Nodes in /dev.
vm-test-run-dev-workspace-host-module-idempotency> machine # [   12.257548] systemd[1]: systemd-tmpfiles-setup-dev-early.service: Deactivated successfully.
vm-test-run-dev-workspace-host-module-idempotency> machine # [   12.263352] systemd[1]: Stopped Create Static Device Nodes in /dev gracefully.
vm-test-run-dev-workspace-host-module-idempotency> machine # [   12.268628] systemd[1]: kmod-static-nodes.service: Deactivated successfully.
vm-test-run-dev-workspace-host-module-idempotency> machine # [   12.273684] systemd[1]: Stopped Create List of Static Device Nodes.
vm-test-run-dev-workspace-host-module-idempotency> machine # [   12.277393] systemd[1]: initrd-udevadm-cleanup-db.service: Deactivated successfully.
vm-test-run-dev-workspace-host-module-idempotency> machine # [   12.283759] systemd[1]: Finished Cleanup udev Database.
vm-test-run-dev-workspace-host-module-idempotency> machine # [   12.289760] systemd[1]: Reached target Switch Root.
vm-test-run-dev-workspace-host-module-idempotency> machine # [   12.294241] systemd[1]: Starting NixOS Activation...
vm-test-run-dev-workspace-host-module-idempotency> machine # [   13.010514] initrd-nixos-activation-start[179]: booting system configuration /nix/store/xv0kxvchr084njyl9l8zamiqs44v6h9c-nixos-system-machine-test
vm-test-run-dev-workspace-host-module-idempotency> machine # [   13.293834] initrd-nixos-activation-start[179]: running activation script...
vm-test-run-dev-workspace-host-module-idempotency> machine # [   17.794778] initrd-nixos-activation-start[277]: Certificate request self-signature ok
vm-test-run-dev-workspace-host-module-idempotency> machine # [   17.809536] initrd-nixos-activation-start[277]: subject=CN=workspace.example.test
vm-test-run-dev-workspace-host-module-idempotency> machine # [   18.981152] initrd-nixos-activation-start[202]: setting up /etc...
dev-workspace> ok       github.com/aither64/dev-workspace/portal/internal/repository    24.754s
dev-workspace> ok       github.com/aither64/dev-workspace/portal/internal/session       2.225s
dev-workspace> ok       github.com/aither64/dev-workspace/portal/internal/teamruntime   11.760s
dev-workspace> ok       github.com/aither64/dev-workspace/portal/internal/uploads       14.173s
dev-workspace> ?        github.com/aither64/dev-workspace/portal/internal/userstate     [no test files]
vm-test-run-dev-workspace-host-module-idempotency> machine # [   20.154387] systemd[1]: initrd-nixos-activation.service: Deactivated successfully.
vm-test-run-dev-workspace-host-module-idempotency> machine # [   20.179781] systemd[1]: Finished NixOS Activation.
vm-test-run-dev-workspace-host-module-idempotency> machine # [   20.190890] systemd[1]: initrd-nixos-activation.service: Consumed 2.688s CPU time over 8.060s wall clock time, 24.7M memory peak.
vm-test-run-dev-workspace-host-module-idempotency> machine # [   20.203662] systemd[1]: Starting Switch Root...
vm-test-run-dev-workspace-host-module-idempotency> machine # [   20.223287] systemd[1]: Switching root.
vm-test-run-dev-workspace-host-module-idempotency> machine # [   20.978593] systemd-journald[70]: Received SIGTERM from PID 1 (systemd).
dev-workspace> ok       github.com/aither64/dev-workspace/portal/internal/repository    24.646s
dev-workspace> ok       github.com/aither64/dev-workspace/portal/internal/session       2.078s
dev-workspace> ok       github.com/aither64/dev-workspace/portal/internal/teamruntime   11.609s
dev-workspace> ok       github.com/aither64/dev-workspace/portal/internal/uploads       13.837s
dev-workspace> ?        github.com/aither64/dev-workspace/portal/internal/userstate     [no test files]
vm-test-run-dev-workspace-host-module-idempotency> machine # [   21.453153] NET: Registered PF_VSOCK protocol family
vm-test-run-dev-workspace-host-module-idempotency> machine # [   22.085509] systemd[1]: systemd 260.2 running in system mode (+PAM +AUDIT -SELINUX +APPARMOR +IMA +IPE +SMACK +SECCOMP +GCRYPT -GNUTLS +OPENSSL +ACL +BLKID +CURL +ELFUTILS +FIDO2 +IDN2 +KMOD +LIBCRYPTSETUP +LIBCRYPTSETUP_PLUGINS +LIBFDISK +PCRE2 +PWQUALITY +P11KIT +QRENCODE +TPM2 +BZIP2 +LZ4 +XZ +ZLIB +ZSTD +BPF_FRAMEWORK -BTF -XKBCOMMON +UTMP +LIBARCHIVE)
vm-test-run-dev-workspace-host-module-idempotency> machine # [   22.119361] systemd[1]: Detected virtualization kvm.
vm-test-run-dev-workspace-host-module-idempotency> machine # [   22.129566] systemd[1]: Detected architecture x86-64.
vm-test-run-dev-workspace-host-module-idempotency> machine # [   22.138115] systemd[1]: Detected first boot.
vm-test-run-dev-workspace-host-module-idempotency> machine # [   22.159235] systemd[1]: Initializing machine ID from random generator.
vm-test-run-dev-workspace-host-module-idempotency> machine # [   22.609784] systemd[1]: bpf-restrict-fs: LSM BPF program attached
vm-test-run-dev-workspace-host-module-idempotency> machine # [   23.038611] systemd[1]: Applying preset policy.
dev-workspace> ok       github.com/aither64/dev-workspace/portal/internal/repository    24.001s
dev-workspace> ok       github.com/aither64/dev-workspace/portal/internal/session       2.248s
dev-workspace> ok       github.com/aither64/dev-workspace/portal/internal/teamruntime   11.266s
dev-workspace> ok       github.com/aither64/dev-workspace/portal/internal/uploads       13.382s
dev-workspace> ?        github.com/aither64/dev-workspace/portal/internal/userstate     [no test files]
vm-test-run-dev-workspace-host-module-idempotency> machine # [   25.376497] systemd[1]: Populated /etc with preset unit settings.
vm-test-run-dev-workspace-host-module-idempotency> machine: Guest root shell did not produce any data yet...
vm-test-run-dev-workspace-host-module-idempotency> machine:   To debug, enter the VM and run 'systemctl status backdoor.service'.
vm-test-run-dev-workspace-host-module-idempotency> machine # [   27.258425] systemd[1]: initrd-switch-root.service: Deactivated successfully.
vm-test-run-dev-workspace-host-module-idempotency> machine # [   27.264519] systemd[1]: Stopped initrd-switch-root.service.
vm-test-run-dev-workspace-host-module-idempotency> machine # [   27.276211] systemd[1]: systemd-journald.service: Scheduled restart job, restart counter is at 1.
vm-test-run-dev-workspace-host-module-idempotency> machine # [   27.285667] systemd[1]: Created slice Slice /system/getty.
vm-test-run-dev-workspace-host-module-idempotency> machine # [   27.290617] systemd[1]: Created slice User and Session Slice.
vm-test-run-dev-workspace-host-module-idempotency> machine # [   27.294662] systemd[1]: Started Dispatch Password Requests to Console Directory Watch.
vm-test-run-dev-workspace-host-module-idempotency> machine # [   27.299629] systemd[1]: Started Forward Password Requests to Wall Directory Watch.
vm-test-run-dev-workspace-host-module-idempotency> machine # [   27.304791] systemd[1]: Expecting device /dev/hvc0...
vm-test-run-dev-workspace-host-module-idempotency> machine # [   27.308292] systemd[1]: Expecting device /dev/ttyS0...
vm-test-run-dev-workspace-host-module-idempotency> machine # [   27.312157] systemd[1]: Reached target Local Encrypted Volumes.
vm-test-run-dev-workspace-host-module-idempotency> machine # [   27.316552] systemd[1]: Stopped target initrd-fs.target.
vm-test-run-dev-workspace-host-module-idempotency> machine # [   27.320644] systemd[1]: Stopped target initrd-root-fs.target.
vm-test-run-dev-workspace-host-module-idempotency> machine # [   27.325481] systemd[1]: Stopped target initrd-switch-root.target.
vm-test-run-dev-workspace-host-module-idempotency> machine # [   27.331245] systemd[1]: Reached target Virtual Machines and Containers.
vm-test-run-dev-workspace-host-module-idempotency> machine # [   27.336723] systemd[1]: Reached target Path Units.
vm-test-run-dev-workspace-host-module-idempotency> machine # [   27.340292] systemd[1]: Reached target Remote File Systems.
vm-test-run-dev-workspace-host-module-idempotency> machine # [   27.344200] systemd[1]: Reached target Slice Units.
vm-test-run-dev-workspace-host-module-idempotency> machine # [   27.347423] systemd[1]: Reached target Swaps.
vm-test-run-dev-workspace-host-module-idempotency> machine # [   27.361189] systemd[1]: Listening on Process Core Dump Socket.
vm-test-run-dev-workspace-host-module-idempotency> machine # [   27.372352] systemd[1]: Listening on Credential Encryption/Decryption.
vm-test-run-dev-workspace-host-module-idempotency> machine # [   27.387579] systemd[1]: Starting Journal Log Access Socket...
vm-test-run-dev-workspace-host-module-idempotency> machine # [   27.393608] systemd[1]: Listening on Journal Audit Socket.
vm-test-run-dev-workspace-host-module-idempotency> machine # [   27.398666] systemd[1]: Listening on Userspace Out-Of-Memory (OOM) Killer Socket.
vm-test-run-dev-workspace-host-module-idempotency> machine # [   27.404218] systemd[1]: Make TPM PCR Policy skipped, unmet condition check ConditionSecurity=measured-uki
vm-test-run-dev-workspace-host-module-idempotency> machine # [   27.411392] systemd[1]: Listening on udev Control Socket.
vm-test-run-dev-workspace-host-module-idempotency> machine # [   27.425955] systemd[1]: Mounting Huge Pages File System...
vm-test-run-dev-workspace-host-module-idempotency> machine # [   27.435643] systemd[1]: Mounting POSIX Message Queue File System...
vm-test-run-dev-workspace-host-module-idempotency> machine # [   27.463539] systemd[1]: Mounting Kernel Debug File System...
vm-test-run-dev-workspace-host-module-idempotency> machine # [   27.486187] systemd[1]: Mounting Kernel Trace File System...
vm-test-run-dev-workspace-host-module-idempotency> machine # [   27.524806] systemd[1]: Starting Create List of Static Device Nodes...
vm-test-run-dev-workspace-host-module-idempotency> machine # [   27.542521] systemd[1]: Load Kernel Module 9pnet_virtio skipped, unmet condition check ConditionKernelModuleLoaded=!9pnet_virtio
vm-test-run-dev-workspace-host-module-idempotency> machine # [   27.596406] systemd[1]: Starting Load Kernel Module configfs...
vm-test-run-dev-workspace-host-module-idempotency> machine # [   27.615569] systemd[1]: Load Kernel Module drm skipped, unmet condition check ConditionKernelModuleLoaded=!drm
vm-test-run-dev-workspace-host-module-idempotency> machine # [   27.639115] systemd[1]: Load Kernel Module efi_pstore skipped, unmet condition check ConditionKernelModuleLoaded=!efi_pstore
vm-test-run-dev-workspace-host-module-idempotency> machine # [   27.676437] systemd[1]: Load Kernel Module fuse skipped, unmet condition check ConditionKernelModuleLoaded=!fuse
vm-test-run-dev-workspace-host-module-idempotency> machine # [   27.747210] systemd[1]: Mounting FUSE Control File System...
vm-test-run-dev-workspace-host-module-idempotency> machine # [   27.774426] systemd[1]: Clear Stale Hibernate Storage Info skipped, unmet condition check ConditionPathExists=/sys/firmware/efi/efivars/HibernateLocation-8cf2644b-4b0b-428f-9387-6d876050dc67
vm-test-run-dev-workspace-host-module-idempotency> machine # [   27.872766] systemd[1]: Starting Journal Service...
vm-test-run-dev-workspace-host-module-idempotency> machine # [   27.909007] systemd[1]: Starting Load Kernel Modules...
vm-test-run-dev-workspace-host-module-idempotency> machine # [   27.953628] systemd[1]: Starting Userspace Out-Of-Memory (OOM) Killer...
vm-test-run-dev-workspace-host-module-idempotency> machine # [   28.001210] systemd[1]: Starting Remount Root and Kernel File Systems...
vm-test-run-dev-workspace-host-module-idempotency> machine # [   28.021818] systemd[1]: Early TPM SRK Setup skipped, unmet condition check ConditionSecurity=measured-uki
vm-test-run-dev-workspace-host-module-idempotency> machine # [   28.098571] systemd[1]: Starting Coldplug All udev Devices...
vm-test-run-dev-workspace-host-module-idempotency> machine # [   28.106573] systemd-journald[382]: Collecting audit messages is enabled.
vm-test-run-dev-workspace-host-module-idempotency> machine # [   28.212063] systemd[1]: Listening on Journal Log Access Socket.
vm-test-run-dev-workspace-host-module-idempotency> machine # [   28.267280] systemd[1]: Mounted Huge Pages File System.
vm-test-run-dev-workspace-host-module-idempotency> machine # [   28.275721] loop: module loaded
vm-test-run-dev-workspace-host-module-idempotency> machine # [   28.301346] systemd[1]: Mounted POSIX Message Queue File System.
vm-test-run-dev-workspace-host-module-idempotency> machine # [   28.326499] systemd[1]: Mounted Kernel Debug File System.
vm-test-run-dev-workspace-host-module-idempotency> machine # [   27.625656] systemd[1]: Queued start job for default target Multi-User System.[   28.355514] systemd[1]: Started Journal Service.
vm-test-run-dev-workspace-host-module-idempotency> machine # 
vm-test-run-dev-workspace-host-module-idempotency> machine # [   27.659580] systemd[1]: systemd-journald.service: Deactivated successfully.
vm-test-run-dev-workspace-host-module-idempotency> machine # [   27.705527] systemd-modules-load[383]: Inserted module 'loop'
vm-test-run-dev-workspace-host-module-idempotency> machine # [   28.433030] EXT4-fs (vda): re-mounted 5caf92af-ed47-4d9a-9e12-78632c0ba254.
vm-test-run-dev-workspace-host-module-idempotency> machine # [   27.735605] systemd[1]: Mounted Kernel Trace File System.
vm-test-run-dev-workspace-host-module-idempotency> machine # [   27.772511] systemd[1]: Finished Create List of Static Device Nodes.
vm-test-run-dev-workspace-host-module-idempotency> machine # [   27.801553] systemd[1]: modprobe@configfs.service: Deactivated successfully.
vm-test-run-dev-workspace-host-module-idempotency> machine # [   27.825433] systemd[1]: Finished Load Kernel Module configfs.
vm-test-run-dev-workspace-host-module-idempotency> machine # [   27.849970] systemd[1]: Mounted FUSE Control File System.
vm-test-run-dev-workspace-host-module-idempotency> machine # [   27.875546] systemd[1]: Finished Remount Root and Kernel File Systems.
vm-test-run-dev-workspace-host-module-idempotency> machine # [   27.896385] systemd[1]: Mounting Kernel Configuration File System...
vm-test-run-dev-workspace-host-module-idempotency> machine # [   27.927692] systemd-oomd[384]: No swap; memory pressure usage will be degraded
vm-test-run-dev-workspace-host-module-idempotency> machine # [   27.959862] systemd[1]: Starting Flush Journal to Persistent Storage...
vm-test-run-dev-workspace-host-module-idempotency> machine # [   27.976345] systemd[1]: Platform Persistent Storage Archival skipped, unmet condition check ConditionDirectoryNotEmpty=/sys/fs/pstore
vm-test-run-dev-workspace-host-module-idempotency> machine # [   28.013281] systemd[1]: Starting Load/Save OS Random Seed...
vm-test-run-dev-workspace-host-module-idempotency> machine # [   28.031822] systemd-modules-load[383]: Inserted module 'tls'
vm-test-run-dev-workspace-host-module-idempotency> machine # [   28.051313] systemd[1]: Starting Create Static Device Nodes in /dev gracefully...
vm-test-run-dev-workspace-host-module-idempotency> machine # [   28.067261] systemd[1]: TPM SRK Setup skipped, unmet condition check ConditionSecurity=measured-uki
vm-test-run-dev-workspace-host-module-idempotency> machine # [   28.087682] systemd[1]: Started Userspace Out-Of-Memory (OOM) Killer.
vm-test-run-dev-workspace-host-module-idempotency> machine # [   28.128395] systemd[1]: Finished Load Kernel Modules.
vm-test-run-dev-workspace-host-module-idempotency> machine # [   28.278420] systemd[1]: Starting Firewall...
vm-test-run-dev-workspace-host-module-idempotency> machine # [   28.357561] systemd[1]: Starting Apply Kernel Variables...
vm-test-run-dev-workspace-host-module-idempotency> machine # [   29.129743] systemd-journald[382]: Received client request to flush runtime journal.
vm-test-run-dev-workspace-host-module-idempotency> machine # [   29.289414] systemd[1]: Mounted Kernel Configuration File System.
vm-test-run-dev-workspace-host-module-idempotency> machine # [   29.308644] systemd[1]: Finished Load/Save OS Random Seed.
vm-test-run-dev-workspace-host-module-idempotency> machine # [   29.318661] systemd[1]: Reached target First Boot Complete.
vm-test-run-dev-workspace-host-module-idempotency> machine # [   29.330793] systemd[1]: Finished Create Static Device Nodes in /dev gracefully.
vm-test-run-dev-workspace-host-module-idempotency> machine # [   29.338702] systemd[1]: Starting Create Static Device Nodes in /dev...
vm-test-run-dev-workspace-host-module-idempotency> machine # [   29.344245] systemd[1]: Finished Coldplug All udev Devices.
vm-test-run-dev-workspace-host-module-idempotency> machine # [   29.348565] systemd[1]: Finished Apply Kernel Variables.
vm-test-run-dev-workspace-host-module-idempotency> machine # [   29.360699] systemd[1]: Finished Flush Journal to Persistent Storage.
vm-test-run-dev-workspace-host-module-idempotency> machine # [   29.369378] systemd[1]: Finished Create Static Device Nodes in /dev.
vm-test-run-dev-workspace-host-module-idempotency> machine # [   29.379726] systemd[1]: Reached target Preparation for Local File Systems.
vm-test-run-dev-workspace-host-module-idempotency> machine # [   29.389578] systemd[1]: Mounting /run/wrappers...
vm-test-run-dev-workspace-host-module-idempotency> machine # [   29.399964] systemd[1]: Starting Rule-based Manager for Device Events and Files...
vm-test-run-dev-workspace-host-module-idempotency> machine # [   29.514799] systemd[1]: Mounted /run/wrappers.
vm-test-run-dev-workspace-host-module-idempotency> machine # [   29.524576] systemd[1]: Reached target Local File Systems.
vm-test-run-dev-workspace-host-module-idempotency> machine # [   29.537346] systemd[1]: Listening on Boot Loader Control Service Socket.
vm-test-run-dev-workspace-host-module-idempotency> machine # [   29.551581] systemd[1]: Starting register-nix-paths.service...
vm-test-run-dev-workspace-host-module-idempotency> machine # [   29.566673] systemd[1]: Starting Create SUID/SGID Wrappers...
vm-test-run-dev-workspace-host-module-idempotency> machine # [   29.581549] systemd[1]: Update Boot Loader Random Seed skipped, no trigger condition checks were met.
vm-test-run-dev-workspace-host-module-idempotency> machine # [   29.602210] systemd[1]: Starting Save Transient machine-id to Disk...
vm-test-run-dev-workspace-host-module-idempotency> machine # [   29.634363] systemd[1]: Starting Create System Files and Directories...
vm-test-run-dev-workspace-host-module-idempotency> machine # [   29.737753] systemd-udevd[422]: Using default interface naming scheme 'v260'.
vm-test-run-dev-workspace-host-module-idempotency> machine # [   29.931328] systemd[1]: Finished Save Transient machine-id to Disk.
vm-test-run-dev-workspace-host-module-idempotency> machine # [   29.961720] systemd[1]: etc-machine\x2did.mount: Deactivated successfully.
vm-test-run-dev-workspace-host-module-idempotency> machine # [   30.125529] systemd[1]: Finished Create System Files and Directories.
vm-test-run-dev-workspace-host-module-idempotency> machine # [   30.156697] systemd[1]: Starting Rebuild Journal Catalog...
vm-test-run-dev-workspace-host-module-idempotency> machine # [   30.173889] systemd[1]: Starting Record System Boot/Shutdown in UTMP...
vm-test-run-dev-workspace-host-module-idempotency> machine # [   30.530796] systemd[1]: Finished Record System Boot/Shutdown in UTMP.
vm-test-run-dev-workspace-host-module-idempotency> machine # [   30.573280] systemd[1]: Started Rule-based Manager for Device Events and Files.
vm-test-run-dev-workspace-host-module-idempotency> machine # [   30.654211] systemd[1]: Finished Rebuild Journal Catalog.
vm-test-run-dev-workspace-host-module-idempotency> machine # [   30.677403] systemd[1]: Starting Update is Completed...
vm-test-run-dev-workspace-host-module-idempotency> machine # [   30.862417] systemd[1]: Finished Update is Completed.
vm-test-run-dev-workspace-host-module-idempotency> machine # [   32.269723] systemd[1]: Load Kernel Module fuse skipped, unmet condition check ConditionKernelModuleLoaded=!fuse
vm-test-run-dev-workspace-host-module-idempotency> machine # [   32.636472] systemd[1]: suid-sgid-wrappers.service: Deactivated successfully.
vm-test-run-dev-workspace-host-module-idempotency> machine # [   32.656467] systemd[1]: Finished Create SUID/SGID Wrappers.
vm-test-run-dev-workspace-host-module-idempotency> machine # [   33.524693] systemd[1]: Finished register-nix-paths.service.
vm-test-run-dev-workspace-host-module-idempotency> machine # [   33.541389] systemd[1]: Reached target System Initialization.
vm-test-run-dev-workspace-host-module-idempotency> machine # [   33.554744] systemd[1]: Started Discard unused filesystem blocks once a week.
vm-test-run-dev-workspace-host-module-idempotency> machine # [   33.574660] systemd[1]: Started Daily Cleanup of Temporary Directories.
vm-test-run-dev-workspace-host-module-idempotency> machine # [   33.591306] systemd[1]: Started Periodically check the development workspace portal TLS certificate.
vm-test-run-dev-workspace-host-module-idempotency> machine # [   33.606877] systemd[1]: Reached target Timer Units.
vm-test-run-dev-workspace-host-module-idempotency> machine # [   33.617729] systemd[1]: Listening on D-Bus System Message Bus Socket.
vm-test-run-dev-workspace-host-module-idempotency> machine # [   33.635325] systemd[1]: Listening on Nix Daemon Socket.
vm-test-run-dev-workspace-host-module-idempotency> machine # [   33.647876] systemd[1]: Listening on Hostname Service Socket.
vm-test-run-dev-workspace-host-module-idempotency> machine # [   33.663335] systemd[1]: Reached target Socket Units.
vm-test-run-dev-workspace-host-module-idempotency> machine # [   33.675954] systemd[1]: Reached target Basic System.
vm-test-run-dev-workspace-host-module-idempotency> machine # [   33.695426] systemd[1]: Started fixture-router.service.
vm-test-run-dev-workspace-host-module-idempotency> machine # [   33.715710] systemd[1]: Starting Import lastlog data into lastlog2 database...
vm-test-run-dev-workspace-host-module-idempotency> machine # [   33.737964] systemd[1]: Starting Name Service Cache Daemon (nsncd)...
vm-test-run-dev-workspace-host-module-idempotency> machine # [   33.765971] systemd[1]: Starting Post-Boot Actions...
vm-test-run-dev-workspace-host-module-idempotency> machine # [   33.780885] systemd[1]: Started Reset console on configuration changes.
vm-test-run-dev-workspace-host-module-idempotency> machine # [   33.820650] systemd[1]: Starting resolvconf update...
vm-test-run-dev-workspace-host-module-idempotency> machine # [   34.255273] (udev-worker)[575]: Network interface NamePolicy= disabled on kernel command line.
vm-test-run-dev-workspace-host-module-idempotency> machine # [   34.295392] systemd[1]: Finished Post-Boot Actions.
vm-test-run-dev-workspace-host-module-idempotency> machine # [   34.338509] systemd[1]: Started Name Service Cache Daemon (nsncd).
vm-test-run-dev-workspace-host-module-idempotency> machine # [   34.363276] systemd[1]: Condition check resulted in /dev/hvc0 being skipped.
vm-test-run-dev-workspace-host-module-idempotency> machine # [   34.393543] nsncd[598]: Oct 07 07:03:08.078 INFO started, config: Config { ignored_request_types: {}, worker_count: 8, handoff_timeout: 10s }, path: "/var/run/nscd/socket"
vm-test-run-dev-workspace-host-module-idempotency> machine # [   34.443771] systemd[1]: Condition check resulted in /dev/ttyS0 being skipped.
vm-test-run-dev-workspace-host-module-idempotency> machine # [   34.470546] systemd[1]: Reached target Host and Network Name Lookups.
vm-test-run-dev-workspace-host-module-idempotency> machine # [   34.498590] systemd[1]: Reached target User and Group Name Lookups.
vm-test-run-dev-workspace-host-module-idempotency> machine # [   34.518526] systemd[1]: Started backdoor.service.
vm-test-run-dev-workspace-host-module-idempotency> machine # [   34.544275] systemd[1]: Starting D-Bus System Message Bus...
vm-test-run-dev-workspace-host-module-idempotency> machine # [   34.565871] (udev-worker)[580]: eth1: Config file /etc/systemd/network/40-eth1.link is applied to device based on potentially unpredictable interface name.
vm-test-run-dev-workspace-host-module-idempotency> machine # [   34.616752] (udev-worker)[580]: Network interface NamePolicy= disabled on kernel command line.
vm-test-run-dev-workspace-host-module-idempotency> machine # [   34.652670] systemd[1]: Starting User Login Management...
vm-test-run-dev-workspace-host-module-idempotency> machine # [   34.673676] systemd[1]: Finished Import lastlog data into lastlog2 database.
vm-test-run-dev-workspace-host-module-idempotency> machine # [   34.839787] systemd[1]: Finished Firewall.
vm-test-run-dev-workspace-host-module-idempotency> machine # connecting to host...
vm-test-run-dev-workspace-host-module-idempotency> machine: Guest shell says: b'Spawning backdoor root shell...\n'
vm-test-run-dev-workspace-host-module-idempotency> machine: connected to guest root shell
vm-test-run-dev-workspace-host-module-idempotency> machine: (connecting took 39.69 seconds)
vm-test-run-dev-workspace-host-module-idempotency> machine: (finished: waiting for the VM to finish booting, in 39.69 seconds)
vm-test-run-dev-workspace-host-module-idempotency> machine # [   35.405305] dbus-broker-launch[633]: Looking up NSS user entry for 'systemd-timesync'...
vm-test-run-dev-workspace-host-module-idempotency> machine # [   35.513169] dbus-broker-launch[633]: NSS returned no entry for 'systemd-timesync'
vm-test-run-dev-workspace-host-module-idempotency> machine # [   35.540425] dbus-broker-launch[633]: Invalid user-name in /nix/store/441qpw90zpxk1rnr24gjfbyj2x79fdds-system-path/share/dbus-1/system.d/org.freedesktop.timesync1.conf +16: user="systemd-timesync"
vm-test-run-dev-workspace-host-module-idempotency> machine # [   35.639746] systemd[1]: Stopped target Host and Network Name Lookups.
vm-test-run-dev-workspace-host-module-idempotency> machine # [   35.660357] systemd[1]: Stopping Host and Network Name Lookups...
vm-test-run-dev-workspace-host-module-idempotency> machine # [   35.683463] systemd[1]: Stopped target User and Group Name Lookups.
vm-test-run-dev-workspace-host-module-idempotency> machine # [   35.702703] systemd[1]: Stopping User and Group Name Lookups...
vm-test-run-dev-workspace-host-module-idempotency> machine # [   35.723879] systemd[1]: Stopping Name Service Cache Daemon (nsncd)...
vm-test-run-dev-workspace-host-module-idempotency> machine # [   35.743615] systemd[1]: nscd.service: Deactivated successfully.
vm-test-run-dev-workspace-host-module-idempotency> machine # [   35.754770] systemd[1]: Stopped Name Service Cache Daemon (nsncd).
vm-test-run-dev-workspace-host-module-idempotency> machine # [   35.765893] systemd-logind[636]: New seat seat0.
vm-test-run-dev-workspace-host-module-idempotency> machine # [   35.778574] systemd[1]: Started User Login Management.
vm-test-run-dev-workspace-host-module-idempotency> machine # [   35.785628] systemd[1]: Started D-Bus System Message Bus.
vm-test-run-dev-workspace-host-module-idempotency> machine # [   35.847688] dbus-broker-launch[633]: Ready
vm-test-run-dev-workspace-host-module-idempotency> machine # [   35.887645] systemd[1]: Condition check resulted in Virtio network device being skipped.
vm-test-run-dev-workspace-host-module-idempotency> machine # [   36.088823] systemd[1]: Finished resolvconf update.
vm-test-run-dev-workspace-host-module-idempotency> machine # [   36.186618] systemd[1]: Reached target Preparation for Network.
vm-test-run-dev-workspace-host-module-idempotency> machine # [   36.201897] systemd[1]: Starting DHCP Client...
vm-test-run-dev-workspace-host-module-idempotency> machine # [   36.216720] systemd[1]: Starting linger-users.service...
vm-test-run-dev-workspace-host-module-idempotency> machine # [   36.240605] systemd[1]: Starting Address configuration of eth1...
vm-test-run-dev-workspace-host-module-idempotency> machine # [   36.266792] systemd[1]: Starting Extra networking commands....
vm-test-run-dev-workspace-host-module-idempotency> machine # [   36.287934] systemd[1]: Starting Name Service Cache Daemon (nsncd)...
vm-test-run-dev-workspace-host-module-idempotency> machine # [   36.418304] systemd[1]: linger-users.service: Deactivated successfully.
vm-test-run-dev-workspace-host-module-idempotency> machine # [   36.438987] systemd[1]: Finished linger-users.service.
vm-test-run-dev-workspace-host-module-idempotency> machine # [   36.572755] systemd[1]: Started Name Service Cache Daemon (nsncd).
vm-test-run-dev-workspace-host-module-idempotency> machine # [   36.593403] systemd[1]: Reached target Host and Network Name Lookups.
vm-test-run-dev-workspace-host-module-idempotency> machine # [   36.610502] nsncd[720]: Oct 07 07:03:10.325 INFO started, config: Config { ignored_request_types: {}, worker_count: 8, handoff_timeout: 10s }, path: "/var/run/nscd/socket"
vm-test-run-dev-workspace-host-module-idempotency> machine # [   36.639585] systemd[1]: Reached target User and Group Name Lookups.
vm-test-run-dev-workspace-host-module-idempotency> machine # [   36.697914] network-addresses-eth1-start[718]: adding address 192.168.1.1/24... done
vm-test-run-dev-workspace-host-module-idempotency> machine # [   36.755358] network-addresses-eth1-start[718]: adding address 2001:db8:1::1/64... done
vm-test-run-dev-workspace-host-module-idempotency> machine # [   36.852412] systemd[1]: Finished Address configuration of eth1.
vm-test-run-dev-workspace-host-module-idempotency> machine # [   36.934976] dhcpcd[728]: dhcpcd-10.3.1 starting
vm-test-run-dev-workspace-host-module-idempotency> machine # [   36.975188] dhcpcd[796]: dev: loaded udev
vm-test-run-dev-workspace-host-module-idempotency> machine # [   37.784234] 8021q: 802.1Q VLAN Support v1.8
vm-test-run-dev-workspace-host-module-idempotency> machine # [   37.795514] 8021q: adding VLAN 0 to HW filter on device eth1
vm-test-run-dev-workspace-host-module-idempotency> machine # [   37.100409] systemd[1]: Finished Extra networking commands..
vm-test-run-dev-workspace-host-module-idempotency> machine # [   37.117643] systemd[1]: Reached target Network.
vm-test-run-dev-workspace-host-module-idempotency> machine # [   37.142636] systemd[1]: Starting Nginx Web Server...
vm-test-run-dev-workspace-host-module-idempotency> machine # [   37.160149] systemd[1]: Starting Permit User Sessions...
vm-test-run-dev-workspace-host-module-idempotency> machine # [   37.680579] systemd[1]: Finished Permit User Sessions.
vm-test-run-dev-workspace-host-module-idempotency> machine # [   37.724802] systemd[1]: Started Getty on tty1.
vm-test-run-dev-workspace-host-module-idempotency> machine # [   37.740599] systemd[1]: Reached target Login Prompts.
vm-test-run-dev-workspace-host-module-idempotency> machine # [   38.885675] cfg80211: Loading compiled-in X.509 certificates for regulatory database
vm-test-run-dev-workspace-host-module-idempotency> machine # [   38.910494] input: Power Button as /devices/LNXSYSTM:00/LNXPWRBN:00/input/input3
vm-test-run-dev-workspace-host-module-idempotency> machine # [   38.926212] mousedev: PS/2 mouse device common for all mice
vm-test-run-dev-workspace-host-module-idempotency> machine # [   38.942281] ACPI: button: Power Button [PWRF]
vm-test-run-dev-workspace-host-module-idempotency> machine # [   39.008681] Loaded X.509 cert 'sforshee: 00b28ddf47aef9cea7'
vm-test-run-dev-workspace-host-module-idempotency> machine # [   39.015620] Loaded X.509 cert 'wens: 61c038651aabdcf94bd0ac7ff06c7248db18c600'
vm-test-run-dev-workspace-host-module-idempotency> machine # [   39.031579] faux_driver regulatory: Direct firmware load for regulatory.db failed with error -2
vm-test-run-dev-workspace-host-module-idempotency> machine # [   39.042491] cfg80211: failed to load regulatory.db
vm-test-run-dev-workspace-host-module-idempotency> machine # [   39.185013] rtc_cmos 00:05: RTC can wake from S4
vm-test-run-dev-workspace-host-module-idempotency> machine # [   38.614759] nginx-pre-start[821]: nginx: the configuration file /nix/store/pxzdmdkqfpiz72fl4r4qbd0lpik6mlh3-nginx.conf syntax is ok[   39.344467] rtc_cmos 00:05: registered as rtc0
vm-test-run-dev-workspace-host-module-idempotency> machine # 
vm-test-run-dev-workspace-host-module-idempotency> machine # [   38.640170] nginx-pre-start[821]: nginx: configuration file /nix/store/pxzdmdkqfpiz72fl4r4qbd0lpik6mlh3-nginx.conf test is successful
vm-test-run-dev-workspace-host-module-idempotency> machine # [   39.390637] 8021q: adding VLAN 0 to HW filter on device eth0
vm-test-run-dev-workspace-host-module-idempotency> machine # [   38.681955] systemd[1]: Started Nginx Web Server.[   39.403534] rtc_cmos 00:05: setting system clock to 2026-10-07T07:03:13 UTC (1791356593)
vm-test-run-dev-workspace-host-module-idempotency> machine # 
vm-test-run-dev-workspace-host-module-idempotency> machine # [   38.702621] dhcpcd[796]: eth0: waiting for carrier
vm-test-run-dev-workspace-host-module-idempotency> machine # [   39.425684] parport_pc 00:03: reported by Plug and Play ACPI
vm-test-run-dev-workspace-host-module-idempotency> machine # [   38.711361] dhcpcd[796]: libudev: received NULL device
vm-test-run-dev-workspace-host-module-idempotency> machine # [   38.714898] dhcpcd[796]: libudev: received NULL device
vm-test-run-dev-workspace-host-module-idempotency> machine # [   39.438329] Floppy drive(s): fd0 is 2.88M AMI BIOS
vm-test-run-dev-workspace-host-module-idempotency> machine # [   38.731352] dhcpcd[796]: eth0: carrier acquired
vm-test-run-dev-workspace-host-module-idempotency> machine # [   38.772353] dhcpcd[796]: DUID 00:01:00:01:32:58:ab:31:52:54:00:12:34:56
vm-test-run-dev-workspace-host-module-idempotency> machine # [   39.500423] rtc_cmos 00:05: alarms up to one day, y3k, 242 bytes nvram, hpet irqs
vm-test-run-dev-workspace-host-module-idempotency> machine # [   38.787403] dhcpcd[796]: eth0: IAID 00:12:34:56
vm-test-run-dev-workspace-host-module-idempotency> machine # [   38.790549] dhcpcd[796]: eth0: adding address fe80::5054:ff:fe12:3456
vm-test-run-dev-workspace-host-module-idempotency> machine # [   39.517659] parport0: PC-style at 0x378, irq 7 [PCSPP(,...)]
vm-test-run-dev-workspace-host-module-idempotency> machine # [   39.537804] FDC 0 is a S82078B
vm-test-run-dev-workspace-host-module-idempotency> machine # [   39.983019] bochs-drm 0000:00:02.0: vgaarb: deactivate vga console
vm-test-run-dev-workspace-host-module-idempotency> machine # [   40.043392] piix4_smbus 0000:00:01.3: SMBus Host Controller at 0x700, revision 0
vm-test-run-dev-workspace-host-module-idempotency> machine # [   40.106741] i2c i2c-0: Memory type 0x07 not supported yet, not instantiating SPD
vm-test-run-dev-workspace-host-module-idempotency> machine # [   40.169388] input: QEMU Virtio Keyboard as /devices/pci0000:00/0000:00:0a.0/virtio7/input/input4
vm-test-run-dev-workspace-host-module-idempotency> machine # [   40.246264] Console: switching to colour dummy device 80x25
vm-test-run-dev-workspace-host-module-idempotency> machine # [   40.310231] input: VirtualPS/2 VMware VMMouse as /devices/platform/i8042/serio1/input/input6
vm-test-run-dev-workspace-host-module-idempotency> machine # [   40.311667] input: VirtualPS/2 VMware VMMouse as /devices/platform/i8042/serio1/input/input5
vm-test-run-dev-workspace-host-module-idempotency> machine # [   40.354587] [drm] Found bochs VGA, ID 0xb0c5.
vm-test-run-dev-workspace-host-module-idempotency> machine # [   40.377331] [drm] Framebuffer size 16384 kB @ 0xfd000000, mmio @ 0xfebd0000.
vm-test-run-dev-workspace-host-module-idempotency> machine # [   40.436504] bochs-drm 0000:00:02.0: [drm] Registered 1 planes with drm panic
vm-test-run-dev-workspace-host-module-idempotency> machine # [   40.439062] [drm] Initialized bochs-drm 1.0.0 for 0000:00:02.0 on minor 0
vm-test-run-dev-workspace-host-module-idempotency> machine # [   39.785793] systemd[1]: Starting Virtual Console Setup...
vm-test-run-dev-workspace-host-module-idempotency> machine # [   39.849790] systemd[1]: Listening on Load/Save RF Kill Switch Status /dev/rfkill Watch.
vm-test-run-dev-workspace-host-module-idempotency> machine # [   39.939349] dhcpcd[796]: eth0: soliciting a DHCP lease
vm-test-run-dev-workspace-host-module-idempotency> machine # [   40.118370] dhcpcd[796]: eth0: offered 10.0.2.15 from 10.0.2.2
vm-test-run-dev-workspace-host-module-idempotency> machine # [   40.123730] dhcpcd[796]: eth0: probing address 10.0.2.15/24
vm-test-run-dev-workspace-host-module-idempotency> machine # [   40.158365] systemd-logind[636]: Watching system buttons on /dev/input/event0 (AT Translated Set 2 keyboard)
vm-test-run-dev-workspace-host-module-idempotency> machine # [   40.188290] systemd-logind[636]: Watching system buttons on /dev/input/event2 (Power Button)
vm-test-run-dev-workspace-host-module-idempotency> machine # [   40.511124] systemd-logind[636]: Watching system buttons on /dev/input/event3 (QEMU Virtio Keyboard)
vm-test-run-dev-workspace-host-module-idempotency> machine # [   40.745530] NET: Registered PF_PACKET protocol family
vm-test-run-dev-workspace-host-module-idempotency> machine # [   41.134038] ppdev: user-space parallel port driver
vm-test-run-dev-workspace-host-module-idempotency> machine # [   41.669428] Console: switching to colour frame buffer device 160x50
vm-test-run-dev-workspace-host-module-idempotency> machine # [   41.707557] bochs-drm 0000:00:02.0: [drm] fb0: bochs-drmdrmfb frame buffer device
vm-test-run-dev-workspace-host-module-idempotency> machine # [   40.894416] dhcpcd[796]: eth0: soliciting an IPv6 router
vm-test-run-dev-workspace-host-module-idempotency> machine # [   41.010537] dhcpcd[796]: eth0: Router Advertisement from fe80::2
vm-test-run-dev-workspace-host-module-idempotency> machine # [   41.022314] dhcpcd[796]: eth0: adding address fec0::5054:ff:fe12:3456/64
vm-test-run-dev-workspace-host-module-idempotency> machine # [   41.033617] systemd[1]: systemd-vconsole-setup.service: Deactivated successfully.
vm-test-run-dev-workspace-host-module-idempotency> machine # [   41.045399] dhcpcd[796]: eth0: adding route to fec0::/64
vm-test-run-dev-workspace-host-module-idempotency> machine # [   41.052507] systemd[1]: Stopped Virtual Console Setup.
vm-test-run-dev-workspace-host-module-idempotency> machine # [   41.058646] dhcpcd[796]: eth0: adding default route via fe80::2
vm-test-run-dev-workspace-host-module-idempotency> machine # [   41.098906] systemd[1]: Starting Virtual Console Setup...
vm-test-run-dev-workspace-host-module-idempotency> machine # [   41.918438] kvm_amd: TSC scaling supported
vm-test-run-dev-workspace-host-module-idempotency> machine # [   41.920634] kvm_amd: Nested Virtualization enabled
vm-test-run-dev-workspace-host-module-idempotency> machine # [   41.924038] kvm_amd: Nested Paging enabled
vm-test-run-dev-workspace-host-module-idempotency> machine # [   41.926989] kvm_amd: LBR virtualization supported
vm-test-run-dev-workspace-host-module-idempotency> machine # [   41.929355] kvm_amd: Virtual VMLOAD VMSAVE supported
vm-test-run-dev-workspace-host-module-idempotency> machine # [   41.932225] kvm_amd: Virtual GIF supported
vm-test-run-dev-workspace-host-module-idempotency> machine # [   42.008422] EDAC MC: Ver: 3.0.0
vm-test-run-dev-workspace-host-module-idempotency> machine # [   42.487363] systemd-vconsole-setup[910]: Configuration of first virtual console was skipped, ignoring remaining ones.
vm-test-run-dev-workspace-host-module-idempotency> machine # [   42.501386] systemd[1]: Finished Virtual Console Setup.
vm-test-run-dev-workspace-host-module-idempotency> machine # [   45.538705] dhcpcd[796]: eth0: leased 10.0.2.15 for 86400 seconds
vm-test-run-dev-workspace-host-module-idempotency> machine # [   45.551291] dhcpcd[796]: eth0: adding route to 10.0.2.0/24
vm-test-run-dev-workspace-host-module-idempotency> machine # [   45.558703] dhcpcd[796]: eth0: adding default route via 10.0.2.2
vm-test-run-dev-workspace-host-module-idempotency> machine # [   45.955974] systemd[1]: Started DHCP Client.
vm-test-run-dev-workspace-host-module-idempotency> machine # [   45.984461] systemd[1]: Reached target Multi-User System.
vm-test-run-dev-workspace-host-module-idempotency> machine # [   45.989546] systemd[1]: Startup finished in 6.510s (kernel) + 13.958s (initrd) + 25.511s (userspace) = 45.980s.
vm-test-run-dev-workspace-host-module-idempotency> machine: (finished: waiting for unit multi-user.target, in 50.62 seconds)
vm-test-run-dev-workspace-host-module-idempotency> machine: waiting for unit nginx.service
vm-test-run-dev-workspace-host-module-idempotency> machine: (finished: waiting for unit nginx.service, in 0.25 seconds)
vm-test-run-dev-workspace-host-module-idempotency> machine: waiting for unit fixture-router.service
vm-test-run-dev-workspace-host-module-idempotency> machine: (finished: waiting for unit fixture-router.service, in 0.26 seconds)
vm-test-run-dev-workspace-host-module-idempotency> machine: waiting for success: test -S /run/dev-workspaces/router.sock
vm-test-run-dev-workspace-host-module-idempotency> machine: (finished: waiting for success: test -S /run/dev-workspaces/router.sock, in 0.12 seconds)
vm-test-run-dev-workspace-host-module-idempotency> subtest: activation and a stable second reconciliation
vm-test-run-dev-workspace-host-module-idempotency> machine: must succeed: readlink -f /run/current-system
vm-test-run-dev-workspace-host-module-idempotency> machine: (finished: must succeed: readlink -f /run/current-system, in 0.12 seconds)
vm-test-run-dev-workspace-host-module-idempotency> machine: must succeed: sha256sum /var/lib/dev-workspaces/password/password /var/lib/dev-workspaces/auth/htpasswd /var/lib/dev-workspaces/pki/authority/ca-key.pem /var/lib/dev-workspaces/pki/authority/ca.pem /var/lib/dev-workspaces/public/ca.pem
vm-test-run-dev-workspace-host-module-idempotency> machine: (finished: must succeed: sha256sum /var/lib/dev-workspaces/password/password /var/lib/dev-workspaces/auth/htpasswd /var/lib/dev-workspaces/pki/authority/ca-key.pem /var/lib/dev-workspaces/pki/authority/ca.pem /var/lib/dev-workspaces/public/ca.pem, in 0.14 seconds)
vm-test-run-dev-workspace-host-module-idempotency> machine: must succeed: sha256sum /var/lib/dev-workspaces/tls/current/server.pem /var/lib/dev-workspaces/tls/current/server-key.pem
vm-test-run-dev-workspace-host-module-idempotency> machine: (finished: must succeed: sha256sum /var/lib/dev-workspaces/tls/current/server.pem /var/lib/dev-workspaces/tls/current/server-key.pem, in 0.13 seconds)
vm-test-run-dev-workspace-host-module-idempotency> machine: must succeed: readlink /var/lib/dev-workspaces/tls/current
vm-test-run-dev-workspace-host-module-idempotency> machine: (finished: must succeed: readlink /var/lib/dev-workspaces/tls/current, in 0.16 seconds)
vm-test-run-dev-workspace-host-module-idempotency> machine: must succeed: test $(stat -c %U:%G:%a /var/lib/dev-workspaces/password/password) = root:workspace-portal-owner:640; test $(stat -c %U:%G:%a /var/lib/dev-workspaces/auth/htpasswd) = root:nginx:640; test $(stat -c %U:%G:%a /var/lib/dev-workspaces/pki/authority/ca-key.pem) = root:root:600; test $(stat -c %U:%G:%a /var/lib/dev-workspaces/tls/current/server-key.pem) = root:nginx:640
vm-test-run-dev-workspace-host-module-idempotency> machine: (finished: must succeed: test $(stat -c %U:%G:%a /var/lib/dev-workspaces/password/password) = root:workspace-portal-owner:640; test $(stat -c %U:%G:%a /var/lib/dev-workspaces/auth/htpasswd) = root:nginx:640; test $(stat -c %U:%G:%a /var/lib/dev-workspaces/pki/authority/ca-key.pem) = root:root:600; test $(stat -c %U:%G:%a /var/lib/dev-workspaces/tls/current/server-key.pem) = root:nginx:640, in 0.30 seconds)
vm-test-run-dev-workspace-host-module-idempotency> machine: must succeed: curl -sS --cacert /var/lib/dev-workspaces/public/ca.pem --resolve workspace.example.test:443:127.0.0.1 -o /dev/null -w '%{http_code}' https://workspace.example.test/
vm-test-run-dev-workspace-host-module-idempotency> machine: (finished: must succeed: curl -sS --cacert /var/lib/dev-workspaces/public/ca.pem --resolve workspace.example.test:443:127.0.0.1 -o /dev/null -w '%{http_code}' https://workspace.example.test/, in 0.41 seconds)
vm-test-run-dev-workspace-host-module-idempotency> machine: must succeed: curl -sS --cacert /var/lib/dev-workspaces/public/ca.pem --resolve workspace.example.test:443:127.0.0.1 --user developer:incorrect -o /dev/null -w '%{http_code}' https://workspace.example.test/
vm-test-run-dev-workspace-host-module-idempotency> machine # [   48.634661] nginx[872]: 2026/10/07 07:03:23 [error] 872#872: *2 user "developer": password mismatch, client: 127.0.0.1, server: *.workspace.example.test, request: "GET / HTTP/2.0", host: "workspace.example.test"
vm-test-run-dev-workspace-host-module-idempotency> machine: (finished: must succeed: curl -sS --cacert /var/lib/dev-workspaces/public/ca.pem --resolve workspace.example.test:443:127.0.0.1 --user developer:incorrect -o /dev/null -w '%{http_code}' https://workspace.example.test/, in 0.59 seconds)
vm-test-run-dev-workspace-host-module-idempotency> machine: must succeed: curl -sS --cacert /var/lib/dev-workspaces/public/ca.pem --resolve workspace.example.test:443:127.0.0.1 --user "developer:$(cat /var/lib/dev-workspaces/password/password)" https://workspace.example.test/
vm-test-run-dev-workspace-host-module-idempotency> machine: (finished: must succeed: curl -sS --cacert /var/lib/dev-workspaces/public/ca.pem --resolve workspace.example.test:443:127.0.0.1 --user "developer:$(cat /var/lib/dev-workspaces/password/password)" https://workspace.example.test/, in 0.67 seconds)
vm-test-run-dev-workspace-host-module-idempotency> machine: must succeed: grep -Eq '^developer:\$2[aby]\$12\$[./A-Za-z0-9]{53}$' /var/lib/dev-workspaces/auth/htpasswd; test $(grep -c . /var/lib/dev-workspaces/auth/htpasswd) -eq 1; test $(stat -c %U:%G:%a /var/lib/dev-workspaces/auth/htpasswd) = root:nginx:640; htpasswd -vi /var/lib/dev-workspaces/auth/htpasswd developer < /var/lib/dev-workspaces/password/password >/dev/null 2>&1
vm-test-run-dev-workspace-host-module-idempotency> machine: (finished: must succeed: grep -Eq '^developer:\$2[aby]\$12\$[./A-Za-z0-9]{53}$' /var/lib/dev-workspaces/auth/htpasswd; test $(grep -c . /var/lib/dev-workspaces/auth/htpasswd) -eq 1; test $(stat -c %U:%G:%a /var/lib/dev-workspaces/auth/htpasswd) = root:nginx:640; htpasswd -vi /var/lib/dev-workspaces/auth/htpasswd developer < /var/lib/dev-workspaces/password/password >/dev/null 2>&1, in 0.60 seconds)
vm-test-run-dev-workspace-host-module-idempotency> machine: must succeed: LC_ALL=en_US.UTF-8 /run/current-system/sw/bin/workspace-portal-substrate-reconcile
vm-test-run-dev-workspace-host-module-idempotency> machine: (finished: must succeed: LC_ALL=en_US.UTF-8 /run/current-system/sw/bin/workspace-portal-substrate-reconcile, in 2.91 seconds)
vm-test-run-dev-workspace-host-module-idempotency> machine: must succeed: sha256sum /var/lib/dev-workspaces/password/password /var/lib/dev-workspaces/auth/htpasswd /var/lib/dev-workspaces/pki/authority/ca-key.pem /var/lib/dev-workspaces/pki/authority/ca.pem /var/lib/dev-workspaces/public/ca.pem
vm-test-run-dev-workspace-host-module-idempotency> machine: (finished: must succeed: sha256sum /var/lib/dev-workspaces/password/password /var/lib/dev-workspaces/auth/htpasswd /var/lib/dev-workspaces/pki/authority/ca-key.pem /var/lib/dev-workspaces/pki/authority/ca.pem /var/lib/dev-workspaces/public/ca.pem, in 0.08 seconds)
vm-test-run-dev-workspace-host-module-idempotency> machine: must succeed: sha256sum /var/lib/dev-workspaces/tls/current/server.pem /var/lib/dev-workspaces/tls/current/server-key.pem
vm-test-run-dev-workspace-host-module-idempotency> machine: (finished: must succeed: sha256sum /var/lib/dev-workspaces/tls/current/server.pem /var/lib/dev-workspaces/tls/current/server-key.pem, in 0.07 seconds)
vm-test-run-dev-workspace-host-module-idempotency> machine: must succeed: readlink /var/lib/dev-workspaces/tls/current
vm-test-run-dev-workspace-host-module-idempotency> machine: (finished: must succeed: readlink /var/lib/dev-workspaces/tls/current, in 0.07 seconds)
vm-test-run-dev-workspace-host-module-idempotency> machine: must succeed: readlink /var/lib/dev-workspaces/tls/current
vm-test-run-dev-workspace-host-module-idempotency> machine: (finished: must succeed: readlink /var/lib/dev-workspaces/tls/current, in 0.13 seconds)
vm-test-run-dev-workspace-host-module-idempotency> machine: must succeed: openssl verify -purpose sslserver -verify_hostname workspace.example.test -no-CApath -no-CAstore -CAfile /var/lib/dev-workspaces/public/ca.pem /var/lib/dev-workspaces/tls/current/server.pem; openssl x509 -checkend 2592000 -noout -in /var/lib/dev-workspaces/tls/current/server.pem
vm-test-run-dev-workspace-host-module-idempotency> machine: (finished: must succeed: openssl verify -purpose sslserver -verify_hostname workspace.example.test -no-CApath -no-CAstore -CAfile /var/lib/dev-workspaces/public/ca.pem /var/lib/dev-workspaces/tls/current/server.pem; openssl x509 -checkend 2592000 -noout -in /var/lib/dev-workspaces/tls/current/server.pem, in 0.16 seconds)
vm-test-run-dev-workspace-host-module-idempotency> (finished: subtest: activation and a stable second reconciliation, in 6.57 seconds)
vm-test-run-dev-workspace-host-module-idempotency> subtest: malformed persistent state is preserved for repair
vm-test-run-dev-workspace-host-module-idempotency> machine: must succeed: cp -a /var/lib/dev-workspaces/password/password /tmp/original; printf 'incomplete\n' > /var/lib/dev-workspaces/password/password
vm-test-run-dev-workspace-host-module-idempotency> machine: (finished: must succeed: cp -a /var/lib/dev-workspaces/password/password /tmp/original; printf 'incomplete\n' > /var/lib/dev-workspaces/password/password, in 0.11 seconds)
vm-test-run-dev-workspace-host-module-idempotency> machine: must succeed: sha256sum /var/lib/dev-workspaces/password/password
vm-test-run-dev-workspace-host-module-idempotency> machine: (finished: must succeed: sha256sum /var/lib/dev-workspaces/password/password, in 0.12 seconds)
vm-test-run-dev-workspace-host-module-idempotency> machine: must fail: /run/current-system/sw/bin/workspace-portal-substrate-reconcile
vm-test-run-dev-workspace-host-module-idempotency> machine # invalid workspace portal password file: /var/lib/dev-workspaces/password/password
vm-test-run-dev-workspace-host-module-idempotency> machine: (finished: must fail: /run/current-system/sw/bin/workspace-portal-substrate-reconcile, in 0.58 seconds)
vm-test-run-dev-workspace-host-module-idempotency> machine: must succeed: sha256sum /var/lib/dev-workspaces/password/password
vm-test-run-dev-workspace-host-module-idempotency> machine: (finished: must succeed: sha256sum /var/lib/dev-workspaces/password/password, in 0.10 seconds)
vm-test-run-dev-workspace-host-module-idempotency> machine: must succeed: readlink /var/lib/dev-workspaces/tls/current
vm-test-run-dev-workspace-host-module-idempotency> machine: (finished: must succeed: readlink /var/lib/dev-workspaces/tls/current, in 0.11 seconds)
vm-test-run-dev-workspace-host-module-idempotency> machine: must succeed: mv -T /tmp/original /var/lib/dev-workspaces/password/password
vm-test-run-dev-workspace-host-module-idempotency> machine: (finished: must succeed: mv -T /tmp/original /var/lib/dev-workspaces/password/password, in 0.09 seconds)
vm-test-run-dev-workspace-host-module-idempotency> machine: must succeed: cp -a /var/lib/dev-workspaces/pki/authority/ca.pem /tmp/original; printf 'incomplete\n' > /var/lib/dev-workspaces/pki/authority/ca.pem
vm-test-run-dev-workspace-host-module-idempotency> machine: (finished: must succeed: cp -a /var/lib/dev-workspaces/pki/authority/ca.pem /tmp/original; printf 'incomplete\n' > /var/lib/dev-workspaces/pki/authority/ca.pem, in 0.08 seconds)
vm-test-run-dev-workspace-host-module-idempotency> machine: must succeed: sha256sum /var/lib/dev-workspaces/pki/authority/ca.pem
vm-test-run-dev-workspace-host-module-idempotency> machine: (finished: must succeed: sha256sum /var/lib/dev-workspaces/pki/authority/ca.pem, in 0.09 seconds)
vm-test-run-dev-workspace-host-module-idempotency> machine: must fail: /run/current-system/sw/bin/workspace-portal-substrate-reconcile
vm-test-run-dev-workspace-host-module-idempotency> machine # workspace CA certificate is not one canonical PEM certificate
vm-test-run-dev-workspace-host-module-idempotency> machine: (finished: must fail: /run/current-system/sw/bin/workspace-portal-substrate-reconcile, in 1.58 seconds)
vm-test-run-dev-workspace-host-module-idempotency> machine: must succeed: sha256sum /var/lib/dev-workspaces/pki/authority/ca.pem
vm-test-run-dev-workspace-host-module-idempotency> machine: (finished: must succeed: sha256sum /var/lib/dev-workspaces/pki/authority/ca.pem, in 0.11 seconds)
vm-test-run-dev-workspace-host-module-idempotency> machine: must succeed: readlink /var/lib/dev-workspaces/tls/current
vm-test-run-dev-workspace-host-module-idempotency> machine: (finished: must succeed: readlink /var/lib/dev-workspaces/tls/current, in 0.13 seconds)
vm-test-run-dev-workspace-host-module-idempotency> machine: must succeed: mv -T /tmp/original /var/lib/dev-workspaces/pki/authority/ca.pem
vm-test-run-dev-workspace-host-module-idempotency> machine: (finished: must succeed: mv -T /tmp/original /var/lib/dev-workspaces/pki/authority/ca.pem, in 0.11 seconds)
vm-test-run-dev-workspace-host-module-idempotency> machine: must succeed: mv /var/lib/dev-workspaces/pki/authority /tmp/authority; ln -s /tmp/authority /var/lib/dev-workspaces/pki/authority
vm-test-run-dev-workspace-host-module-idempotency> machine: (finished: must succeed: mv /var/lib/dev-workspaces/pki/authority /tmp/authority; ln -s /tmp/authority /var/lib/dev-workspaces/pki/authority, in 0.14 seconds)
vm-test-run-dev-workspace-host-module-idempotency> machine: must fail: /run/current-system/sw/bin/workspace-portal-substrate-reconcile
vm-test-run-dev-workspace-host-module-idempotency> machine # workspace substrate path must be a directory: /var/lib/dev-workspaces/pki/authority
vm-test-run-dev-workspace-host-module-idempotency> machine: (finished: must fail: /run/current-system/sw/bin/workspace-portal-substrate-reconcile, in 0.23 seconds)
vm-test-run-dev-workspace-host-module-idempotency> machine: must succeed: rm /var/lib/dev-workspaces/pki/authority; mv /tmp/authority /var/lib/dev-workspaces/pki/authority
vm-test-run-dev-workspace-host-module-idempotency> machine: (finished: must succeed: rm /var/lib/dev-workspaces/pki/authority; mv /tmp/authority /var/lib/dev-workspaces/pki/authority, in 0.18 seconds)
vm-test-run-dev-workspace-host-module-idempotency> machine: must succeed: LC_ALL=en_US.UTF-8 /run/current-system/sw/bin/workspace-portal-substrate-reconcile
dev-workspace> --- FAIL: TestDeleteJournalRetryRefusesASameKindReplacementWhileWaitingForTheLock (0.04s)
dev-workspace>     server_test.go:3586: replacement receipt = web.lifecycleOperation{Slug:"example", Kind:"delete", State:"running", Phase:"validated", StartedAt:"2026-10-07T07:03:30.403833703Z", UpdatedAt:"2026-10-07T07:03:30.403833703Z", Error:"", Redirect:"/", ReceiptID:"394a7260ff24f940c81e52f18a42d8dc7ba83062279937029751f4a6e4f8c557", TargetIdentityVersion:0, Attempt:1, CurrentTarget:(*web.lifecycleTargetSnapshot)(nil), ErrorCode:"", Options:web.lifecycleOperationOptions{Mode:"", AllowAbandoned:false, Force:true, TargetID:"", DeletedThreadID:"", JournalID:"aaaaaaaaaaaaaaaaaaaaaaaaaaaaaaaaaaaaaaaaaaaaaaaaaaaaaaaaaaaaaaaa", JournalExpected:true, TargetLocation:"", JournalEvidence:"e020b1e801ab488109dee8035823a28b5649709fca1bfbd21c8d95e85326b993", JournalTargetID:"71fffaed27d924ad4bee5f933f6c76467ba47b0dce604c035f331c309d7cb99f", JournalTargetLocation:"work"}}, true, <nil>
dev-workspace> FAIL
dev-workspace> FAIL     github.com/aither64/dev-workspace/portal/internal/web   72.067s
dev-workspace> ok       github.com/aither64/dev-workspace/portal/internal/workspacecodex        6.321s
dev-workspace> FAIL
vm-test-run-dev-workspace-host-module-idempotency> machine: (finished: must succeed: LC_ALL=en_US.UTF-8 /run/current-system/sw/bin/workspace-portal-substrate-reconcile, in 2.84 seconds)
vm-test-run-dev-workspace-host-module-idempotency> machine: must succeed: sha256sum /var/lib/dev-workspaces/password/password /var/lib/dev-workspaces/auth/htpasswd /var/lib/dev-workspaces/pki/authority/ca-key.pem /var/lib/dev-workspaces/pki/authority/ca.pem /var/lib/dev-workspaces/public/ca.pem
error: failed to build attribute 'checks.x86_64-linux.package', build of '/nix/store/csa9q880rnfbhc8zgmc1yn9dmqfppdsj-dev-workspace-0.2.0.drv^*' failed: Cannot build '/nix/store/csa9q880rnfbhc8zgmc1yn9dmqfppdsj-dev-workspace-0.2.0.drv'.
       Reason: builder failed with exit code 1.
       Output paths:
         /nix/store/f93p68696vfgkvsd90paj80l772syr9f-dev-workspace-0.2.0
       Last 25 log lines:
       > unpacking source archive /nix/store/nxjdhbrjcab7jydq7djrq87mvndi0k6z-source
       > source root is source
       > Running phase: patchPhase
       > Running phase: updateAutotoolsGnuConfigScriptsPhase
       > Running phase: configurePhase
       > Running phase: buildPhase
       > Building subPackage ./cmd/workspace-portal
       > Running phase: checkPhase
       > codex-web pin contracts passed
       > ok         github.com/aither64/dev-workspace/portal/cmd/workspace-portal   0.928s
       > ok       github.com/aither64/dev-workspace/portal/internal/agentteams    0.404s
       > ok       github.com/aither64/dev-workspace/portal/internal/cluster       0.647s
       > ok       github.com/aither64/dev-workspace/portal/internal/creationprogress      0.062s
       > ok       github.com/aither64/dev-workspace/portal/internal/processgroup  1.087s
       > ok       github.com/aither64/dev-workspace/portal/internal/repository    25.162s
       > ok      github.com/aither64/dev-workspace/portal/internal/session       1.963s
       > ok       github.com/aither64/dev-workspace/portal/internal/teamruntime   11.749s
       > ok      github.com/aither64/dev-workspace/portal/internal/uploads       14.936s
       > ?       github.com/aither64/dev-workspace/portal/internal/userstate     [no test files]
       > --- FAIL: TestDeleteJournalRetryRefusesASameKindReplacementWhileWaitingForTheLock (0.04s)
       >     server_test.go:3586: replacement receipt = web.lifecycleOperation{Slug:"example", Kind:"delete", State:"running", Phase:"validated", StartedAt:"2026-10-07T07:03:30.403833703Z", UpdatedAt:"2026-10-07T07:03:30.403833703Z", Error:"", Redirect:"/", ReceiptID:"394a7260ff24f940c81e52f18a42d8dc7ba83062279937029751f4a6e4f8c557", TargetIdentityVersion:0, Attempt:1, CurrentTarget:(*web.lifecycleTargetSnapshot)(nil), ErrorCode:"", Options:web.lifecycleOperationOptions{Mode:"", AllowAbandoned:false, Force:true, TargetID:"", DeletedThreadID:"", JournalID:"aaaaaaaaaaaaaaaaaaaaaaaaaaaaaaaaaaaaaaaaaaaaaaaaaaaaaaaaaaaaaaaa", JournalExpected:true, TargetLocation:"", JournalEvidence:"e020b1e801ab488109dee8035823a28b5649709fca1bfbd21c8d95e85326b993", JournalTargetID:"71fffaed27d924ad4bee5f933f6c76467ba47b0dce604c035f331c309d7cb99f", JournalTargetLocation:"work"}}, true, <nil>
       > FAIL
       > FAIL    github.com/aither64/dev-workspace/portal/internal/web   72.067s
       > ok      github.com/aither64/dev-workspace/portal/internal/workspacecodex        6.321s
       > FAIL
       For full logs, run:
         nix log /nix/store/csa9q880rnfbhc8zgmc1yn9dmqfppdsj-dev-workspace-0.2.0.drv
